season,week,player,team,opp,pos,att,cmp,pyds,ptd,int,car,ryds,rtd,tgt,rec,recyds,rectd,fp
2025,1,Elijah Higgins,ARI,NOR,TE,0,0,0,0,0,0,0,0,2,1,3,0,1.3
2025,1,Greg Dortch,ARI,NOR,WR,0,0,0,0,0,0,0,0,1,1,-2,0,0.8
2025,1,James Conner,ARI,NOR,RB,0,0,0,0,0,12,39,0,4,4,5,1,14.4
2025,1,Kyler Murray,ARI,NOR,QB,29,21,163,2,0,7,38,0,0,0,0,0,18.32
2025,1,Marvin Harrison Jr.,ARI,NOR,WR,0,0,0,0,0,0,0,0,6,5,71,1,18.1
2025,1,Michael Wilson,ARI,NOR,WR,0,0,0,0,0,0,0,0,4,1,5,0,1.5
2025,1,Tip Reiman,ARI,NOR,TE,0,0,0,0,0,0,0,0,1,1,10,0,2.0
2025,1,Trey Benson,ARI,NOR,RB,0,0,0,0,0,8,69,0,1,1,6,0,8.5
2025,1,Trey McBride,ARI,NOR,TE,0,0,0,0,0,0,0,0,9,6,61,0,12.1
2025,1,Zay Jones,ARI,NOR,WR,0,0,0,0,0,0,0,0,1,1,4,0,1.4
2025,1,Bijan Robinson,ATL,TAM,RB,0,0,0,0,0,12,24,0,7,6,100,1,24.4
2025,1,Casey Washington,ATL,TAM,WR,0,0,0,0,0,0,0,0,6,3,33,0,6.3
2025,1,Drake London,ATL,TAM,WR,0,0,0,0,0,0,0,0,15,8,55,0,13.5
2025,1,KhaDarel Hodge,ATL,TAM,WR,0,0,0,0,0,0,0,0,1,0,0,0,0.0
2025,1,Kyle Pitts,ATL,TAM,TE,0,0,0,0,0,0,0,0,8,7,59,0,12.9
2025,1,Michael Penix Jr.,ATL,TAM,QB,42,27,298,1,0,6,21,1,0,0,0,0,24.02
2025,1,Ray-Ray McCloud,ATL,TAM,WR,0,0,0,0,0,0,0,0,5,3,51,0,8.1
2025,1,Tyler Allgeier,ATL,TAM,RB,0,0,0,0,0,10,24,0,0,0,0,0,2.4
2025,1,DeAndre Hopkins,BAL,BUF,WR,0,0,0,0,0,0,0,0,2,2,35,1,11.5
2025,1,Derrick Henry,BAL,BUF,RB,0,0,0,0,0,18,169,2,1,1,13,0,29.2
2025,1,Justice Hill,BAL,BUF,RB,0,0,0,0,0,2,-14,0,2,1,3,0,-0.1
2025,1,Lamar Jackson,BAL,BUF,QB,19,14,209,2,0,6,70,1,0,0,0,0,29.36
2025,1,Mark Andrews,BAL,BUF,TE,0,0,0,0,0,0,0,0,1,1,5,0,1.5
2025,1,Rasheen Ali,BAL,BUF,RB,0,0,0,0,0,1,5,0,0,0,0,0,0.5
2025,1,Rashod Bateman,BAL,BUF,WR,0,0,0,0,0,0,0,0,4,2,10,0,3.0
2025,1,Zay Flowers,BAL,BUF,WR,0,0,0,0,0,2,8,0,9,7,143,1,28.1
2025,1,Dalton Kincaid,BUF,BAL,TE,0,0,0,0,0,0,0,0,4,4,48,1,14.8
2025,1,Dawson Knox,BUF,BAL,TE,0,0,0,0,0,0,0,0,2,2,20,0,4.0
2025,1,Elijah Moore,BUF,BAL,WR,0,0,0,0,0,1,8,0,1,1,3,0,2.1
2025,1,Jackson Hawes,BUF,BAL,TE,0,0,0,0,0,0,0,0,1,1,29,0,3.9
2025,1,James Cook,BUF,BAL,RB,0,0,0,0,0,13,44,1,5,5,58,0,21.2
2025,1,Josh Allen,BUF,BAL,QB,46,33,394,2,0,14,30,2,0,0,0,0,38.76
2025,1,Josh Palmer,BUF,BAL,WR,0,0,0,0,0,0,0,0,9,5,61,0,11.1
2025,1,Keon Coleman,BUF,BAL,WR,0,0,0,0,0,0,0,0,11,8,112,1,25.2
2025,1,Khalil Shakir,BUF,BAL,WR,0,0,0,0,0,0,0,0,9,6,64,0,12.4
2025,1,Ray Davis,BUF,BAL,RB,0,0,0,0,0,1,2,0,1,1,-1,0,1.1
2025,1,Ty Johnson,BUF,BAL,RB,0,0,0,0,0,2,24,0,2,0,0,0,2.4
2025,1,Bryce Young,CAR,JAX,QB,35,18,154,1,2,5,40,0,0,0,0,0,8.16
2025,1,Chuba Hubbard,CAR,JAX,RB,0,0,0,0,0,16,57,0,5,3,32,1,17.9
2025,1,Hunter Renfrow,CAR,JAX,WR,0,0,0,0,0,0,0,0,6,2,11,0,3.1
2025,1,Ja'Tavion Sanders,CAR,JAX,TE,0,0,0,0,0,0,0,0,3,2,27,0,4.7
2025,1,Rico Dowdle,CAR,JAX,RB,0,0,0,0,0,3,12,0,3,2,4,0,3.6
2025,1,Tetairoa McMillan,CAR,JAX,WR,0,0,0,0,0,0,0,0,9,5,68,0,11.8
2025,1,Tommy Tremble,CAR,JAX,TE,0,0,0,0,0,0,0,0,1,1,2,0,1.2
2025,1,Trevor Etienne,CAR,JAX,RB,0,0,0,0,0,1,4,0,0,0,0,0,0.4
2025,1,Xavier Legette,CAR,JAX,WR,0,0,0,0,0,0,0,0,7,3,10,0,4.0
2025,1,Caleb Williams,CHI,MIN,QB,35,21,210,1,0,6,58,1,0,0,0,0,24.2
2025,1,Cole Kmet,CHI,MIN,TE,0,0,0,0,0,0,0,0,4,1,31,0,4.1
2025,1,Colston Loveland,CHI,MIN,TE,0,0,0,0,0,0,0,0,2,2,12,0,3.2
2025,1,D'Andre Swift,CHI,MIN,RB,0,0,0,0,0,17,53,0,5,3,12,0,9.5
2025,1,DJ Moore,CHI,MIN,WR,0,0,0,0,0,3,8,0,5,3,68,0,10.6
2025,1,Kyle Monangai,CHI,MIN,RB,0,0,0,0,0,0,0,0,1,1,11,0,2.1
2025,1,Luther Burden III,CHI,MIN,WR,0,0,0,0,0,0,0,0,1,1,-3,0,0.7
2025,1,Olamide Zaccheaus,CHI,MIN,WR,0,0,0,0,0,0,0,0,7,4,42,0,8.2
2025,1,Rome Odunze,CHI,MIN,WR,0,0,0,0,0,0,0,0,9,6,37,1,15.7
2025,1,Chase Brown,CIN,CLE,RB,0,0,0,0,0,21,43,1,3,2,8,0,13.1
2025,1,Drew Sample,CIN,CLE,TE,0,0,0,0,0,0,0,0,1,0,0,0,0.0
2025,1,Ja'Marr Chase,CIN,CLE,WR,0,0,0,0,0,0,0,0,5,2,26,0,4.6
2025,1,Joe Burrow,CIN,CLE,QB,23,14,113,1,0,2,3,0,0,0,0,0,8.82
2025,1,Mike Gesicki,CIN,CLE,TE,0,0,0,0,0,0,0,0,3,1,14,0,2.4
2025,1,Noah Fant,CIN,CLE,TE,0,0,0,0,0,0,0,0,5,4,26,1,12.6
2025,1,Samaje Perine,CIN,CLE,RB,0,0,0,0,0,0,0,0,2,2,6,0,2.6
2025,1,Tee Higgins,CIN,CLE,WR,0,0,0,0,0,0,0,0,4,3,33,0,6.3
2025,1,Cedric Tillman,CLE,CIN,WR,0,0,0,0,0,0,0,0,8,5,52,1,16.2
2025,1,David Njoku,CLE,CIN,TE,0,0,0,0,0,0,0,0,6,3,37,0,6.7
2025,1,Dylan Sampson,CLE,CIN,RB,0,0,0,0,0,12,29,0,8,8,64,0,17.3
2025,1,Harold Fannin Jr.,CLE,CIN,TE,0,0,0,0,0,1,3,0,9,7,63,0,13.6
2025,1,Isaiah Bond,CLE,CIN,WR,0,0,0,0,0,0,0,0,1,1,5,0,1.5
2025,1,Jamari Thrash,CLE,CIN,WR,0,0,0,0,0,0,0,0,1,1,6,0,1.6
2025,1,Jerome Ford,CLE,CIN,RB,0,0,0,0,0,6,8,0,1,1,-3,0,1.5
2025,1,Jerry Jeudy,CLE,CIN,WR,0,0,0,0,0,0,0,0,8,5,66,0,11.6
2025,1,Joe Flacco,CLE,CIN,QB,45,31,290,1,2,2,6,0,0,0,0,0,12.2
2025,1,Raheim Sanders,CLE,CIN,RB,0,0,0,0,0,3,3,1,0,0,0,0,6.3
2025,1,Brevyn Spann-Ford,DAL,PHI,TE,0,0,0,0,0,0,0,0,1,0,0,0,0.0
2025,1,CeeDee Lamb,DAL,PHI,WR,0,0,0,0,0,0,0,0,13,7,110,0,18.0
2025,1,Dak Prescott,DAL,PHI,QB,34,21,188,0,0,1,3,0,0,0,0,0,7.82
2025,1,George Pickens,DAL,PHI,WR,0,0,0,0,0,0,0,0,4,3,30,0,6.0
2025,1,Jake Ferguson,DAL,PHI,TE,0,0,0,0,0,0,0,0,6,5,23,0,7.3
2025,1,Jalen Tolbert,DAL,PHI,WR,0,0,0,0,0,0,0,0,2,1,0,0,1.0
2025,1,Javonte Williams,DAL,PHI,RB,0,0,0,0,0,15,54,2,3,2,10,0,20.4
2025,1,KaVontae Turpin,DAL,PHI,WR,0,0,0,0,0,2,9,0,2,2,18,0,4.7
2025,1,Luke Schoonmaker,DAL,PHI,TE,0,0,0,0,0,0,0,0,1,0,0,0,0.0
2025,1,Miles Sanders,DAL,PHI,RB,0,0,0,0,0,4,53,0,1,1,-3,0,4.0
2025,1,Adam Prentice,DEN,TEN,RB,0,0,0,0,0,0,0,0,1,1,4,0,1.4
2025,1,Adam Trautman,DEN,TEN,TE,0,0,0,0,0,0,0,0,1,1,5,0,1.5
2025,1,Bo Nix,DEN,TEN,QB,40,25,176,1,2,8,18,0,0,0,0,0,6.84
2025,1,Courtland Sutton,DEN,TEN,WR,0,0,0,0,0,0,0,0,9,6,61,1,18.1
2025,1,Evan Engram,DEN,TEN,TE,0,0,0,0,0,0,0,0,4,3,21,0,5.1
2025,1,J.K. Dobbins,DEN,TEN,RB,0,0,0,0,0,16,63,1,2,2,5,0,14.8
2025,1,Lucas Krull,DEN,TEN,TE,0,0,0,0,0,0,0,0,2,1,6,0,1.6
2025,1,Marvin Mims Jr.,DEN,TEN,WR,0,0,0,0,0,0,0,0,4,3,12,0,4.2
2025,1,RJ Harvey,DEN,TEN,RB,0,0,0,0,0,6,70,0,1,1,-1,0,7.9
2025,1,Trent Sherfield,DEN,TEN,WR,0,0,0,0,0,0,0,0,1,1,3,0,1.3
2025,1,Troy Franklin,DEN,TEN,WR,0,0,0,0,0,0,0,0,6,4,44,0,8.4
2025,1,Tyler Badie,DEN,TEN,RB,0,0,0,0,0,0,0,0,6,2,16,0,3.6
2025,1,Amon-Ra St. Brown,DET,GNB,WR,0,0,0,0,0,0,0,0,6,4,45,0,8.5
2025,1,David Montgomery,DET,GNB,RB,0,0,0,0,0,11,25,0,4,4,18,0,8.3
2025,1,Isaac TeSlaa,DET,GNB,WR,0,0,0,0,0,0,0,0,1,1,13,1,8.3
2025,1,Jahmyr Gibbs,DET,GNB,RB,0,0,0,0,0,9,19,0,10,10,31,0,15.0
2025,1,Jameson Williams,DET,GNB,WR,0,0,0,0,0,1,3,0,5,4,23,0,6.6
2025,1,Jared Goff,DET,GNB,QB,39,31,225,1,1,1,-1,0,0,0,0,0,10.9
2025,1,Kalif Raymond,DET,GNB,WR,0,0,0,0,0,0,0,0,3,2,16,0,3.6
2025,1,Sam LaPorta,DET,GNB,TE,0,0,0,0,0,0,0,0,9,6,79,0,13.9
2025,1,Chris Brooks,GNB,DET,RB,0,0,0,0,0,1,1,0,1,1,2,0,1.3
2025,1,Dontayvion Wicks,GNB,DET,WR,0,0,0,0,0,0,0,0,2,2,30,0,5.0
2025,1,Emanuel Wilson,GNB,DET,RB,0,0,0,0,0,1,4,0,0,0,0,0,0.4
2025,1,Jayden Reed,GNB,DET,WR,0,0,0,0,0,0,0,0,5,3,45,1,13.5
2025,1,John FitzPatrick,GNB,DET,TE,0,0,0,0,0,0,0,0,1,1,2,0,1.2
2025,1,Jordan Love,GNB,DET,QB,22,16,188,2,0,3,4,0,0,0,0,0,15.92
2025,1,Josh Jacobs,GNB,DET,RB,0,0,0,0,0,19,66,1,1,1,4,0,14.0
2025,1,Luke Musgrave,GNB,DET,TE,0,0,0,0,0,0,0,0,1,1,4,0,1.4
2025,1,Matthew Golden,GNB,DET,WR,0,0,0,0,0,0,0,0,2,2,16,0,3.6
2025,1,Romeo Doubs,GNB,DET,WR,0,0,0,0,0,0,0,0,4,2,68,0,8.8
2025,1,Savion Williams,GNB,DET,WR,0,0,0,0,0,0,0,0,1,1,1,0,1.1
2025,1,Tucker Kraft,GNB,DET,TE,0,0,0,0,0,1,3,0,4,2,16,1,9.9
2025,1,C.J. Stroud,HOU,LAR,QB,27,19,188,0,1,5,32,0,0,0,0,0,8.72
2025,1,Cade Stover,HOU,LAR,TE,0,0,0,0,0,0,0,0,4,4,22,0,6.2
2025,1,Dalton Schultz,HOU,LAR,TE,0,0,0,0,0,0,0,0,5,3,28,0,5.8
2025,1,Dameon Pierce,HOU,LAR,RB,0,0,0,0,0,3,5,0,1,0,0,0,0.5
2025,1,Dare Ogunbowale,HOU,LAR,RB,0,0,0,0,0,2,9,0,2,2,17,0,2.6
2025,1,Jayden Higgins,HOU,LAR,WR,0,0,0,0,0,0,0,0,3,2,32,0,5.2
2025,1,Jaylin Noel,HOU,LAR,WR,0,0,0,0,0,0,0,0,2,1,7,0,1.7
2025,1,Justin Watson,HOU,LAR,WR,0,0,0,0,0,0,0,0,2,2,27,0,4.7
2025,1,Nick Chubb,HOU,LAR,RB,0,0,0,0,0,13,60,0,1,0,0,0,6.0
2025,1,Nico Collins,HOU,LAR,WR,0,0,0,0,0,0,0,0,5,3,25,0,5.5
2025,1,Woody Marks,HOU,LAR,RB,0,0,0,0,0,3,3,0,0,0,0,0,0.3
2025,1,Xavier Hutchinson,HOU,LAR,WR,0,0,0,0,0,1,5,0,2,2,30,0,5.5
2025,1,Adonai Mitchell,IND,MIA,WR,0,0,0,0,0,0,0,0,2,2,21,0,4.1
2025,1,Alec Pierce,IND,MIA,WR,0,0,0,0,0,0,0,0,3,1,36,0,4.6
2025,1,Ashton Dulin,IND,MIA,WR,0,0,0,0,0,1,15,0,0,0,0,0,1.5
2025,1,DJ Giddens,IND,MIA,RB,0,0,0,0,0,12,41,0,0,0,0,0,4.1
2025,1,Daniel Jones,IND,MIA,QB,29,22,272,1,0,7,26,2,0,0,0,0,29.48
2025,1,Jonathan Taylor,IND,MIA,RB,0,0,0,0,0,18,71,0,3,3,27,0,12.8
2025,1,Josh Downs,IND,MIA,WR,0,0,0,0,0,0,0,0,3,2,12,0,3.2
2025,1,Michael Pittman,IND,MIA,WR,0,0,0,0,0,0,0,0,8,6,80,1,20.0
2025,1,Mo Alie-Cox,IND,MIA,TE,0,0,0,0,0,0,0,0,1,1,20,0,3.0
2025,1,Tyler Warren,IND,MIA,TE,0,0,0,0,0,1,3,0,9,7,76,0,14.9
2025,1,Ulysses Bentley IV,IND,MIA,RB,0,0,0,0,0,1,0,0,0,0,0,0,0.0
2025,1,Bhayshul Tuten,JAX,CAR,RB,0,0,0,0,0,3,11,0,0,0,0,0,1.1
2025,1,Brenton Strange,JAX,CAR,TE,0,0,0,0,0,0,0,0,4,4,59,0,9.9
2025,1,Brian Thomas Jr.,JAX,CAR,WR,0,0,0,0,0,1,9,1,7,1,11,0,9.0
2025,1,Dyami Brown,JAX,CAR,WR,0,0,0,0,0,2,6,0,4,3,52,0,8.8
2025,1,Hunter Long,JAX,CAR,TE,0,0,0,0,0,0,0,0,1,1,6,1,7.6
2025,1,Johnny Mundt,JAX,CAR,TE,0,0,0,0,0,0,0,0,1,0,0,0,0.0
2025,1,LeQuint Allen Jr.,JAX,CAR,RB,0,0,0,0,0,1,7,0,1,1,4,0,2.1
2025,1,Tank Bigsby,JAX,CAR,RB,0,0,0,0,0,5,12,0,0,0,0,0,1.2
2025,1,Travis Etienne,JAX,CAR,RB,0,0,0,0,0,16,143,0,3,3,13,0,18.6
2025,1,Trevor Lawrence,JAX,CAR,QB,31,19,178,1,1,4,12,0,0,0,0,0,10.32
2025,1,Isiah Pacheco,KAN,LAC,RB,0,0,0,0,0,5,25,0,3,2,3,0,4.8
2025,1,Jason Brownlee,KAN,LAC,WR,0,0,0,0,0,0,0,0,1,0,0,0,0.0
2025,1,JuJu Smith-Schuster,KAN,LAC,WR,0,0,0,0,0,0,0,0,5,5,55,0,10.5
2025,1,Kareem Hunt,KAN,LAC,RB,0,0,0,0,0,5,16,0,3,2,10,0,4.6
2025,1,Marquise Brown,KAN,LAC,WR,0,0,0,0,0,0,0,0,16,10,99,0,19.9
2025,1,Noah Gray,KAN,LAC,TE,0,0,0,0,0,0,0,0,1,1,3,0,1.3
2025,1,Patrick Mahomes,KAN,LAC,QB,39,24,258,1,0,6,57,1,0,0,0,0,26.02
2025,1,Travis Kelce,KAN,LAC,TE,0,0,0,0,0,0,0,0,4,2,47,1,12.7
2025,1,Tyquan Thornton,KAN,LAC,WR,0,0,0,0,0,0,0,0,4,2,41,0,6.1
2025,1,Xavier Worthy,KAN,LAC,WR,0,0,0,0,0,1,0,0,1,0,0,0,0.0
2025,1,Derius Davis,LAC,KAN,WR,0,0,0,0,0,1,3,0,0,0,0,0,0.3
2025,1,Justin Herbert,LAC,KAN,QB,34,25,318,3,0,7,32,0,0,0,0,0,27.92
2025,1,KeAndre Lambert-Smith,LAC,KAN,WR,0,0,0,0,0,0,0,0,1,0,0,0,0.0
2025,1,Keenan Allen,LAC,KAN,WR,0,0,0,0,0,0,0,0,10,7,68,1,19.8
2025,1,Ladd McConkey,LAC,KAN,WR,0,0,0,0,0,0,0,0,9,6,74,0,13.4
2025,1,Najee Harris,LAC,KAN,RB,0,0,0,0,0,1,5,0,1,1,5,0,2.0
2025,1,Omarion Hampton,LAC,KAN,RB,0,0,0,0,0,15,48,0,2,2,13,0,8.1
2025,1,Quentin Johnston,LAC,KAN,WR,0,0,0,0,0,0,0,0,7,5,79,2,24.9
2025,1,Tre Harris,LAC,KAN,WR,0,0,0,0,0,0,0,0,1,1,11,0,2.1
2025,1,Tyler Conklin,LAC,KAN,TE,0,0,0,0,0,1,2,0,2,2,50,0,7.2
2025,1,Will Dissly,LAC,KAN,TE,0,0,0,0,0,0,0,0,1,1,18,0,2.8
2025,1,Blake Corum,LAR,HOU,RB,0,0,0,0,0,1,2,0,1,1,14,0,2.6
2025,1,Colby Parkinson,LAR,HOU,TE,0,0,0,0,0,0,0,0,2,2,-6,0,-0.6
2025,1,Davante Adams,LAR,HOU,WR,0,0,0,0,0,0,0,0,8,4,51,0,9.1
2025,1,Davis Allen,LAR,HOU,TE,0,0,0,0,0,0,0,0,2,1,13,1,8.3
2025,1,Jordan Whittington,LAR,HOU,WR,0,0,0,0,0,1,5,0,0,0,0,0,0.5
2025,1,Kyren Williams,LAR,HOU,RB,0,0,0,0,0,18,66,1,2,1,3,0,13.9
2025,1,Matthew Stafford,LAR,HOU,QB,29,21,245,1,0,4,-2,0,0,0,0,0,13.6
2025,1,Puka Nacua,LAR,HOU,WR,0,0,0,0,0,1,1,0,11,10,130,0,23.1
2025,1,Tutu Atwell,LAR,HOU,WR,0,0,0,0,0,0,0,0,1,1,4,0,1.4
2025,1,Xavier Smith,LAR,HOU,WR,0,0,0,0,0,0,0,0,1,1,36,0,4.6
2025,1,Alex Bachman,LVR,NWE,WR,0,0,0,0,0,0,0,0,1,0,0,0,0.0
2025,1,Ashton Jeanty,LVR,NWE,RB,0,0,0,0,0,19,38,1,2,2,2,0,12.0
2025,1,Brock Bowers,LVR,NWE,TE,0,0,0,0,0,0,0,0,8,5,103,0,15.3
2025,1,Dont'e Thornton Jr.,LVR,NWE,WR,0,0,0,0,0,0,0,0,4,2,45,0,6.5
2025,1,Geno Smith,LVR,NWE,QB,34,24,362,1,1,2,10,0,0,0,0,0,17.48
2025,1,Jack Bech,LVR,NWE,WR,0,0,0,0,0,0,0,0,1,1,23,0,3.3
2025,1,Jakobi Meyers,LVR,NWE,WR,0,0,0,0,0,0,0,0,10,8,97,0,17.7
2025,1,Michael Mayer,LVR,NWE,TE,0,0,0,0,0,0,0,0,4,4,38,0,7.8
2025,1,Tre Tucker,LVR,NWE,WR,0,0,0,0,0,0,0,0,3,2,54,1,13.4
2025,1,Zamir White,LVR,NWE,RB,0,0,0,0,0,3,8,0,0,0,0,0,0.8
2025,1,Alec Ingold,MIA,IND,RB,0,0,0,0,0,0,0,0,2,1,1,0,1.1
2025,1,De'Von Achane,MIA,IND,RB,0,0,0,0,0,7,55,0,4,3,20,1,16.5
2025,1,Dee Eskridge,MIA,IND,WR,0,0,0,0,0,0,0,0,2,1,9,0,1.9
2025,1,Jaylen Waddle,MIA,IND,WR,0,0,0,0,0,0,0,0,5,4,30,0,7.0
2025,1,Malik Washington,MIA,IND,WR,0,0,0,0,0,1,9,0,5,2,20,0,4.9
2025,1,Nick Westbrook-Ikhine,MIA,IND,WR,0,0,0,0,0,0,0,0,2,1,7,0,1.7
2025,1,Ollie Gordon II,MIA,IND,RB,0,0,0,0,0,2,4,0,1,1,-1,0,1.3
2025,1,Tanner Conner,MIA,IND,TE,0,0,0,0,0,0,0,0,4,2,20,0,4.0
2025,1,Tua Tagovailoa,MIA,IND,QB,23,14,114,1,2,1,7,0,0,0,0,0,5.26
2025,1,Tyreek Hill,MIA,IND,WR,0,0,0,0,0,0,0,0,6,4,40,0,8.0
2025,1,Zach Wilson,MIA,IND,QB,8,5,32,0,0,1,3,0,0,0,0,0,1.58
2025,1,Aaron Jones,MIN,CHI,RB,0,0,0,0,0,8,23,0,3,3,44,1,15.7
2025,1,Adam Thielen,MIN,CHI,WR,0,0,0,0,0,0,0,0,1,0,0,0,2.0
2025,1,J.J. McCarthy,MIN,CHI,QB,20,13,143,2,1,2,25,1,0,0,0,0,22.22
2025,1,Jalen Nailor,MIN,CHI,WR,0,0,0,0,0,0,0,0,3,1,28,0,3.8
2025,1,Jordan Mason,MIN,CHI,RB,0,0,0,0,0,15,68,0,1,1,7,0,8.5
2025,1,Josh Oliver,MIN,CHI,TE,0,0,0,0,0,0,0,0,1,1,5,0,1.5
2025,1,Justin Jefferson,MIN,CHI,WR,0,0,0,0,0,1,4,0,7,4,44,1,14.8
2025,1,T.J. Hockenson,MIN,CHI,TE,0,0,0,0,0,0,0,0,4,3,15,0,4.5
2025,1,Alvin Kamara,NOR,ARI,RB,0,0,0,0,0,11,45,1,2,2,12,0,13.7
2025,1,Brandin Cooks,NOR,ARI,WR,0,0,0,0,0,0,0,0,4,3,26,0,5.6
2025,1,Chris Olave,NOR,ARI,WR,0,0,0,0,0,0,0,0,13,7,54,0,12.4
2025,1,Devaughn Vele,NOR,ARI,WR,0,0,0,0,0,0,0,0,2,1,13,0,2.3
2025,1,Devin Neal,NOR,ARI,RB,0,0,0,0,0,2,9,0,0,0,0,0,0.9
2025,1,Juwan Johnson,NOR,ARI,TE,0,0,0,0,0,0,0,0,11,8,76,0,15.6
2025,1,Kendre Miller,NOR,ARI,RB,0,0,0,0,0,5,24,0,0,0,0,0,2.4
2025,1,Rashid Shaheed,NOR,ARI,WR,0,0,0,0,0,0,0,0,9,6,33,0,9.3
2025,1,Spencer Rattler,NOR,ARI,QB,46,27,214,0,0,4,29,0,0,0,0,0,11.46
2025,1,Antonio Gibson,NWE,LVR,RB,0,0,0,0,0,1,3,0,1,0,0,0,0.3
2025,1,Austin Hooper,NWE,LVR,TE,0,0,0,0,0,0,0,0,1,1,10,0,2.0
2025,1,DeMario Douglas,NWE,LVR,WR,0,0,0,0,0,1,4,0,7,2,-2,1,8.2
2025,1,Drake Maye,NWE,LVR,QB,46,30,287,1,1,4,11,0,1,1,2,0,15.78
2025,1,Hunter Henry,NWE,LVR,TE,0,0,0,0,0,0,0,0,8,4,66,0,10.6
2025,1,Kayshon Boutte,NWE,LVR,WR,0,0,0,0,0,0,0,0,8,6,103,0,16.3
2025,1,Kyle Williams,NWE,LVR,WR,0,0,0,0,0,0,0,0,1,1,12,0,2.2
2025,1,Mack Hollins,NWE,LVR,WR,0,0,0,0,0,0,0,0,2,1,3,0,1.3
2025,1,Rhamondre Stevenson,NWE,LVR,RB,0,0,0,0,0,7,15,0,3,2,12,0,4.7
2025,1,Stefon Diggs,NWE,LVR,WR,0,0,0,0,0,0,0,0,7,6,57,0,11.7
2025,1,TreVeyon Henderson,NWE,LVR,RB,0,0,0,0,0,5,27,0,6,6,24,0,11.1
2025,1,Cam Skattebo,NYG,WAS,RB,0,0,0,0,0,2,-3,0,2,2,12,0,2.9
2025,1,Daniel Bellinger,NYG,WAS,TE,0,0,0,0,0,0,0,0,1,1,14,0,2.4
2025,1,Darius Slayton,NYG,WAS,WR,0,0,0,0,0,0,0,0,1,0,0,0,0.0
2025,1,Devin Singletary,NYG,WAS,RB,0,0,0,0,0,3,9,0,0,0,0,0,0.9
2025,1,Malik Nabers,NYG,WAS,WR,0,0,0,0,0,0,0,0,12,5,71,0,12.1
2025,1,Russell Wilson,NYG,WAS,QB,37,17,168,0,0,8,44,0,0,0,0,0,11.12
2025,1,Theo Johnson,NYG,WAS,TE,0,0,0,0,0,0,0,0,3,1,5,0,1.5
2025,1,Tyrone Tracy Jr.,NYG,WAS,RB,0,0,0,0,0,10,24,0,5,2,11,0,5.5
2025,1,Wan'Dale Robinson,NYG,WAS,WR,0,0,0,0,0,0,0,0,8,6,55,0,11.5
2025,1,Braelon Allen,NYJ,PIT,RB,0,0,0,0,0,6,9,1,0,0,0,0,6.9
2025,1,Breece Hall,NYJ,PIT,RB,0,0,0,0,0,19,107,0,4,2,38,0,16.5
2025,1,Garrett Wilson,NYJ,PIT,WR,0,0,0,0,0,0,0,0,9,7,95,1,22.5
2025,1,Isaiah Davis,NYJ,PIT,RB,0,0,0,0,0,2,18,0,0,0,0,0,1.8
2025,1,Jeremy Ruckert,NYJ,PIT,TE,0,0,0,0,0,0,0,0,2,2,16,0,3.6
2025,1,Josh Reynolds,NYJ,PIT,WR,0,0,0,0,0,0,0,0,3,2,18,0,3.8
2025,1,Justin Fields,NYJ,PIT,QB,22,16,218,1,0,12,48,2,0,0,0,0,29.52
2025,1,Mason Taylor,NYJ,PIT,TE,0,0,0,0,0,0,0,0,1,1,20,0,3.0
2025,1,Tyler Johnson,NYJ,PIT,WR,0,0,0,0,0,0,0,0,2,2,31,0,5.1
2025,1,A.J. Brown,PHI,DAL,WR,0,0,0,0,0,0,0,0,1,1,8,0,1.8
2025,1,AJ Dillon,PHI,DAL,RB,0,0,0,0,0,3,10,0,0,0,0,0,1.0
2025,1,Dallas Goedert,PHI,DAL,TE,0,0,0,0,0,0,0,0,7,7,44,0,11.4
2025,1,DeVonta Smith,PHI,DAL,WR,0,0,0,0,0,0,0,0,3,3,16,0,4.6
2025,1,Jahan Dotson,PHI,DAL,WR,0,0,0,0,0,0,0,0,3,3,59,0,8.9
2025,1,Jalen Hurts,PHI,DAL,QB,23,19,152,0,0,14,62,2,0,0,0,0,24.28
2025,1,Kylen Granson,PHI,DAL,TE,0,0,0,0,0,0,0,0,1,1,1,0,1.1
2025,1,Saquon Barkley,PHI,DAL,RB,0,0,0,0,0,18,60,1,5,4,24,0,18.4
2025,1,Will Shipley,PHI,DAL,RB,0,0,0,0,0,3,26,0,0,0,0,0,2.6
2025,1,Aaron Rodgers,PIT,NYJ,QB,30,22,244,4,0,1,-1,0,0,0,0,0,25.66
2025,1,Ben Skowronek,PIT,NYJ,WR,0,0,0,0,0,0,0,0,1,1,22,1,9.2
2025,1,Calvin Austin III,PIT,NYJ,WR,0,0,0,0,0,0,0,0,6,4,70,1,17.0
2025,1,DK Metcalf,PIT,NYJ,WR,0,0,0,0,0,0,0,0,7,4,83,0,12.3
2025,1,Jaylen Warren,PIT,NYJ,RB,0,0,0,0,0,11,37,0,2,2,22,1,13.9
2025,1,Jonnu Smith,PIT,NYJ,TE,0,0,0,0,0,0,0,0,6,5,15,1,12.5
2025,1,Kaleb Johnson,PIT,NYJ,RB,0,0,0,0,0,1,-2,0,0,0,0,0,-0.2
2025,1,Kenny Gainwell,PIT,NYJ,RB,0,0,0,0,0,7,19,0,4,3,4,0,5.3
2025,1,Pat Freiermuth,PIT,NYJ,TE,0,0,0,0,0,0,0,0,3,3,28,0,5.8
2025,1,AJ Barner,SEA,SFO,TE,0,0,0,0,0,1,2,0,2,1,0,0,1.2
2025,1,Cooper Kupp,SEA,SFO,WR,0,0,0,0,0,0,0,0,3,2,15,0,3.5
2025,1,Elijah Arroyo,SEA,SFO,TE,0,0,0,0,0,0,0,0,1,1,7,0,1.7
2025,1,Jalen Milroe,SEA,SFO,QB,0,0,0,0,0,1,1,0,0,0,0,0,0.1
2025,1,Jaxon Smith-Njigba,SEA,SFO,WR,0,0,0,0,0,0,0,0,13,9,124,0,19.4
2025,1,Kenneth Walker III,SEA,SFO,RB,0,0,0,0,0,10,20,0,3,3,4,0,5.4
2025,1,Sam Darnold,SEA,SFO,QB,23,16,150,0,0,2,14,0,0,0,0,0,5.4
2025,1,Zach Charbonnet,SEA,SFO,RB,0,0,0,0,0,12,47,1,0,0,0,0,10.7
2025,1,Brian Robinson,SFO,SEA,RB,0,0,0,0,0,9,33,0,2,1,4,0,4.7
2025,1,Brock Purdy,SFO,SEA,QB,35,26,277,2,2,5,17,0,0,0,0,0,16.78
2025,1,Christian McCaffrey,SFO,SEA,RB,0,0,0,0,0,22,69,0,10,9,73,0,23.2
2025,1,George Kittle,SFO,SEA,TE,0,0,0,0,0,0,0,0,4,4,25,1,12.5
2025,1,Jake Tonges,SFO,SEA,TE,0,0,0,0,0,0,0,0,3,3,15,1,10.5
2025,1,Jauan Jennings,SFO,SEA,WR,0,0,0,0,0,0,0,0,5,2,16,0,3.6
2025,1,Kyle Juszczyk,SFO,SEA,RB,0,0,0,0,0,0,0,0,2,2,32,0,5.2
2025,1,Luke Farrell,SFO,SEA,TE,0,0,0,0,0,0,0,0,1,1,4,0,1.4
2025,1,Ricky Pearsall,SFO,SEA,WR,0,0,0,0,0,0,0,0,7,4,108,0,14.8
2025,1,Baker Mayfield,TAM,ATL,QB,32,17,167,3,0,5,39,0,0,0,0,0,22.58
2025,1,Bucky Irving,TAM,ATL,RB,0,0,0,0,0,14,37,0,4,4,8,1,14.5
2025,1,Cade Otton,TAM,ATL,TE,0,0,0,0,0,0,0,0,3,0,0,0,0.0
2025,1,Emeka Egbuka,TAM,ATL,WR,0,0,0,0,0,1,9,0,6,4,67,2,23.6
2025,1,Mike Evans,TAM,ATL,WR,0,0,0,0,0,0,0,0,8,5,51,0,10.1
2025,1,Rachaad White,TAM,ATL,RB,0,0,0,0,0,2,14,0,1,1,2,0,2.6
2025,1,Ryan Miller,TAM,ATL,WR,0,0,0,0,0,0,0,0,1,0,0,0,0.0
2025,1,Sean Tucker,TAM,ATL,RB,0,0,0,0,0,1,2,0,0,0,0,0,0.2
2025,1,Sterling Shepard,TAM,ATL,WR,0,0,0,0,0,0,0,0,6,3,39,0,6.9
2025,1,Tez Johnson,TAM,ATL,WR,0,0,0,0,0,0,0,0,1,0,0,0,0.0
2025,1,Bryce Oliver,TEN,DEN,WR,0,0,0,0,0,0,0,0,1,1,8,0,1.8
2025,1,Calvin Ridley,TEN,DEN,WR,0,0,0,0,0,0,0,0,8,4,27,0,6.7
2025,1,Cam Ward,TEN,DEN,QB,28,12,112,0,0,0,0,0,0,0,0,0,2.48
2025,1,Chig Okonkwo,TEN,DEN,TE,0,0,0,0,0,0,0,0,4,3,19,0,4.9
2025,1,Chimere Dike,TEN,DEN,WR,0,0,0,0,0,1,9,0,1,0,0,0,0.9
2025,1,Elic Ayomanor,TEN,DEN,WR,0,0,0,0,0,0,0,0,7,2,13,0,3.3
2025,1,Gunnar Helm,TEN,DEN,TE,0,0,0,0,0,0,0,0,2,1,16,0,2.6
2025,1,Julius Chestnut,TEN,DEN,RB,0,0,0,0,0,2,2,0,0,0,0,0,0.2
2025,1,Tony Pollard,TEN,DEN,RB,0,0,0,0,0,18,60,0,1,1,29,0,7.9
2025,1,Tyler Lockett,TEN,DEN,WR,0,0,0,0,0,0,0,0,1,0,0,0,0.0
2025,1,Austin Ekeler,WAS,NYG,RB,0,0,0,0,0,6,26,0,3,3,31,0,8.7
2025,1,Chris Moore,WAS,NYG,WR,0,0,0,0,0,0,0,0,1,1,34,0,4.4
2025,1,Deebo Samuel Sr.,WAS,NYG,WR,0,0,0,0,0,1,19,1,10,7,77,0,22.6
2025,1,Jacory Croskey-Merritt,WAS,NYG,RB,0,0,0,0,0,10,82,1,1,0,0,0,14.2
2025,1,Jayden Daniels,WAS,NYG,QB,30,19,233,1,0,11,68,0,0,0,0,0,20.12
2025,1,Jaylin Lane,WAS,NYG,WR,0,0,0,0,0,0,0,0,2,1,11,0,2.1
2025,1,Jeremy McNichols,WAS,NYG,RB,0,0,0,0,0,4,25,0,0,0,0,0,2.5
2025,1,Noah Brown,WAS,NYG,WR,0,0,0,0,0,0,0,0,3,2,27,0,4.7
2025,1,Terry McLaurin,WAS,NYG,WR,0,0,0,0,0,0,0,0,4,2,27,0,4.7
2025,1,Zach Ertz,WAS,NYG,TE,0,0,0,0,0,0,0,0,5,3,26,1,11.6
2025,2,Elijah Higgins,ARI,CAR,TE,0,0,0,0,0,0,0,0,3,2,45,0,6.5
2025,2,Greg Dortch,ARI,CAR,WR,0,0,0,0,0,0,0,0,1,1,11,0,2.1
2025,2,Jacoby Brissett,ARI,CAR,QB,0,0,0,0,0,1,2,0,0,0,0,0,0.2
2025,2,James Conner,ARI,CAR,RB,0,0,0,0,0,11,34,1,1,1,18,0,12.2
2025,2,Kyler Murray,ARI,CAR,QB,25,17,220,1,1,7,32,0,0,0,0,0,14.0
2025,2,Marvin Harrison Jr.,ARI,CAR,WR,0,0,0,0,0,0,0,0,5,2,27,0,4.7
2025,2,Michael Wilson,ARI,CAR,WR,0,0,0,0,0,0,0,0,2,1,11,1,8.1
2025,2,Trey Benson,ARI,CAR,RB,0,0,0,0,0,3,14,0,6,4,30,0,8.4
2025,2,Trey McBride,ARI,CAR,TE,0,0,0,0,0,0,0,0,7,6,78,0,13.8
2025,2,Bijan Robinson,ATL,MIN,RB,0,0,0,0,0,22,143,0,5,3,25,0,19.8
2025,2,Darnell Mooney,ATL,MIN,WR,0,0,0,0,0,0,0,0,4,2,20,0,4.0
2025,2,Drake London,ATL,MIN,WR,0,0,0,0,0,0,0,0,4,3,49,0,5.9
2025,2,Kyle Pitts,ATL,MIN,TE,0,0,0,0,0,0,0,0,5,4,37,0,7.7
2025,2,Michael Penix Jr.,ATL,MIN,QB,21,13,135,0,0,1,-1,0,0,0,0,0,5.3
2025,2,Ray-Ray McCloud,ATL,MIN,WR,0,0,0,0,0,0,0,0,2,0,0,0,0.0
2025,2,Tyler Allgeier,ATL,MIN,RB,0,0,0,0,0,16,76,1,1,1,4,0,15.0
2025,2,Cooper Rush,BAL,CLE,QB,0,0,0,0,0,3,-4,0,0,0,0,0,-0.4
2025,2,DeAndre Hopkins,BAL,CLE,WR,0,0,0,0,0,0,0,0,2,2,64,1,14.4
2025,2,Derrick Henry,BAL,CLE,RB,0,0,0,0,0,11,23,0,0,0,0,0,2.3
2025,2,Devontez Walker,BAL,CLE,WR,0,0,0,0,0,0,0,0,2,2,26,2,16.6
2025,2,Justice Hill,BAL,CLE,RB,0,0,0,0,0,3,7,0,3,3,18,0,5.5
2025,2,Lamar Jackson,BAL,CLE,QB,29,19,225,4,0,2,13,0,0,0,0,0,26.3
2025,2,Mark Andrews,BAL,CLE,TE,0,0,0,0,0,1,2,0,3,1,2,0,1.4
2025,2,Rashod Bateman,BAL,CLE,WR,0,0,0,0,0,0,0,0,4,2,15,0,3.5
2025,2,Tylan Wallace,BAL,CLE,WR,0,0,0,0,0,0,0,0,2,2,25,1,10.5
2025,2,Zaire Mitchell-Paden,BAL,CLE,TE,0,0,0,0,0,0,0,0,1,0,0,0,0.0
2025,2,Zay Flowers,BAL,CLE,WR,0,0,0,0,0,1,4,0,11,7,75,0,14.9
2025,2,Dalton Kincaid,BUF,NYJ,TE,0,0,0,0,0,0,0,0,6,4,37,0,7.7
2025,2,Dawson Knox,BUF,NYJ,TE,0,0,0,0,0,0,0,0,5,2,19,0,3.9
2025,2,Elijah Moore,BUF,NYJ,WR,0,0,0,0,0,2,6,1,1,1,31,0,10.7
2025,2,Jackson Hawes,BUF,NYJ,TE,0,0,0,0,0,0,0,0,1,1,5,0,1.5
2025,2,James Cook,BUF,NYJ,RB,0,0,0,0,0,21,132,2,1,1,3,0,26.5
2025,2,Josh Allen,BUF,NYJ,QB,25,14,148,0,0,6,59,0,0,0,0,0,11.82
2025,2,Josh Palmer,BUF,NYJ,WR,0,0,0,0,0,0,0,0,3,2,47,0,6.7
2025,2,Keon Coleman,BUF,NYJ,WR,0,0,0,0,0,0,0,0,3,3,26,0,5.6
2025,2,Khalil Shakir,BUF,NYJ,WR,0,0,0,0,0,0,0,0,2,1,12,0,2.2
2025,2,Mitchell Trubisky,BUF,NYJ,QB,2,1,32,0,0,3,-3,0,0,0,0,0,0.98
2025,2,Ray Davis,BUF,NYJ,RB,0,0,0,0,0,9,24,0,0,0,0,0,2.4
2025,2,Ty Johnson,BUF,NYJ,RB,0,0,0,0,0,2,6,0,1,0,0,0,0.6
2025,2,Tyrell Shavers,BUF,NYJ,WR,0,0,0,0,0,0,0,0,2,0,0,0,0.0
2025,2,Bryce Young,CAR,ARI,QB,55,35,328,3,1,2,2,0,0,0,0,0,21.32
2025,2,Brycen Tremayne,CAR,ARI,WR,0,0,0,0,0,0,0,0,5,3,48,0,7.8
2025,2,Chuba Hubbard,CAR,ARI,RB,0,0,0,0,0,10,38,0,6,5,39,1,18.7
2025,2,Hunter Renfrow,CAR,ARI,WR,0,0,0,0,0,0,0,0,9,7,48,2,23.8
2025,2,Ja'Tavion Sanders,CAR,ARI,TE,0,0,0,0,0,0,0,0,9,7,54,0,12.4
2025,2,Mitchell Evans,CAR,ARI,TE,0,0,0,0,0,0,0,0,1,1,9,0,1.9
2025,2,Rico Dowdle,CAR,ARI,RB,0,0,0,0,0,6,9,0,1,1,10,0,2.9
2025,2,Tetairoa McMillan,CAR,ARI,WR,0,0,0,0,0,0,0,0,10,6,100,0,16.0
2025,2,Tommy Tremble,CAR,ARI,TE,0,0,0,0,0,0,0,0,3,3,20,0,5.0
2025,2,Trevor Etienne,CAR,ARI,RB,0,0,0,0,0,0,0,0,1,1,2,0,1.2
2025,2,Xavier Legette,CAR,ARI,WR,0,0,0,0,0,1,0,0,8,1,-2,0,0.8
2025,2,Caleb Williams,CHI,DET,QB,30,19,207,2,1,5,27,0,0,0,0,0,16.98
2025,2,Cole Kmet,CHI,DET,TE,0,0,0,0,0,0,0,0,2,2,29,0,4.9
2025,2,Colston Loveland,CHI,DET,TE,0,0,0,0,0,0,0,0,1,0,0,0,0.0
2025,2,D'Andre Swift,CHI,DET,RB,0,0,0,0,0,12,63,1,3,3,6,0,13.9
2025,2,DJ Moore,CHI,DET,WR,0,0,0,0,0,0,0,0,6,5,46,0,9.6
2025,2,Kyle Monangai,CHI,DET,RB,0,0,0,0,0,7,28,0,3,1,8,0,4.6
2025,2,Luther Burden III,CHI,DET,WR,0,0,0,0,0,0,0,0,2,1,5,0,1.5
2025,2,Olamide Zaccheaus,CHI,DET,WR,0,0,0,0,0,1,9,0,5,2,12,0,4.1
2025,2,Rome Odunze,CHI,DET,WR,0,0,0,0,0,0,0,0,11,7,128,2,31.8
2025,2,Tyson Bagent,CHI,DET,QB,3,2,27,0,0,2,7,0,0,0,0,0,1.78
2025,2,Andrei Iosivas,CIN,JAX,WR,0,0,0,0,0,0,0,0,5,1,12,0,2.2
2025,2,Chase Brown,CIN,JAX,RB,0,0,0,0,0,16,47,0,3,2,18,0,8.5
2025,2,Drew Sample,CIN,JAX,TE,0,0,0,0,0,0,0,0,2,1,7,0,1.7
2025,2,Ja'Marr Chase,CIN,JAX,WR,0,0,0,0,0,0,0,0,16,14,165,1,36.5
2025,2,Jake Browning,CIN,JAX,QB,32,21,241,2,3,1,1,1,0,0,0,0,17.74
2025,2,Joe Burrow,CIN,JAX,QB,13,7,76,1,0,0,0,0,0,0,0,0,7.04
2025,2,Mike Gesicki,CIN,JAX,TE,0,0,0,0,0,0,0,0,4,3,18,0,4.8
2025,2,Mitchell Tinsley,CIN,JAX,WR,0,0,0,0,0,0,0,0,1,1,13,1,8.3
2025,2,Noah Fant,CIN,JAX,TE,0,0,0,0,0,0,0,0,4,3,28,0,5.8
2025,2,Tee Higgins,CIN,JAX,WR,0,0,0,0,0,0,0,0,8,3,56,1,14.6
2025,2,Cedric Tillman,CLE,BAL,WR,0,0,0,0,0,0,0,0,7,2,22,1,10.2
2025,2,David Njoku,CLE,BAL,TE,0,0,0,0,0,0,0,0,5,4,40,0,8.0
2025,2,Dillon Gabriel,CLE,BAL,QB,3,3,19,1,0,0,0,0,0,0,0,0,4.76
2025,2,Dylan Sampson,CLE,BAL,RB,0,0,0,0,0,4,6,0,3,3,13,1,10.9
2025,2,Harold Fannin Jr.,CLE,BAL,TE,0,0,0,0,0,0,0,0,5,5,48,0,9.8
2025,2,Isaiah Bond,CLE,BAL,WR,0,0,0,0,0,1,9,0,3,1,6,0,2.5
2025,2,Jamari Thrash,CLE,BAL,WR,0,0,0,0,0,0,0,0,1,1,5,0,1.5
2025,2,Jerome Ford,CLE,BAL,RB,0,0,0,0,0,6,31,0,6,5,23,0,10.4
2025,2,Jerry Jeudy,CLE,BAL,WR,0,0,0,0,0,0,0,0,8,4,51,0,9.1
2025,2,Joe Flacco,CLE,BAL,QB,45,25,199,1,1,1,8,0,0,0,0,0,8.76
2025,2,Quinshon Judkins,CLE,BAL,RB,0,0,0,0,0,10,61,0,3,3,10,0,10.1
2025,2,Brevyn Spann-Ford,DAL,NYG,TE,0,0,0,0,0,0,0,0,1,1,3,0,1.3
2025,2,CeeDee Lamb,DAL,NYG,WR,0,0,0,0,0,0,0,0,11,9,112,0,20.2
2025,2,Dak Prescott,DAL,NYG,QB,52,38,361,2,1,3,17,0,0,0,0,0,22.14
2025,2,George Pickens,DAL,NYG,WR,0,0,0,0,0,0,0,0,9,5,68,1,17.8
2025,2,Jake Ferguson,DAL,NYG,TE,0,0,0,0,0,0,0,0,12,9,78,0,16.8
2025,2,Jalen Tolbert,DAL,NYG,WR,0,0,0,0,0,0,0,0,4,2,16,0,3.6
2025,2,Javonte Williams,DAL,NYG,RB,0,0,0,0,0,18,97,1,7,6,33,0,25.0
2025,2,KaVontae Turpin,DAL,NYG,WR,0,0,0,0,0,2,6,0,4,4,47,1,15.3
2025,2,Luke Schoonmaker,DAL,NYG,TE,0,0,0,0,0,0,0,0,2,0,0,0,0.0
2025,2,Miles Sanders,DAL,NYG,RB,0,0,0,0,0,5,15,1,2,2,4,0,9.9
2025,2,Adam Trautman,DEN,IND,TE,0,0,0,0,0,0,0,0,3,3,10,1,10.0
2025,2,Bo Nix,DEN,IND,QB,30,22,206,3,1,3,20,0,0,0,0,0,20.24
2025,2,Courtland Sutton,DEN,IND,WR,0,0,0,0,0,0,0,0,4,1,6,0,1.6
2025,2,Evan Engram,DEN,IND,TE,0,0,0,0,0,0,0,0,2,1,12,0,2.2
2025,2,J.K. Dobbins,DEN,IND,RB,0,0,0,0,0,14,76,1,2,1,9,0,15.5
2025,2,Marvin Mims Jr.,DEN,IND,WR,0,0,0,0,0,0,0,0,2,2,24,1,10.4
2025,2,Pat Bryant,DEN,IND,WR,0,0,0,0,0,0,0,0,3,2,18,0,3.8
2025,2,RJ Harvey,DEN,IND,RB,0,0,0,0,0,5,8,0,2,1,16,0,3.4
2025,2,Trent Sherfield,DEN,IND,WR,0,0,0,0,0,0,0,0,1,1,3,0,1.3
2025,2,Troy Franklin,DEN,IND,WR,0,0,0,0,0,1,11,0,9,8,89,1,24.0
2025,2,Tyler Badie,DEN,IND,RB,0,0,0,0,0,1,3,0,2,2,19,0,4.2
2025,2,Amon-Ra St. Brown,DET,CHI,WR,0,0,0,0,0,2,7,0,11,9,115,3,39.2
2025,2,Brock Wright,DET,CHI,TE,0,0,0,0,0,0,0,0,3,3,28,1,11.8
2025,2,Craig Reynolds,DET,CHI,RB,0,0,0,0,0,3,4,0,0,0,0,0,0.4
2025,2,David Montgomery,DET,CHI,RB,0,0,0,0,0,11,57,1,1,1,4,0,13.1
2025,2,Isaac TeSlaa,DET,CHI,WR,0,0,0,0,0,0,0,0,1,1,29,0,3.9
2025,2,Jahmyr Gibbs,DET,CHI,RB,0,0,0,0,0,12,94,1,3,3,10,0,19.4
2025,2,Jameson Williams,DET,CHI,WR,0,0,0,0,0,0,0,0,4,2,108,1,18.8
2025,2,Jared Goff,DET,CHI,QB,28,23,334,5,0,1,6,0,0,0,0,0,33.96
2025,2,Kalif Raymond,DET,CHI,WR,0,0,0,0,0,1,9,0,1,1,14,0,3.3
2025,2,Sam LaPorta,DET,CHI,TE,0,0,0,0,0,0,0,0,4,3,26,0,5.6
2025,2,Chris Brooks,GNB,WAS,RB,0,0,0,0,0,0,0,0,4,3,27,0,5.7
2025,2,Dontayvion Wicks,GNB,WAS,WR,0,0,0,0,0,0,0,0,6,4,44,0,8.4
2025,2,Jordan Love,GNB,WAS,QB,31,19,292,2,0,3,12,0,0,0,0,0,20.88
2025,2,Josh Jacobs,GNB,WAS,RB,0,0,0,0,0,23,84,1,0,0,0,0,14.4
2025,2,Luke Musgrave,GNB,WAS,TE,0,0,0,0,0,0,0,0,2,2,32,0,5.2
2025,2,Malik Heath,GNB,WAS,WR,0,0,0,0,0,0,0,0,1,1,37,0,4.7
2025,2,Matthew Golden,GNB,WAS,WR,0,0,0,0,0,2,15,0,2,0,0,0,1.5
2025,2,Romeo Doubs,GNB,WAS,WR,0,0,0,0,0,0,0,0,5,3,28,1,11.8
2025,2,Savion Williams,GNB,WAS,WR,0,0,0,0,0,2,24,0,0,0,0,0,2.4
2025,2,Tucker Kraft,GNB,WAS,TE,0,0,0,0,0,0,0,0,7,6,124,1,24.4
2025,2,C.J. Stroud,HOU,TAM,QB,24,13,207,1,0,4,27,0,0,0,0,0,14.98
2025,2,Dalton Schultz,HOU,TAM,TE,0,0,0,0,0,0,0,0,4,3,29,0,5.9
2025,2,Harrison Bryant,HOU,TAM,TE,0,0,0,0,0,0,0,0,1,0,0,0,0.0
2025,2,Jayden Higgins,HOU,TAM,WR,0,0,0,0,0,0,0,0,1,1,28,0,3.8
2025,2,Justin Watson,HOU,TAM,WR,0,0,0,0,0,0,0,0,2,1,3,0,1.3
2025,2,Nick Chubb,HOU,TAM,RB,0,0,0,0,0,12,43,1,2,2,29,0,15.2
2025,2,Nico Collins,HOU,TAM,WR,0,0,0,0,0,0,0,0,9,3,52,1,14.2
2025,2,Woody Marks,HOU,TAM,RB,0,0,0,0,0,3,14,0,1,1,37,0,6.1
2025,2,Xavier Hutchinson,HOU,TAM,WR,0,0,0,0,0,0,0,0,3,2,29,0,4.9
2025,2,Adonai Mitchell,IND,DEN,WR,0,0,0,0,0,0,0,0,4,2,20,0,4.0
2025,2,Alec Pierce,IND,DEN,WR,0,0,0,0,0,0,0,0,5,4,68,0,10.8
2025,2,DJ Giddens,IND,DEN,RB,0,0,0,0,0,0,0,0,1,0,0,0,0.0
2025,2,Daniel Jones,IND,DEN,QB,34,23,316,1,0,6,2,1,0,0,0,0,22.84
2025,2,Jonathan Taylor,IND,DEN,RB,0,0,0,0,0,25,165,0,2,2,50,1,29.5
2025,2,Josh Downs,IND,DEN,WR,0,0,0,0,0,0,0,0,8,6,51,0,11.1
2025,2,Michael Pittman,IND,DEN,WR,0,0,0,0,0,0,0,0,5,4,40,0,8.0
2025,2,Mo Alie-Cox,IND,DEN,TE,0,0,0,0,0,0,0,0,1,1,8,0,1.8
2025,2,Tyler Warren,IND,DEN,TE,0,0,0,0,0,1,0,0,7,4,79,0,11.9
2025,2,Bhayshul Tuten,JAX,CIN,RB,0,0,0,0,0,8,42,0,2,2,32,1,15.4
2025,2,Brenton Strange,JAX,CIN,TE,0,0,0,0,0,0,0,0,5,3,17,0,4.7
2025,2,Brian Thomas Jr.,JAX,CIN,WR,0,0,0,0,0,0,0,0,12,4,49,0,8.9
2025,2,Dyami Brown,JAX,CIN,WR,0,0,0,0,0,1,9,0,7,5,57,1,17.6
2025,2,LeQuint Allen Jr.,JAX,CIN,RB,0,0,0,0,0,2,13,0,0,0,0,0,1.3
2025,2,Parker Washington,JAX,CIN,WR,0,0,0,0,0,0,0,0,5,5,76,0,12.6
2025,2,Tim Patrick,JAX,CIN,WR,0,0,0,0,0,0,0,0,1,0,0,0,0.0
2025,2,Travis Etienne,JAX,CIN,RB,0,0,0,0,0,14,71,0,3,2,18,1,16.9
2025,2,Trevor Lawrence,JAX,CIN,QB,42,24,271,3,2,2,4,0,0,0,0,0,19.24
2025,2,Brashard Smith,KAN,PHI,RB,0,0,0,0,0,1,2,0,1,0,0,0,0.2
2025,2,Isiah Pacheco,KAN,PHI,RB,0,0,0,0,0,10,22,0,2,1,7,0,3.9
2025,2,JuJu Smith-Schuster,KAN,PHI,WR,0,0,0,0,0,0,0,0,3,1,5,0,1.5
2025,2,Kareem Hunt,KAN,PHI,RB,0,0,0,0,0,8,31,0,1,1,3,0,4.4
2025,2,Marquise Brown,KAN,PHI,WR,0,0,0,0,0,0,0,0,5,5,30,0,8.0
2025,2,Nikko Remigio,KAN,PHI,WR,0,0,0,0,0,0,0,0,1,1,21,0,3.1
2025,2,Noah Gray,KAN,PHI,TE,0,0,0,0,0,0,0,0,5,1,1,0,1.1
2025,2,Patrick Mahomes,KAN,PHI,QB,29,16,187,1,1,7,66,1,0,0,0,0,22.08
2025,2,Travis Kelce,KAN,PHI,TE,0,0,0,0,0,0,0,0,6,4,61,0,10.1
2025,2,Tyquan Thornton,KAN,PHI,WR,0,0,0,0,0,0,0,0,5,2,59,1,13.9
2025,2,Justin Herbert,LAC,LVR,QB,27,19,242,2,0,9,31,0,0,0,0,0,18.78
2025,2,Keenan Allen,LAC,LVR,WR,0,0,0,0,0,0,0,0,7,5,61,1,17.1
2025,2,Ladd McConkey,LAC,LVR,WR,0,0,0,0,0,0,0,0,5,5,48,0,9.8
2025,2,Najee Harris,LAC,LVR,RB,0,0,0,0,0,8,28,0,2,2,20,0,6.8
2025,2,Omarion Hampton,LAC,LVR,RB,0,0,0,0,0,8,24,0,2,1,1,0,3.5
2025,2,Quentin Johnston,LAC,LVR,WR,0,0,0,0,0,1,-2,0,7,3,71,1,15.9
2025,2,Tre Harris,LAC,LVR,WR,0,0,0,0,0,0,0,0,3,2,34,0,5.4
2025,2,Will Dissly,LAC,LVR,TE,0,0,0,0,0,0,0,0,1,1,7,0,1.7
2025,2,Blake Corum,LAR,TEN,RB,0,0,0,0,0,5,44,1,0,0,0,0,10.4
2025,2,Davante Adams,LAR,TEN,WR,0,0,0,0,0,0,0,0,13,6,106,1,22.6
2025,2,Davis Allen,LAR,TEN,TE,0,0,0,0,0,0,0,0,1,1,8,1,7.8
2025,2,Jordan Whittington,LAR,TEN,WR,0,0,0,0,0,0,0,0,2,2,42,0,6.2
2025,2,Kyren Williams,LAR,TEN,RB,0,0,0,0,0,17,66,0,2,2,14,0,10.0
2025,2,Matthew Stafford,LAR,TEN,QB,33,23,298,2,1,2,-6,0,0,0,0,0,17.32
2025,2,Puka Nacua,LAR,TEN,WR,0,0,0,0,0,1,45,1,9,8,91,0,27.6
2025,2,Tutu Atwell,LAR,TEN,WR,0,0,0,0,0,0,0,0,1,0,0,0,0.0
2025,2,Tyler Higbee,LAR,TEN,TE,0,0,0,0,0,0,0,0,4,4,37,0,7.7
2025,2,Ashton Jeanty,LVR,LAC,RB,0,0,0,0,0,11,43,0,4,3,1,0,7.4
2025,2,Brock Bowers,LVR,LAC,TE,0,0,0,0,0,0,0,0,8,5,38,0,8.8
2025,2,Dont'e Thornton Jr.,LVR,LAC,WR,0,0,0,0,0,0,0,0,4,1,20,0,3.0
2025,2,Dylan Laube,LVR,LAC,RB,0,0,0,0,0,0,0,0,2,2,17,0,3.7
2025,2,Geno Smith,LVR,LAC,QB,43,24,180,0,3,5,20,0,0,0,0,0,3.2
2025,2,Jakobi Meyers,LVR,LAC,WR,0,0,0,0,0,0,0,0,12,6,68,0,12.8
2025,2,Michael Mayer,LVR,LAC,TE,0,0,0,0,0,0,0,0,2,2,9,0,2.9
2025,2,Tre Tucker,LVR,LAC,WR,0,0,0,0,0,1,7,0,8,3,12,0,4.9
2025,2,Zamir White,LVR,LAC,RB,0,0,0,0,0,2,-2,0,3,2,15,0,3.3
2025,2,Alec Ingold,MIA,NWE,RB,0,0,0,0,0,0,0,0,2,2,13,0,3.3
2025,2,De'Von Achane,MIA,NWE,RB,0,0,0,0,0,11,30,0,10,8,92,1,26.2
2025,2,Dee Eskridge,MIA,NWE,WR,0,0,0,0,0,0,0,0,1,1,8,0,1.8
2025,2,Jaylen Waddle,MIA,NWE,WR,0,0,0,0,0,0,0,0,6,5,68,1,17.8
2025,2,Malik Washington,MIA,NWE,WR,0,0,0,0,0,3,23,0,2,1,2,0,9.5
2025,2,Nick Westbrook-Ikhine,MIA,NWE,WR,0,0,0,0,0,0,0,0,3,2,18,0,3.8
2025,2,Ollie Gordon II,MIA,NWE,RB,0,0,0,0,0,1,8,0,1,1,5,0,2.3
2025,2,Tua Tagovailoa,MIA,NWE,QB,32,26,315,2,1,0,0,0,0,0,0,0,18.6
2025,2,Tyreek Hill,MIA,NWE,WR,0,0,0,0,0,0,0,0,7,6,109,0,16.9
2025,2,Aaron Jones,MIN,ATL,RB,0,0,0,0,0,5,23,0,1,0,0,0,2.3
2025,2,Adam Thielen,MIN,ATL,WR,0,0,0,0,0,0,0,0,3,2,26,0,4.6
2025,2,J.J. McCarthy,MIN,ATL,QB,21,11,158,0,2,5,25,0,0,0,0,0,2.82
2025,2,Jalen Nailor,MIN,ATL,WR,0,0,0,0,0,0,0,0,5,3,31,0,6.1
2025,2,Jordan Mason,MIN,ATL,RB,0,0,0,0,0,9,30,0,3,2,8,0,5.8
2025,2,Justin Jefferson,MIN,ATL,WR,0,0,0,0,0,0,0,0,6,3,81,0,11.1
2025,2,T.J. Hockenson,MIN,ATL,TE,0,0,0,0,0,0,0,0,3,1,12,0,2.2
2025,2,Alvin Kamara,NOR,SFO,RB,0,0,0,0,0,21,99,0,6,6,21,0,16.0
2025,2,Brandin Cooks,NOR,SFO,WR,0,0,0,0,0,0,0,0,2,2,26,0,4.6
2025,2,Chris Olave,NOR,SFO,WR,0,0,0,0,0,0,0,0,10,6,54,0,11.4
2025,2,Devaughn Vele,NOR,SFO,WR,0,0,0,0,0,0,0,0,1,1,3,1,7.3
2025,2,Juwan Johnson,NOR,SFO,TE,0,0,0,0,0,0,0,0,9,5,49,1,15.9
2025,2,Kendre Miller,NOR,SFO,RB,0,0,0,0,0,5,8,0,1,1,2,0,2.0
2025,2,Rashid Shaheed,NOR,SFO,WR,0,0,0,0,0,0,0,0,5,4,52,1,15.2
2025,2,Spencer Rattler,NOR,SFO,QB,34,25,207,3,0,4,14,0,0,0,0,0,21.68
2025,2,Antonio Gibson,NWE,MIA,RB,0,0,0,0,0,5,27,0,1,1,1,0,9.8
2025,2,Austin Hooper,NWE,MIA,TE,0,0,0,0,0,0,0,0,3,3,38,0,6.8
2025,2,DeMario Douglas,NWE,MIA,WR,0,0,0,0,0,0,0,0,1,1,8,0,1.8
2025,2,Drake Maye,NWE,MIA,QB,23,19,230,2,0,10,31,1,0,0,0,0,26.3
2025,2,Hunter Henry,NWE,MIA,TE,0,0,0,0,0,0,0,0,3,1,9,0,1.9
2025,2,Kayshon Boutte,NWE,MIA,WR,0,0,0,0,0,0,0,0,1,1,16,1,8.6
2025,2,Mack Hollins,NWE,MIA,WR,0,0,0,0,0,0,0,0,2,1,8,1,7.8
2025,2,Rhamondre Stevenson,NWE,MIA,RB,0,0,0,0,0,11,54,0,5,5,88,0,21.2
2025,2,Stefon Diggs,NWE,MIA,WR,0,0,0,0,0,0,0,0,5,4,32,0,7.2
2025,2,TreVeyon Henderson,NWE,MIA,RB,0,0,0,0,0,3,10,0,2,2,30,0,6.0
2025,2,Cam Skattebo,NYG,DAL,RB,0,0,0,0,0,11,45,1,3,2,14,0,13.9
2025,2,Darius Slayton,NYG,DAL,WR,0,0,0,0,0,0,0,0,3,2,61,0,8.1
2025,2,Devin Singletary,NYG,DAL,RB,0,0,0,0,0,1,4,0,1,1,-4,0,1.0
2025,2,Jaxson Dart,NYG,DAL,QB,0,0,0,0,0,1,-3,0,0,0,0,0,-0.3
2025,2,Malik Nabers,NYG,DAL,WR,0,0,0,0,0,0,0,0,13,9,167,2,37.7
2025,2,Russell Wilson,NYG,DAL,QB,41,30,450,3,1,3,23,0,0,0,0,0,30.3
2025,2,Theo Johnson,NYG,DAL,TE,0,0,0,0,0,0,0,0,5,4,34,0,7.4
2025,2,Tyrone Tracy Jr.,NYG,DAL,RB,0,0,0,0,0,5,15,0,5,4,36,0,9.1
2025,2,Wan'Dale Robinson,NYG,DAL,WR,0,0,0,0,0,0,0,0,10,8,142,1,28.2
2025,2,Arian Smith,NYJ,BUF,WR,0,0,0,0,0,1,-10,0,2,1,8,0,0.8
2025,2,Braelon Allen,NYJ,BUF,RB,0,0,0,0,0,2,11,0,1,0,0,0,1.1
2025,2,Breece Hall,NYJ,BUF,RB,0,0,0,0,0,10,29,0,3,2,9,0,5.8
2025,2,Garrett Wilson,NYJ,BUF,WR,0,0,0,0,0,0,0,0,8,4,50,0,9.0
2025,2,Isaiah Davis,NYJ,BUF,RB,0,0,0,0,0,0,0,0,3,1,6,0,1.6
2025,2,Jeremy Ruckert,NYJ,BUF,TE,0,0,0,0,0,0,0,0,1,1,5,1,7.5
2025,2,Justin Fields,NYJ,BUF,QB,11,3,27,0,0,5,49,0,0,0,0,0,3.98
2025,2,Mason Taylor,NYJ,BUF,TE,0,0,0,0,0,0,0,0,2,1,5,0,1.5
2025,2,Tyler Johnson,NYJ,BUF,WR,0,0,0,0,0,0,0,0,1,0,0,0,0.0
2025,2,Tyrod Taylor,NYJ,BUF,QB,11,7,56,1,0,3,21,0,0,0,0,0,8.34
2025,2,A.J. Brown,PHI,KAN,WR,0,0,0,0,0,0,0,0,8,5,27,0,7.7
2025,2,AJ Dillon,PHI,KAN,RB,0,0,0,0,0,3,19,0,0,0,0,0,1.9
2025,2,DeVonta Smith,PHI,KAN,WR,0,0,0,0,0,0,0,0,6,4,53,0,9.3
2025,2,Grant Calcaterra,PHI,KAN,TE,0,0,0,0,0,0,0,0,2,1,6,0,1.6
2025,2,Jahan Dotson,PHI,KAN,WR,0,0,0,0,0,0,0,0,1,1,4,0,1.4
2025,2,Jalen Hurts,PHI,KAN,QB,22,15,101,0,0,9,15,1,0,0,0,0,11.54
2025,2,John Metchie III,PHI,KAN,WR,0,0,0,0,0,0,0,0,1,1,0,0,1.0
2025,2,Kylen Granson,PHI,KAN,TE,0,0,0,0,0,0,0,0,1,1,5,0,1.5
2025,2,Saquon Barkley,PHI,KAN,RB,0,0,0,0,0,22,88,1,2,2,6,0,17.4
2025,2,Aaron Rodgers,PIT,SEA,QB,33,18,203,1,2,1,3,0,0,0,0,0,10.42
2025,2,Calvin Austin III,PIT,SEA,WR,0,0,0,0,0,0,0,0,4,1,22,0,3.2
2025,2,Connor Heyward,PIT,SEA,RB,0,0,0,0,0,0,0,0,1,1,6,0,1.6
2025,2,DK Metcalf,PIT,SEA,WR,0,0,0,0,0,0,0,0,6,3,20,1,11.0
2025,2,Darnell Washington,PIT,SEA,TE,0,0,0,0,0,0,0,0,1,0,0,0,2.0
2025,2,Jaylen Warren,PIT,SEA,RB,0,0,0,0,0,14,48,0,4,4,86,0,17.4
2025,2,Jonnu Smith,PIT,SEA,TE,0,0,0,0,0,0,0,0,4,4,27,0,6.7
2025,2,Kaleb Johnson,PIT,SEA,RB,0,0,0,0,0,1,1,0,0,0,0,0,0.1
2025,2,Kenny Gainwell,PIT,SEA,RB,0,0,0,0,0,5,20,0,5,3,16,0,6.6
2025,2,Pat Freiermuth,PIT,SEA,TE,0,0,0,0,0,0,0,0,4,3,31,0,6.1
2025,2,Roman Wilson,PIT,SEA,WR,0,0,0,0,0,0,0,0,2,1,7,0,1.7
2025,2,AJ Barner,SEA,PIT,TE,0,0,0,0,0,1,2,0,3,2,26,1,10.8
2025,2,Cooper Kupp,SEA,PIT,WR,0,0,0,0,0,0,0,0,9,7,90,0,16.0
2025,2,Elijah Arroyo,SEA,PIT,TE,0,0,0,0,0,0,0,0,3,2,31,0,5.1
2025,2,Jaxon Smith-Njigba,SEA,PIT,WR,0,0,0,0,0,0,0,0,10,8,103,0,18.3
2025,2,Kenneth Walker III,SEA,PIT,RB,0,0,0,0,0,13,105,1,1,1,13,0,18.8
2025,2,Sam Darnold,SEA,PIT,QB,33,22,295,2,2,0,0,0,0,0,0,0,15.8
2025,2,Tory Horton,SEA,PIT,WR,0,0,0,0,0,0,0,0,4,2,32,1,11.2
2025,2,Zach Charbonnet,SEA,PIT,RB,0,0,0,0,0,15,10,0,0,0,0,0,1.0
2025,2,Brayden Willis,SFO,NOR,TE,0,0,0,0,0,0,0,0,1,0,0,0,0.0
2025,2,Brian Robinson,SFO,NOR,RB,0,0,0,0,0,6,20,0,1,1,-1,0,2.9
2025,2,Christian McCaffrey,SFO,NOR,RB,0,0,0,0,0,13,55,0,7,6,52,1,22.7
2025,2,Jake Tonges,SFO,NOR,TE,0,0,0,0,0,0,0,0,5,4,31,0,7.1
2025,2,Jauan Jennings,SFO,NOR,WR,0,0,0,0,0,0,0,0,10,5,89,1,19.9
2025,2,Kendrick Bourne,SFO,NOR,WR,0,0,0,0,0,0,0,0,3,3,32,0,6.2
2025,2,Kyle Juszczyk,SFO,NOR,RB,0,0,0,0,0,0,0,0,1,1,5,0,1.5
2025,2,Luke Farrell,SFO,NOR,TE,0,0,0,0,0,0,0,0,3,2,15,1,9.5
2025,2,Mac Jones,SFO,NOR,QB,39,26,279,3,0,6,6,0,0,0,0,0,21.76
2025,2,Marquez Valdes-Scantling,SFO,NOR,WR,0,0,0,0,0,0,0,0,1,0,0,0,0.0
2025,2,Ricky Pearsall,SFO,NOR,WR,0,0,0,0,0,1,-4,0,6,4,56,0,9.2
2025,2,Baker Mayfield,TAM,HOU,QB,38,25,215,2,0,3,33,0,0,0,0,0,19.9
2025,2,Bucky Irving,TAM,HOU,RB,0,0,0,0,0,17,71,0,6,6,50,0,18.1
2025,2,Cade Otton,TAM,HOU,TE,0,0,0,0,0,0,0,0,4,3,25,0,5.5
2025,2,Emeka Egbuka,TAM,HOU,WR,0,0,0,0,0,0,0,0,7,4,29,1,12.9
2025,2,Mike Evans,TAM,HOU,WR,0,0,0,0,0,0,0,0,11,5,56,0,10.6
2025,2,Payne Durham,TAM,HOU,TE,0,0,0,0,0,0,0,0,1,0,0,0,0.0
2025,2,Rachaad White,TAM,HOU,RB,0,0,0,0,0,10,65,1,2,2,1,0,14.6
2025,2,Ryan Miller,TAM,HOU,WR,0,0,0,0,0,0,0,0,1,1,20,1,9.0
2025,2,Sterling Shepard,TAM,HOU,WR,0,0,0,0,0,0,0,0,4,4,34,0,7.4
2025,2,Calvin Ridley,TEN,LAR,WR,0,0,0,0,0,0,0,0,6,3,57,0,8.7
2025,2,Cam Ward,TEN,LAR,QB,33,19,175,1,0,4,8,0,0,0,0,0,9.8
2025,2,Chig Okonkwo,TEN,LAR,TE,0,0,0,0,0,0,0,0,6,4,35,0,7.5
2025,2,Chimere Dike,TEN,LAR,WR,0,0,0,0,0,2,9,0,5,2,-1,0,2.8
2025,2,Elic Ayomanor,TEN,LAR,WR,0,0,0,0,0,0,0,0,6,4,56,1,15.6
2025,2,Gunnar Helm,TEN,LAR,TE,0,0,0,0,0,0,0,0,2,2,9,0,2.9
2025,2,Tony Pollard,TEN,LAR,RB,0,0,0,0,0,20,92,0,1,0,0,0,9.2
2025,2,Tyler Lockett,TEN,LAR,WR,0,0,0,0,0,0,0,0,3,2,9,0,2.9
2025,2,Van Jefferson,TEN,LAR,WR,0,0,0,0,0,0,0,0,2,2,10,0,3.0
2025,2,Austin Ekeler,WAS,GNB,RB,0,0,0,0,0,8,17,0,4,2,7,0,4.4
2025,2,Ben Sinnott,WAS,GNB,TE,0,0,0,0,0,0,0,0,1,1,7,0,1.7
2025,2,Deebo Samuel Sr.,WAS,GNB,WR,0,0,0,0,0,0,0,0,8,7,44,1,17.4
2025,2,Jacory Croskey-Merritt,WAS,GNB,RB,0,0,0,0,0,4,17,0,1,0,0,0,1.7
2025,2,Jayden Daniels,WAS,GNB,QB,42,24,200,2,0,7,17,0,0,0,0,0,19.7
2025,2,Jaylin Lane,WAS,GNB,WR,0,0,0,0,0,0,0,0,4,1,2,0,1.2
2025,2,Luke McCaffrey,WAS,GNB,WR,0,0,0,0,0,0,0,0,1,1,19,0,4.9
2025,2,Noah Brown,WAS,GNB,WR,0,0,0,0,0,0,0,0,4,1,9,0,1.9
2025,2,Terry McLaurin,WAS,GNB,WR,0,0,0,0,0,0,0,0,9,5,48,0,9.8
2025,2,Zach Ertz,WAS,GNB,TE,0,0,0,0,0,0,0,0,8,6,64,1,18.4
2025,3,Elijah Higgins,ARI,SFO,TE,0,0,0,0,0,0,0,0,1,1,7,0,1.7
2025,3,Emari Demercado,ARI,SFO,RB,0,0,0,0,0,2,0,0,1,0,0,0,0.0
2025,3,Greg Dortch,ARI,SFO,WR,0,0,0,0,0,1,5,0,2,2,3,0,2.8
2025,3,James Conner,ARI,SFO,RB,0,0,0,0,0,9,22,0,4,3,15,0,6.7
2025,3,Kyler Murray,ARI,SFO,QB,35,22,159,1,0,6,37,0,0,0,0,0,14.06
2025,3,Marvin Harrison Jr.,ARI,SFO,WR,0,0,0,0,0,0,0,0,6,3,44,0,7.4
2025,3,Michael Wilson,ARI,SFO,WR,0,0,0,0,0,0,0,0,2,1,5,0,1.5
2025,3,Tip Reiman,ARI,SFO,TE,0,0,0,0,0,0,0,0,3,2,8,0,2.8
2025,3,Trey Benson,ARI,SFO,RB,0,0,0,0,0,10,42,0,4,3,9,0,8.1
2025,3,Trey McBride,ARI,SFO,TE,0,0,0,0,0,0,0,0,8,5,43,1,15.3
2025,3,Zay Jones,ARI,SFO,WR,0,0,0,0,0,0,0,0,3,2,25,0,4.5
2025,3,Bijan Robinson,ATL,CAR,RB,0,0,0,0,0,13,72,0,6,5,39,0,16.1
2025,3,Charlie Woerner,ATL,CAR,TE,0,0,0,0,0,0,0,0,1,1,-5,0,0.5
2025,3,Darnell Mooney,ATL,CAR,WR,0,0,0,0,0,0,0,0,11,4,44,0,8.4
2025,3,David Sills,ATL,CAR,WR,0,0,0,0,0,0,0,0,2,1,9,0,1.9
2025,3,Drake London,ATL,CAR,WR,0,0,0,0,0,0,0,0,8,5,55,0,10.5
2025,3,Kirk Cousins,ATL,CAR,QB,7,5,29,0,0,0,0,0,0,0,0,0,1.16
2025,3,Kyle Pitts,ATL,CAR,TE,0,0,0,0,0,0,0,0,6,4,39,0,7.9
2025,3,Michael Penix Jr.,ATL,CAR,QB,36,18,172,0,2,2,9,0,0,0,0,0,3.78
2025,3,Nate Carter,ATL,CAR,RB,0,0,0,0,0,7,46,0,0,0,0,0,2.6
2025,3,Ray-Ray McCloud,ATL,CAR,WR,0,0,0,0,0,0,0,0,5,2,20,0,4.0
2025,3,Tyler Allgeier,ATL,CAR,RB,0,0,0,0,0,1,4,0,2,1,0,0,1.4
2025,3,Charlie Kolar,BAL,DET,TE,0,0,0,0,0,0,0,0,3,2,22,0,4.2
2025,3,DeAndre Hopkins,BAL,DET,WR,0,0,0,0,0,0,0,0,2,1,13,0,2.3
2025,3,Derrick Henry,BAL,DET,RB,1,0,0,0,0,12,50,1,1,1,7,0,10.7
2025,3,Devontez Walker,BAL,DET,WR,0,0,0,0,0,0,0,0,1,1,34,0,4.4
2025,3,Justice Hill,BAL,DET,RB,0,0,0,0,0,0,0,0,4,3,45,0,7.5
2025,3,Lamar Jackson,BAL,DET,QB,27,21,288,3,0,7,35,0,0,0,0,0,27.02
2025,3,Mark Andrews,BAL,DET,TE,0,0,0,0,0,0,0,0,6,6,91,2,27.1
2025,3,Rashod Bateman,BAL,DET,WR,0,0,0,0,0,0,0,0,7,5,63,1,17.3
2025,3,Tylan Wallace,BAL,DET,WR,0,0,0,0,0,0,0,0,1,0,0,0,0.0
2025,3,Zay Flowers,BAL,DET,WR,0,0,0,0,0,0,0,0,3,2,13,0,3.3
2025,3,Dalton Kincaid,BUF,MIA,TE,0,0,0,0,0,0,0,0,6,5,66,1,17.6
2025,3,Elijah Moore,BUF,MIA,WR,0,0,0,0,0,1,11,0,3,2,30,0,6.1
2025,3,Jackson Hawes,BUF,MIA,TE,0,0,0,0,0,0,0,0,1,1,5,1,7.5
2025,3,James Cook,BUF,MIA,RB,0,0,0,0,0,19,108,1,3,3,10,0,20.8
2025,3,Josh Allen,BUF,MIA,QB,28,22,213,3,0,4,25,0,0,0,0,0,23.02
2025,3,Josh Palmer,BUF,MIA,WR,0,0,0,0,0,0,0,0,1,1,5,0,1.5
2025,3,Keon Coleman,BUF,MIA,WR,0,0,0,0,0,0,0,0,4,3,20,0,5.0
2025,3,Khalil Shakir,BUF,MIA,WR,0,0,0,0,0,0,0,0,4,4,45,1,14.5
2025,3,Ray Davis,BUF,MIA,RB,0,0,0,0,0,0,0,0,1,0,0,0,0.0
2025,3,Ty Johnson,BUF,MIA,RB,0,0,0,0,0,3,13,0,2,1,8,0,3.1
2025,3,Tyrell Shavers,BUF,MIA,WR,0,0,0,0,0,0,0,0,2,2,24,0,4.4
2025,3,Andy Dalton,CAR,ATL,QB,0,0,0,0,0,1,-1,0,0,0,0,0,-0.1
2025,3,Bryce Young,CAR,ATL,QB,24,16,121,0,0,2,8,1,0,0,0,0,11.64
2025,3,Brycen Tremayne,CAR,ATL,WR,0,0,0,0,0,0,0,0,2,2,15,0,3.5
2025,3,Chuba Hubbard,CAR,ATL,RB,0,0,0,0,0,17,73,0,3,2,3,0,9.6
2025,3,David Moore,CAR,ATL,WR,0,0,0,0,0,0,0,0,1,1,5,0,1.5
2025,3,Hunter Renfrow,CAR,ATL,WR,0,0,0,0,0,0,0,0,4,2,6,0,2.6
2025,3,Ja'Tavion Sanders,CAR,ATL,TE,0,0,0,0,0,0,0,0,2,2,11,0,3.1
2025,3,Mitchell Evans,CAR,ATL,TE,0,0,0,0,0,0,0,0,1,1,9,0,1.9
2025,3,Rico Dowdle,CAR,ATL,RB,0,0,0,0,0,10,30,1,1,1,8,0,10.8
2025,3,Tetairoa McMillan,CAR,ATL,WR,0,0,0,0,0,0,0,0,8,3,48,0,7.8
2025,3,Tommy Tremble,CAR,ATL,TE,0,0,0,0,0,0,0,0,2,2,16,0,3.6
2025,3,Caleb Williams,CHI,DAL,QB,28,19,298,4,0,5,12,0,0,0,0,0,29.12
2025,3,Cole Kmet,CHI,DAL,TE,0,0,0,0,0,0,0,0,1,1,10,1,8.0
2025,3,Colston Loveland,CHI,DAL,TE,0,0,0,0,0,0,0,0,3,1,31,0,4.1
2025,3,D'Andre Swift,CHI,DAL,RB,0,0,0,0,0,13,33,0,4,3,45,0,10.8
2025,3,DJ Moore,CHI,DAL,WR,0,0,0,0,0,3,7,0,5,4,21,1,12.8
2025,3,Kyle Monangai,CHI,DAL,RB,0,0,0,0,0,6,16,0,1,1,4,0,3.0
2025,3,Luther Burden III,CHI,DAL,WR,0,0,0,0,0,1,7,0,3,3,101,1,19.8
2025,3,Olamide Zaccheaus,CHI,DAL,WR,0,0,0,0,0,1,12,0,4,3,24,0,6.6
2025,3,Rome Odunze,CHI,DAL,WR,0,0,0,0,0,0,0,0,7,3,62,1,15.2
2025,3,Cam Grandy,CIN,MIN,TE,0,0,0,0,0,0,0,0,1,1,6,0,1.6
2025,3,Chase Brown,CIN,MIN,RB,0,0,0,0,0,10,3,0,5,4,17,0,6.0
2025,3,Drew Sample,CIN,MIN,TE,0,0,0,0,0,0,0,0,3,2,20,1,10.0
2025,3,Ja'Marr Chase,CIN,MIN,WR,0,0,0,0,0,1,9,0,6,5,50,0,8.9
2025,3,Jake Browning,CIN,MIN,QB,27,19,140,1,2,1,3,0,0,0,0,0,5.9
2025,3,Mike Gesicki,CIN,MIN,TE,0,0,0,0,0,0,0,0,3,1,6,0,1.6
2025,3,Mitchell Tinsley,CIN,MIN,WR,0,0,0,0,0,0,0,0,1,0,0,0,0.0
2025,3,Noah Fant,CIN,MIN,TE,0,0,0,0,0,0,0,0,5,5,26,0,5.6
2025,3,Samaje Perine,CIN,MIN,RB,0,0,0,0,0,4,21,0,0,0,0,0,0.1
2025,3,Tahj Brooks,CIN,MIN,RB,0,0,0,0,0,5,17,0,0,0,0,0,1.7
2025,3,Tee Higgins,CIN,MIN,WR,0,0,0,0,0,0,0,0,2,1,15,0,2.5
2025,3,Cedric Tillman,CLE,GNB,WR,0,0,0,0,0,0,0,0,3,3,26,0,5.6
2025,3,David Njoku,CLE,GNB,TE,0,0,0,0,0,0,0,0,7,5,40,0,9.0
2025,3,Dylan Sampson,CLE,GNB,RB,0,0,0,0,0,1,2,0,0,0,0,0,0.2
2025,3,Harold Fannin Jr.,CLE,GNB,TE,0,0,0,0,0,0,0,0,4,3,25,0,5.5
2025,3,Isaiah Bond,CLE,GNB,WR,0,0,0,0,0,0,0,0,4,2,16,0,3.6
2025,3,Jamari Thrash,CLE,GNB,WR,0,0,0,0,0,0,0,0,3,2,7,0,2.7
2025,3,Jerome Ford,CLE,GNB,RB,0,0,0,0,0,0,0,0,4,4,10,0,5.0
2025,3,Jerry Jeudy,CLE,GNB,WR,0,0,0,0,0,0,0,0,5,1,17,0,2.7
2025,3,Joe Flacco,CLE,GNB,QB,36,21,142,0,1,0,0,0,0,0,0,0,3.68
2025,3,Quinshon Judkins,CLE,GNB,RB,0,0,0,0,0,18,94,1,2,1,1,0,16.5
2025,3,Dak Prescott,DAL,CHI,QB,40,31,251,1,2,0,0,0,0,0,0,0,12.04
2025,3,George Pickens,DAL,CHI,WR,0,0,0,0,0,0,0,0,9,5,68,1,17.8
2025,3,Jake Ferguson,DAL,CHI,TE,0,0,0,0,0,0,0,0,14,13,82,0,21.2
2025,3,Jalen Tolbert,DAL,CHI,WR,0,0,0,0,0,0,0,0,6,3,24,0,7.4
2025,3,Javonte Williams,DAL,CHI,RB,0,0,0,0,0,10,76,0,5,5,16,0,12.2
2025,3,Joe Milton III,DAL,CHI,QB,5,3,41,0,1,0,0,0,0,0,0,0,-0.36
2025,3,KaVontae Turpin,DAL,CHI,WR,0,0,0,0,0,1,4,0,3,2,64,0,8.8
2025,3,Luke Schoonmaker,DAL,CHI,TE,0,0,0,0,0,0,0,0,1,1,5,0,1.5
2025,3,Miles Sanders,DAL,CHI,RB,0,0,0,0,0,9,41,0,3,3,12,0,8.3
2025,3,Ryan Flournoy,DAL,CHI,WR,0,0,0,0,0,0,0,0,3,2,21,0,4.1
2025,3,Bo Nix,DEN,LAC,QB,25,14,153,1,0,8,33,0,0,0,0,0,13.42
2025,3,Courtland Sutton,DEN,LAC,WR,0,0,0,0,0,0,0,0,8,6,118,1,23.8
2025,3,J.K. Dobbins,DEN,LAC,RB,0,0,0,0,0,11,83,1,2,1,0,0,15.3
2025,3,Lucas Krull,DEN,LAC,TE,0,0,0,0,0,0,0,0,2,1,9,0,1.9
2025,3,Marvin Mims Jr.,DEN,LAC,WR,0,0,0,0,0,0,0,0,4,1,4,0,1.4
2025,3,RJ Harvey,DEN,LAC,RB,0,0,0,0,0,2,2,0,3,3,14,0,4.6
2025,3,Troy Franklin,DEN,LAC,WR,0,0,0,0,0,0,0,0,4,2,8,0,2.8
2025,3,Amon-Ra St. Brown,DET,BAL,WR,0,0,0,0,0,0,0,0,8,7,77,1,20.7
2025,3,David Montgomery,DET,BAL,RB,0,0,0,0,0,12,151,2,1,1,13,0,29.4
2025,3,Isaac TeSlaa,DET,BAL,WR,0,0,0,0,0,0,0,0,2,0,0,0,0.0
2025,3,Jahmyr Gibbs,DET,BAL,RB,0,0,0,0,0,22,67,2,6,5,32,0,26.9
2025,3,Jameson Williams,DET,BAL,WR,0,0,0,0,0,0,0,0,3,2,43,0,6.3
2025,3,Jared Goff,DET,BAL,QB,28,20,202,1,0,4,6,0,0,0,0,0,12.68
2025,3,Kalif Raymond,DET,BAL,WR,0,0,0,0,0,0,0,0,2,1,4,0,1.4
2025,3,Sam LaPorta,DET,BAL,TE,0,0,0,0,0,0,0,0,4,4,33,0,7.3
2025,3,Dontayvion Wicks,GNB,CLE,WR,0,0,0,0,0,0,0,0,4,2,21,0,4.1
2025,3,Emanuel Wilson,GNB,CLE,RB,0,0,0,0,0,6,25,0,0,0,0,0,2.5
2025,3,John FitzPatrick,GNB,CLE,TE,0,0,0,0,0,0,0,0,2,2,12,1,9.2
2025,3,Jordan Love,GNB,CLE,QB,25,18,183,1,1,4,18,0,0,0,0,0,11.12
2025,3,Josh Jacobs,GNB,CLE,RB,0,0,0,0,0,16,30,0,9,5,44,0,12.4
2025,3,Matthew Golden,GNB,CLE,WR,0,0,0,0,0,3,9,0,4,4,52,0,10.1
2025,3,Romeo Doubs,GNB,CLE,WR,0,0,0,0,0,0,0,0,2,2,25,0,4.5
2025,3,Savion Williams,GNB,CLE,WR,0,0,0,0,0,2,-1,0,0,0,0,0,-0.1
2025,3,Tucker Kraft,GNB,CLE,TE,0,0,0,0,0,0,0,0,4,3,29,0,5.9
2025,3,C.J. Stroud,HOU,JAX,QB,38,25,204,1,2,4,22,0,0,0,0,0,10.36
2025,3,Christian Kirk,HOU,JAX,WR,0,0,0,0,0,0,0,0,8,3,25,0,5.5
2025,3,Dalton Schultz,HOU,JAX,TE,0,0,0,0,0,0,0,0,6,5,39,0,8.9
2025,3,Jayden Higgins,HOU,JAX,WR,0,0,0,0,0,0,0,0,1,1,5,0,1.5
2025,3,Jaylin Noel,HOU,JAX,WR,0,0,0,0,0,0,0,0,1,1,4,0,1.4
2025,3,Nick Chubb,HOU,JAX,RB,0,0,0,0,0,9,38,0,4,3,2,0,7.0
2025,3,Nico Collins,HOU,JAX,WR,0,0,0,0,0,0,0,0,11,8,104,1,22.4
2025,3,Woody Marks,HOU,JAX,RB,0,0,0,0,0,6,27,0,2,1,9,0,4.6
2025,3,Xavier Hutchinson,HOU,JAX,WR,0,0,0,0,0,0,0,0,3,3,16,0,4.6
2025,3,Adonai Mitchell,IND,TEN,WR,0,0,0,0,0,0,0,0,2,0,0,0,0.0
2025,3,Alec Pierce,IND,TEN,WR,0,0,0,0,0,0,0,0,5,4,67,0,10.7
2025,3,Anthony Richardson,IND,TEN,QB,0,0,0,0,0,4,-1,0,0,0,0,0,-0.1
2025,3,DJ Giddens,IND,TEN,RB,0,0,0,0,0,1,3,0,0,0,0,0,0.3
2025,3,Daniel Jones,IND,TEN,QB,25,18,228,1,0,4,27,0,0,0,0,0,15.82
2025,3,Jonathan Taylor,IND,TEN,RB,0,0,0,0,0,17,102,3,4,3,16,0,32.8
2025,3,Josh Downs,IND,TEN,WR,0,0,0,0,0,0,0,0,3,2,34,0,5.4
2025,3,Michael Pittman,IND,TEN,WR,0,0,0,0,0,0,0,0,6,6,73,1,19.3
2025,3,Tyler Goodson,IND,TEN,RB,0,0,0,0,0,2,6,0,0,0,0,0,0.6
2025,3,Tyler Warren,IND,TEN,TE,0,0,0,0,0,0,0,0,5,3,38,0,6.8
2025,3,Bhayshul Tuten,JAX,HOU,RB,0,0,0,0,0,6,21,1,1,0,0,0,8.1
2025,3,Brenton Strange,JAX,HOU,TE,0,0,0,0,0,0,0,0,7,6,61,0,12.1
2025,3,Brian Thomas Jr.,JAX,HOU,WR,0,0,0,0,0,0,0,0,6,2,55,0,7.5
2025,3,Dyami Brown,JAX,HOU,WR,0,0,0,0,0,0,0,0,3,2,7,0,2.7
2025,3,Hunter Long,JAX,HOU,TE,0,0,0,0,0,0,0,0,3,2,12,0,3.2
2025,3,Johnny Mundt,JAX,HOU,TE,0,0,0,0,0,0,0,0,1,1,7,0,1.7
2025,3,LeQuint Allen Jr.,JAX,HOU,RB,0,0,0,0,0,0,0,0,1,1,9,0,1.9
2025,3,Parker Washington,JAX,HOU,WR,0,0,0,0,0,0,0,0,11,4,34,0,7.4
2025,3,Tim Patrick,JAX,HOU,WR,0,0,0,0,0,0,0,0,1,1,16,0,2.6
2025,3,Travis Etienne,JAX,HOU,RB,0,0,0,0,0,16,56,1,2,0,0,0,11.6
2025,3,Trevor Lawrence,JAX,HOU,QB,40,20,222,0,1,2,9,0,0,0,0,0,7.78
2025,3,Brashard Smith,KAN,NYG,RB,0,0,0,0,0,2,13,0,1,0,0,0,1.3
2025,3,Isiah Pacheco,KAN,NYG,RB,0,0,0,0,0,10,45,0,1,1,3,0,5.8
2025,3,JuJu Smith-Schuster,KAN,NYG,WR,0,0,0,0,0,0,0,0,4,4,55,0,9.5
2025,3,Kareem Hunt,KAN,NYG,RB,0,0,0,0,0,10,34,1,1,1,10,0,11.4
2025,3,Marquise Brown,KAN,NYG,WR,0,0,0,0,0,0,0,0,6,4,42,0,8.2
2025,3,Nikko Remigio,KAN,NYG,WR,0,0,0,0,0,1,11,0,0,0,0,0,1.1
2025,3,Noah Gray,KAN,NYG,TE,0,0,0,0,0,0,0,0,6,3,17,0,4.7
2025,3,Patrick Mahomes,KAN,NYG,QB,37,22,224,1,0,5,2,0,0,0,0,0,13.16
2025,3,Travis Kelce,KAN,NYG,TE,0,0,0,0,0,0,0,0,7,4,26,0,6.6
2025,3,Tyquan Thornton,KAN,NYG,WR,0,0,0,0,0,0,0,0,9,5,71,1,18.1
2025,3,Derius Davis,LAC,DEN,WR,0,0,0,0,0,1,2,0,0,0,0,0,0.2
2025,3,Justin Herbert,LAC,DEN,QB,47,28,300,1,1,2,6,0,0,0,0,0,14.6
2025,3,Keenan Allen,LAC,DEN,WR,0,0,0,0,0,0,0,0,11,7,65,1,19.5
2025,3,Ladd McConkey,LAC,DEN,WR,0,0,0,0,0,0,0,0,7,4,41,0,8.1
2025,3,Najee Harris,LAC,DEN,RB,0,0,0,0,0,6,28,0,0,0,0,0,2.8
2025,3,Omarion Hampton,LAC,DEN,RB,0,0,0,0,0,19,70,1,7,6,59,0,24.9
2025,3,Oronde Gadsden II,LAC,DEN,TE,0,0,0,0,0,0,0,0,7,5,46,0,9.6
2025,3,Quentin Johnston,LAC,DEN,WR,0,0,0,0,0,0,0,0,9,6,89,0,14.9
2025,3,Tre Harris,LAC,DEN,WR,0,0,0,0,0,0,0,0,1,0,0,0,0.0
2025,3,Tucker Fisk,LAC,DEN,TE,0,0,0,0,0,0,0,0,1,0,0,0,0.0
2025,3,Tyler Conklin,LAC,DEN,TE,0,0,0,0,0,0,0,0,2,0,0,0,0.0
2025,3,Blake Corum,LAR,PHI,RB,0,0,0,0,0,8,53,0,0,0,0,0,5.3
2025,3,Davante Adams,LAR,PHI,WR,0,0,0,0,0,0,0,0,8,3,56,1,14.6
2025,3,Davis Allen,LAR,PHI,TE,0,0,0,0,0,0,0,0,1,1,3,0,1.3
2025,3,Jordan Whittington,LAR,PHI,WR,0,0,0,0,0,2,7,0,3,2,7,0,3.4
2025,3,Kyren Williams,LAR,PHI,RB,0,0,0,0,0,20,94,0,3,2,18,1,19.2
2025,3,Matthew Stafford,LAR,PHI,QB,33,19,196,2,1,0,0,0,0,0,0,0,13.84
2025,3,Puka Nacua,LAR,PHI,WR,0,0,0,0,0,1,6,0,15,11,112,0,22.8
2025,3,Tutu Atwell,LAR,PHI,WR,0,0,0,0,0,0,0,0,1,0,0,0,0.0
2025,3,Tyler Higbee,LAR,PHI,TE,0,0,0,0,0,0,0,0,2,0,0,0,0.0
2025,3,Ashton Jeanty,LVR,WAS,RB,0,0,0,0,0,17,63,0,0,0,0,0,6.3
2025,3,Brock Bowers,LVR,WAS,TE,0,0,0,0,0,0,0,0,5,4,38,0,9.8
2025,3,Dont'e Thornton Jr.,LVR,WAS,WR,0,0,0,0,0,0,0,0,4,2,29,0,4.9
2025,3,Dylan Laube,LVR,WAS,RB,0,0,0,0,0,3,2,0,1,0,0,0,0.2
2025,3,Geno Smith,LVR,WAS,QB,29,19,289,3,0,2,5,0,0,0,0,0,26.06
2025,3,Jack Bech,LVR,WAS,WR,0,0,0,0,0,0,0,0,1,1,10,0,2.0
2025,3,Jakobi Meyers,LVR,WAS,WR,0,0,0,0,0,0,0,0,4,3,63,0,9.3
2025,3,Michael Mayer,LVR,WAS,TE,0,0,0,0,0,0,0,0,1,0,0,0,0.0
2025,3,Tre Tucker,LVR,WAS,WR,0,0,0,0,0,1,4,0,9,8,145,3,40.9
2025,3,Zamir White,LVR,WAS,RB,0,0,0,0,0,5,19,0,2,1,4,0,3.3
2025,3,De'Von Achane,MIA,BUF,RB,0,0,0,0,0,12,62,0,9,7,29,0,16.1
2025,3,Jaylen Waddle,MIA,BUF,WR,0,0,0,0,0,0,0,0,6,5,39,1,14.9
2025,3,Julian Hill,MIA,BUF,TE,0,0,0,0,0,0,0,0,1,1,4,0,1.4
2025,3,Malik Washington,MIA,BUF,WR,0,0,0,0,0,2,20,0,5,3,12,0,6.2
2025,3,Ollie Gordon II,MIA,BUF,RB,0,0,0,0,0,9,38,1,0,0,0,0,9.8
2025,3,Tanner Conner,MIA,BUF,TE,0,0,0,0,0,0,0,0,2,1,13,0,2.3
2025,3,Tua Tagovailoa,MIA,BUF,QB,34,22,146,2,1,2,10,0,0,0,0,0,12.84
2025,3,Tyreek Hill,MIA,BUF,WR,0,0,0,0,0,0,0,0,10,5,49,1,15.9
2025,3,Adam Thielen,MIN,CIN,WR,0,0,0,0,0,0,0,0,2,0,0,0,0.0
2025,3,Cam Akers,MIN,CIN,RB,0,0,0,0,0,5,19,0,1,0,0,0,1.9
2025,3,Carson Wentz,MIN,CIN,QB,20,14,173,2,0,2,4,0,0,0,0,0,15.32
2025,3,Jalen Nailor,MIN,CIN,WR,0,0,0,0,0,0,0,0,5,3,37,0,6.7
2025,3,Jordan Mason,MIN,CIN,RB,0,0,0,0,0,16,116,2,0,0,0,0,23.6
2025,3,Josh Oliver,MIN,CIN,TE,0,0,0,0,0,0,0,0,1,1,12,1,8.2
2025,3,Justin Jefferson,MIN,CIN,WR,0,0,0,0,0,0,0,0,7,5,75,0,12.5
2025,3,Max Brosmer,MIN,CIN,QB,4,2,29,0,0,0,0,0,0,0,0,0,1.16
2025,3,T.J. Hockenson,MIN,CIN,TE,0,0,0,0,0,0,0,0,6,5,49,1,15.9
2025,3,Tai Felton,MIN,CIN,WR,0,0,0,0,0,0,0,0,1,1,9,0,1.9
2025,3,Zavier Scott,MIN,CIN,RB,0,0,0,0,0,8,30,0,1,1,20,0,6.0
2025,3,Alvin Kamara,NOR,SEA,RB,0,0,0,0,0,18,42,0,2,1,14,0,6.6
2025,3,Brandin Cooks,NOR,SEA,WR,0,0,0,0,0,0,0,0,5,3,24,0,5.4
2025,3,Chris Olave,NOR,SEA,WR,0,0,0,0,0,0,0,0,14,10,57,0,15.7
2025,3,Jack Stoll,NOR,SEA,TE,0,0,0,0,0,0,0,0,3,2,21,1,10.1
2025,3,Juwan Johnson,NOR,SEA,TE,0,0,0,0,0,0,0,0,8,6,51,0,11.1
2025,3,Kendre Miller,NOR,SEA,RB,0,0,0,0,0,7,27,0,2,2,9,0,5.6
2025,3,Kevin Austin Jr.,NOR,SEA,WR,0,0,0,0,0,0,0,0,1,0,0,0,0.0
2025,3,Rashid Shaheed,NOR,SEA,WR,0,0,0,0,0,0,0,0,6,4,42,0,8.2
2025,3,Spencer Rattler,NOR,SEA,QB,39,28,218,1,1,2,10,0,0,0,0,0,11.72
2025,3,Antonio Gibson,NWE,PIT,RB,0,0,0,0,0,7,28,0,0,0,0,0,0.8
2025,3,Austin Hooper,NWE,PIT,TE,0,0,0,0,0,0,0,0,3,2,28,0,4.8
2025,3,DeMario Douglas,NWE,PIT,WR,0,0,0,0,0,0,0,0,5,2,7,0,2.7
2025,3,Drake Maye,NWE,PIT,QB,37,28,268,2,1,7,45,0,0,0,0,0,19.22
2025,3,Hunter Henry,NWE,PIT,TE,0,0,0,0,0,0,0,0,11,8,90,2,29.0
2025,3,Kayshon Boutte,NWE,PIT,WR,0,0,0,0,0,0,0,0,3,2,28,0,4.8
2025,3,Kyle Williams,NWE,PIT,WR,0,0,0,0,0,0,0,0,1,1,8,0,1.8
2025,3,Mack Hollins,NWE,PIT,WR,0,0,0,0,0,0,0,0,4,4,27,0,6.7
2025,3,Rhamondre Stevenson,NWE,PIT,RB,0,0,0,0,0,4,18,0,3,3,38,0,4.6
2025,3,Stefon Diggs,NWE,PIT,WR,0,0,0,0,0,0,0,0,3,3,23,0,5.3
2025,3,TreVeyon Henderson,NWE,PIT,RB,0,0,0,0,0,11,28,0,3,3,19,0,7.7
2025,3,Cam Skattebo,NYG,KAN,RB,0,0,0,0,0,10,60,1,8,6,61,0,24.1
2025,3,Chris Manhertz,NYG,KAN,TE,0,0,0,0,0,0,0,0,1,1,7,0,1.7
2025,3,Daniel Bellinger,NYG,KAN,TE,0,0,0,0,0,0,0,0,1,1,6,0,1.6
2025,3,Darius Slayton,NYG,KAN,WR,0,0,0,0,0,0,0,0,4,4,30,0,7.0
2025,3,Devin Singletary,NYG,KAN,RB,0,0,0,0,0,4,11,0,0,0,0,0,1.1
2025,3,Jaxson Dart,NYG,KAN,QB,0,0,0,0,0,1,3,0,0,0,0,0,0.3
2025,3,Malik Nabers,NYG,KAN,WR,0,0,0,0,0,0,0,0,7,2,13,0,3.3
2025,3,Russell Wilson,NYG,KAN,QB,32,18,160,0,2,5,27,0,0,0,0,0,5.1
2025,3,Theo Johnson,NYG,KAN,TE,0,0,0,0,0,0,0,0,2,1,10,0,2.0
2025,3,Tyrone Tracy Jr.,NYG,KAN,RB,0,0,0,0,0,7,29,0,3,2,7,0,5.6
2025,3,Wan'Dale Robinson,NYG,KAN,WR,0,0,0,0,0,0,0,0,4,1,26,0,3.6
2025,3,Allen Lazard,NYJ,TAM,WR,0,0,0,0,0,0,0,0,3,2,13,1,9.3
2025,3,Arian Smith,NYJ,TAM,WR,0,0,0,0,0,0,0,0,2,2,2,0,2.2
2025,3,Braelon Allen,NYJ,TAM,RB,0,0,0,0,0,6,30,0,2,2,17,0,6.7
2025,3,Breece Hall,NYJ,TAM,RB,0,0,0,0,0,9,21,0,6,4,31,0,9.2
2025,3,Garrett Wilson,NYJ,TAM,WR,0,0,0,0,0,0,0,0,13,10,84,1,24.4
2025,3,Mason Taylor,NYJ,TAM,TE,0,0,0,0,0,0,0,0,6,4,18,0,5.8
2025,3,Tyler Johnson,NYJ,TAM,WR,0,0,0,0,0,0,0,0,3,2,32,0,5.2
2025,3,Tyrod Taylor,NYJ,TAM,QB,36,26,197,2,1,8,48,0,0,0,0,0,16.68
2025,3,A.J. Brown,PHI,LAR,WR,0,0,0,0,0,0,0,0,10,6,109,1,22.9
2025,3,Dallas Goedert,PHI,LAR,TE,0,0,0,0,0,0,0,0,2,1,33,1,10.3
2025,3,DeVonta Smith,PHI,LAR,WR,0,0,0,0,0,0,0,0,9,8,60,1,20.0
2025,3,Jahan Dotson,PHI,LAR,WR,0,0,0,0,0,0,0,0,3,1,7,0,1.7
2025,3,Jalen Hurts,PHI,LAR,QB,32,21,226,3,0,9,40,1,0,0,0,0,29.04
2025,3,John Metchie III,PHI,LAR,WR,0,0,0,0,0,0,0,0,1,1,8,0,1.8
2025,3,Saquon Barkley,PHI,LAR,RB,0,0,0,0,0,18,46,0,5,4,9,0,9.5
2025,3,Aaron Rodgers,PIT,NWE,QB,23,16,139,2,1,4,1,0,0,0,0,0,11.66
2025,3,Calvin Austin III,PIT,NWE,WR,0,0,0,0,0,0,0,0,5,3,34,1,12.4
2025,3,DK Metcalf,PIT,NWE,WR,0,0,0,0,0,0,0,0,4,3,32,1,12.2
2025,3,Jaylen Warren,PIT,NWE,RB,0,0,0,0,0,18,47,0,6,5,34,0,13.1
2025,3,Jonnu Smith,PIT,NWE,TE,0,0,0,0,0,0,0,0,3,3,23,0,5.3
2025,3,Kenny Gainwell,PIT,NWE,RB,0,0,0,0,0,4,16,1,1,1,10,0,9.6
2025,3,Pat Freiermuth,PIT,NWE,TE,0,0,0,0,0,0,0,0,3,1,6,0,1.6
2025,3,AJ Barner,SEA,NOR,TE,0,0,0,0,0,0,0,0,1,1,23,0,3.3
2025,3,Cooper Kupp,SEA,NOR,WR,0,0,0,0,0,0,0,0,3,2,31,0,5.1
2025,3,Dareke Young,SEA,NOR,WR,0,0,0,0,0,0,0,0,1,1,12,0,2.2
2025,3,Drew Lock,SEA,NOR,QB,3,2,15,0,0,1,-1,0,0,0,0,0,0.5
2025,3,Elijah Arroyo,SEA,NOR,TE,0,0,0,0,0,0,0,0,1,0,0,0,0.0
2025,3,Eric Saubert,SEA,NOR,TE,0,0,0,0,0,0,0,0,1,1,12,0,2.2
2025,3,George Holani,SEA,NOR,RB,0,0,0,0,0,10,27,0,2,2,15,0,4.2
2025,3,Jacardia Wright,SEA,NOR,RB,0,0,0,0,0,5,20,0,0,0,0,0,2.0
2025,3,Jalen Milroe,SEA,NOR,QB,0,0,0,0,0,1,3,0,0,0,0,0,0.3
2025,3,Jaxon Smith-Njigba,SEA,NOR,WR,0,0,0,0,0,0,0,0,6,5,96,1,20.6
2025,3,Kenneth Walker III,SEA,NOR,RB,0,0,0,0,0,16,38,2,1,1,12,0,18.0
2025,3,Sam Darnold,SEA,NOR,QB,18,14,218,2,0,0,0,0,0,0,0,0,16.72
2025,3,Tory Horton,SEA,NOR,WR,0,0,0,0,0,0,0,0,4,3,32,1,18.2
2025,3,Brian Robinson,SFO,ARI,RB,0,0,0,0,0,2,22,0,0,0,0,0,2.2
2025,3,Christian McCaffrey,SFO,ARI,RB,0,0,0,0,0,17,52,0,15,10,88,0,24.0
2025,3,Jake Tonges,SFO,ARI,TE,0,0,0,0,0,0,0,0,3,2,21,0,4.1
2025,3,Kendrick Bourne,SFO,ARI,WR,0,0,0,0,0,0,0,0,6,4,38,0,7.8
2025,3,Kyle Juszczyk,SFO,ARI,RB,0,0,0,0,0,0,0,0,1,1,1,1,7.1
2025,3,Mac Jones,SFO,ARI,QB,41,27,284,1,1,1,-1,0,0,0,0,0,13.26
2025,3,Marquez Valdes-Scantling,SFO,ARI,WR,0,0,0,0,0,0,0,0,1,1,9,0,1.9
2025,3,Ricky Pearsall,SFO,ARI,WR,0,0,0,0,0,0,0,0,11,8,117,0,19.7
2025,3,Skyy Moore,SFO,ARI,WR,0,0,0,0,0,0,0,0,1,1,10,0,2.0
2025,3,Baker Mayfield,TAM,NYJ,QB,29,19,233,1,0,4,44,0,0,0,0,0,17.72
2025,3,Bucky Irving,TAM,NYJ,RB,0,0,0,0,0,25,66,0,4,4,33,0,13.9
2025,3,Emeka Egbuka,TAM,NYJ,WR,0,0,0,0,0,0,0,0,8,6,85,0,14.5
2025,3,Mike Evans,TAM,NYJ,WR,0,0,0,0,0,0,0,0,9,4,33,1,13.3
2025,3,Rachaad White,TAM,NYJ,RB,0,0,0,0,0,5,12,0,1,1,2,0,2.4
2025,3,Ryan Miller,TAM,NYJ,WR,0,0,0,0,0,0,0,0,1,0,0,0,0.0
2025,3,Sterling Shepard,TAM,NYJ,WR,0,0,0,0,0,0,0,0,5,4,80,0,12.0
2025,3,Tez Johnson,TAM,NYJ,WR,0,0,0,0,0,0,0,0,1,0,0,0,0.0
2025,3,Calvin Ridley,TEN,IND,WR,0,0,0,0,0,0,0,0,7,1,27,0,3.7
2025,3,Cam Ward,TEN,IND,QB,38,23,219,1,1,3,12,0,0,0,0,0,11.96
2025,3,Chig Okonkwo,TEN,IND,TE,0,0,0,0,0,0,0,0,6,5,66,0,11.6
2025,3,Chimere Dike,TEN,IND,WR,0,0,0,0,0,2,3,0,4,3,2,0,3.5
2025,3,Elic Ayomanor,TEN,IND,WR,0,0,0,0,0,0,0,0,5,4,38,1,13.8
2025,3,Gunnar Helm,TEN,IND,TE,0,0,0,0,0,0,0,0,3,3,27,0,5.7
2025,3,Julius Chestnut,TEN,IND,RB,0,0,0,0,0,2,26,0,0,0,0,0,2.6
2025,3,Tony Pollard,TEN,IND,RB,0,0,0,0,0,16,45,1,4,2,14,0,13.9
2025,3,Tyler Lockett,TEN,IND,WR,0,0,0,0,0,0,0,0,4,4,37,0,7.7
2025,3,Van Jefferson,TEN,IND,WR,0,0,0,0,0,0,0,0,1,1,8,0,1.8
2025,3,Chris Moore,WAS,LVR,WR,0,0,0,0,0,0,0,0,2,2,25,0,4.5
2025,3,Chris Rodriguez Jr.,WAS,LVR,RB,0,0,0,0,0,11,39,0,0,0,0,0,3.9
2025,3,Deebo Samuel Sr.,WAS,LVR,WR,0,0,0,0,0,3,18,0,3,2,11,0,4.9
2025,3,Jacory Croskey-Merritt,WAS,LVR,RB,0,0,0,0,0,8,26,1,1,1,5,0,10.1
2025,3,Jaylin Lane,WAS,LVR,WR,0,0,0,0,0,0,0,0,2,1,-2,0,6.8
2025,3,Jeremy McNichols,WAS,LVR,RB,0,0,0,0,0,4,78,1,0,0,0,0,13.8
2025,3,Luke McCaffrey,WAS,LVR,WR,0,0,0,0,0,0,0,0,3,3,56,1,14.6
2025,3,Marcus Mariota,WAS,LVR,QB,21,15,207,1,0,6,40,1,0,0,0,0,20.28
2025,3,Terry McLaurin,WAS,LVR,WR,0,0,0,0,0,0,0,0,4,3,74,0,10.4
2025,3,Zach Ertz,WAS,LVR,TE,0,0,0,0,0,0,0,0,3,3,38,0,6.8
2025,4,Emari Demercado,ARI,SEA,RB,0,0,0,0,0,2,8,0,2,2,13,1,10.1
2025,4,Greg Dortch,ARI,SEA,WR,0,0,0,0,0,1,4,0,5,4,35,0,7.9
2025,4,Kyler Murray,ARI,SEA,QB,41,27,200,2,2,5,41,0,0,0,0,0,16.1
2025,4,Marvin Harrison Jr.,ARI,SEA,WR,0,0,0,0,0,0,0,0,10,6,66,1,18.6
2025,4,Michael Carter,ARI,SEA,RB,0,0,0,0,0,1,1,0,0,0,0,0,0.1
2025,4,Michael Wilson,ARI,SEA,WR,0,0,0,0,0,0,0,0,6,3,15,0,4.5
2025,4,Trey Benson,ARI,SEA,RB,0,0,0,0,0,8,35,0,5,5,19,0,10.4
2025,4,Trey McBride,ARI,SEA,TE,0,0,0,0,0,0,0,0,11,7,52,0,12.2
2025,4,Xavier Weaver,ARI,SEA,WR,0,0,0,0,0,0,0,0,1,0,0,0,0.0
2025,4,Bijan Robinson,ATL,WAS,RB,0,0,0,0,0,17,75,1,5,4,106,0,28.1
2025,4,Casey Washington,ATL,WAS,WR,0,0,0,0,0,0,0,0,3,1,19,0,2.9
2025,4,Darnell Mooney,ATL,WAS,WR,0,0,0,0,0,0,0,0,1,1,15,0,2.5
2025,4,Drake London,ATL,WAS,WR,0,0,0,0,0,0,0,0,10,8,110,1,25.0
2025,4,Kyle Pitts,ATL,WAS,TE,0,0,0,0,0,0,0,0,5,5,70,1,18.0
2025,4,Michael Penix Jr.,ATL,WAS,QB,26,20,313,2,1,4,2,0,0,0,0,0,18.72
2025,4,Ray-Ray McCloud,ATL,WAS,WR,0,0,0,0,0,0,0,0,2,1,-7,0,0.3
2025,4,Tyler Allgeier,ATL,WAS,RB,0,0,0,0,0,16,51,1,0,0,0,0,11.1
2025,4,Cooper Rush,BAL,KAN,QB,13,9,52,0,0,0,0,0,0,0,0,0,2.08
2025,4,DeAndre Hopkins,BAL,KAN,WR,0,0,0,0,0,0,0,0,1,0,0,0,0.0
2025,4,Derrick Henry,BAL,KAN,RB,0,0,0,0,0,8,42,0,3,2,16,0,7.8
2025,4,Justice Hill,BAL,KAN,RB,0,0,0,0,0,3,76,1,6,5,41,1,28.7
2025,4,Lamar Jackson,BAL,KAN,QB,20,14,147,1,1,6,48,0,0,0,0,0,10.68
2025,4,Mark Andrews,BAL,KAN,TE,0,0,0,0,0,0,0,0,8,7,30,0,10.0
2025,4,Rashod Bateman,BAL,KAN,WR,0,0,0,0,0,0,0,0,2,1,24,0,3.4
2025,4,Tylan Wallace,BAL,KAN,WR,0,0,0,0,0,0,0,0,2,1,14,0,2.4
2025,4,Zay Flowers,BAL,KAN,WR,0,0,0,0,0,0,0,0,8,7,74,0,14.4
2025,4,Curtis Samuel,BUF,NOR,WR,0,0,0,0,0,0,0,0,2,1,9,0,1.9
2025,4,Dalton Kincaid,BUF,NOR,TE,0,0,0,0,0,0,0,0,2,1,28,1,9.8
2025,4,Dawson Knox,BUF,NOR,TE,0,0,0,0,0,0,0,0,1,0,0,0,0.0
2025,4,Elijah Moore,BUF,NOR,WR,0,0,0,0,0,1,0,0,0,0,0,0,0.0
2025,4,Jackson Hawes,BUF,NOR,TE,0,0,0,0,0,0,0,0,1,1,15,0,2.5
2025,4,James Cook,BUF,NOR,RB,0,0,0,0,0,22,117,1,4,3,18,0,22.5
2025,4,Josh Allen,BUF,NOR,QB,22,16,209,2,1,7,45,1,0,0,0,0,24.86
2025,4,Josh Palmer,BUF,NOR,WR,0,0,0,0,0,0,0,0,3,2,25,0,4.5
2025,4,Keon Coleman,BUF,NOR,WR,0,0,0,0,0,0,0,0,4,3,45,0,7.5
2025,4,Khalil Shakir,BUF,NOR,WR,0,0,0,0,0,0,0,0,5,5,69,1,17.9
2025,4,Ray Davis,BUF,NOR,RB,0,0,0,0,0,1,3,0,0,0,0,0,0.3
2025,4,Ty Johnson,BUF,NOR,RB,0,0,0,0,0,1,0,0,0,0,0,0,0.0
2025,4,Andy Dalton,CAR,NWE,QB,6,5,58,1,0,0,0,0,0,0,0,0,6.32
2025,4,Bryce Young,CAR,NWE,QB,30,18,150,1,0,1,3,0,0,0,0,0,10.3
2025,4,Brycen Tremayne,CAR,NWE,WR,0,0,0,0,0,0,0,0,4,3,36,0,6.6
2025,4,Chuba Hubbard,CAR,NWE,RB,0,0,0,0,0,10,49,0,3,3,20,0,9.9
2025,4,David Moore,CAR,NWE,WR,0,0,0,0,0,1,12,0,0,0,0,0,1.2
2025,4,Hunter Renfrow,CAR,NWE,WR,0,0,0,0,0,0,0,0,2,2,10,0,3.0
2025,4,James Mitchell,CAR,NWE,TE,0,0,0,0,0,0,0,0,2,2,17,0,3.7
2025,4,Mitchell Evans,CAR,NWE,TE,0,0,0,0,0,0,0,0,4,3,23,1,11.3
2025,4,Rico Dowdle,CAR,NWE,RB,0,0,0,0,0,9,32,0,1,1,-2,0,4.0
2025,4,Tetairoa McMillan,CAR,NWE,WR,0,0,0,0,0,0,0,0,8,4,62,0,10.2
2025,4,Tommy Tremble,CAR,NWE,TE,0,0,0,0,0,0,0,0,8,5,42,1,15.2
2025,4,Trevor Etienne,CAR,NWE,RB,0,0,0,0,0,7,33,0,0,0,0,0,3.3
2025,4,Caleb Williams,CHI,LVR,QB,37,22,212,1,1,8,13,0,0,0,0,0,11.78
2025,4,Cole Kmet,CHI,LVR,TE,0,0,0,0,0,0,0,0,9,3,46,0,7.6
2025,4,D'Andre Swift,CHI,LVR,RB,0,0,0,0,0,14,38,1,6,4,22,0,16.0
2025,4,DJ Moore,CHI,LVR,WR,0,0,0,0,0,0,0,0,5,4,38,0,7.8
2025,4,Kyle Monangai,CHI,LVR,RB,0,0,0,0,0,4,18,0,0,0,0,0,1.8
2025,4,Luther Burden III,CHI,LVR,WR,0,0,0,0,0,0,0,0,2,2,-4,0,1.6
2025,4,Olamide Zaccheaus,CHI,LVR,WR,0,0,0,0,0,0,0,0,6,5,41,0,9.1
2025,4,Rome Odunze,CHI,LVR,WR,0,0,0,0,0,0,0,0,8,4,69,1,16.9
2025,4,Andrei Iosivas,CIN,DEN,WR,0,0,0,0,0,1,5,0,1,1,22,0,3.7
2025,4,Chase Brown,CIN,DEN,RB,0,0,0,0,0,10,40,0,3,3,31,0,10.1
2025,4,Ja'Marr Chase,CIN,DEN,WR,0,0,0,0,0,0,0,0,8,5,23,0,7.3
2025,4,Jake Browning,CIN,DEN,QB,25,14,125,0,0,3,4,0,0,0,0,0,5.4
2025,4,Mike Gesicki,CIN,DEN,TE,0,0,0,0,0,0,0,0,1,1,8,0,1.8
2025,4,Mitchell Tinsley,CIN,DEN,WR,0,0,0,0,0,0,0,0,2,1,9,0,1.9
2025,4,Samaje Perine,CIN,DEN,RB,0,0,0,0,0,1,4,0,1,0,0,0,0.4
2025,4,Tee Higgins,CIN,DEN,WR,0,0,0,0,0,0,0,0,6,3,32,0,6.2
2025,4,Blake Whiteheart,CLE,DET,TE,0,0,0,0,0,0,0,0,1,0,0,0,0.0
2025,4,Cedric Tillman,CLE,DET,WR,0,0,0,0,0,0,0,0,2,1,6,0,1.6
2025,4,David Njoku,CLE,DET,TE,0,0,0,0,0,0,0,0,3,2,11,0,3.1
2025,4,Dylan Sampson,CLE,DET,RB,0,0,0,0,0,1,-2,0,1,0,0,0,-0.2
2025,4,Harold Fannin Jr.,CLE,DET,TE,0,0,0,0,0,1,1,0,6,2,24,0,4.5
2025,4,Isaiah Bond,CLE,DET,WR,0,0,0,0,0,0,0,0,6,3,58,0,8.8
2025,4,Jerome Ford,CLE,DET,RB,0,0,0,0,0,1,-1,0,2,1,4,0,1.3
2025,4,Jerry Jeudy,CLE,DET,WR,0,0,0,0,0,0,0,0,9,3,48,0,7.8
2025,4,Joe Flacco,CLE,DET,QB,34,16,184,0,2,3,-1,0,0,0,0,0,1.26
2025,4,Quinshon Judkins,CLE,DET,RB,0,0,0,0,0,21,82,1,4,4,33,0,21.5
2025,4,Dak Prescott,DAL,GNB,QB,40,31,319,3,0,1,2,1,0,0,0,0,30.96
2025,4,George Pickens,DAL,GNB,WR,0,0,0,0,0,0,0,0,11,8,134,2,33.4
2025,4,Hunter Luepke,DAL,GNB,RB,0,0,0,0,0,1,6,0,1,0,0,0,0.6
2025,4,Jake Ferguson,DAL,GNB,TE,0,0,0,0,0,0,0,0,7,7,40,1,17.0
2025,4,Jalen Tolbert,DAL,GNB,WR,0,0,0,0,0,0,0,0,6,4,61,0,10.1
2025,4,Javonte Williams,DAL,GNB,RB,0,0,0,0,0,20,85,1,3,3,15,0,19.0
2025,4,KaVontae Turpin,DAL,GNB,WR,0,0,0,0,0,1,4,0,4,3,30,0,6.4
2025,4,Luke Schoonmaker,DAL,GNB,TE,0,0,0,0,0,0,0,0,2,2,8,0,2.8
2025,4,Miles Sanders,DAL,GNB,RB,0,0,0,0,0,2,8,0,2,2,17,0,4.5
2025,4,Ryan Flournoy,DAL,GNB,WR,0,0,0,0,0,1,12,0,2,2,14,0,4.6
2025,4,Adam Prentice,DEN,CIN,RB,0,0,0,0,0,1,4,0,0,0,0,0,0.4
2025,4,Adam Trautman,DEN,CIN,TE,0,0,0,0,0,0,0,0,3,2,32,0,5.2
2025,4,Bo Nix,DEN,CIN,QB,42,29,326,2,1,6,7,1,0,0,0,0,25.74
2025,4,Courtland Sutton,DEN,CIN,WR,0,0,0,0,0,0,0,0,6,5,81,1,19.1
2025,4,Evan Engram,DEN,CIN,TE,0,0,0,0,0,0,0,0,7,4,29,0,6.9
2025,4,J.K. Dobbins,DEN,CIN,RB,0,0,0,0,0,16,101,0,1,1,4,0,11.5
2025,4,Marvin Mims Jr.,DEN,CIN,WR,0,0,0,0,0,1,16,1,6,6,69,0,20.5
2025,4,Nate Adkins,DEN,CIN,TE,0,0,0,0,0,0,0,0,3,2,5,0,2.5
2025,4,Pat Bryant,DEN,CIN,WR,0,0,0,0,0,0,0,0,1,0,0,0,0.0
2025,4,RJ Harvey,DEN,CIN,RB,0,0,0,0,0,14,58,0,5,4,40,1,19.8
2025,4,Troy Franklin,DEN,CIN,WR,0,0,0,0,0,0,0,0,8,4,55,0,9.5
2025,4,Tyler Badie,DEN,CIN,RB,0,0,0,0,0,0,0,0,2,1,11,0,2.1
2025,4,Amon-Ra St. Brown,DET,CLE,WR,0,0,0,0,0,0,0,0,7,7,70,2,26.0
2025,4,David Montgomery,DET,CLE,RB,0,0,0,0,0,9,12,0,1,0,0,0,1.2
2025,4,Jacob Saylors,DET,CLE,RB,0,0,0,0,0,2,11,0,0,0,0,0,1.1
2025,4,Jahmyr Gibbs,DET,CLE,RB,0,0,0,0,0,15,91,1,2,2,6,0,17.7
2025,4,Jameson Williams,DET,CLE,WR,0,0,0,0,0,1,-3,0,8,2,40,0,5.7
2025,4,Jared Goff,DET,CLE,QB,27,16,168,2,1,0,0,0,0,0,0,0,12.72
2025,4,Kalif Raymond,DET,CLE,WR,0,0,0,0,0,0,0,0,3,2,13,0,9.3
2025,4,Kyle Allen,DET,CLE,QB,0,0,0,0,0,2,-2,0,0,0,0,0,-0.2
2025,4,Sam LaPorta,DET,CLE,TE,0,0,0,0,0,0,0,0,4,3,39,0,6.9
2025,4,Chris Brooks,GNB,DAL,RB,0,0,0,0,0,0,0,0,1,1,1,0,1.1
2025,4,Dontayvion Wicks,GNB,DAL,WR,0,0,0,0,0,0,0,0,4,2,19,0,3.9
2025,4,Emanuel Wilson,GNB,DAL,RB,0,0,0,0,0,8,44,0,3,3,37,0,11.1
2025,4,Jordan Love,GNB,DAL,QB,43,31,337,3,0,3,28,0,0,0,0,0,26.28
2025,4,Josh Jacobs,GNB,DAL,RB,0,0,0,0,0,22,86,2,4,4,71,0,31.7
2025,4,Luke Musgrave,GNB,DAL,TE,0,0,0,0,0,0,0,0,1,1,6,0,1.6
2025,4,Malik Heath,GNB,DAL,WR,0,0,0,0,0,0,0,0,1,1,9,0,1.9
2025,4,Matthew Golden,GNB,DAL,WR,0,0,0,0,0,1,5,0,6,5,58,0,11.3
2025,4,Romeo Doubs,GNB,DAL,WR,0,0,0,0,0,0,0,0,8,6,58,3,29.8
2025,4,Savion Williams,GNB,DAL,WR,0,0,0,0,0,1,1,0,3,3,22,0,5.3
2025,4,Tucker Kraft,GNB,DAL,TE,0,0,0,0,0,0,0,0,5,5,56,0,10.6
2025,4,C.J. Stroud,HOU,TEN,QB,28,22,233,2,0,4,11,0,0,0,0,0,18.42
2025,4,Christian Kirk,HOU,TEN,WR,0,0,0,0,0,0,0,0,4,3,20,0,5.0
2025,4,Dalton Schultz,HOU,TEN,TE,0,0,0,0,0,0,0,0,6,5,30,0,8.0
2025,4,Jayden Higgins,HOU,TEN,WR,0,0,0,0,0,0,0,0,1,1,24,1,9.4
2025,4,Jaylin Noel,HOU,TEN,WR,0,0,0,0,0,1,2,0,1,1,-2,0,1.0
2025,4,Nick Chubb,HOU,TEN,RB,0,0,0,0,0,13,47,0,2,2,15,0,8.2
2025,4,Nico Collins,HOU,TEN,WR,0,0,0,0,0,0,0,0,6,4,79,0,11.9
2025,4,Woody Marks,HOU,TEN,RB,0,0,0,0,0,17,69,1,5,4,50,1,27.9
2025,4,Xavier Hutchinson,HOU,TEN,WR,0,0,0,0,0,0,0,0,3,2,17,0,3.7
2025,4,Adonai Mitchell,IND,LAR,WR,0,0,0,0,0,0,0,0,4,3,96,0,10.6
2025,4,Ashton Dulin,IND,LAR,WR,0,0,0,0,0,1,7,0,1,1,11,0,2.8
2025,4,Daniel Jones,IND,LAR,QB,33,24,262,1,2,1,-1,0,0,0,0,0,10.38
2025,4,Jonathan Taylor,IND,LAR,RB,0,0,0,0,0,17,76,0,5,5,20,0,14.6
2025,4,Josh Downs,IND,LAR,WR,0,0,0,0,0,0,0,0,5,4,24,0,6.4
2025,4,Michael Pittman,IND,LAR,WR,0,0,0,0,0,0,0,0,10,5,41,1,15.1
2025,4,Tyler Goodson,IND,LAR,RB,0,0,0,0,0,0,0,0,1,1,0,0,1.0
2025,4,Tyler Warren,IND,LAR,TE,0,0,0,0,0,2,3,1,6,5,70,0,18.3
2025,4,Bhayshul Tuten,JAX,SFO,RB,0,0,0,0,0,4,14,0,1,1,8,0,3.2
2025,4,Brenton Strange,JAX,SFO,TE,0,0,0,0,0,0,0,0,7,6,45,0,10.5
2025,4,Brian Thomas Jr.,JAX,SFO,WR,0,0,0,0,0,1,7,0,7,5,49,0,10.6
2025,4,Hunter Long,JAX,SFO,TE,0,0,0,0,0,0,0,0,3,3,23,1,11.3
2025,4,Johnny Mundt,JAX,SFO,TE,0,0,0,0,0,0,0,0,1,0,0,0,0.0
2025,4,LeQuint Allen Jr.,JAX,SFO,RB,0,0,0,0,0,0,0,0,1,1,7,0,1.7
2025,4,Parker Washington,JAX,SFO,WR,0,0,0,0,0,1,-1,0,2,0,0,0,5.9
2025,4,Tim Patrick,JAX,SFO,WR,0,0,0,0,0,0,0,0,1,1,-1,0,0.9
2025,4,Travis Etienne,JAX,SFO,RB,0,0,0,0,0,19,124,1,2,1,1,0,19.5
2025,4,Trevor Lawrence,JAX,SFO,QB,31,21,174,1,0,7,7,0,0,0,0,0,11.66
2025,4,Brashard Smith,KAN,BAL,RB,0,0,0,0,0,4,9,0,4,3,27,0,6.6
2025,4,Gardner Minshew,KAN,BAL,QB,0,0,0,0,0,2,-3,0,0,0,0,0,-0.3
2025,4,Isiah Pacheco,KAN,BAL,RB,0,0,0,0,0,7,35,0,3,2,13,1,12.8
2025,4,JuJu Smith-Schuster,KAN,BAL,WR,0,0,0,0,0,0,0,0,6,4,36,1,13.6
2025,4,Kareem Hunt,KAN,BAL,RB,0,0,0,0,0,13,34,0,1,1,13,0,5.7
2025,4,Marquise Brown,KAN,BAL,WR,0,0,0,0,0,0,0,0,5,3,38,1,12.8
2025,4,Noah Gray,KAN,BAL,TE,0,0,0,0,0,0,0,0,1,1,1,0,1.1
2025,4,Patrick Mahomes,KAN,BAL,QB,37,25,270,4,0,4,5,0,0,0,0,0,27.3
2025,4,Travis Kelce,KAN,BAL,TE,0,0,0,0,0,0,0,0,5,5,48,0,9.8
2025,4,Tyquan Thornton,KAN,BAL,WR,0,0,0,0,0,0,0,0,2,1,11,1,8.1
2025,4,Xavier Worthy,KAN,BAL,WR,0,0,0,0,0,2,38,0,8,5,83,0,17.1
2025,4,Justin Herbert,LAC,NYG,QB,41,23,203,1,2,1,24,0,0,0,0,0,12.52
2025,4,Keenan Allen,LAC,NYG,WR,0,0,0,0,0,0,0,0,7,5,37,0,8.7
2025,4,Ladd McConkey,LAC,NYG,WR,0,0,0,0,0,0,0,0,6,1,11,0,2.1
2025,4,Omarion Hampton,LAC,NYG,RB,0,0,0,0,0,12,128,1,5,5,37,0,27.5
2025,4,Oronde Gadsden II,LAC,NYG,TE,0,0,0,0,0,0,0,0,3,2,16,0,3.6
2025,4,Quentin Johnston,LAC,NYG,WR,0,0,0,0,0,0,0,0,13,8,98,1,23.8
2025,4,Tre Harris,LAC,NYG,WR,0,0,0,0,0,0,0,0,1,0,0,0,0.0
2025,4,Tucker Fisk,LAC,NYG,TE,0,0,0,0,0,0,0,0,1,0,0,0,0.0
2025,4,Tyler Conklin,LAC,NYG,TE,0,0,0,0,0,0,0,0,1,1,3,0,1.3
2025,4,Blake Corum,LAR,IND,RB,0,0,0,0,0,9,21,0,4,2,-5,0,3.6
2025,4,Colby Parkinson,LAR,IND,TE,0,0,0,0,0,0,0,0,2,2,17,0,3.7
2025,4,Davante Adams,LAR,IND,WR,0,0,0,0,0,0,0,0,6,4,56,1,15.6
2025,4,Davis Allen,LAR,IND,TE,0,0,0,0,0,0,0,0,1,1,0,0,1.0
2025,4,Jordan Whittington,LAR,IND,WR,0,0,0,0,0,0,0,0,1,1,7,0,1.7
2025,4,Kyren Williams,LAR,IND,RB,0,0,0,0,0,13,77,0,4,3,17,0,10.4
2025,4,Matthew Stafford,LAR,IND,QB,41,29,375,3,0,4,4,0,0,0,0,0,27.4
2025,4,Puka Nacua,LAR,IND,WR,0,0,0,0,0,0,0,0,15,13,170,1,36.0
2025,4,Tutu Atwell,LAR,IND,WR,0,0,0,0,0,0,0,0,2,1,88,1,15.8
2025,4,Tyler Higbee,LAR,IND,TE,0,0,0,0,0,0,0,0,5,2,25,0,4.5
2025,4,Ashton Jeanty,LVR,CHI,RB,0,0,0,0,0,21,138,1,2,2,17,2,33.5
2025,4,Brock Bowers,LVR,CHI,TE,0,0,0,0,0,0,0,0,6,5,46,0,9.6
2025,4,Dont'e Thornton Jr.,LVR,CHI,WR,0,0,0,0,0,0,0,0,2,0,0,0,0.0
2025,4,Geno Smith,LVR,CHI,QB,21,14,117,2,3,4,31,0,0,0,0,0,9.78
2025,4,Jakobi Meyers,LVR,CHI,WR,0,0,0,0,0,0,0,0,7,4,30,0,7.0
2025,4,Raheem Mostert,LVR,CHI,RB,0,0,0,0,0,4,62,0,1,1,11,0,8.3
2025,4,Tre Tucker,LVR,CHI,WR,0,0,0,0,0,2,9,0,2,2,13,0,4.2
2025,4,Darren Waller,MIA,NYJ,TE,0,0,0,0,0,0,0,0,4,3,27,2,17.7
2025,4,De'Von Achane,MIA,NYJ,RB,0,0,0,0,0,20,99,1,2,1,2,0,17.1
2025,4,Jaylen Waddle,MIA,NYJ,WR,0,0,0,0,0,0,0,0,6,3,48,0,7.8
2025,4,Julian Hill,MIA,NYJ,TE,0,0,0,0,0,0,0,0,2,1,19,0,2.9
2025,4,Malik Washington,MIA,NYJ,WR,0,0,0,0,0,2,8,0,3,2,13,0,4.1
2025,4,Nick Westbrook-Ikhine,MIA,NYJ,WR,0,0,0,0,0,0,0,0,1,1,1,0,1.1
2025,4,Ollie Gordon II,MIA,NYJ,RB,0,0,0,0,0,6,10,0,1,0,0,0,1.0
2025,4,Tua Tagovailoa,MIA,NYJ,QB,25,17,177,2,0,3,6,0,0,0,0,0,15.68
2025,4,Tyreek Hill,MIA,NYJ,WR,0,0,0,0,0,0,0,0,6,6,67,0,12.7
2025,4,Adam Thielen,MIN,PIT,WR,0,0,0,0,0,0,0,0,2,2,11,0,3.1
2025,4,Carson Wentz,MIN,PIT,QB,46,30,350,2,2,2,12,0,0,0,0,0,21.2
2025,4,Jalen Nailor,MIN,PIT,WR,0,0,0,0,0,0,0,0,4,1,2,1,9.2
2025,4,Jordan Addison,MIN,PIT,WR,0,0,0,0,0,0,0,0,8,4,114,0,15.4
2025,4,Jordan Mason,MIN,PIT,RB,0,0,0,0,0,16,57,0,3,3,15,0,10.2
2025,4,Josh Oliver,MIN,PIT,TE,0,0,0,0,0,0,0,0,1,0,0,0,0.0
2025,4,Justin Jefferson,MIN,PIT,WR,0,0,0,0,0,0,0,0,11,10,126,0,22.6
2025,4,T.J. Hockenson,MIN,PIT,TE,0,0,0,0,0,0,0,0,5,4,39,0,7.9
2025,4,Zavier Scott,MIN,PIT,RB,0,0,0,0,0,2,1,0,8,6,43,1,16.4
2025,4,Alvin Kamara,NOR,BUF,RB,0,0,0,0,0,15,70,0,5,4,2,0,11.2
2025,4,Brandin Cooks,NOR,BUF,WR,0,0,0,0,0,0,0,0,4,3,22,0,5.2
2025,4,Chris Olave,NOR,BUF,WR,1,0,0,0,1,0,0,0,6,3,20,1,9.0
2025,4,Jack Stoll,NOR,BUF,TE,0,0,0,0,0,0,0,0,1,1,7,0,1.7
2025,4,Juwan Johnson,NOR,BUF,TE,0,0,0,0,0,0,0,0,3,3,28,0,5.8
2025,4,Kendre Miller,NOR,BUF,RB,0,0,0,0,0,11,65,1,0,0,0,0,12.5
2025,4,Rashid Shaheed,NOR,BUF,WR,0,0,0,0,0,2,5,0,5,4,47,0,9.2
2025,4,Spencer Rattler,NOR,BUF,QB,27,18,126,1,0,6,49,0,1,0,0,0,13.94
2025,4,Antonio Gibson,NWE,CAR,RB,0,0,0,0,0,6,27,1,0,0,0,0,8.7
2025,4,Austin Hooper,NWE,CAR,TE,0,0,0,0,0,0,0,0,1,1,24,0,3.4
2025,4,Drake Maye,NWE,CAR,QB,17,14,203,2,0,3,11,1,0,0,0,0,23.22
2025,4,Hunter Henry,NWE,CAR,TE,0,0,0,0,0,0,0,0,2,2,39,1,11.9
2025,4,Joshua Dobbs,NWE,CAR,QB,1,0,0,0,0,3,-2,0,0,0,0,0,-0.2
2025,4,Kayshon Boutte,NWE,CAR,WR,0,0,0,0,0,0,0,0,3,1,18,0,2.8
2025,4,Kyle Williams,NWE,CAR,WR,0,0,0,0,0,1,-2,0,0,0,0,0,-0.2
2025,4,Mack Hollins,NWE,CAR,WR,0,0,0,0,0,0,0,0,1,1,4,1,7.4
2025,4,Rhamondre Stevenson,NWE,CAR,RB,0,0,0,0,0,9,38,0,1,1,3,0,5.1
2025,4,Stefon Diggs,NWE,CAR,WR,0,0,0,0,0,0,0,0,7,6,101,0,16.1
2025,4,TreVeyon Henderson,NWE,CAR,RB,0,0,0,0,0,7,32,1,2,2,14,0,12.6
2025,4,Cam Skattebo,NYG,LAC,RB,0,0,0,0,0,25,79,0,2,2,11,0,13.0
2025,4,Daniel Bellinger,NYG,LAC,TE,0,0,0,0,0,0,0,0,1,1,13,0,2.3
2025,4,Darius Slayton,NYG,LAC,WR,0,0,0,0,0,0,0,0,4,3,44,0,7.4
2025,4,Devin Singletary,NYG,LAC,RB,0,0,0,0,0,7,28,0,0,0,0,0,2.8
2025,4,Jaxson Dart,NYG,LAC,QB,20,13,111,1,0,10,54,1,0,0,0,0,19.84
2025,4,Malik Nabers,NYG,LAC,WR,0,0,0,0,0,0,0,0,3,2,20,0,4.0
2025,4,Theo Johnson,NYG,LAC,TE,0,0,0,0,0,0,0,0,5,3,17,1,10.7
2025,4,Wan'Dale Robinson,NYG,LAC,WR,0,0,0,0,0,0,0,0,5,3,14,0,4.4
2025,4,Allen Lazard,NYJ,MIA,WR,0,0,0,0,0,0,0,0,1,1,8,0,1.8
2025,4,Braelon Allen,NYJ,MIA,RB,0,0,0,0,0,4,26,0,0,0,0,0,0.6
2025,4,Breece Hall,NYJ,MIA,RB,0,0,0,0,0,14,81,0,6,5,30,0,16.1
2025,4,Garrett Wilson,NYJ,MIA,WR,0,0,0,0,0,0,0,0,8,6,82,1,20.2
2025,4,Isaiah Davis,NYJ,MIA,RB,0,0,0,0,0,3,9,0,2,2,18,0,4.7
2025,4,Jeremy Ruckert,NYJ,MIA,TE,0,0,0,0,0,0,0,0,1,1,23,0,3.3
2025,4,Josh Reynolds,NYJ,MIA,WR,0,0,0,0,0,0,0,0,2,0,0,0,0.0
2025,4,Justin Fields,NYJ,MIA,QB,27,20,226,1,0,7,81,1,0,0,0,0,27.14
2025,4,Mason Taylor,NYJ,MIA,TE,0,0,0,0,0,0,0,0,7,5,65,0,11.5
2025,4,A.J. Brown,PHI,TAM,WR,0,0,0,0,0,0,0,0,9,2,7,0,2.7
2025,4,AJ Dillon,PHI,TAM,RB,0,0,0,0,0,3,17,0,0,0,0,0,1.7
2025,4,Dallas Goedert,PHI,TAM,TE,0,0,0,0,0,0,0,0,4,4,37,2,19.7
2025,4,DeVonta Smith,PHI,TAM,WR,0,0,0,0,0,0,0,0,2,2,29,0,4.9
2025,4,Grant Calcaterra,PHI,TAM,TE,0,0,0,0,0,0,0,0,2,1,16,0,2.6
2025,4,Jalen Hurts,PHI,TAM,QB,24,15,130,2,0,9,62,0,0,0,0,0,19.4
2025,4,John Metchie III,PHI,TAM,WR,0,0,0,0,0,0,0,0,2,2,10,0,3.0
2025,4,Saquon Barkley,PHI,TAM,RB,0,0,0,0,0,19,43,1,4,4,31,0,17.4
2025,4,Will Shipley,PHI,TAM,RB,0,0,0,0,0,0,0,0,1,0,0,0,0.0
2025,4,Aaron Rodgers,PIT,MIN,QB,22,18,200,1,0,3,8,0,0,0,0,0,12.8
2025,4,Ben Skowronek,PIT,MIN,WR,0,0,0,0,0,0,0,0,1,0,0,0,0.0
2025,4,Calvin Austin III,PIT,MIN,WR,0,0,0,0,0,0,0,0,2,2,13,0,3.3
2025,4,Connor Heyward,PIT,MIN,RB,0,0,0,0,0,1,2,0,0,0,0,0,0.2
2025,4,DK Metcalf,PIT,MIN,WR,0,0,0,0,0,0,0,0,5,5,126,1,23.6
2025,4,Darnell Washington,PIT,MIN,TE,0,0,0,0,0,0,0,0,3,3,20,0,5.0
2025,4,Jonnu Smith,PIT,MIN,TE,0,0,0,0,0,0,0,0,3,2,6,0,2.6
2025,4,Kaleb Johnson,PIT,MIN,RB,0,0,0,0,0,6,22,0,1,0,0,0,2.2
2025,4,Kenny Gainwell,PIT,MIN,RB,0,0,0,0,0,19,99,2,6,6,35,0,31.4
2025,4,Scott Miller,PIT,MIN,WR,0,0,0,0,0,0,0,0,1,0,0,0,0.0
2025,4,AJ Barner,SEA,ARI,TE,0,0,0,0,0,0,0,0,3,3,32,1,12.2
2025,4,Cooper Kupp,SEA,ARI,WR,0,0,0,0,0,0,0,0,5,4,26,0,6.6
2025,4,Elijah Arroyo,SEA,ARI,TE,0,0,0,0,0,0,0,0,4,2,44,0,6.4
2025,4,Jake Bobo,SEA,ARI,WR,0,0,0,0,0,0,0,0,1,1,17,0,2.7
2025,4,Jaxon Smith-Njigba,SEA,ARI,WR,0,0,0,0,0,3,11,0,5,4,79,0,13.0
2025,4,Kenneth Walker III,SEA,ARI,RB,0,0,0,0,0,19,81,0,2,1,29,0,12.0
2025,4,Sam Darnold,SEA,ARI,QB,26,18,242,1,0,1,24,0,0,0,0,0,16.08
2025,4,Tory Horton,SEA,ARI,WR,0,0,0,0,0,0,0,0,2,1,10,0,2.0
2025,4,Zach Charbonnet,SEA,ARI,RB,0,0,0,0,0,12,39,1,2,2,5,0,12.4
2025,4,Brian Robinson,SFO,JAX,RB,0,0,0,0,0,5,21,0,0,0,0,0,2.1
2025,4,Brock Purdy,SFO,JAX,QB,38,22,309,2,2,2,13,0,0,0,0,0,17.66
2025,4,Christian McCaffrey,SFO,JAX,RB,0,0,0,0,0,17,49,0,11,6,92,1,26.1
2025,4,Demarcus Robinson,SFO,JAX,WR,0,0,0,0,0,0,0,0,2,1,20,0,3.0
2025,4,Jake Tonges,SFO,JAX,TE,0,0,0,0,0,0,0,0,5,3,58,1,14.8
2025,4,Jauan Jennings,SFO,JAX,WR,0,0,0,0,0,0,0,0,4,2,24,0,6.4
2025,4,Kendrick Bourne,SFO,JAX,WR,0,0,0,0,0,0,0,0,4,1,17,0,2.7
2025,4,Kyle Juszczyk,SFO,JAX,RB,0,0,0,0,0,0,0,0,3,3,32,0,6.2
2025,4,Luke Farrell,SFO,JAX,TE,0,0,0,0,0,0,0,0,2,2,20,0,2.0
2025,4,Ricky Pearsall,SFO,JAX,WR,0,0,0,0,0,0,0,0,5,4,46,0,8.6
2025,4,Skyy Moore,SFO,JAX,WR,0,0,0,0,0,0,0,0,1,0,0,0,0.0
2025,4,Baker Mayfield,TAM,PHI,QB,40,22,289,2,1,2,13,0,0,0,0,0,18.86
2025,4,Bucky Irving,TAM,PHI,RB,0,0,0,0,0,15,63,0,5,5,102,1,25.5
2025,4,Cade Otton,TAM,PHI,TE,0,0,0,0,0,0,0,0,4,3,9,0,3.9
2025,4,Chris Godwin Jr.,TAM,PHI,WR,0,0,0,0,0,0,0,0,10,3,26,0,5.6
2025,4,Emeka Egbuka,TAM,PHI,WR,0,0,0,0,0,1,0,0,10,4,101,1,20.1
2025,4,Rachaad White,TAM,PHI,RB,0,0,0,0,0,6,17,0,5,4,29,0,8.6
2025,4,Sterling Shepard,TAM,PHI,WR,0,0,0,0,0,1,6,0,4,2,14,0,4.0
2025,4,Tez Johnson,TAM,PHI,WR,0,0,0,0,0,1,5,0,1,1,8,0,2.3
2025,4,Calvin Ridley,TEN,HOU,WR,0,0,0,0,0,0,0,0,3,2,30,0,5.0
2025,4,Cam Ward,TEN,HOU,QB,26,10,108,0,1,2,22,0,0,0,0,0,4.52
2025,4,Chig Okonkwo,TEN,HOU,TE,0,0,0,0,0,0,0,0,3,1,4,0,1.4
2025,4,Chimere Dike,TEN,HOU,WR,0,0,0,0,0,1,-4,0,0,0,0,0,-0.4
2025,4,Elic Ayomanor,TEN,HOU,WR,0,0,0,0,0,0,0,0,7,2,44,0,6.4
2025,4,Gunnar Helm,TEN,HOU,TE,0,0,0,0,0,0,0,0,1,1,12,0,2.2
2025,4,Julius Chestnut,TEN,HOU,RB,0,0,0,0,0,1,0,0,1,0,0,0,0.0
2025,4,Tony Pollard,TEN,HOU,RB,0,0,0,0,0,14,64,0,3,3,12,0,10.6
2025,4,Tyler Lockett,TEN,HOU,WR,0,0,0,0,0,0,0,0,4,0,0,0,0.0
2025,4,Van Jefferson,TEN,HOU,WR,0,0,0,0,0,0,0,0,1,1,6,0,1.6
2025,4,Chris Moore,WAS,ATL,WR,0,0,0,0,0,1,9,0,3,0,0,0,0.9
2025,4,Chris Rodriguez Jr.,WAS,ATL,RB,0,0,0,0,0,7,59,0,0,0,0,0,5.9
2025,4,Deebo Samuel Sr.,WAS,ATL,WR,0,0,0,0,0,3,9,0,6,6,72,1,20.1
2025,4,Jacory Croskey-Merritt,WAS,ATL,RB,0,0,0,0,0,7,47,0,2,2,10,0,7.7
2025,4,Jaylin Lane,WAS,ATL,WR,0,0,0,0,0,0,0,0,3,2,18,0,3.8
2025,4,Jeremy McNichols,WAS,ATL,RB,0,0,0,0,0,2,3,0,2,1,0,0,1.3
2025,4,Luke McCaffrey,WAS,ATL,WR,0,0,0,0,0,0,0,0,3,2,21,1,10.1
2025,4,Marcus Mariota,WAS,ATL,QB,27,16,156,2,1,2,20,0,0,0,0,0,16.24
2025,4,Tay Martin,WAS,ATL,WR,0,0,0,0,0,0,0,0,1,1,14,0,2.4
2025,4,Zach Ertz,WAS,ATL,TE,0,0,0,0,0,0,0,0,4,2,21,0,6.1
2025,5,Bam Knight,ARI,TEN,RB,0,0,0,0,0,4,11,1,1,1,13,0,9.4
2025,5,Elijah Higgins,ARI,TEN,TE,0,0,0,0,0,0,0,0,2,2,10,0,3.0
2025,5,Emari Demercado,ARI,TEN,RB,0,0,0,0,0,3,81,0,0,0,0,0,6.1
2025,5,Greg Dortch,ARI,TEN,WR,0,0,0,0,0,0,0,0,2,2,12,0,3.2
2025,5,Kyler Murray,ARI,TEN,QB,31,23,220,0,0,4,25,1,0,0,0,0,15.3
2025,5,Marvin Harrison Jr.,ARI,TEN,WR,0,0,0,0,0,0,0,0,5,4,98,0,13.8
2025,5,Michael Carter,ARI,TEN,RB,0,0,0,0,0,18,51,1,5,5,22,0,18.3
2025,5,Michael Wilson,ARI,TEN,WR,0,0,0,0,0,0,0,0,4,2,16,0,3.6
2025,5,Tip Reiman,ARI,TEN,TE,0,0,0,0,0,0,0,0,1,0,0,0,0.0
2025,5,Trey McBride,ARI,TEN,TE,0,0,0,0,0,0,0,0,7,5,41,0,9.1
2025,5,Zay Jones,ARI,TEN,WR,0,0,0,0,0,0,0,0,3,2,8,0,2.8
2025,5,Charlie Kolar,BAL,HOU,TE,0,0,0,0,0,0,0,0,1,1,10,0,2.0
2025,5,Cooper Rush,BAL,HOU,QB,20,14,179,0,3,0,0,0,0,0,0,0,1.16
2025,5,DeAndre Hopkins,BAL,HOU,WR,0,0,0,0,0,0,0,0,2,2,46,0,6.6
2025,5,Derrick Henry,BAL,HOU,RB,0,0,0,0,0,15,33,1,1,0,0,0,9.3
2025,5,Isaiah Likely,BAL,HOU,TE,0,0,0,0,0,0,0,0,1,1,12,0,2.2
2025,5,Justice Hill,BAL,HOU,RB,0,0,0,0,0,1,3,0,2,1,9,0,2.2
2025,5,Keaton Mitchell,BAL,HOU,RB,0,0,0,0,0,3,8,0,1,1,5,0,2.3
2025,5,Mark Andrews,BAL,HOU,TE,0,0,0,0,0,0,0,0,3,2,22,0,4.2
2025,5,Rashod Bateman,BAL,HOU,WR,0,0,0,0,0,0,0,0,3,0,0,0,0.0
2025,5,Zaire Mitchell-Paden,BAL,HOU,TE,0,0,0,0,0,0,0,0,1,1,3,0,1.3
2025,5,Zay Flowers,BAL,HOU,WR,0,0,0,0,0,0,0,0,5,5,72,0,12.2
2025,5,Curtis Samuel,BUF,NWE,WR,0,0,0,0,0,0,0,0,2,2,26,1,10.6
2025,5,Dalton Kincaid,BUF,NWE,TE,0,0,0,0,0,0,0,0,6,6,108,0,16.8
2025,5,Dawson Knox,BUF,NWE,TE,0,0,0,0,0,0,0,0,2,2,15,0,3.5
2025,5,James Cook,BUF,NWE,RB,0,0,0,0,0,15,49,0,1,0,0,0,4.9
2025,5,Josh Allen,BUF,NWE,QB,31,22,253,2,1,9,53,0,0,0,0,0,19.42
2025,5,Josh Palmer,BUF,NWE,WR,0,0,0,0,0,0,0,0,2,2,36,0,5.6
2025,5,Keon Coleman,BUF,NWE,WR,0,0,0,0,0,0,0,0,7,4,23,1,10.3
2025,5,Khalil Shakir,BUF,NWE,WR,0,0,0,0,0,1,5,0,9,6,45,0,11.0
2025,5,Ray Davis,BUF,NWE,RB,0,0,0,0,0,2,1,0,0,0,0,0,0.1
2025,5,Ty Johnson,BUF,NWE,RB,0,0,0,0,0,2,10,0,0,0,0,0,1.0
2025,5,Tyrell Shavers,BUF,NWE,WR,0,0,0,0,0,0,0,0,1,0,0,0,0.0
2025,5,Bryce Young,CAR,MIA,QB,30,19,198,2,1,3,1,0,0,0,0,0,12.02
2025,5,Brycen Tremayne,CAR,MIA,WR,0,0,0,0,0,0,0,0,1,1,9,0,1.9
2025,5,Hunter Renfrow,CAR,MIA,WR,0,0,0,0,0,0,0,0,3,1,7,0,1.7
2025,5,James Mitchell,CAR,MIA,TE,0,0,0,0,0,0,0,0,1,1,11,0,2.1
2025,5,Jimmy Horn Jr.,CAR,MIA,WR,0,0,0,0,0,2,10,0,3,2,21,0,5.1
2025,5,Mitchell Evans,CAR,MIA,TE,0,0,0,0,0,0,0,0,1,1,4,1,7.4
2025,5,Rico Dowdle,CAR,MIA,RB,0,0,0,0,0,23,206,1,4,3,28,0,32.4
2025,5,Tetairoa McMillan,CAR,MIA,WR,0,0,0,0,0,0,0,0,8,6,73,0,13.3
2025,5,Tommy Tremble,CAR,MIA,TE,0,0,0,0,0,0,0,0,2,1,7,0,1.7
2025,5,Trevor Etienne,CAR,MIA,RB,0,0,0,0,0,4,22,0,1,1,7,0,3.9
2025,5,Xavier Legette,CAR,MIA,WR,0,0,0,0,0,0,0,0,3,2,31,1,11.1
2025,5,Andrei Iosivas,CIN,DET,WR,0,0,0,0,0,0,0,0,7,5,82,0,13.2
2025,5,Chase Brown,CIN,DET,RB,0,0,0,0,0,8,27,0,8,7,21,0,11.8
2025,5,Drew Sample,CIN,DET,TE,0,0,0,0,0,0,0,0,1,1,-1,0,0.9
2025,5,Ja'Marr Chase,CIN,DET,WR,0,0,0,0,0,0,0,0,10,6,110,2,29.0
2025,5,Jake Browning,CIN,DET,QB,40,26,251,3,3,4,31,0,0,0,0,0,19.14
2025,5,Mike Gesicki,CIN,DET,TE,0,0,0,0,0,0,0,0,5,2,15,0,3.5
2025,5,Samaje Perine,CIN,DET,RB,0,0,0,0,0,4,27,0,2,2,2,0,4.9
2025,5,Tee Higgins,CIN,DET,WR,0,0,0,0,0,0,0,0,7,3,22,1,11.2
2025,5,David Njoku,CLE,MIN,TE,0,0,0,0,0,0,0,0,9,6,67,1,18.7
2025,5,Dillon Gabriel,CLE,MIN,QB,33,19,190,2,0,2,5,0,0,0,0,0,16.1
2025,5,Dylan Sampson,CLE,MIN,RB,0,0,0,0,0,1,-4,0,2,1,6,0,1.2
2025,5,Harold Fannin Jr.,CLE,MIN,TE,0,0,0,0,0,0,0,0,4,4,13,1,11.3
2025,5,Isaiah Bond,CLE,MIN,WR,0,0,0,0,0,0,0,0,7,2,29,0,4.9
2025,5,Jamari Thrash,CLE,MIN,WR,0,0,0,0,0,0,0,0,1,1,22,0,3.2
2025,5,Jerome Ford,CLE,MIN,RB,0,0,0,0,0,5,18,0,2,2,20,0,5.8
2025,5,Jerry Jeudy,CLE,MIN,WR,0,0,0,0,0,0,0,0,5,2,15,0,3.5
2025,5,Malachi Corley,CLE,MIN,WR,0,0,0,0,0,1,11,0,0,0,0,0,1.1
2025,5,Quinshon Judkins,CLE,MIN,RB,0,0,0,0,0,23,110,0,2,1,18,0,13.8
2025,5,Dak Prescott,DAL,NYJ,QB,29,18,237,4,0,7,28,0,0,0,0,0,28.28
2025,5,George Pickens,DAL,NYJ,WR,0,0,0,0,0,0,0,0,4,2,57,1,13.7
2025,5,Hunter Luepke,DAL,NYJ,RB,0,0,0,0,0,0,0,0,1,1,10,0,2.0
2025,5,Jake Ferguson,DAL,NYJ,TE,0,0,0,0,0,0,0,0,9,7,49,2,23.9
2025,5,Jalen Tolbert,DAL,NYJ,WR,0,0,0,0,0,0,0,0,1,0,0,0,0.0
2025,5,Javonte Williams,DAL,NYJ,RB,0,0,0,0,0,16,135,1,2,1,4,1,26.9
2025,5,Jaydon Blue,DAL,NYJ,RB,0,0,0,0,0,4,7,0,0,0,0,0,0.7
2025,5,Luke Schoonmaker,DAL,NYJ,TE,0,0,0,0,0,0,0,0,2,1,3,0,1.3
2025,5,Ryan Flournoy,DAL,NYJ,WR,0,0,0,0,0,2,10,0,9,6,114,0,18.4
2025,5,Adam Prentice,DEN,PHI,RB,0,0,0,0,0,1,8,0,0,0,0,0,0.8
2025,5,Adam Trautman,DEN,PHI,TE,0,0,0,0,0,0,0,0,1,1,11,0,2.1
2025,5,Bo Nix,DEN,PHI,QB,39,24,242,1,0,3,22,0,0,0,0,0,17.88
2025,5,Courtland Sutton,DEN,PHI,WR,0,0,0,0,0,0,0,0,10,8,99,0,17.9
2025,5,Evan Engram,DEN,PHI,TE,0,0,0,0,0,0,0,0,6,4,33,1,13.3
2025,5,J.K. Dobbins,DEN,PHI,RB,0,0,0,0,0,20,79,1,1,1,5,0,15.4
2025,5,Marvin Mims Jr.,DEN,PHI,WR,0,0,0,0,0,1,9,0,5,2,10,0,3.9
2025,5,Nate Adkins,DEN,PHI,TE,0,0,0,0,0,0,0,0,1,0,0,0,0.0
2025,5,RJ Harvey,DEN,PHI,RB,0,0,0,0,0,4,12,0,3,3,18,0,6.0
2025,5,Trent Sherfield,DEN,PHI,WR,0,0,0,0,0,0,0,0,2,1,15,0,2.5
2025,5,Troy Franklin,DEN,PHI,WR,0,0,0,0,0,0,0,0,5,3,35,0,8.5
2025,5,Tyler Badie,DEN,PHI,RB,0,0,0,0,0,0,0,0,2,1,16,0,2.6
2025,5,Amon-Ra St. Brown,DET,CIN,WR,0,0,0,0,0,0,0,0,9,8,100,0,18.0
2025,5,Brock Wright,DET,CIN,TE,0,0,0,0,0,0,0,0,3,2,9,1,8.9
2025,5,David Montgomery,DET,CIN,RB,1,1,3,1,0,18,65,1,1,1,6,0,18.22
2025,5,Isaac TeSlaa,DET,CIN,WR,0,0,0,0,0,0,0,0,1,1,12,1,8.2
2025,5,Jahmyr Gibbs,DET,CIN,RB,0,0,0,0,0,12,54,0,2,2,33,1,16.7
2025,5,Jameson Williams,DET,CIN,WR,0,0,0,0,0,1,1,0,1,1,9,0,2.0
2025,5,Jared Goff,DET,CIN,QB,23,19,258,3,0,2,-2,0,0,0,0,0,20.12
2025,5,Sam LaPorta,DET,CIN,TE,0,0,0,0,0,0,0,0,6,5,92,1,20.2
2025,5,Brenden Bates,HOU,BAL,TE,0,0,0,0,0,0,0,0,2,2,23,0,4.3
2025,5,British Brooks,HOU,BAL,RB,0,0,0,0,0,2,15,0,0,0,0,0,1.5
2025,5,C.J. Stroud,HOU,BAL,QB,27,23,244,4,0,1,30,0,0,0,0,0,28.76
2025,5,Christian Kirk,HOU,BAL,WR,0,0,0,0,0,0,0,0,4,4,64,0,10.4
2025,5,Dalton Schultz,HOU,BAL,TE,0,0,0,0,0,0,0,0,6,5,60,0,11.0
2025,5,Dameon Pierce,HOU,BAL,RB,0,0,0,0,0,7,21,0,0,0,0,0,2.1
2025,5,Davis Mills,HOU,BAL,QB,4,2,23,0,0,3,3,0,0,0,0,0,1.22
2025,5,Harrison Bryant,HOU,BAL,TE,0,0,0,0,0,0,0,0,2,1,5,0,1.5
2025,5,Jayden Higgins,HOU,BAL,WR,0,0,0,0,0,0,0,0,4,4,32,0,7.2
2025,5,Jaylin Noel,HOU,BAL,WR,0,0,0,0,0,1,5,0,3,2,13,1,9.8
2025,5,Nick Chubb,HOU,BAL,RB,0,0,0,0,0,11,61,1,1,0,0,0,12.1
2025,5,Nico Collins,HOU,BAL,WR,0,0,0,0,0,1,8,0,5,4,52,1,16.0
2025,5,Woody Marks,HOU,BAL,RB,0,0,0,0,0,7,24,0,1,0,0,0,2.4
2025,5,Xavier Hutchinson,HOU,BAL,WR,0,0,0,0,0,0,0,0,3,3,18,2,16.8
2025,5,Adonai Mitchell,IND,LVR,WR,0,0,0,0,0,0,0,0,1,0,0,0,0.0
2025,5,Ameer Abdullah,IND,LVR,RB,0,0,0,0,0,2,6,1,0,0,0,0,6.6
2025,5,Anthony Richardson,IND,LVR,QB,2,1,9,0,0,0,0,0,1,1,9,0,2.26
2025,5,Ashton Dulin,IND,LVR,WR,0,0,0,0,0,0,0,0,5,2,55,0,7.5
2025,5,DJ Giddens,IND,LVR,RB,0,0,0,0,0,5,22,0,1,0,0,0,2.2
2025,5,Daniel Jones,IND,LVR,QB,29,20,212,2,0,1,2,0,0,0,0,0,16.68
2025,5,Jonathan Taylor,IND,LVR,RB,0,0,0,0,0,17,66,3,4,3,20,0,31.6
2025,5,Josh Downs,IND,LVR,WR,0,0,0,0,0,0,0,0,8,6,54,0,11.4
2025,5,Michael Pittman,IND,LVR,WR,0,0,0,0,0,0,0,0,6,5,39,1,14.9
2025,5,Tyler Warren,IND,LVR,TE,1,0,0,0,0,0,0,0,4,4,44,1,14.4
2025,5,Bhayshul Tuten,JAX,KAN,RB,0,0,0,0,0,4,6,0,1,1,5,0,2.1
2025,5,Brenton Strange,JAX,KAN,TE,0,0,0,0,0,0,0,0,1,1,22,0,3.2
2025,5,Brian Thomas Jr.,JAX,KAN,WR,0,0,0,0,0,0,0,0,6,4,80,0,12.0
2025,5,Dyami Brown,JAX,KAN,WR,0,0,0,0,0,0,0,0,4,2,15,0,3.5
2025,5,Hunter Long,JAX,KAN,TE,0,0,0,0,0,0,0,0,1,1,3,0,1.3
2025,5,Johnny Mundt,JAX,KAN,TE,0,0,0,0,0,0,0,0,1,1,7,0,1.7
2025,5,Parker Washington,JAX,KAN,WR,0,0,0,0,0,0,0,0,3,2,16,1,9.6
2025,5,Tim Patrick,JAX,KAN,WR,0,0,0,0,0,0,0,0,1,0,0,0,0.0
2025,5,Travis Etienne,JAX,KAN,RB,0,0,0,0,0,12,49,0,4,3,9,0,8.8
2025,5,Trevor Lawrence,JAX,KAN,QB,25,18,221,1,1,10,54,2,0,0,0,0,26.24
2025,5,Brashard Smith,KAN,JAX,RB,0,0,0,0,0,1,4,0,3,3,32,0,6.6
2025,5,Isiah Pacheco,KAN,JAX,RB,0,0,0,0,0,7,36,0,3,3,20,0,8.6
2025,5,JuJu Smith-Schuster,KAN,JAX,WR,0,0,0,0,0,0,0,0,3,2,17,0,3.7
2025,5,Kareem Hunt,KAN,JAX,RB,0,0,0,0,0,7,49,2,1,1,8,0,18.7
2025,5,Marquise Brown,KAN,JAX,WR,0,0,0,0,0,0,0,0,8,4,48,0,8.8
2025,5,Patrick Mahomes,KAN,JAX,QB,41,29,318,1,1,6,60,1,0,0,0,0,26.72
2025,5,Travis Kelce,KAN,JAX,TE,0,0,0,0,0,0,0,0,8,7,61,1,19.1
2025,5,Tyquan Thornton,KAN,JAX,WR,0,0,0,0,0,0,0,0,5,3,90,0,12.0
2025,5,Xavier Worthy,KAN,JAX,WR,0,0,0,0,0,1,9,0,9,6,42,0,11.1
2025,5,Hassan Haskins,LAC,WAS,RB,0,0,0,0,0,5,13,0,1,1,2,0,2.5
2025,5,Justin Herbert,LAC,WAS,QB,29,22,166,1,1,4,60,0,0,0,0,0,14.64
2025,5,Keenan Allen,LAC,WAS,WR,0,0,0,0,0,0,0,0,9,5,58,0,10.8
2025,5,Kimani Vidal,LAC,WAS,RB,0,0,0,0,0,4,18,0,1,1,1,0,2.9
2025,5,Ladd McConkey,LAC,WAS,WR,0,0,0,0,0,0,0,0,7,5,39,1,14.9
2025,5,Omarion Hampton,LAC,WAS,RB,0,0,0,0,0,12,44,0,6,6,26,0,13.0
2025,5,Oronde Gadsden II,LAC,WAS,TE,0,0,0,0,0,0,0,0,1,1,14,0,2.4
2025,5,Quentin Johnston,LAC,WAS,WR,0,0,0,0,0,1,9,0,4,4,40,0,6.9
2025,5,Trey Lance,LAC,WAS,QB,4,3,44,0,0,1,11,0,0,0,0,0,2.86
2025,5,Tyler Conklin,LAC,WAS,TE,0,0,0,0,0,0,0,0,3,2,30,0,5.0
2025,5,Blake Corum,LAR,SFO,RB,0,0,0,0,0,1,13,0,2,0,0,0,1.3
2025,5,Colby Parkinson,LAR,SFO,TE,0,0,0,0,0,0,0,0,1,0,0,0,0.0
2025,5,Davante Adams,LAR,SFO,WR,0,0,0,0,0,0,0,0,11,5,88,0,13.8
2025,5,Davis Allen,LAR,SFO,TE,0,0,0,0,0,0,0,0,2,2,24,0,4.4
2025,5,Jordan Whittington,LAR,SFO,WR,0,0,0,0,0,0,0,0,3,2,33,0,5.3
2025,5,Kyren Williams,LAR,SFO,RB,0,0,0,0,0,14,65,0,10,8,66,2,31.1
2025,5,Matthew Stafford,LAR,SFO,QB,47,30,389,3,0,1,0,0,0,0,0,0,25.56
2025,5,Puka Nacua,LAR,SFO,WR,0,0,0,0,0,0,0,0,12,10,85,1,24.5
2025,5,Terrance Ferguson,LAR,SFO,TE,0,0,0,0,0,0,0,0,1,1,21,0,3.1
2025,5,Tutu Atwell,LAR,SFO,WR,0,0,0,0,0,0,0,0,4,2,72,0,9.2
2025,5,Albert Okwuegbunam,LVR,IND,TE,0,0,0,0,0,0,0,0,6,5,36,0,8.6
2025,5,Alex Bachman,LVR,IND,WR,0,0,0,0,0,0,0,0,1,1,9,0,1.9
2025,5,Ashton Jeanty,LVR,IND,RB,0,0,0,0,0,14,67,0,7,5,42,0,15.9
2025,5,Dont'e Thornton Jr.,LVR,IND,WR,0,0,0,0,0,0,0,0,2,0,0,0,0.0
2025,5,Geno Smith,LVR,IND,QB,36,25,228,0,2,3,8,0,0,0,0,0,5.92
2025,5,Ian Thomas,LVR,IND,TE,0,0,0,0,0,0,0,0,3,3,20,0,5.0
2025,5,Jack Bech,LVR,IND,WR,0,0,0,0,0,0,0,0,5,3,27,0,5.7
2025,5,Jakobi Meyers,LVR,IND,WR,0,0,0,0,0,0,0,0,6,4,32,0,7.2
2025,5,Raheem Mostert,LVR,IND,RB,0,0,0,0,0,7,22,0,0,0,0,0,2.2
2025,5,Tre Tucker,LVR,IND,WR,0,0,0,0,0,1,9,0,6,4,62,0,11.1
2025,5,Alec Ingold,MIA,CAR,RB,0,0,0,0,0,0,0,0,1,0,0,0,0.0
2025,5,Darren Waller,MIA,CAR,TE,0,0,0,0,0,0,0,0,5,5,78,1,18.8
2025,5,De'Von Achane,MIA,CAR,RB,0,0,0,0,0,10,16,0,7,6,30,1,16.6
2025,5,Jaylen Waddle,MIA,CAR,WR,0,0,0,0,0,0,0,0,9,6,110,1,23.0
2025,5,Julian Hill,MIA,CAR,TE,0,0,0,0,0,0,0,0,5,4,22,0,6.2
2025,5,Malik Washington,MIA,CAR,WR,0,0,0,0,0,0,0,0,5,4,0,0,4.0
2025,5,Ollie Gordon II,MIA,CAR,RB,0,0,0,0,0,3,-2,0,0,0,0,0,-0.2
2025,5,Tanner Conner,MIA,CAR,TE,0,0,0,0,0,0,0,0,2,2,16,0,3.6
2025,5,Tua Tagovailoa,MIA,CAR,QB,36,27,256,3,0,1,5,0,0,0,0,0,22.74
2025,5,Carson Wentz,MIN,CLE,QB,34,25,236,1,0,3,13,0,0,0,0,0,14.74
2025,5,Jalen Nailor,MIN,CLE,WR,0,0,0,0,0,1,15,0,4,3,27,0,7.2
2025,5,Jordan Addison,MIN,CLE,WR,0,0,0,0,0,0,0,0,6,5,41,1,15.1
2025,5,Jordan Mason,MIN,CLE,RB,0,0,0,0,0,13,52,1,4,3,4,0,12.6
2025,5,Josh Oliver,MIN,CLE,TE,0,0,0,0,0,0,0,0,3,2,35,1,11.5
2025,5,Justin Jefferson,MIN,CLE,WR,0,0,0,0,0,0,0,0,11,7,123,0,19.3
2025,5,Max Brosmer,MIN,CLE,QB,0,0,0,0,0,1,-1,0,0,0,0,0,-0.1
2025,5,T.J. Hockenson,MIN,CLE,TE,0,0,0,0,0,0,0,0,6,6,38,0,9.8
2025,5,Zavier Scott,MIN,CLE,RB,0,0,0,0,0,5,18,0,0,0,0,0,-0.2
2025,5,Alvin Kamara,NOR,NYG,RB,0,0,0,0,0,8,27,0,6,4,28,0,9.5
2025,5,Brandin Cooks,NOR,NYG,WR,0,0,0,0,0,0,0,0,1,1,5,0,1.5
2025,5,Chris Olave,NOR,NYG,WR,0,0,0,0,0,0,0,0,11,7,59,0,12.9
2025,5,Devaughn Vele,NOR,NYG,WR,0,0,0,0,0,0,0,0,2,2,13,0,3.3
2025,5,Juwan Johnson,NOR,NYG,TE,0,0,0,0,0,0,0,0,4,2,17,0,3.7
2025,5,Kendre Miller,NOR,NYG,RB,0,0,0,0,0,10,41,0,1,1,8,0,5.9
2025,5,Rashid Shaheed,NOR,NYG,WR,0,0,0,0,0,0,0,0,5,4,114,1,21.4
2025,5,Spencer Rattler,NOR,NYG,QB,31,21,225,1,0,6,21,0,1,1,0,0,16.1
2025,5,Taysom Hill,NOR,NYG,TE,1,1,19,0,0,6,-1,0,0,0,0,0,0.66
2025,5,Antonio Gibson,NWE,BUF,RB,0,0,0,0,0,6,21,0,1,1,5,0,3.6
2025,5,DeMario Douglas,NWE,BUF,WR,0,0,0,0,0,0,0,0,3,2,17,0,3.7
2025,5,Drake Maye,NWE,BUF,QB,30,22,273,0,0,3,12,0,0,0,0,0,12.12
2025,5,Hunter Henry,NWE,BUF,TE,0,0,0,0,0,0,0,0,4,2,46,0,6.6
2025,5,Kayshon Boutte,NWE,BUF,WR,0,0,0,0,0,0,0,0,3,3,43,0,7.3
2025,5,Rhamondre Stevenson,NWE,BUF,RB,0,0,0,0,0,7,14,2,2,2,13,0,14.7
2025,5,Stefon Diggs,NWE,BUF,WR,0,0,0,0,0,0,0,0,12,10,146,0,24.6
2025,5,TreVeyon Henderson,NWE,BUF,RB,0,0,0,0,0,6,24,0,3,2,3,0,4.7
2025,5,Beaux Collins,NYG,NOR,WR,0,0,0,0,0,0,0,0,3,1,7,0,1.7
2025,5,Cam Skattebo,NYG,NOR,RB,0,0,0,0,0,15,59,0,7,6,45,0,14.4
2025,5,Daniel Bellinger,NYG,NOR,TE,0,0,0,0,0,0,0,0,4,4,52,0,9.2
2025,5,Darius Slayton,NYG,NOR,WR,0,0,0,0,0,0,0,0,6,3,31,0,4.1
2025,5,Devin Singletary,NYG,NOR,RB,0,0,0,0,0,6,20,0,2,1,4,0,3.4
2025,5,Jalin Hyatt,NYG,NOR,WR,0,0,0,0,0,0,0,0,3,0,0,0,0.0
2025,5,Jaxson Dart,NYG,NOR,QB,40,26,202,2,2,7,55,0,0,0,0,0,15.58
2025,5,Theo Johnson,NYG,NOR,TE,0,0,0,0,0,0,0,0,7,6,33,2,21.3
2025,5,Wan'Dale Robinson,NYG,NOR,WR,0,0,0,0,0,1,2,0,7,5,30,0,8.2
2025,5,Allen Lazard,NYJ,DAL,WR,0,0,0,0,0,0,0,0,2,1,3,0,1.3
2025,5,Andrew Beck,NYJ,DAL,RB,0,0,0,0,0,0,0,0,2,1,1,1,7.1
2025,5,Arian Smith,NYJ,DAL,WR,0,0,0,0,0,0,0,0,1,1,14,0,2.4
2025,5,Breece Hall,NYJ,DAL,RB,0,0,0,0,0,14,113,0,5,4,42,0,17.5
2025,5,Garrett Wilson,NYJ,DAL,WR,0,0,0,0,0,0,0,0,10,6,71,1,19.1
2025,5,Isaiah Davis,NYJ,DAL,RB,0,0,0,0,0,1,5,0,4,3,28,0,6.3
2025,5,Jeremy Ruckert,NYJ,DAL,TE,0,0,0,0,0,0,0,0,4,4,28,0,6.8
2025,5,Josh Reynolds,NYJ,DAL,WR,0,0,0,0,0,0,0,0,4,3,29,0,7.9
2025,5,Justin Fields,NYJ,DAL,QB,46,32,283,2,0,7,26,0,0,0,0,0,25.92
2025,5,Mason Taylor,NYJ,DAL,TE,0,0,0,0,0,0,0,0,12,9,67,0,17.7
2025,5,A.J. Brown,PHI,DEN,WR,0,0,0,0,0,0,0,0,8,5,43,0,9.3
2025,5,AJ Dillon,PHI,DEN,RB,0,0,0,0,0,2,12,0,0,0,0,0,1.2
2025,5,Dallas Goedert,PHI,DEN,TE,0,0,0,0,0,0,0,0,9,3,19,1,10.9
2025,5,DeVonta Smith,PHI,DEN,WR,0,0,0,0,0,0,0,0,10,8,114,0,19.4
2025,5,Grant Calcaterra,PHI,DEN,TE,0,0,0,0,0,0,0,0,2,2,18,0,3.8
2025,5,Jahan Dotson,PHI,DEN,WR,0,0,0,0,0,0,0,0,3,1,24,0,3.4
2025,5,Jalen Hurts,PHI,DEN,QB,38,23,280,2,0,2,3,0,0,0,0,0,19.5
2025,5,Saquon Barkley,PHI,DEN,RB,0,0,0,0,0,6,30,0,3,3,58,1,17.8
2025,5,Will Shipley,PHI,DEN,RB,0,0,0,0,0,1,0,0,2,1,4,0,1.4
2025,5,AJ Barner,SEA,TAM,TE,0,0,0,0,0,0,0,0,7,7,53,2,24.3
2025,5,Cooper Kupp,SEA,TAM,WR,0,0,0,0,0,0,0,0,9,6,59,0,11.9
2025,5,Dareke Young,SEA,TAM,WR,0,0,0,0,0,0,0,0,1,1,36,0,4.6
2025,5,Elijah Arroyo,SEA,TAM,TE,0,0,0,0,0,0,0,0,1,1,10,0,2.0
2025,5,Jalen Milroe,SEA,TAM,QB,0,0,0,0,0,1,0,0,0,0,0,0,-2.0
2025,5,Jaxon Smith-Njigba,SEA,TAM,WR,0,0,0,0,0,0,0,0,9,8,132,1,27.2
2025,5,Kenneth Walker III,SEA,TAM,RB,0,0,0,0,0,10,86,0,1,1,0,0,9.6
2025,5,Sam Darnold,SEA,TAM,QB,34,28,341,4,1,0,0,0,0,0,0,0,27.64
2025,5,Tory Horton,SEA,TAM,WR,0,0,0,0,0,0,0,0,4,3,39,1,12.9
2025,5,Zach Charbonnet,SEA,TAM,RB,0,0,0,0,0,9,36,1,2,1,12,0,11.8
2025,5,Brian Robinson,SFO,LAR,RB,0,0,0,0,0,5,12,0,0,0,0,0,1.2
2025,5,Christian McCaffrey,SFO,LAR,RB,0,0,0,0,0,22,57,0,9,8,82,1,27.9
2025,5,Demarcus Robinson,SFO,LAR,WR,0,0,0,0,0,0,0,0,7,3,39,0,6.9
2025,5,Jake Tonges,SFO,LAR,TE,0,0,0,0,0,0,0,0,11,7,41,1,17.1
2025,5,Kendrick Bourne,SFO,LAR,WR,0,0,0,0,0,0,0,0,11,10,142,0,24.2
2025,5,Kyle Juszczyk,SFO,LAR,RB,0,0,0,0,0,1,-1,0,4,3,21,0,5.0
2025,5,Luke Farrell,SFO,LAR,TE,0,0,0,0,0,0,0,0,2,1,8,0,1.8
2025,5,Mac Jones,SFO,LAR,QB,49,33,342,2,0,4,5,0,0,0,0,0,22.18
2025,5,Malik Turner,SFO,LAR,WR,0,0,0,0,0,0,0,0,1,0,0,0,0.0
2025,5,Marquez Valdes-Scantling,SFO,LAR,WR,0,0,0,0,0,0,0,0,3,1,9,0,1.9
2025,5,Skyy Moore,SFO,LAR,WR,0,0,0,0,0,1,1,0,0,0,0,0,0.1
2025,5,Baker Mayfield,TAM,SEA,QB,33,29,379,2,0,5,15,0,0,0,0,0,26.66
2025,5,Cade Otton,TAM,SEA,TE,0,0,0,0,0,0,0,0,5,4,81,0,12.1
2025,5,Chris Godwin Jr.,TAM,SEA,WR,0,0,0,0,0,0,0,0,4,3,26,0,5.6
2025,5,Emeka Egbuka,TAM,SEA,WR,0,0,0,0,0,0,0,0,7,7,163,1,31.3
2025,5,Kameron Johnson,TAM,SEA,WR,0,0,0,0,0,1,2,0,0,0,0,0,0.2
2025,5,Rachaad White,TAM,SEA,RB,0,0,0,0,0,14,41,2,4,4,30,0,23.1
2025,5,Sean Tucker,TAM,SEA,RB,0,0,0,0,0,3,3,0,3,3,-4,0,2.9
2025,5,Sterling Shepard,TAM,SEA,WR,0,0,0,0,0,1,-5,0,5,4,24,1,11.9
2025,5,Tez Johnson,TAM,SEA,WR,0,0,0,0,0,0,0,0,4,4,59,0,9.9
2025,5,Calvin Ridley,TEN,ARI,WR,0,0,0,0,0,0,0,0,10,5,131,0,18.1
2025,5,Cam Ward,TEN,ARI,QB,39,21,265,0,1,5,-6,0,0,0,0,0,8.0
2025,5,Chig Okonkwo,TEN,ARI,TE,0,0,0,0,0,0,0,0,5,4,48,0,8.8
2025,5,Chimere Dike,TEN,ARI,WR,0,0,0,0,0,0,0,0,5,2,17,0,3.7
2025,5,Elic Ayomanor,TEN,ARI,WR,0,0,0,0,0,0,0,0,4,2,18,0,3.8
2025,5,Gunnar Helm,TEN,ARI,TE,0,0,0,0,0,0,0,0,5,4,34,0,7.4
2025,5,Julius Chestnut,TEN,ARI,RB,0,0,0,0,0,1,3,0,1,0,0,0,0.3
2025,5,Tony Pollard,TEN,ARI,RB,0,0,0,0,0,14,67,1,3,3,11,0,14.8
2025,5,Tyjae Spears,TEN,ARI,RB,0,0,0,0,0,4,14,0,0,0,0,0,1.4
2025,5,Tyler Lockett,TEN,ARI,WR,0,0,0,0,0,0,0,0,4,1,6,0,1.6
2025,5,Chris Moore,WAS,LAC,WR,0,0,0,0,0,0,0,0,1,0,0,0,0.0
2025,5,Chris Rodriguez Jr.,WAS,LAC,RB,0,0,0,0,0,5,7,0,0,0,0,0,0.7
2025,5,Deebo Samuel Sr.,WAS,LAC,WR,0,0,0,0,0,0,0,0,11,8,96,1,23.6
2025,5,Jacory Croskey-Merritt,WAS,LAC,RB,0,0,0,0,0,14,111,2,2,2,39,0,27.0
2025,5,Jayden Daniels,WAS,LAC,QB,26,15,231,1,0,8,39,0,0,0,0,0,17.14
2025,5,Jaylin Lane,WAS,LAC,WR,0,0,0,0,0,0,0,0,2,1,16,0,2.6
2025,5,Jeremy McNichols,WAS,LAC,RB,0,0,0,0,0,1,6,0,2,1,12,0,2.8
2025,5,John Bates,WAS,LAC,TE,0,0,0,0,0,0,0,0,1,1,9,0,1.9
2025,5,Luke McCaffrey,WAS,LAC,WR,0,0,0,0,0,0,0,0,2,1,50,0,6.0
2025,5,Tay Martin,WAS,LAC,WR,0,0,0,0,0,0,0,0,1,1,9,0,1.9
2025,5,Zach Ertz,WAS,LAC,TE,0,0,0,0,0,0,0,0,1,0,0,0,0.0
2025,6,Bam Knight,ARI,IND,RB,0,0,0,0,0,11,34,1,2,1,20,0,12.4
2025,6,Elijah Higgins,ARI,IND,TE,0,0,0,0,0,0,0,0,2,2,34,0,5.4
2025,6,Emari Demercado,ARI,IND,RB,0,0,0,0,0,1,1,0,1,0,0,0,0.1
2025,6,Greg Dortch,ARI,IND,WR,0,0,0,0,0,0,0,0,3,3,9,1,9.9
2025,6,Jacoby Brissett,ARI,IND,QB,44,27,320,2,1,3,19,0,0,0,0,0,20.7
2025,6,Marvin Harrison Jr.,ARI,IND,WR,0,0,0,0,0,0,0,0,2,2,32,0,5.2
2025,6,Michael Carter,ARI,IND,RB,0,0,0,0,0,9,34,0,5,2,30,0,8.4
2025,6,Michael Wilson,ARI,IND,WR,0,0,0,0,0,0,0,0,5,4,44,0,8.4
2025,6,Trey McBride,ARI,IND,TE,0,0,0,0,0,0,0,0,11,8,72,1,21.2
2025,6,Zay Jones,ARI,IND,WR,0,0,0,0,0,0,0,0,8,5,79,0,12.9
2025,6,Bijan Robinson,ATL,BUF,RB,0,0,0,0,0,19,170,1,8,6,68,0,35.8
2025,6,Casey Washington,ATL,BUF,WR,0,0,0,0,0,0,0,0,2,0,0,0,0.0
2025,6,Drake London,ATL,BUF,WR,0,0,0,0,0,0,0,0,16,10,158,1,31.8
2025,6,Feleipe Franks,ATL,BUF,TE,0,0,0,0,0,1,2,0,0,0,0,0,0.2
2025,6,Kyle Pitts,ATL,BUF,TE,0,0,0,0,0,0,0,0,4,3,18,0,4.8
2025,6,Michael Penix Jr.,ATL,BUF,QB,32,20,250,1,0,2,6,0,0,0,0,0,14.6
2025,6,Tyler Allgeier,ATL,BUF,RB,0,0,0,0,0,10,32,1,1,1,6,0,10.8
2025,6,Charlie Kolar,BAL,LAR,TE,0,0,0,0,0,0,0,0,1,0,0,0,0.0
2025,6,Cooper Rush,BAL,LAR,QB,19,11,72,0,1,1,0,0,0,0,0,0,-1.12
2025,6,DeAndre Hopkins,BAL,LAR,WR,0,0,0,0,0,0,0,0,4,2,20,0,4.0
2025,6,Derrick Henry,BAL,LAR,RB,0,0,0,0,0,24,122,0,2,1,8,0,14.0
2025,6,Isaiah Likely,BAL,LAR,TE,0,0,0,0,0,0,0,0,2,2,6,0,2.6
2025,6,Justice Hill,BAL,LAR,RB,0,0,0,0,0,6,16,0,6,5,28,0,9.4
2025,6,Mark Andrews,BAL,LAR,TE,0,0,0,0,0,3,2,0,6,4,24,0,6.6
2025,6,Rashod Bateman,BAL,LAR,WR,0,0,0,0,0,0,0,0,1,1,8,0,1.8
2025,6,Tyler Huntley,BAL,LAR,QB,15,10,68,0,0,3,39,0,0,0,0,0,6.62
2025,6,Zay Flowers,BAL,LAR,WR,0,0,0,0,0,0,0,0,10,6,46,0,8.6
2025,6,Dawson Knox,BUF,ATL,TE,0,0,0,0,0,0,0,0,2,1,19,1,8.9
2025,6,Elijah Moore,BUF,ATL,WR,0,0,0,0,0,0,0,0,2,0,0,0,0.0
2025,6,James Cook,BUF,ATL,RB,0,0,0,0,0,17,87,0,0,0,0,0,8.7
2025,6,Josh Allen,BUF,ATL,QB,26,15,180,2,2,6,42,0,0,0,0,0,15.4
2025,6,Josh Palmer,BUF,ATL,WR,0,0,0,0,0,0,0,0,2,2,60,0,8.0
2025,6,Keon Coleman,BUF,ATL,WR,0,0,0,0,0,0,0,0,6,3,11,0,4.1
2025,6,Khalil Shakir,BUF,ATL,WR,0,0,0,0,0,0,0,0,5,3,33,0,6.3
2025,6,Ray Davis,BUF,ATL,RB,0,0,0,0,0,0,0,0,2,2,19,1,9.9
2025,6,Ty Johnson,BUF,ATL,RB,0,0,0,0,0,1,5,0,2,1,11,0,2.6
2025,6,Tyrell Shavers,BUF,ATL,WR,0,0,0,0,0,0,0,0,5,3,27,0,5.7
2025,6,Bryce Young,CAR,DAL,QB,25,17,199,3,1,3,5,0,0,0,0,0,18.46
2025,6,DeeJay Dallas,CAR,DAL,RB,0,0,0,0,0,1,0,0,0,0,0,0,0.0
2025,6,Hunter Renfrow,CAR,DAL,WR,0,0,0,0,0,0,0,0,2,1,7,0,1.7
2025,6,Jimmy Horn Jr.,CAR,DAL,WR,0,0,0,0,0,1,11,0,2,2,36,0,6.7
2025,6,Mitchell Evans,CAR,DAL,TE,0,0,0,0,0,0,0,0,1,1,21,0,3.1
2025,6,Rico Dowdle,CAR,DAL,RB,0,0,0,0,0,30,183,0,5,4,56,1,33.9
2025,6,Tetairoa McMillan,CAR,DAL,WR,0,0,0,0,0,0,0,0,5,3,29,2,17.9
2025,6,Tommy Tremble,CAR,DAL,TE,0,0,0,0,0,0,0,0,4,4,39,0,7.9
2025,6,Trevor Etienne,CAR,DAL,RB,0,0,0,0,0,3,17,0,0,0,0,0,1.7
2025,6,Xavier Legette,CAR,DAL,WR,0,0,0,0,0,0,0,0,2,2,11,0,3.1
2025,6,Caleb Williams,CHI,WAS,QB,29,17,252,1,0,4,3,1,0,0,0,0,20.38
2025,6,Cole Kmet,CHI,WAS,TE,0,0,0,0,0,0,0,0,2,1,0,0,1.0
2025,6,Colston Loveland,CHI,WAS,TE,0,0,0,0,0,0,0,0,3,2,11,0,3.1
2025,6,D'Andre Swift,CHI,WAS,RB,0,0,0,0,0,14,108,0,3,2,67,1,25.5
2025,6,DJ Moore,CHI,WAS,WR,0,0,0,0,0,2,10,0,5,3,42,0,8.2
2025,6,Kyle Monangai,CHI,WAS,RB,0,0,0,0,0,5,19,0,1,1,25,0,5.4
2025,6,Luther Burden III,CHI,WAS,WR,0,0,0,0,0,0,0,0,4,4,51,0,9.1
2025,6,Olamide Zaccheaus,CHI,WAS,WR,0,0,0,0,0,1,4,0,6,2,24,0,4.8
2025,6,Rome Odunze,CHI,WAS,WR,0,0,0,0,0,0,0,0,5,2,32,0,5.2
2025,6,Roschon Johnson,CHI,WAS,RB,0,0,0,0,0,1,6,0,0,0,0,0,0.6
2025,6,Andrei Iosivas,CIN,GNB,WR,0,0,0,0,0,0,0,0,4,1,5,0,1.5
2025,6,Chase Brown,CIN,GNB,RB,0,0,0,0,0,9,42,0,2,2,7,0,8.9
2025,6,Drew Sample,CIN,GNB,TE,0,0,0,0,0,0,0,0,2,1,-2,0,0.8
2025,6,Ja'Marr Chase,CIN,GNB,WR,0,0,0,0,0,1,-3,0,12,10,94,1,25.1
2025,6,Joe Flacco,CIN,GNB,QB,45,29,219,2,0,0,0,0,0,0,0,0,18.76
2025,6,Noah Fant,CIN,GNB,TE,0,0,0,0,0,0,0,0,4,4,27,0,6.7
2025,6,Samaje Perine,CIN,GNB,RB,0,0,0,0,0,6,16,0,3,2,16,0,5.2
2025,6,Tanner Hudson,CIN,GNB,TE,0,0,0,0,0,0,0,0,5,4,10,1,11.0
2025,6,Tee Higgins,CIN,GNB,WR,0,0,0,0,0,0,0,0,8,5,62,0,11.2
2025,6,Blake Whiteheart,CLE,PIT,TE,0,0,0,0,0,0,0,0,1,1,0,0,1.0
2025,6,David Njoku,CLE,PIT,TE,0,0,0,0,0,0,0,0,6,3,28,0,5.8
2025,6,Dillon Gabriel,CLE,PIT,QB,52,29,221,0,0,0,0,0,0,0,0,0,8.84
2025,6,Dylan Sampson,CLE,PIT,RB,0,0,0,0,0,3,12,0,2,2,12,0,4.4
2025,6,Gage Larvadain,CLE,PIT,WR,0,0,0,0,0,0,0,0,4,2,22,0,4.2
2025,6,Harold Fannin Jr.,CLE,PIT,TE,0,0,0,0,0,0,0,0,10,7,81,0,15.1
2025,6,Isaiah Bond,CLE,PIT,WR,0,0,0,0,0,0,0,0,5,2,9,0,2.9
2025,6,Jamari Thrash,CLE,PIT,WR,0,0,0,0,0,0,0,0,3,2,13,0,3.3
2025,6,Jerome Ford,CLE,PIT,RB,0,0,0,0,0,2,17,0,6,5,13,0,8.0
2025,6,Jerry Jeudy,CLE,PIT,WR,0,0,0,0,0,0,0,0,13,5,43,0,9.3
2025,6,Quinshon Judkins,CLE,PIT,RB,0,0,0,0,0,12,36,0,1,0,0,0,3.6
2025,6,Brevyn Spann-Ford,DAL,CAR,TE,0,0,0,0,0,0,0,0,1,1,2,0,1.2
2025,6,Dak Prescott,DAL,CAR,QB,34,25,261,3,0,2,-1,0,0,0,0,0,22.34
2025,6,George Pickens,DAL,CAR,WR,0,0,0,0,0,0,0,0,11,9,168,1,31.8
2025,6,Hunter Luepke,DAL,CAR,RB,0,0,0,0,0,0,0,0,2,2,7,1,8.7
2025,6,Jake Ferguson,DAL,CAR,TE,0,0,0,0,0,0,0,0,3,3,33,1,12.3
2025,6,Jalen Tolbert,DAL,CAR,WR,0,0,0,0,0,0,0,0,1,1,8,0,1.8
2025,6,Javonte Williams,DAL,CAR,RB,0,0,0,0,0,13,29,0,8,5,5,0,8.4
2025,6,Jaydon Blue,DAL,CAR,RB,0,0,0,0,0,3,0,0,0,0,0,0,0.0
2025,6,Luke Schoonmaker,DAL,CAR,TE,0,0,0,0,0,0,0,0,2,1,8,0,1.8
2025,6,Ryan Flournoy,DAL,CAR,WR,0,0,0,0,0,1,3,0,6,3,30,0,6.3
2025,6,Adam Prentice,DEN,NYJ,RB,0,0,0,0,0,1,3,0,0,0,0,0,0.3
2025,6,Bo Nix,DEN,NYJ,QB,30,19,174,1,0,5,24,0,0,0,0,0,13.36
2025,6,Courtland Sutton,DEN,NYJ,WR,0,0,0,0,0,0,0,0,3,1,17,0,2.7
2025,6,Evan Engram,DEN,NYJ,TE,0,0,0,0,0,1,7,0,6,5,42,0,9.9
2025,6,J.K. Dobbins,DEN,NYJ,RB,0,0,0,0,0,14,40,0,1,0,0,0,4.0
2025,6,Jaleel McLaughlin,DEN,NYJ,RB,0,0,0,0,0,1,0,0,1,0,0,0,0.0
2025,6,Marvin Mims Jr.,DEN,NYJ,WR,0,0,0,0,0,1,-2,0,3,2,30,0,4.8
2025,6,Nate Adkins,DEN,NYJ,TE,0,0,0,0,0,0,0,0,2,2,23,1,10.3
2025,6,Pat Bryant,DEN,NYJ,WR,0,0,0,0,0,0,0,0,2,2,22,0,4.2
2025,6,RJ Harvey,DEN,NYJ,RB,0,0,0,0,0,2,4,0,4,4,21,0,6.5
2025,6,Troy Franklin,DEN,NYJ,WR,0,0,0,0,0,1,2,0,4,3,19,0,3.1
2025,6,Amon-Ra St. Brown,DET,KAN,WR,0,0,0,0,0,1,2,0,10,9,45,0,13.7
2025,6,David Montgomery,DET,KAN,RB,0,0,0,0,0,4,24,0,2,2,37,0,8.1
2025,6,Jahmyr Gibbs,DET,KAN,RB,0,0,0,0,0,17,65,0,2,1,0,0,7.5
2025,6,Jameson Williams,DET,KAN,WR,0,0,0,0,0,0,0,0,7,6,66,1,18.6
2025,6,Jared Goff,DET,KAN,QB,29,23,203,2,0,1,7,0,0,0,0,0,16.82
2025,6,Sam LaPorta,DET,KAN,TE,0,0,0,0,0,0,0,0,6,5,55,1,16.5
2025,6,Bo Melton,GNB,CIN,WR,0,0,0,0,0,1,3,0,0,0,0,0,0.3
2025,6,Chris Brooks,GNB,CIN,RB,0,0,0,0,0,1,1,0,0,0,0,0,0.1
2025,6,Dontayvion Wicks,GNB,CIN,WR,0,0,0,0,0,0,0,0,2,2,15,0,3.5
2025,6,Emanuel Wilson,GNB,CIN,RB,0,0,0,0,0,3,11,0,1,1,-4,0,1.7
2025,6,Jordan Love,GNB,CIN,QB,26,19,259,1,1,7,26,0,0,0,0,0,14.96
2025,6,Josh Jacobs,GNB,CIN,RB,0,0,0,0,0,18,93,2,5,5,57,0,32.0
2025,6,Luke Musgrave,GNB,CIN,TE,0,0,0,0,0,0,0,0,2,1,7,0,1.7
2025,6,Matthew Golden,GNB,CIN,WR,0,0,0,0,0,2,16,0,5,3,86,0,13.2
2025,6,Romeo Doubs,GNB,CIN,WR,0,0,0,0,0,0,0,0,9,5,55,0,10.5
2025,6,Savion Williams,GNB,CIN,WR,0,0,0,0,0,1,3,0,0,0,0,0,0.3
2025,6,Tucker Kraft,GNB,CIN,TE,0,0,0,0,0,0,0,0,2,2,43,1,12.3
2025,6,Alec Pierce,IND,ARI,WR,0,0,0,0,0,0,0,0,4,2,48,0,6.8
2025,6,Ameer Abdullah,IND,ARI,RB,0,0,0,0,0,1,7,0,1,1,9,0,2.6
2025,6,Daniel Jones,IND,ARI,QB,30,22,212,2,1,5,20,1,0,0,0,0,22.48
2025,6,Jonathan Taylor,IND,ARI,RB,0,0,0,0,0,21,123,1,4,4,14,0,23.7
2025,6,Josh Downs,IND,ARI,WR,0,0,0,0,0,0,0,0,7,6,42,1,16.2
2025,6,Michael Pittman,IND,ARI,WR,0,0,0,0,0,0,0,0,3,2,20,0,4.0
2025,6,Mo Alie-Cox,IND,ARI,TE,0,0,0,0,0,0,0,0,2,1,16,0,2.6
2025,6,Tyler Warren,IND,ARI,TE,0,0,0,0,0,0,0,0,9,6,63,1,18.3
2025,6,Bhayshul Tuten,JAX,SEA,RB,0,0,0,0,0,2,14,0,3,2,14,0,4.8
2025,6,Brian Thomas Jr.,JAX,SEA,WR,0,0,0,0,0,0,0,0,10,8,90,1,23.0
2025,6,Dyami Brown,JAX,SEA,WR,0,0,0,0,0,1,7,0,5,2,13,0,4.0
2025,6,Hunter Long,JAX,SEA,TE,0,0,0,0,0,0,0,0,3,2,19,0,3.9
2025,6,Johnny Mundt,JAX,SEA,TE,0,0,0,0,0,0,0,0,2,1,14,0,2.4
2025,6,LeQuint Allen Jr.,JAX,SEA,RB,0,0,0,0,0,1,2,0,2,1,10,0,2.2
2025,6,Parker Washington,JAX,SEA,WR,0,0,0,0,0,0,0,0,4,2,29,0,4.9
2025,6,Tim Patrick,JAX,SEA,WR,0,0,0,0,0,0,0,0,1,1,26,1,9.6
2025,6,Travis Etienne,JAX,SEA,RB,0,0,0,0,0,12,27,0,5,4,28,0,9.5
2025,6,Trevor Lawrence,JAX,SEA,QB,42,27,258,2,0,3,9,0,0,0,0,0,19.22
2025,6,Brashard Smith,KAN,DET,RB,0,0,0,0,0,0,0,0,4,3,21,0,5.1
2025,6,Isiah Pacheco,KAN,DET,RB,0,0,0,0,0,12,51,0,3,1,0,0,6.1
2025,6,JuJu Smith-Schuster,KAN,DET,WR,0,0,0,0,0,0,0,0,3,3,57,0,8.7
2025,6,Kareem Hunt,KAN,DET,RB,0,0,0,0,0,6,23,0,1,1,11,0,4.4
2025,6,Marquise Brown,KAN,DET,WR,0,0,0,0,0,0,0,0,4,4,45,2,20.5
2025,6,Noah Gray,KAN,DET,TE,0,0,0,0,0,0,0,0,2,2,25,0,4.5
2025,6,Patrick Mahomes,KAN,DET,QB,30,22,257,3,0,10,32,1,0,0,0,0,31.48
2025,6,Travis Kelce,KAN,DET,TE,0,0,0,0,0,0,0,0,7,6,78,0,13.8
2025,6,Xavier Worthy,KAN,DET,WR,0,0,0,0,0,1,6,0,4,2,20,1,10.6
2025,6,Hassan Haskins,LAC,MIA,RB,0,0,0,0,0,6,14,0,1,1,9,0,3.3
2025,6,Justin Herbert,LAC,MIA,QB,38,29,264,2,0,1,2,0,0,0,0,0,18.76
2025,6,KeAndre Lambert-Smith,LAC,MIA,WR,0,0,0,0,0,0,0,0,2,1,1,0,1.1
2025,6,Keenan Allen,LAC,MIA,WR,0,0,0,0,0,0,0,0,7,4,27,0,6.7
2025,6,Kimani Vidal,LAC,MIA,RB,0,0,0,0,0,18,124,0,4,3,14,1,22.8
2025,6,Ladd McConkey,LAC,MIA,WR,0,0,0,0,0,0,0,0,9,7,100,1,23.0
2025,6,Oronde Gadsden II,LAC,MIA,TE,0,0,0,0,0,0,0,0,8,7,68,0,11.8
2025,6,Tre Harris,LAC,MIA,WR,0,0,0,0,0,0,0,0,5,4,27,0,6.7
2025,6,Will Dissly,LAC,MIA,TE,0,0,0,0,0,0,0,0,2,2,18,0,3.8
2025,6,Blake Corum,LAR,BAL,RB,0,0,0,0,0,5,23,0,0,0,0,0,2.3
2025,6,Davante Adams,LAR,BAL,WR,0,0,0,0,0,0,0,0,9,4,39,0,7.9
2025,6,Davis Allen,LAR,BAL,TE,0,0,0,0,0,0,0,0,2,1,7,0,1.7
2025,6,Jordan Whittington,LAR,BAL,WR,0,0,0,0,0,0,0,0,4,3,23,0,5.3
2025,6,Konata Mumpfield,LAR,BAL,WR,0,0,0,0,0,0,0,0,2,1,7,0,1.7
2025,6,Kyren Williams,LAR,BAL,RB,0,0,0,0,0,13,50,1,2,2,37,0,16.7
2025,6,Matthew Stafford,LAR,BAL,QB,26,17,181,1,0,4,1,0,0,0,0,0,9.34
2025,6,Puka Nacua,LAR,BAL,WR,0,0,0,0,0,0,0,0,3,2,28,0,4.8
2025,6,Terrance Ferguson,LAR,BAL,TE,0,0,0,0,0,1,0,0,0,0,0,0,0.0
2025,6,Tyler Higbee,LAR,BAL,TE,0,0,0,0,0,0,0,0,4,4,40,1,14.0
2025,6,Ashton Jeanty,LVR,TEN,RB,0,0,0,0,0,23,75,1,4,2,11,0,16.6
2025,6,Geno Smith,LVR,TEN,QB,23,17,174,1,1,4,-3,0,0,0,0,0,8.66
2025,6,Ian Thomas,LVR,TEN,TE,0,0,0,0,0,0,0,0,1,1,4,0,1.4
2025,6,Jack Bech,LVR,TEN,WR,0,0,0,0,0,0,0,0,1,0,0,0,0.0
2025,6,Jakobi Meyers,LVR,TEN,WR,0,0,0,0,0,0,0,0,4,4,39,0,7.9
2025,6,Michael Mayer,LVR,TEN,TE,0,0,0,0,0,0,0,0,7,5,50,1,16.0
2025,6,Raheem Mostert,LVR,TEN,RB,0,0,0,0,0,5,-4,0,0,0,0,0,-0.4
2025,6,Tre Tucker,LVR,TEN,WR,0,0,0,0,0,0,0,0,5,5,70,0,12.0
2025,6,Alec Ingold,MIA,LAC,RB,0,0,0,0,0,1,3,0,1,1,22,0,3.5
2025,6,Darren Waller,MIA,LAC,TE,0,0,0,0,0,0,0,0,3,2,12,1,9.2
2025,6,De'Von Achane,MIA,LAC,RB,0,0,0,0,0,16,128,2,6,4,22,0,31.0
2025,6,Dee Eskridge,MIA,LAC,WR,0,0,0,0,0,0,0,0,1,0,0,0,0.0
2025,6,Jaylen Waddle,MIA,LAC,WR,1,1,8,0,0,0,0,0,8,6,95,0,15.82
2025,6,Julian Hill,MIA,LAC,TE,0,0,0,0,0,0,0,0,3,3,31,0,6.1
2025,6,Malik Washington,MIA,LAC,WR,0,0,0,0,0,1,1,0,5,4,22,0,6.3
2025,6,Nick Westbrook-Ikhine,MIA,LAC,WR,0,0,0,0,0,0,0,0,1,0,0,0,0.0
2025,6,Ollie Gordon II,MIA,LAC,RB,0,0,0,0,0,2,1,0,1,1,1,0,1.2
2025,6,Tanner Conner,MIA,LAC,TE,0,0,0,0,0,0,0,0,1,1,8,0,1.8
2025,6,Tua Tagovailoa,MIA,LAC,QB,32,21,205,1,3,1,4,0,0,0,0,0,6.6
2025,6,Alvin Kamara,NOR,NWE,RB,0,0,0,0,0,10,31,0,5,5,45,0,12.6
2025,6,Brandin Cooks,NOR,NWE,WR,0,0,0,0,0,0,0,0,1,1,21,0,3.1
2025,6,Chris Olave,NOR,NWE,WR,0,0,0,0,0,0,0,0,10,6,98,0,15.8
2025,6,Foster Moreau,NOR,NWE,TE,0,0,0,0,0,0,0,0,1,1,9,0,1.9
2025,6,Juwan Johnson,NOR,NWE,TE,0,0,0,0,0,0,0,0,2,2,15,0,1.5
2025,6,Kendre Miller,NOR,NWE,RB,0,0,0,0,0,8,21,0,1,1,11,0,4.2
2025,6,Rashid Shaheed,NOR,NWE,WR,0,0,0,0,0,0,0,0,6,4,28,0,6.8
2025,6,Spencer Rattler,NOR,NWE,QB,26,20,227,0,0,4,20,0,0,0,0,0,11.08
2025,6,Taysom Hill,NOR,NWE,TE,0,0,0,0,0,1,1,1,0,0,0,0,6.1
2025,6,Austin Hooper,NWE,NOR,TE,0,0,0,0,0,0,0,0,1,1,5,0,1.5
2025,6,DeMario Douglas,NWE,NOR,WR,0,0,0,0,0,0,0,0,4,3,71,1,16.1
2025,6,Drake Maye,NWE,NOR,QB,26,18,261,3,0,9,28,0,0,0,0,0,27.24
2025,6,Hunter Henry,NWE,NOR,TE,0,0,0,0,0,0,0,0,3,3,27,0,5.7
2025,6,Kayshon Boutte,NWE,NOR,WR,0,0,0,0,0,0,0,0,5,5,93,2,26.3
2025,6,Kyle Williams,NWE,NOR,WR,0,0,0,0,0,0,0,0,2,0,0,0,0.0
2025,6,Mack Hollins,NWE,NOR,WR,0,0,0,0,0,0,0,0,3,2,28,0,4.8
2025,6,Rhamondre Stevenson,NWE,NOR,RB,0,0,0,0,0,13,18,0,1,0,0,0,1.8
2025,6,Stefon Diggs,NWE,NOR,WR,0,0,0,0,0,0,0,0,3,3,28,0,5.8
2025,6,TreVeyon Henderson,NWE,NOR,RB,0,0,0,0,0,9,27,0,2,1,9,0,4.6
2025,6,Cam Skattebo,NYG,PHI,RB,0,0,0,0,0,19,98,3,2,2,12,0,31.0
2025,6,Devin Singletary,NYG,PHI,RB,0,0,0,0,0,3,10,0,0,0,0,0,1.0
2025,6,Jalin Hyatt,NYG,PHI,WR,0,0,0,0,0,0,0,0,5,3,17,0,4.7
2025,6,Jaxson Dart,NYG,PHI,QB,25,17,195,1,0,13,58,1,0,0,0,0,23.6
2025,6,Lil'Jordan Humphrey,NYG,PHI,WR,0,0,0,0,0,0,0,0,8,4,55,0,9.5
2025,6,Theo Johnson,NYG,PHI,TE,0,0,0,0,0,0,0,0,4,2,27,0,4.7
2025,6,Tyrone Tracy Jr.,NYG,PHI,RB,0,0,0,0,0,4,6,0,0,0,0,0,0.6
2025,6,Wan'Dale Robinson,NYG,PHI,WR,0,0,0,0,0,0,0,0,7,6,84,1,20.4
2025,6,Andrew Beck,NYJ,DEN,RB,0,0,0,0,0,0,0,0,1,1,6,0,1.6
2025,6,Arian Smith,NYJ,DEN,WR,0,0,0,0,0,0,0,0,1,0,0,0,0.0
2025,6,Breece Hall,NYJ,DEN,RB,0,0,0,0,0,22,59,0,0,0,0,0,5.9
2025,6,Garrett Wilson,NYJ,DEN,WR,0,0,0,0,0,0,0,0,8,3,13,0,4.3
2025,6,Isaiah Davis,NYJ,DEN,RB,0,0,0,0,0,2,2,0,1,1,-1,0,1.1
2025,6,Josh Reynolds,NYJ,DEN,WR,0,0,0,0,0,0,0,0,3,3,25,0,5.5
2025,6,Justin Fields,NYJ,DEN,QB,17,9,45,0,0,7,31,0,0,0,0,0,4.9
2025,6,Mason Taylor,NYJ,DEN,TE,0,0,0,0,0,0,0,0,1,1,2,0,1.2
2025,6,Tyler Johnson,NYJ,DEN,WR,0,0,0,0,0,0,0,0,1,0,0,0,0.0
2025,6,A.J. Brown,PHI,NYG,WR,0,0,0,0,0,0,0,0,9,6,80,0,14.0
2025,6,AJ Dillon,PHI,NYG,RB,0,0,0,0,0,1,2,0,2,2,18,0,2.0
2025,6,Dallas Goedert,PHI,NYG,TE,0,0,0,0,0,0,0,0,11,9,110,1,26.0
2025,6,DeVonta Smith,PHI,NYG,WR,0,0,0,0,0,0,0,0,5,4,49,0,8.9
2025,6,Jahan Dotson,PHI,NYG,WR,0,0,0,0,0,0,0,0,2,1,17,0,2.7
2025,6,Jalen Hurts,PHI,NYG,QB,33,24,283,1,1,7,13,1,0,0,0,0,20.62
2025,6,Saquon Barkley,PHI,NYG,RB,0,0,0,0,0,12,58,0,3,2,9,0,8.7
2025,6,Aaron Rodgers,PIT,CLE,QB,30,21,235,2,0,1,1,0,0,0,0,0,17.5
2025,6,Connor Heyward,PIT,CLE,RB,0,0,0,0,0,0,0,0,1,1,12,1,8.2
2025,6,DK Metcalf,PIT,CLE,WR,0,0,0,0,0,0,0,0,9,4,95,1,19.5
2025,6,Darnell Washington,PIT,CLE,TE,0,0,0,0,0,0,0,0,5,3,62,0,9.2
2025,6,Jaylen Warren,PIT,CLE,RB,0,0,0,0,0,11,52,0,2,2,11,0,8.3
2025,6,Jonnu Smith,PIT,CLE,TE,0,0,0,0,0,1,10,0,4,3,18,0,5.8
2025,6,Kaleb Johnson,PIT,CLE,RB,0,0,0,0,0,6,15,0,0,0,0,0,1.5
2025,6,Kenny Gainwell,PIT,CLE,RB,0,0,0,0,0,6,22,0,6,6,14,0,9.6
2025,6,Mason Rudolph,PIT,CLE,QB,0,0,0,0,0,3,0,0,0,0,0,0,0.0
2025,6,Pat Freiermuth,PIT,CLE,TE,0,0,0,0,0,0,0,0,1,1,11,0,2.1
2025,6,Roman Wilson,PIT,CLE,WR,0,0,0,0,0,0,0,0,1,1,12,0,2.2
2025,6,AJ Barner,SEA,JAX,TE,0,0,0,0,0,0,0,0,3,3,71,0,10.1
2025,6,Cooper Kupp,SEA,JAX,WR,0,0,0,0,0,0,0,0,3,2,40,1,12.0
2025,6,Elijah Arroyo,SEA,JAX,TE,0,0,0,0,0,0,0,0,2,1,6,0,1.6
2025,6,Jaxon Smith-Njigba,SEA,JAX,WR,0,0,0,0,0,0,0,0,13,8,162,1,30.2
2025,6,Kenneth Walker III,SEA,JAX,RB,0,0,0,0,0,10,34,0,1,1,3,0,4.7
2025,6,Sam Darnold,SEA,JAX,QB,27,16,295,2,0,4,2,0,0,0,0,0,20.0
2025,6,Tory Horton,SEA,JAX,WR,0,0,0,0,0,0,0,0,1,0,0,0,0.0
2025,6,Zach Charbonnet,SEA,JAX,RB,0,0,0,0,0,12,24,0,1,1,13,0,4.7
2025,6,Brian Robinson,SFO,TAM,RB,0,0,0,0,0,0,0,0,3,3,8,0,3.8
2025,6,Christian McCaffrey,SFO,TAM,RB,0,0,0,0,0,17,54,1,8,7,57,0,24.1
2025,6,Demarcus Robinson,SFO,TAM,WR,0,0,0,0,0,0,0,0,3,2,44,0,6.4
2025,6,Jake Tonges,SFO,TAM,TE,0,0,0,0,0,0,0,0,7,6,58,0,11.8
2025,6,Jauan Jennings,SFO,TAM,WR,0,0,0,0,0,0,0,0,3,1,7,0,1.7
2025,6,Kendrick Bourne,SFO,TAM,WR,0,0,0,0,0,0,0,0,9,5,142,0,19.2
2025,6,Kyle Juszczyk,SFO,TAM,RB,0,0,0,0,0,0,0,0,1,1,9,0,1.9
2025,6,Mac Jones,SFO,TAM,QB,39,27,347,0,2,5,13,0,0,0,0,0,11.18
2025,6,Marquez Valdes-Scantling,SFO,TAM,WR,0,0,0,0,0,0,0,0,3,2,22,0,4.2
2025,6,Baker Mayfield,TAM,SFO,QB,23,17,256,2,0,3,14,0,0,0,0,0,19.64
2025,6,Cade Otton,TAM,SFO,TE,0,0,0,0,0,0,0,0,6,5,51,0,10.1
2025,6,Emeka Egbuka,TAM,SFO,WR,0,0,0,0,0,0,0,0,4,2,24,0,4.4
2025,6,Kameron Johnson,TAM,SFO,WR,0,0,0,0,0,0,0,0,4,4,64,1,16.4
2025,6,Rachaad White,TAM,SFO,RB,0,0,0,0,0,17,65,1,3,3,21,0,17.6
2025,6,Sean Tucker,TAM,SFO,RB,0,0,0,0,0,6,25,1,0,0,0,0,8.5
2025,6,Sterling Shepard,TAM,SFO,WR,0,0,0,0,0,0,0,0,3,2,51,0,7.1
2025,6,Tez Johnson,TAM,SFO,WR,0,0,0,0,0,0,0,0,3,1,45,1,11.5
2025,6,Calvin Ridley,TEN,LVR,WR,0,0,0,0,0,0,0,0,1,1,18,0,2.8
2025,6,Cam Ward,TEN,LVR,QB,38,26,222,1,1,0,0,0,0,0,0,0,6.88
2025,6,Chig Okonkwo,TEN,LVR,TE,0,0,0,0,0,0,0,0,6,6,46,0,10.6
2025,6,Chimere Dike,TEN,LVR,WR,0,0,0,0,0,0,0,0,3,2,8,0,2.8
2025,6,David Martin-Robinson,TEN,LVR,TE,0,0,0,0,0,0,0,0,1,1,1,1,7.1
2025,6,Elic Ayomanor,TEN,LVR,WR,0,0,0,0,0,0,0,0,5,3,27,0,5.7
2025,6,Gunnar Helm,TEN,LVR,TE,0,0,0,0,0,0,0,0,3,2,15,0,3.5
2025,6,Tony Pollard,TEN,LVR,RB,0,0,0,0,0,10,34,0,2,2,13,0,6.7
2025,6,Tyjae Spears,TEN,LVR,RB,0,0,0,0,0,5,31,0,4,4,19,0,9.0
2025,6,Tyler Lockett,TEN,LVR,WR,0,0,0,0,0,0,0,0,3,1,0,0,1.0
2025,6,Van Jefferson,TEN,LVR,WR,0,0,0,0,0,0,0,0,6,4,75,0,11.5
2025,6,Chris Moore,WAS,CHI,WR,0,0,0,0,0,0,0,0,5,3,46,1,13.6
2025,6,Deebo Samuel Sr.,WAS,CHI,WR,0,0,0,0,0,1,-1,0,5,4,15,0,5.4
2025,6,Jacory Croskey-Merritt,WAS,CHI,RB,0,0,0,0,0,17,61,0,1,1,7,0,5.8
2025,6,Jayden Daniels,WAS,CHI,QB,26,19,211,3,1,10,52,0,0,0,0,0,21.64
2025,6,Jaylin Lane,WAS,CHI,WR,0,0,0,0,0,1,7,0,2,1,37,0,5.4
2025,6,Jeremy McNichols,WAS,CHI,RB,0,0,0,0,0,2,5,0,4,3,30,0,6.5
2025,6,Luke McCaffrey,WAS,CHI,WR,0,0,0,0,0,0,0,0,1,1,33,1,10.3
2025,6,Zach Ertz,WAS,CHI,TE,0,0,0,0,0,0,0,0,6,6,43,1,16.3
2025,7,Bam Knight,ARI,GNB,RB,0,0,0,0,0,14,57,0,4,3,7,0,9.4
2025,7,D'Ernest Johnson,ARI,GNB,RB,0,0,0,0,0,1,0,0,0,0,0,0,0.0
2025,7,Elijah Higgins,ARI,GNB,TE,0,0,0,0,0,0,0,0,1,1,3,0,1.3
2025,7,Greg Dortch,ARI,GNB,WR,0,0,0,0,0,0,0,0,2,2,5,0,2.5
2025,7,Jacoby Brissett,ARI,GNB,QB,36,25,279,2,0,6,26,0,0,0,0,0,19.76
2025,7,Marvin Harrison Jr.,ARI,GNB,WR,0,0,0,0,0,0,0,0,6,2,58,0,7.8
2025,7,Michael Carter,ARI,GNB,RB,0,0,0,0,0,7,11,0,2,2,25,0,5.6
2025,7,Michael Wilson,ARI,GNB,WR,0,0,0,0,0,0,0,0,4,3,40,0,7.0
2025,7,Trey McBride,ARI,GNB,TE,0,0,0,0,0,0,0,0,13,10,74,2,29.4
2025,7,Zay Jones,ARI,GNB,WR,0,0,0,0,0,0,0,0,2,2,67,0,8.7
2025,7,Bijan Robinson,ATL,SFO,RB,0,0,0,0,0,14,40,0,8,6,52,1,21.2
2025,7,Casey Washington,ATL,SFO,WR,0,0,0,0,0,0,0,0,2,1,17,0,2.7
2025,7,Charlie Woerner,ATL,SFO,TE,0,0,0,0,0,0,0,0,1,0,0,0,0.0
2025,7,Darnell Mooney,ATL,SFO,WR,0,0,0,0,0,0,0,0,5,3,68,0,9.8
2025,7,Drake London,ATL,SFO,WR,0,0,0,0,0,0,0,0,10,4,42,0,8.2
2025,7,Kyle Pitts,ATL,SFO,TE,0,0,0,0,0,0,0,0,10,7,62,0,13.2
2025,7,Michael Penix Jr.,ATL,SFO,QB,38,21,241,1,0,2,6,0,0,0,0,0,12.24
2025,7,Tyler Allgeier,ATL,SFO,RB,0,0,0,0,0,4,16,0,0,0,0,0,1.6
2025,7,Andy Dalton,CAR,NYJ,QB,7,4,60,0,0,2,-2,0,0,0,0,0,2.2
2025,7,Bryce Young,CAR,NYJ,QB,25,15,138,1,0,2,10,0,0,0,0,0,10.52
2025,7,Chuba Hubbard,CAR,NYJ,RB,0,0,0,0,0,14,31,0,3,2,24,0,7.5
2025,7,Ja'Tavion Sanders,CAR,NYJ,TE,0,0,0,0,0,0,0,0,2,0,0,0,0.0
2025,7,Jalen Coker,CAR,NYJ,WR,0,0,0,0,0,0,0,0,2,0,0,0,0.0
2025,7,Jimmy Horn Jr.,CAR,NYJ,WR,0,0,0,0,0,1,7,0,2,1,8,0,2.5
2025,7,Mitchell Evans,CAR,NYJ,TE,0,0,0,0,0,0,0,0,3,2,24,0,4.4
2025,7,Rico Dowdle,CAR,NYJ,RB,0,0,0,0,0,17,79,0,2,1,17,0,10.6
2025,7,Tetairoa McMillan,CAR,NYJ,WR,0,0,0,0,0,0,0,0,5,3,33,0,6.3
2025,7,Tommy Tremble,CAR,NYJ,TE,0,0,0,0,0,0,0,0,1,1,0,0,1.0
2025,7,Xavier Legette,CAR,NYJ,WR,0,0,0,0,0,0,0,0,11,9,92,1,24.2
2025,7,Caleb Williams,CHI,NOR,QB,26,15,172,0,1,4,-2,0,0,0,0,0,4.68
2025,7,Cole Kmet,CHI,NOR,TE,0,0,0,0,0,0,0,0,1,1,16,0,2.6
2025,7,Colston Loveland,CHI,NOR,TE,0,0,0,0,0,0,0,0,4,3,24,0,5.4
2025,7,D'Andre Swift,CHI,NOR,RB,0,0,0,0,0,19,124,1,1,1,14,0,20.8
2025,7,DJ Moore,CHI,NOR,WR,0,0,0,0,0,1,9,0,5,3,43,0,8.2
2025,7,Kyle Monangai,CHI,NOR,RB,0,0,0,0,0,13,81,1,3,2,13,0,17.4
2025,7,Luther Burden III,CHI,NOR,WR,0,0,0,0,0,1,-1,0,2,1,22,0,3.1
2025,7,Olamide Zaccheaus,CHI,NOR,WR,0,0,0,0,0,1,0,0,3,2,9,0,2.9
2025,7,Rome Odunze,CHI,NOR,WR,0,0,0,0,0,0,0,0,6,2,31,0,5.1
2025,7,Roschon Johnson,CHI,NOR,RB,0,0,0,0,0,1,11,0,0,0,0,0,1.1
2025,7,Andrei Iosivas,CIN,PIT,WR,0,0,0,0,0,0,0,0,4,3,49,0,7.9
2025,7,Chase Brown,CIN,PIT,RB,0,0,0,0,0,11,108,0,4,2,-8,0,12.0
2025,7,Ja'Marr Chase,CIN,PIT,WR,0,0,0,0,0,0,0,0,23,16,161,1,38.1
2025,7,Joe Flacco,CIN,PIT,QB,47,31,342,3,0,5,3,0,0,0,0,0,25.98
2025,7,Noah Fant,CIN,PIT,TE,0,0,0,0,0,0,0,0,4,4,44,1,14.4
2025,7,Samaje Perine,CIN,PIT,RB,0,0,0,0,0,7,31,0,0,0,0,0,3.1
2025,7,Tee Higgins,CIN,PIT,WR,0,0,0,0,0,0,0,0,10,6,96,1,21.6
2025,7,Blake Whiteheart,CLE,MIA,TE,0,0,0,0,0,0,0,0,1,1,4,0,1.4
2025,7,Dillon Gabriel,CLE,MIA,QB,18,13,116,0,0,4,12,0,0,0,0,0,5.84
2025,7,Dylan Sampson,CLE,MIA,RB,0,0,0,0,0,3,8,0,1,1,9,0,2.7
2025,7,Gage Larvadain,CLE,MIA,WR,0,0,0,0,0,0,0,0,1,0,0,0,0.0
2025,7,Harold Fannin Jr.,CLE,MIA,TE,0,0,0,0,0,0,0,0,5,4,36,0,7.6
2025,7,Jamari Thrash,CLE,MIA,WR,0,0,0,0,0,0,0,0,2,1,23,0,3.3
2025,7,Jerome Ford,CLE,MIA,RB,0,0,0,0,0,1,0,0,2,2,10,0,3.0
2025,7,Jerry Jeudy,CLE,MIA,WR,0,0,0,0,0,0,0,0,4,2,17,0,3.7
2025,7,Malachi Corley,CLE,MIA,WR,0,0,0,0,0,0,0,0,2,2,17,0,3.7
2025,7,Quinshon Judkins,CLE,MIA,RB,0,0,0,0,0,25,84,3,0,0,0,0,26.4
2025,7,CeeDee Lamb,DAL,WAS,WR,0,0,0,0,0,0,0,0,8,5,110,1,22.0
2025,7,Dak Prescott,DAL,WAS,QB,30,21,264,3,0,5,7,0,0,0,0,0,23.26
2025,7,George Pickens,DAL,WAS,WR,0,0,0,0,0,0,0,0,6,4,82,0,12.2
2025,7,Hunter Luepke,DAL,WAS,RB,0,0,0,0,0,0,0,0,1,1,3,0,1.3
2025,7,Jake Ferguson,DAL,WAS,TE,0,0,0,0,0,0,0,0,7,7,29,2,21.9
2025,7,Jalen Tolbert,DAL,WAS,WR,0,0,0,0,0,0,0,0,2,1,16,0,2.6
2025,7,Javonte Williams,DAL,WAS,RB,0,0,0,0,0,19,116,1,4,1,2,0,18.8
2025,7,Jaydon Blue,DAL,WAS,RB,0,0,0,0,0,7,29,0,1,1,5,0,4.4
2025,7,KaVontae Turpin,DAL,WAS,WR,0,0,0,0,0,0,0,0,1,1,17,0,2.7
2025,7,Adam Prentice,DEN,NYG,RB,0,0,0,0,0,0,0,0,1,0,0,0,0.0
2025,7,Bo Nix,DEN,NYG,QB,50,27,279,2,0,5,48,2,0,0,0,0,39.96
2025,7,Courtland Sutton,DEN,NYG,WR,0,0,0,0,0,0,0,0,10,6,87,0,16.7
2025,7,Evan Engram,DEN,NYG,TE,0,0,0,0,0,0,0,0,8,5,42,0,9.2
2025,7,J.K. Dobbins,DEN,NYG,RB,0,0,0,0,0,14,81,0,1,1,-1,0,9.0
2025,7,Marvin Mims Jr.,DEN,NYG,WR,0,0,0,0,0,1,13,0,7,6,85,0,15.8
2025,7,Nate Adkins,DEN,NYG,TE,0,0,0,0,0,0,0,0,3,2,20,0,4.0
2025,7,Pat Bryant,DEN,NYG,WR,0,0,0,0,0,0,0,0,4,1,6,0,1.6
2025,7,RJ Harvey,DEN,NYG,RB,0,0,0,0,0,4,0,0,2,1,2,1,7.2
2025,7,Troy Franklin,DEN,NYG,WR,0,0,0,0,0,0,0,0,10,3,19,1,12.9
2025,7,Tyler Badie,DEN,NYG,RB,0,0,0,0,0,0,0,0,2,2,19,0,3.9
2025,7,Amon-Ra St. Brown,DET,TAM,WR,0,0,0,0,0,0,0,0,10,6,86,1,20.6
2025,7,Brock Wright,DET,TAM,TE,0,0,0,0,0,0,0,0,3,3,23,0,5.3
2025,7,David Montgomery,DET,TAM,RB,0,0,0,0,0,13,21,0,3,2,18,0,5.9
2025,7,Isaac TeSlaa,DET,TAM,WR,0,0,0,0,0,0,0,0,1,0,0,0,0.0
2025,7,Jahmyr Gibbs,DET,TAM,RB,0,0,0,0,0,17,136,2,3,3,82,0,36.8
2025,7,Jameson Williams,DET,TAM,WR,0,0,0,0,0,0,0,0,2,0,0,0,0.0
2025,7,Jared Goff,DET,TAM,QB,29,20,241,1,1,2,7,0,0,0,0,0,10.34
2025,7,Kalif Raymond,DET,TAM,WR,0,0,0,0,0,0,0,0,3,3,17,0,4.7
2025,7,Sam LaPorta,DET,TAM,TE,0,0,0,0,0,0,0,0,3,3,15,0,4.5
2025,7,Chris Brooks,GNB,ARI,RB,0,0,0,0,0,0,0,0,1,0,0,0,0.0
2025,7,Dontayvion Wicks,GNB,ARI,WR,0,0,0,0,0,0,0,0,2,1,5,0,1.5
2025,7,Emanuel Wilson,GNB,ARI,RB,0,0,0,0,0,6,17,0,1,1,-2,0,2.5
2025,7,John FitzPatrick,GNB,ARI,TE,0,0,0,0,0,0,0,0,1,1,6,0,1.6
2025,7,Jordan Love,GNB,ARI,QB,29,19,179,1,0,4,22,0,0,0,0,0,13.36
2025,7,Josh Jacobs,GNB,ARI,RB,0,0,0,0,0,13,55,2,1,1,3,0,18.8
2025,7,Matthew Golden,GNB,ARI,WR,0,0,0,0,0,0,0,0,4,4,37,0,7.7
2025,7,Romeo Doubs,GNB,ARI,WR,0,0,0,0,0,0,0,0,8,6,72,0,13.2
2025,7,Tucker Kraft,GNB,ARI,TE,0,0,0,0,0,0,0,0,10,5,58,1,16.8
2025,7,Braxton Berrios,HOU,SEA,WR,0,0,0,0,0,0,0,0,3,1,-1,0,0.9
2025,7,C.J. Stroud,HOU,SEA,QB,49,23,229,1,1,2,25,0,0,0,0,0,13.66
2025,7,Dalton Schultz,HOU,SEA,TE,0,0,0,0,0,0,0,0,10,9,98,0,18.8
2025,7,Dare Ogunbowale,HOU,SEA,RB,0,0,0,0,0,0,0,0,1,0,0,0,0.0
2025,7,Jayden Higgins,HOU,SEA,WR,0,0,0,0,0,0,0,0,3,0,0,0,0.0
2025,7,Jaylin Noel,HOU,SEA,WR,0,0,0,0,0,0,0,0,7,4,77,0,11.7
2025,7,Nick Chubb,HOU,SEA,RB,0,0,0,0,0,5,16,0,3,1,-5,0,2.1
2025,7,Nico Collins,HOU,SEA,WR,0,0,0,0,0,0,0,0,10,4,27,0,6.7
2025,7,Woody Marks,HOU,SEA,RB,0,0,0,0,0,10,15,0,5,3,20,1,12.5
2025,7,Xavier Hutchinson,HOU,SEA,WR,0,0,0,0,0,0,0,0,4,1,13,0,2.3
2025,7,Adonai Mitchell,IND,LAC,WR,0,0,0,0,0,0,0,0,1,1,8,0,1.8
2025,7,Alec Pierce,IND,LAC,WR,0,0,0,0,0,0,0,0,10,5,98,0,14.8
2025,7,Ameer Abdullah,IND,LAC,RB,0,0,0,0,0,2,19,0,1,1,8,0,3.7
2025,7,Anthony Gould,IND,LAC,WR,0,0,0,0,0,0,0,0,1,1,3,0,1.3
2025,7,Daniel Jones,IND,LAC,QB,34,23,288,2,0,5,7,0,0,0,0,0,22.22
2025,7,Jonathan Taylor,IND,LAC,RB,0,0,0,0,0,16,94,3,3,3,38,0,34.2
2025,7,Michael Pittman,IND,LAC,WR,0,0,0,0,0,0,0,0,9,7,58,1,20.8
2025,7,Mo Alie-Cox,IND,LAC,TE,0,0,0,0,0,0,0,0,2,1,6,0,1.6
2025,7,Tyler Warren,IND,LAC,TE,0,0,0,0,0,0,0,0,5,4,69,1,16.9
2025,7,Bhayshul Tuten,JAX,LAR,RB,0,0,0,0,0,5,22,0,0,0,0,0,2.2
2025,7,Brian Thomas Jr.,JAX,LAR,WR,0,0,0,0,0,0,0,0,7,3,31,0,6.1
2025,7,Dyami Brown,JAX,LAR,WR,0,0,0,0,0,0,0,0,4,2,50,0,7.0
2025,7,Hunter Long,JAX,LAR,TE,0,0,0,0,0,0,0,0,3,2,16,0,3.6
2025,7,Johnny Mundt,JAX,LAR,TE,0,0,0,0,0,0,0,0,4,1,9,0,1.9
2025,7,LeQuint Allen Jr.,JAX,LAR,RB,0,0,0,0,0,0,0,0,1,1,4,0,1.4
2025,7,Parker Washington,JAX,LAR,WR,0,0,0,0,0,3,10,0,10,4,52,0,10.2
2025,7,Tim Patrick,JAX,LAR,WR,0,0,0,0,0,0,0,0,1,1,22,0,3.2
2025,7,Travis Etienne,JAX,LAR,RB,0,0,0,0,0,8,44,0,3,1,11,0,6.5
2025,7,Trevor Lawrence,JAX,LAR,QB,48,23,296,1,0,2,18,0,0,0,0,0,17.64
2025,7,Brashard Smith,KAN,LVR,RB,0,0,0,0,0,14,39,0,5,5,42,0,13.1
2025,7,Gardner Minshew,KAN,LVR,QB,0,0,0,0,0,3,-3,0,0,0,0,0,-0.3
2025,7,Isiah Pacheco,KAN,LVR,RB,0,0,0,0,0,15,57,1,2,1,-3,0,12.4
2025,7,JuJu Smith-Schuster,KAN,LVR,WR,0,0,0,0,0,0,0,0,3,3,35,0,6.5
2025,7,Kareem Hunt,KAN,LVR,RB,0,0,0,0,0,4,18,0,0,0,0,0,1.8
2025,7,Marquise Brown,KAN,LVR,WR,0,0,0,0,0,0,0,0,4,2,14,1,9.4
2025,7,Noah Gray,KAN,LVR,TE,0,0,0,0,0,0,0,0,1,1,28,0,3.8
2025,7,Patrick Mahomes,KAN,LVR,QB,35,26,286,3,0,4,28,0,0,0,0,0,26.24
2025,7,Rashee Rice,KAN,LVR,WR,0,0,0,0,0,0,0,0,10,7,42,2,23.2
2025,7,Travis Kelce,KAN,LVR,TE,0,0,0,0,0,0,0,0,3,3,54,0,8.4
2025,7,Tyquan Thornton,KAN,LVR,WR,0,0,0,0,0,0,0,0,2,1,39,0,4.9
2025,7,Xavier Worthy,KAN,LVR,WR,0,0,0,0,0,1,13,0,4,3,35,0,7.8
2025,7,Hassan Haskins,LAC,IND,RB,0,0,0,0,0,1,3,0,2,2,2,0,2.5
2025,7,Justin Herbert,LAC,IND,QB,55,37,420,3,2,6,31,0,0,0,0,0,27.9
2025,7,Keenan Allen,LAC,IND,WR,0,0,0,0,0,0,0,0,14,11,119,1,28.9
2025,7,Kimani Vidal,LAC,IND,RB,0,0,0,0,0,9,20,0,5,4,15,0,7.5
2025,7,Ladd McConkey,LAC,IND,WR,0,0,0,0,0,0,0,0,15,9,67,0,15.7
2025,7,Oronde Gadsden II,LAC,IND,TE,0,0,0,0,0,0,0,0,9,7,164,1,29.4
2025,7,Quentin Johnston,LAC,IND,WR,0,0,0,0,0,0,0,0,6,2,30,1,11.0
2025,7,Tre Harris,LAC,IND,WR,0,0,0,0,0,0,0,0,2,2,23,0,4.3
2025,7,Will Dissly,LAC,IND,TE,0,0,0,0,0,0,0,0,1,0,0,0,0.0
2025,7,Blake Corum,LAR,JAX,RB,0,0,0,0,0,12,37,0,1,1,6,0,5.3
2025,7,Colby Parkinson,LAR,JAX,TE,0,0,0,0,0,0,0,0,3,3,47,0,7.7
2025,7,Davante Adams,LAR,JAX,WR,0,0,0,0,0,0,0,0,8,5,35,3,26.5
2025,7,Davis Allen,LAR,JAX,TE,0,0,0,0,0,0,0,0,1,1,4,0,1.4
2025,7,Jimmy Garoppolo,LAR,JAX,QB,0,0,0,0,0,3,-3,0,0,0,0,0,-0.3
2025,7,Jordan Whittington,LAR,JAX,WR,0,0,0,0,0,0,0,0,4,2,9,0,2.9
2025,7,Konata Mumpfield,LAR,JAX,WR,0,0,0,0,0,0,0,0,1,1,5,1,7.5
2025,7,Kyren Williams,LAR,JAX,RB,0,0,0,0,0,12,54,0,3,2,11,0,8.5
2025,7,Matthew Stafford,LAR,JAX,QB,33,21,182,5,0,2,1,0,0,0,0,0,27.38
2025,7,Terrance Ferguson,LAR,JAX,TE,0,0,0,0,0,0,0,0,3,1,31,1,10.1
2025,7,Tyler Higbee,LAR,JAX,TE,0,0,0,0,0,0,0,0,6,3,19,0,4.9
2025,7,Xavier Smith,LAR,JAX,WR,0,0,0,0,0,0,0,0,3,2,15,0,3.5
2025,7,Ashton Jeanty,LVR,KAN,RB,0,0,0,0,0,6,21,0,1,1,13,0,4.4
2025,7,Carter Runyon,LVR,KAN,TE,0,0,0,0,0,0,0,0,1,1,3,0,1.3
2025,7,Dont'e Thornton Jr.,LVR,KAN,WR,0,0,0,0,0,0,0,0,3,0,0,0,0.0
2025,7,Dylan Laube,LVR,KAN,RB,0,0,0,0,0,2,3,0,1,1,1,0,1.4
2025,7,Geno Smith,LVR,KAN,QB,16,10,67,0,0,2,1,0,0,0,0,0,2.78
2025,7,Jack Bech,LVR,KAN,WR,0,0,0,0,0,0,0,0,2,2,13,0,3.3
2025,7,Kenny Pickett,LVR,KAN,QB,2,2,8,0,0,1,0,0,0,0,0,0,-1.68
2025,7,Michael Mayer,LVR,KAN,TE,0,0,0,0,0,0,0,0,2,1,10,0,2.0
2025,7,Raheem Mostert,LVR,KAN,RB,0,0,0,0,0,0,0,0,1,1,2,0,1.2
2025,7,Tre Tucker,LVR,KAN,WR,0,0,0,0,0,0,0,0,6,5,33,0,8.3
2025,7,De'Von Achane,MIA,CLE,RB,0,0,0,0,0,13,82,0,5,3,16,0,12.8
2025,7,Dee Eskridge,MIA,CLE,WR,0,0,0,0,0,0,0,0,2,2,45,0,6.5
2025,7,Jaylen Waddle,MIA,CLE,WR,0,0,0,0,0,0,0,0,4,1,15,0,2.5
2025,7,Julian Hill,MIA,CLE,TE,0,0,0,0,0,0,0,0,2,1,1,0,1.1
2025,7,Malik Washington,MIA,CLE,WR,0,0,0,0,0,0,0,0,8,5,30,0,8.0
2025,7,Nick Westbrook-Ikhine,MIA,CLE,WR,0,0,0,0,0,0,0,0,4,3,16,0,4.6
2025,7,Ollie Gordon II,MIA,CLE,RB,0,0,0,0,0,5,11,0,2,1,2,0,2.3
2025,7,Quinn Ewers,MIA,CLE,QB,8,5,53,0,0,1,0,0,0,0,0,0,2.12
2025,7,Tanner Conner,MIA,CLE,TE,0,0,0,0,0,0,0,0,3,1,28,0,3.8
2025,7,Tua Tagovailoa,MIA,CLE,QB,23,12,100,0,3,3,6,0,0,0,0,0,-1.4
2025,7,Adam Thielen,MIN,PHI,WR,0,0,0,0,0,0,0,0,2,1,10,0,2.0
2025,7,C.J. Ham,MIN,PHI,RB,0,0,0,0,0,0,0,0,1,1,5,0,1.5
2025,7,Carson Wentz,MIN,PHI,QB,42,26,313,0,2,4,28,0,0,0,0,0,11.32
2025,7,Jalen Nailor,MIN,PHI,WR,0,0,0,0,0,0,0,0,4,2,37,0,5.7
2025,7,Jordan Addison,MIN,PHI,WR,0,0,0,0,0,0,0,0,12,9,128,0,21.8
2025,7,Jordan Mason,MIN,PHI,RB,0,0,0,0,0,15,57,1,0,0,0,0,11.7
2025,7,Josh Oliver,MIN,PHI,TE,0,0,0,0,0,0,0,0,1,1,9,0,1.9
2025,7,Justin Jefferson,MIN,PHI,WR,0,0,0,0,0,0,0,0,10,5,79,0,12.9
2025,7,T.J. Hockenson,MIN,PHI,TE,0,0,0,0,0,0,0,0,9,6,43,0,10.3
2025,7,Zavier Scott,MIN,PHI,RB,0,0,0,0,0,4,4,0,1,1,2,0,1.6
2025,7,Alvin Kamara,NOR,CHI,RB,0,0,0,0,0,11,28,0,3,3,1,0,5.9
2025,7,Brandin Cooks,NOR,CHI,WR,0,0,0,0,0,0,0,0,1,1,3,0,1.3
2025,7,Chris Olave,NOR,CHI,WR,0,0,0,0,0,0,0,0,7,5,98,2,26.8
2025,7,Devin Neal,NOR,CHI,RB,0,0,0,0,0,1,1,0,0,0,0,0,0.1
2025,7,Jack Stoll,NOR,CHI,TE,0,0,0,0,0,0,0,0,1,0,0,0,0.0
2025,7,Juwan Johnson,NOR,CHI,TE,0,0,0,0,0,0,0,0,7,5,79,0,12.9
2025,7,Kendre Miller,NOR,CHI,RB,0,0,0,0,0,1,7,0,0,0,0,0,0.7
2025,7,Mason Tipton,NOR,CHI,WR,0,0,0,0,0,0,0,0,1,0,0,0,0.0
2025,7,Rashid Shaheed,NOR,CHI,WR,0,0,0,0,0,0,0,0,9,4,40,0,8.0
2025,7,Spencer Rattler,NOR,CHI,QB,32,20,233,2,3,2,12,0,0,0,0,0,10.52
2025,7,Taysom Hill,NOR,CHI,TE,0,0,0,0,0,2,-4,0,2,2,12,0,2.8
2025,7,Austin Hooper,NWE,TEN,TE,0,0,0,0,0,0,0,0,2,2,11,1,9.1
2025,7,DeMario Douglas,NWE,TEN,WR,0,0,0,0,0,0,0,0,3,3,17,0,4.7
2025,7,Drake Maye,NWE,TEN,QB,23,21,222,2,0,8,62,0,0,0,0,0,23.08
2025,7,Hunter Henry,NWE,TEN,TE,0,0,0,0,0,0,0,0,5,4,33,0,7.3
2025,7,Joshua Dobbs,NWE,TEN,QB,1,1,12,0,0,2,-2,0,0,0,0,0,0.28
2025,7,Kayshon Boutte,NWE,TEN,WR,0,0,0,0,0,0,0,0,2,2,55,1,13.5
2025,7,Kyle Williams,NWE,TEN,WR,0,0,0,0,0,0,0,0,1,0,0,0,0.0
2025,7,Mack Hollins,NWE,TEN,WR,0,0,0,0,0,1,4,0,2,2,49,0,7.3
2025,7,Rhamondre Stevenson,NWE,TEN,RB,0,0,0,0,0,18,88,1,2,2,0,0,16.8
2025,7,Stefon Diggs,NWE,TEN,WR,0,0,0,0,0,0,0,0,7,7,69,0,13.9
2025,7,Terrell Jennings,NWE,TEN,RB,0,0,0,0,0,5,18,0,0,0,0,0,1.8
2025,7,TreVeyon Henderson,NWE,TEN,RB,0,0,0,0,0,2,5,0,0,0,0,0,0.5
2025,7,Beaux Collins,NYG,DEN,WR,0,0,0,0,0,0,0,0,1,0,0,0,0.0
2025,7,Cam Skattebo,NYG,DEN,RB,0,0,0,0,0,16,60,0,6,3,34,1,18.4
2025,7,Daniel Bellinger,NYG,DEN,TE,0,0,0,0,0,0,0,0,4,3,88,1,17.8
2025,7,Devin Singletary,NYG,DEN,RB,0,0,0,0,0,2,2,0,0,0,0,0,0.2
2025,7,Jalin Hyatt,NYG,DEN,WR,0,0,0,0,0,0,0,0,1,0,0,0,0.0
2025,7,Jaxson Dart,NYG,DEN,QB,33,15,283,3,1,5,11,1,0,0,0,0,28.42
2025,7,Lil'Jordan Humphrey,NYG,DEN,WR,0,0,0,0,0,0,0,0,2,0,0,0,0.0
2025,7,Theo Johnson,NYG,DEN,TE,0,0,0,0,0,0,0,0,7,3,66,1,15.6
2025,7,Tyrone Tracy Jr.,NYG,DEN,RB,0,0,0,0,0,9,46,1,0,0,0,0,10.6
2025,7,Wan'Dale Robinson,NYG,DEN,WR,0,0,0,0,0,0,0,0,12,6,95,0,15.5
2025,7,Allen Lazard,NYJ,CAR,WR,0,0,0,0,0,0,0,0,3,2,16,0,3.6
2025,7,Arian Smith,NYJ,CAR,WR,0,0,0,0,0,0,0,0,3,1,0,0,1.0
2025,7,Breece Hall,NYJ,CAR,RB,0,0,0,0,0,11,38,0,3,2,14,0,7.2
2025,7,Isaiah Davis,NYJ,CAR,RB,0,0,0,0,0,2,10,0,4,2,22,0,5.2
2025,7,Jeremy Ruckert,NYJ,CAR,TE,0,0,0,0,0,0,0,0,1,0,0,0,0.0
2025,7,Josh Reynolds,NYJ,CAR,WR,0,0,0,0,0,0,0,0,9,3,29,0,5.9
2025,7,Justin Fields,NYJ,CAR,QB,12,6,46,0,0,4,22,0,0,0,0,0,4.04
2025,7,Mason Taylor,NYJ,CAR,TE,0,0,0,0,0,0,0,0,5,3,31,0,6.1
2025,7,Tyler Johnson,NYJ,CAR,WR,0,0,0,0,0,0,0,0,3,3,60,0,9.0
2025,7,Tyrod Taylor,NYJ,CAR,QB,22,10,126,0,2,3,11,0,0,0,0,0,2.14
2025,7,A.J. Brown,PHI,MIN,WR,0,0,0,0,0,0,0,0,6,4,121,2,28.1
2025,7,Dallas Goedert,PHI,MIN,TE,0,0,0,0,0,0,0,0,3,3,18,0,4.8
2025,7,DeVonta Smith,PHI,MIN,WR,0,0,0,0,0,0,0,0,11,9,183,1,33.3
2025,7,Jalen Hurts,PHI,MIN,QB,23,19,326,3,0,4,-10,0,0,0,0,0,24.04
2025,7,Saquon Barkley,PHI,MIN,RB,0,0,0,0,0,18,44,0,1,1,-2,0,5.2
2025,7,Tank Bigsby,PHI,MIN,RB,0,0,0,0,0,1,11,0,1,1,-1,0,2.0
2025,7,Will Shipley,PHI,MIN,RB,0,0,0,0,0,0,0,0,1,1,7,0,1.7
2025,7,Aaron Rodgers,PIT,CIN,QB,34,23,249,4,2,1,6,0,0,0,0,0,22.56
2025,7,Connor Heyward,PIT,CIN,RB,0,0,0,0,0,0,0,0,1,0,0,0,0.0
2025,7,DK Metcalf,PIT,CIN,WR,0,0,0,0,0,0,0,0,5,3,50,0,8.0
2025,7,Darnell Washington,PIT,CIN,TE,0,0,0,0,0,0,0,0,5,3,2,1,9.2
2025,7,Jaylen Warren,PIT,CIN,RB,0,0,0,0,0,16,127,0,5,4,31,0,19.8
2025,7,Jonnu Smith,PIT,CIN,TE,0,0,0,0,0,0,0,0,6,3,28,1,11.8
2025,7,Kenny Gainwell,PIT,CIN,RB,0,0,0,0,0,3,14,0,2,2,1,0,3.5
2025,7,Pat Freiermuth,PIT,CIN,TE,0,0,0,0,0,0,0,0,6,5,111,2,28.1
2025,7,Roman Wilson,PIT,CIN,WR,0,0,0,0,0,0,0,0,2,2,17,0,3.7
2025,7,Scott Miller,PIT,CIN,WR,0,0,0,0,0,0,0,0,1,1,9,0,1.9
2025,7,AJ Barner,SEA,HOU,TE,0,0,0,0,0,1,2,0,3,1,7,0,1.9
2025,7,Cooper Kupp,SEA,HOU,WR,1,0,0,0,1,0,0,0,1,1,32,0,2.2
2025,7,Elijah Arroyo,SEA,HOU,TE,0,0,0,0,0,0,0,0,5,4,42,0,6.2
2025,7,Jake Bobo,SEA,HOU,WR,0,0,0,0,0,0,0,0,1,1,3,0,1.3
2025,7,Jaxon Smith-Njigba,SEA,HOU,WR,0,0,0,0,0,0,0,0,14,8,123,1,26.3
2025,7,Kenneth Walker III,SEA,HOU,RB,0,0,0,0,0,17,66,0,0,0,0,0,6.6
2025,7,Sam Darnold,SEA,HOU,QB,31,17,213,1,1,3,1,0,0,0,0,0,8.62
2025,7,Tory Horton,SEA,HOU,WR,0,0,0,0,0,0,0,0,3,0,0,0,0.0
2025,7,Zach Charbonnet,SEA,HOU,RB,0,0,0,0,0,12,49,2,2,2,6,0,19.5
2025,7,Brian Robinson,SFO,ATL,RB,0,0,0,0,0,9,36,0,0,0,0,0,3.6
2025,7,Christian McCaffrey,SFO,ATL,RB,0,0,0,0,0,24,129,2,8,7,72,0,39.1
2025,7,Demarcus Robinson,SFO,ATL,WR,0,0,0,0,0,0,0,0,1,0,0,0,0.0
2025,7,George Kittle,SFO,ATL,TE,0,0,0,0,0,0,0,0,2,0,0,0,0.0
2025,7,Jauan Jennings,SFO,ATL,WR,0,0,0,0,0,0,0,0,7,4,31,0,7.1
2025,7,Kendrick Bourne,SFO,ATL,WR,0,0,0,0,0,0,0,0,2,2,14,0,3.4
2025,7,Kyle Juszczyk,SFO,ATL,RB,0,0,0,0,0,1,-2,0,1,1,10,0,1.8
2025,7,Luke Farrell,SFO,ATL,TE,0,0,0,0,0,0,0,0,1,1,11,0,2.1
2025,7,Mac Jones,SFO,ATL,QB,26,17,152,0,1,5,11,0,0,0,0,0,5.18
2025,7,Skyy Moore,SFO,ATL,WR,0,0,0,0,0,0,0,0,1,1,15,0,2.5
2025,7,Baker Mayfield,TAM,DET,QB,50,28,228,1,1,0,0,0,0,0,0,0,11.12
2025,7,Cade Otton,TAM,DET,TE,0,0,0,0,0,0,0,0,9,7,65,0,13.5
2025,7,Emeka Egbuka,TAM,DET,WR,0,0,0,0,0,0,0,0,12,4,58,0,9.8
2025,7,Kameron Johnson,TAM,DET,WR,0,0,0,0,0,0,0,0,1,0,0,0,0.0
2025,7,Mike Evans,TAM,DET,WR,0,0,0,0,0,0,0,0,4,0,0,0,0.0
2025,7,Rachaad White,TAM,DET,RB,0,0,0,0,0,10,38,0,6,4,6,0,8.4
2025,7,Ryan Miller,TAM,DET,WR,0,0,0,0,0,0,0,0,1,1,14,0,2.4
2025,7,Sean Tucker,TAM,DET,RB,0,0,0,0,0,1,4,0,1,1,2,0,1.6
2025,7,Sterling Shepard,TAM,DET,WR,0,0,0,0,0,0,0,0,7,7,25,0,7.5
2025,7,Teddy Bridgewater,TAM,DET,QB,0,0,0,0,0,1,-1,0,0,0,0,0,-0.1
2025,7,Tez Johnson,TAM,DET,WR,0,0,0,0,0,0,0,0,9,4,58,1,15.8
2025,7,Cam Ward,TEN,NWE,QB,34,25,255,1,1,0,0,0,0,0,0,0,10.2
2025,7,Chig Okonkwo,TEN,NWE,TE,0,0,0,0,0,0,0,0,2,0,0,0,0.0
2025,7,Chimere Dike,TEN,NWE,WR,0,0,0,0,0,1,-1,0,4,4,70,1,16.9
2025,7,Elic Ayomanor,TEN,NWE,WR,0,0,0,0,0,0,0,0,5,2,29,0,4.9
2025,7,Gunnar Helm,TEN,NWE,TE,0,0,0,0,0,0,0,0,5,4,36,0,7.6
2025,7,Tony Pollard,TEN,NWE,RB,0,0,0,0,0,6,18,0,6,6,43,0,12.1
2025,7,Tyjae Spears,TEN,NWE,RB,0,0,0,0,0,5,22,0,4,3,18,0,7.0
2025,7,Tyler Lockett,TEN,NWE,WR,0,0,0,0,0,0,0,0,2,2,18,0,3.8
2025,7,Van Jefferson,TEN,NWE,WR,0,0,0,0,0,0,0,0,4,4,41,0,8.1
2025,7,Chris Moore,WAS,DAL,WR,0,0,0,0,0,0,0,0,5,2,59,0,7.9
2025,7,Chris Rodriguez Jr.,WAS,DAL,RB,0,0,0,0,0,3,12,1,0,0,0,0,7.2
2025,7,Jacory Croskey-Merritt,WAS,DAL,RB,0,0,0,0,0,13,33,0,2,1,-1,0,4.2
2025,7,Jayden Daniels,WAS,DAL,QB,22,12,156,1,0,8,35,1,0,0,0,0,17.74
2025,7,Jaylin Lane,WAS,DAL,WR,0,0,0,0,0,0,0,0,6,3,60,0,9.0
2025,7,Jeremy McNichols,WAS,DAL,RB,0,0,0,0,0,2,22,0,3,2,23,0,6.5
2025,7,John Bates,WAS,DAL,TE,0,0,0,0,0,0,0,0,2,1,5,0,1.5
2025,7,Luke McCaffrey,WAS,DAL,WR,0,0,0,0,0,0,0,0,2,0,0,0,0.0
2025,7,Marcus Mariota,WAS,DAL,QB,10,4,63,0,1,2,34,0,0,0,0,0,3.92
2025,7,Robbie Chosen,WAS,DAL,WR,0,0,0,0,0,0,0,0,4,4,36,0,7.6
2025,7,Zach Ertz,WAS,DAL,TE,0,0,0,0,0,0,0,0,7,3,37,1,12.7
2025,8,Bijan Robinson,ATL,MIA,RB,0,0,0,0,0,9,25,0,3,3,23,0,5.8
2025,8,Casey Washington,ATL,MIA,WR,0,0,0,0,0,0,0,0,1,1,25,0,3.5
2025,8,Darnell Mooney,ATL,MIA,WR,0,0,0,0,0,0,0,0,4,1,11,0,2.1
2025,8,David Sills,ATL,MIA,WR,0,0,0,0,0,0,0,0,3,2,14,0,3.4
2025,8,KhaDarel Hodge,ATL,MIA,WR,0,0,0,0,0,0,0,0,8,3,31,0,6.1
2025,8,Kirk Cousins,ATL,MIA,QB,31,21,173,0,0,2,2,0,0,0,0,0,7.12
2025,8,Kyle Pitts,ATL,MIA,TE,0,0,0,0,0,0,0,0,9,9,59,0,14.9
2025,8,Nate Carter,ATL,MIA,RB,0,0,0,0,0,2,14,0,0,0,0,0,1.4
2025,8,Tyler Allgeier,ATL,MIA,RB,0,0,0,0,0,4,4,1,2,2,10,0,9.4
2025,8,Charlie Kolar,BAL,CHI,TE,0,0,0,0,0,0,0,0,1,1,10,1,8.0
2025,8,DeAndre Hopkins,BAL,CHI,WR,0,0,0,0,0,0,0,0,1,1,14,0,2.4
2025,8,Derrick Henry,BAL,CHI,RB,0,0,0,0,0,21,71,2,1,0,0,0,19.1
2025,8,Isaiah Likely,BAL,CHI,TE,0,0,0,0,0,0,0,0,2,2,8,0,2.8
2025,8,Justice Hill,BAL,CHI,RB,0,0,0,0,0,1,2,0,0,0,0,0,0.2
2025,8,Keaton Mitchell,BAL,CHI,RB,0,0,0,0,0,4,43,0,0,0,0,0,4.3
2025,8,Mark Andrews,BAL,CHI,TE,0,0,0,0,0,0,0,0,3,3,34,0,6.4
2025,8,Rashod Bateman,BAL,CHI,WR,0,0,0,0,0,0,0,0,4,2,51,0,7.1
2025,8,Tylan Wallace,BAL,CHI,WR,0,0,0,0,0,0,0,0,1,1,6,0,1.6
2025,8,Tyler Huntley,BAL,CHI,QB,22,17,186,1,0,8,53,0,0,0,0,0,16.74
2025,8,Zay Flowers,BAL,CHI,WR,0,0,0,0,0,1,8,0,9,7,63,0,14.1
2025,8,Dalton Kincaid,BUF,CAR,TE,0,0,0,0,0,0,0,0,3,1,23,0,3.3
2025,8,Dawson Knox,BUF,CAR,TE,0,0,0,0,0,0,0,0,1,1,15,0,2.5
2025,8,Elijah Moore,BUF,CAR,WR,0,0,0,0,0,0,0,0,4,1,14,0,2.4
2025,8,Jackson Hawes,BUF,CAR,TE,0,0,0,0,0,0,0,0,3,2,15,0,3.5
2025,8,James Cook,BUF,CAR,RB,0,0,0,0,0,19,216,2,0,0,0,0,33.6
2025,8,Josh Allen,BUF,CAR,QB,19,12,163,1,0,3,7,2,0,0,0,0,23.22
2025,8,Keon Coleman,BUF,CAR,WR,0,0,0,0,0,0,0,0,4,3,30,0,6.0
2025,8,Khalil Shakir,BUF,CAR,WR,0,0,0,0,0,0,0,0,7,6,88,1,20.8
2025,8,Mitchell Trubisky,BUF,CAR,QB,4,2,22,0,0,0,0,0,0,0,0,0,0.88
2025,8,Ray Davis,BUF,CAR,RB,0,0,0,0,0,9,16,0,1,0,0,0,1.6
2025,8,Ty Johnson,BUF,CAR,RB,0,0,0,0,0,4,6,0,0,0,0,0,0.6
2025,8,Andy Dalton,CAR,BUF,QB,24,16,175,0,1,2,1,0,0,0,0,0,1.1
2025,8,Chuba Hubbard,CAR,BUF,RB,0,0,0,0,0,12,34,1,1,0,0,0,9.4
2025,8,Ja'Tavion Sanders,CAR,BUF,TE,0,0,0,0,0,0,0,0,3,3,19,0,4.9
2025,8,Jalen Coker,CAR,BUF,WR,0,0,0,0,0,0,0,0,4,3,36,0,6.6
2025,8,Jimmy Horn Jr.,CAR,BUF,WR,0,0,0,0,0,2,9,0,1,0,0,0,0.9
2025,8,Rico Dowdle,CAR,BUF,RB,0,0,0,0,0,8,54,0,0,0,0,0,5.4
2025,8,Tetairoa McMillan,CAR,BUF,WR,0,0,0,0,0,0,0,0,10,7,99,0,16.9
2025,8,Tommy Tremble,CAR,BUF,TE,0,0,0,0,0,0,0,0,1,1,4,0,1.4
2025,8,Trevor Etienne,CAR,BUF,RB,0,0,0,0,0,4,16,0,0,0,0,0,1.6
2025,8,Xavier Legette,CAR,BUF,WR,0,0,0,0,0,0,0,0,3,2,17,0,3.7
2025,8,Caleb Williams,CHI,BAL,QB,38,25,285,0,1,3,24,0,0,0,0,0,11.8
2025,8,Colston Loveland,CHI,BAL,TE,0,0,0,0,0,0,0,0,5,3,38,0,6.8
2025,8,D'Andre Swift,CHI,BAL,RB,0,0,0,0,0,11,45,1,2,2,26,0,15.1
2025,8,DJ Moore,CHI,BAL,WR,0,0,0,0,0,2,3,0,7,4,73,0,11.6
2025,8,Devin Duvernay,CHI,BAL,WR,0,0,0,0,0,0,0,0,3,1,2,0,1.2
2025,8,Kyle Monangai,CHI,BAL,RB,0,0,0,0,0,7,24,0,0,0,0,0,2.4
2025,8,Luther Burden III,CHI,BAL,WR,0,0,0,0,0,0,0,0,1,1,-1,0,0.9
2025,8,Olamide Zaccheaus,CHI,BAL,WR,0,0,0,0,0,0,0,0,7,7,33,0,10.3
2025,8,Rome Odunze,CHI,BAL,WR,0,0,0,0,0,0,0,0,10,7,114,0,18.4
2025,8,Andrei Iosivas,CIN,NYJ,WR,0,0,0,0,0,0,0,0,3,0,0,0,0.0
2025,8,Chase Brown,CIN,NYJ,RB,0,0,0,0,0,12,73,1,3,3,32,1,25.5
2025,8,Ja'Marr Chase,CIN,NYJ,WR,0,0,0,0,0,0,0,0,19,12,91,0,21.1
2025,8,Joe Flacco,CIN,NYJ,QB,34,21,223,2,0,2,14,1,0,0,0,0,24.32
2025,8,Noah Fant,CIN,NYJ,TE,0,0,0,0,0,0,0,0,3,3,41,0,7.1
2025,8,Samaje Perine,CIN,NYJ,RB,0,0,0,0,0,9,94,1,1,1,6,0,17.0
2025,8,Tanner Hudson,CIN,NYJ,TE,0,0,0,0,0,0,0,0,2,1,9,0,1.9
2025,8,Tee Higgins,CIN,NYJ,WR,0,0,0,0,0,0,0,0,2,1,44,1,11.4
2025,8,David Njoku,CLE,NWE,TE,0,0,0,0,0,0,0,0,5,4,37,1,13.7
2025,8,Dillon Gabriel,CLE,NWE,QB,35,21,156,2,2,1,13,0,0,0,0,0,11.54
2025,8,Dylan Sampson,CLE,NWE,RB,0,0,0,0,0,3,0,0,6,5,29,0,7.9
2025,8,Gage Larvadain,CLE,NWE,WR,0,0,0,0,0,1,3,0,0,0,0,0,0.3
2025,8,Harold Fannin Jr.,CLE,NWE,TE,0,0,0,0,0,1,2,0,8,6,62,1,18.4
2025,8,Isaiah Bond,CLE,NWE,WR,0,0,0,0,0,0,0,0,4,0,0,0,0.0
2025,8,Jamari Thrash,CLE,NWE,WR,0,0,0,0,0,0,0,0,3,2,31,0,5.1
2025,8,Jerome Ford,CLE,NWE,RB,0,0,0,0,0,0,0,0,2,1,-1,0,0.9
2025,8,Jerry Jeudy,CLE,NWE,WR,0,0,0,0,0,0,0,0,2,0,0,0,0.0
2025,8,Malachi Corley,CLE,NWE,WR,0,0,0,0,0,1,31,0,0,0,0,0,3.1
2025,8,Quinshon Judkins,CLE,NWE,RB,0,0,0,0,0,9,19,0,3,3,-2,0,4.7
2025,8,Brevyn Spann-Ford,DAL,DEN,TE,0,0,0,0,0,0,0,0,1,1,9,0,1.9
2025,8,CeeDee Lamb,DAL,DEN,WR,0,0,0,0,0,1,2,0,10,7,74,0,14.6
2025,8,Dak Prescott,DAL,DEN,QB,31,19,188,0,2,6,31,0,0,0,0,0,6.62
2025,8,George Pickens,DAL,DEN,WR,0,0,0,0,0,0,0,0,9,7,78,0,14.8
2025,8,Hunter Luepke,DAL,DEN,RB,0,0,0,0,0,1,2,0,0,0,0,0,0.2
2025,8,Jake Ferguson,DAL,DEN,TE,0,0,0,0,0,0,0,0,1,0,0,0,0.0
2025,8,Jalen Tolbert,DAL,DEN,WR,0,0,0,0,0,0,0,0,2,2,47,1,12.7
2025,8,Javonte Williams,DAL,DEN,RB,0,0,0,0,0,13,41,2,2,1,8,0,17.9
2025,8,Jaydon Blue,DAL,DEN,RB,0,0,0,0,0,8,29,0,0,0,0,0,2.9
2025,8,Joe Milton III,DAL,DEN,QB,4,3,58,1,0,0,0,0,0,0,0,0,6.32
2025,8,KaVontae Turpin,DAL,DEN,WR,0,0,0,0,0,0,0,0,5,1,-2,0,0.8
2025,8,Luke Schoonmaker,DAL,DEN,TE,0,0,0,0,0,0,0,0,3,2,25,0,4.5
2025,8,Malik Davis,DAL,DEN,RB,0,0,0,0,0,2,3,0,0,0,0,0,0.3
2025,8,Ryan Flournoy,DAL,DEN,WR,0,0,0,0,0,0,0,0,2,1,7,0,1.7
2025,8,Bo Nix,DEN,DAL,QB,29,19,247,4,1,1,-1,0,0,0,0,0,23.78
2025,8,Courtland Sutton,DEN,DAL,WR,0,0,0,0,0,0,0,0,6,4,67,0,10.7
2025,8,Evan Engram,DEN,DAL,TE,0,0,0,0,0,0,0,0,4,4,36,0,7.6
2025,8,J.K. Dobbins,DEN,DAL,RB,0,0,0,0,0,15,111,0,2,2,10,0,14.1
2025,8,Jarrett Stidham,DEN,DAL,QB,0,0,0,0,0,1,-1,0,0,0,0,0,-0.1
2025,8,Marvin Mims Jr.,DEN,DAL,WR,0,0,0,0,0,3,18,0,1,0,0,0,1.8
2025,8,Nate Adkins,DEN,DAL,TE,0,0,0,0,0,0,0,0,1,0,0,0,0.0
2025,8,Pat Bryant,DEN,DAL,WR,0,0,0,0,0,0,0,0,4,2,40,1,12.0
2025,8,RJ Harvey,DEN,DAL,RB,0,0,0,0,0,7,46,2,1,1,5,1,24.1
2025,8,Troy Franklin,DEN,DAL,WR,0,0,0,0,0,0,0,0,8,6,89,2,26.9
2025,8,Tyler Badie,DEN,DAL,RB,0,0,0,0,0,1,6,0,0,0,0,0,0.6
2025,8,Christian Watson,GNB,PIT,WR,0,0,0,0,0,0,0,0,4,4,85,0,12.5
2025,8,Emanuel Wilson,GNB,PIT,RB,0,0,0,0,0,11,61,0,4,3,26,0,11.7
2025,8,John FitzPatrick,GNB,PIT,TE,0,0,0,0,0,0,0,0,1,1,4,0,1.4
2025,8,Jordan Love,GNB,PIT,QB,37,29,360,3,0,1,-1,0,0,0,0,0,28.3
2025,8,Josh Jacobs,GNB,PIT,RB,0,0,0,0,0,13,33,1,3,3,12,0,13.5
2025,8,Luke Musgrave,GNB,PIT,TE,0,0,0,0,0,0,0,0,1,1,5,0,1.5
2025,8,Malik Heath,GNB,PIT,WR,0,0,0,0,0,0,0,0,3,3,29,0,5.9
2025,8,Matthew Golden,GNB,PIT,WR,0,0,0,0,0,0,0,0,3,3,4,0,3.4
2025,8,Romeo Doubs,GNB,PIT,WR,0,0,0,0,0,0,0,0,6,3,44,0,9.4
2025,8,Savion Williams,GNB,PIT,WR,0,0,0,0,0,1,1,0,1,1,8,1,7.9
2025,8,Tucker Kraft,GNB,PIT,TE,0,0,0,0,0,0,0,0,9,7,143,2,33.3
2025,8,Braxton Berrios,HOU,SFO,WR,0,0,0,0,0,0,0,0,5,5,38,0,8.8
2025,8,C.J. Stroud,HOU,SFO,QB,39,30,318,2,1,7,30,0,0,0,0,0,21.72
2025,8,Dalton Schultz,HOU,SFO,TE,0,0,0,0,0,0,0,0,3,2,24,0,4.4
2025,8,Dare Ogunbowale,HOU,SFO,RB,0,0,0,0,0,1,9,0,1,1,8,0,2.7
2025,8,Harrison Bryant,HOU,SFO,TE,0,0,0,0,0,0,0,0,1,0,0,0,0.0
2025,8,Jared Wayne,HOU,SFO,WR,0,0,0,0,0,0,0,0,2,2,20,0,4.0
2025,8,Jayden Higgins,HOU,SFO,WR,0,0,0,0,0,0,0,0,8,4,34,1,13.4
2025,8,Jaylin Noel,HOU,SFO,WR,0,0,0,0,0,0,0,0,6,5,63,0,11.3
2025,8,Nick Chubb,HOU,SFO,RB,0,0,0,0,0,17,56,0,2,2,13,0,8.9
2025,8,Woody Marks,HOU,SFO,RB,0,0,0,0,0,11,62,0,4,4,49,0,15.1
2025,8,Xavier Hutchinson,HOU,SFO,WR,0,0,0,0,0,0,0,0,6,5,69,1,17.9
2025,8,Adonai Mitchell,IND,TEN,WR,0,0,0,0,0,0,0,0,1,0,0,0,0.0
2025,8,Alec Pierce,IND,TEN,WR,0,0,0,0,0,0,0,0,5,2,69,0,8.9
2025,8,Ameer Abdullah,IND,TEN,RB,0,0,0,0,0,2,5,0,1,1,3,0,1.8
2025,8,Andrew Ogletree,IND,TEN,TE,0,0,0,0,0,0,0,0,1,0,0,0,0.0
2025,8,Ashton Dulin,IND,TEN,WR,0,0,0,0,0,0,0,0,1,1,-8,0,0.2
2025,8,Daniel Jones,IND,TEN,QB,29,21,272,3,0,1,3,0,0,0,0,0,23.18
2025,8,Jonathan Taylor,IND,TEN,RB,0,0,0,0,0,12,153,2,2,2,21,1,37.4
2025,8,Josh Downs,IND,TEN,WR,0,0,0,0,0,0,0,0,3,3,39,1,12.9
2025,8,Michael Pittman,IND,TEN,WR,0,0,0,0,0,0,0,0,9,8,95,1,23.5
2025,8,Riley Leonard,IND,TEN,QB,2,0,0,0,0,1,1,0,0,0,0,0,0.1
2025,8,Tyler Goodson,IND,TEN,RB,0,0,0,0,0,2,2,0,0,0,0,0,0.2
2025,8,Tyler Warren,IND,TEN,TE,0,0,0,0,0,0,0,0,5,4,53,0,9.3
2025,8,Brashard Smith,KAN,WAS,RB,0,0,0,0,0,3,8,0,0,0,0,0,0.8
2025,8,Isiah Pacheco,KAN,WAS,RB,0,0,0,0,0,12,58,0,0,0,0,0,5.8
2025,8,JuJu Smith-Schuster,KAN,WAS,WR,0,0,0,0,0,0,0,0,2,2,29,0,4.9
2025,8,Kareem Hunt,KAN,WAS,RB,0,0,0,0,0,9,40,1,1,1,2,1,17.2
2025,8,Marquise Brown,KAN,WAS,WR,0,0,0,0,0,0,0,0,1,0,0,0,0.0
2025,8,Noah Gray,KAN,WAS,TE,0,0,0,0,0,0,0,0,4,2,23,0,4.3
2025,8,Patrick Mahomes,KAN,WAS,QB,34,25,299,3,2,4,30,0,0,0,0,0,22.96
2025,8,Rashee Rice,KAN,WAS,WR,0,0,0,0,0,2,12,0,9,9,93,1,25.5
2025,8,Travis Kelce,KAN,WAS,TE,0,0,0,0,0,0,0,0,8,6,99,1,21.9
2025,8,Xavier Worthy,KAN,WAS,WR,0,0,0,0,0,0,0,0,7,5,53,0,10.3
2025,8,Jaret Patterson,LAC,MIN,RB,0,0,0,0,0,11,30,0,0,0,0,0,3.0
2025,8,Justin Herbert,LAC,MIN,QB,25,18,227,3,1,7,62,0,0,0,0,0,25.28
2025,8,Keenan Allen,LAC,MIN,WR,0,0,0,0,0,0,0,0,5,4,44,0,8.4
2025,8,Kimani Vidal,LAC,MIN,RB,0,0,0,0,0,23,117,1,2,1,10,0,19.7
2025,8,Ladd McConkey,LAC,MIN,WR,0,0,0,0,0,0,0,0,10,6,88,1,20.8
2025,8,Nyheim Hines,LAC,MIN,RB,0,0,0,0,0,2,-2,0,0,0,0,0,-0.2
2025,8,Oronde Gadsden II,LAC,MIN,TE,0,0,0,0,0,0,0,0,5,5,77,1,18.7
2025,8,Tre Harris,LAC,MIN,WR,0,0,0,0,0,0,0,0,2,2,8,1,8.8
2025,8,Alec Ingold,MIA,ATL,RB,0,0,0,0,0,0,0,0,1,1,0,0,1.0
2025,8,Cedrick Wilson Jr.,MIA,ATL,WR,0,0,0,0,0,0,0,0,1,1,2,0,1.2
2025,8,De'Von Achane,MIA,ATL,RB,0,0,0,0,0,18,67,0,7,5,24,1,20.1
2025,8,Jaylen Waddle,MIA,ATL,WR,0,0,0,0,0,0,0,0,6,5,99,1,20.9
2025,8,Jaylen Wright,MIA,ATL,RB,0,0,0,0,0,9,28,0,1,1,0,0,3.8
2025,8,Malik Washington,MIA,ATL,WR,0,0,0,0,0,0,0,0,5,4,36,1,13.6
2025,8,Nick Westbrook-Ikhine,MIA,ATL,WR,0,0,0,0,0,0,0,0,3,1,18,0,2.8
2025,8,Ollie Gordon II,MIA,ATL,RB,0,0,0,0,0,10,46,0,1,1,20,1,13.6
2025,8,Tanner Conner,MIA,ATL,TE,0,0,0,0,0,0,0,0,2,2,6,0,2.6
2025,8,Tua Tagovailoa,MIA,ATL,QB,26,20,205,4,0,0,0,0,0,0,0,0,24.2
2025,8,Aaron Jones,MIN,LAC,RB,0,0,0,0,0,5,15,0,4,2,15,0,5.0
2025,8,Adam Thielen,MIN,LAC,WR,0,0,0,0,0,0,0,0,2,0,0,0,0.0
2025,8,Ben Yurosek,MIN,LAC,TE,0,0,0,0,0,0,0,0,2,1,5,0,1.5
2025,8,Carson Wentz,MIN,LAC,QB,27,15,144,1,1,0,0,0,0,0,0,0,7.76
2025,8,Jalen Nailor,MIN,LAC,WR,0,0,0,0,0,0,0,0,1,0,0,0,0.0
2025,8,Jordan Addison,MIN,LAC,WR,0,0,0,0,0,0,0,0,4,3,26,1,11.6
2025,8,Jordan Mason,MIN,LAC,RB,0,0,0,0,0,4,3,0,1,1,3,0,1.6
2025,8,Justin Jefferson,MIN,LAC,WR,0,0,0,0,0,0,0,0,11,7,74,0,14.4
2025,8,Max Brosmer,MIN,LAC,QB,4,3,13,0,0,0,0,0,0,0,0,0,0.52
2025,8,T.J. Hockenson,MIN,LAC,TE,0,0,0,0,0,0,0,0,3,2,26,0,4.6
2025,8,Zavier Scott,MIN,LAC,RB,0,0,0,0,0,2,16,0,2,2,8,0,4.4
2025,8,Alvin Kamara,NOR,TAM,RB,0,0,0,0,0,6,21,0,2,2,24,0,6.5
2025,8,Brandin Cooks,NOR,TAM,WR,0,0,0,0,0,0,0,0,4,3,22,0,5.2
2025,8,Chris Olave,NOR,TAM,WR,0,0,0,0,0,1,-3,0,12,8,63,0,14.0
2025,8,Devaughn Vele,NOR,TAM,WR,0,0,0,0,0,0,0,0,5,1,10,0,2.0
2025,8,Devin Neal,NOR,TAM,RB,0,0,0,0,0,0,0,0,3,3,11,0,4.1
2025,8,Foster Moreau,NOR,TAM,TE,0,0,0,0,0,0,0,0,1,0,0,0,0.0
2025,8,Jack Stoll,NOR,TAM,TE,0,0,0,0,0,0,0,0,1,0,0,0,0.0
2025,8,Juwan Johnson,NOR,TAM,TE,0,0,0,0,0,0,0,0,8,5,53,0,10.3
2025,8,Mason Tipton,NOR,TAM,WR,0,0,0,0,0,0,0,0,1,0,0,0,0.0
2025,8,Rashid Shaheed,NOR,TAM,WR,0,0,0,0,0,0,0,0,12,9,75,0,14.5
2025,8,Spencer Rattler,NOR,TAM,QB,21,15,136,0,1,3,12,0,0,0,0,0,2.64
2025,8,Taysom Hill,NOR,TAM,TE,0,0,0,0,0,2,6,0,1,1,6,0,2.2
2025,8,Tyler Shough,NOR,TAM,QB,30,17,128,0,1,3,12,0,0,0,0,0,4.32
2025,8,Austin Hooper,NWE,CLE,TE,0,0,0,0,0,0,0,0,2,2,38,0,5.8
2025,8,DeMario Douglas,NWE,CLE,WR,0,0,0,0,0,2,3,0,1,1,44,0,5.7
2025,8,Drake Maye,NWE,CLE,QB,24,18,282,3,1,7,50,0,0,0,0,0,26.28
2025,8,Hunter Henry,NWE,CLE,TE,0,0,0,0,0,0,0,0,1,1,7,1,7.7
2025,8,Kayshon Boutte,NWE,CLE,WR,0,0,0,0,0,0,0,0,5,3,75,1,16.5
2025,8,Mack Hollins,NWE,CLE,WR,0,0,0,0,0,0,0,0,7,7,89,0,15.9
2025,8,Rhamondre Stevenson,NWE,CLE,RB,0,0,0,0,0,14,34,0,2,1,15,0,5.9
2025,8,Stefon Diggs,NWE,CLE,WR,0,0,0,0,0,0,0,0,5,3,14,1,10.4
2025,8,Terrell Jennings,NWE,CLE,RB,0,0,0,0,0,2,15,0,0,0,0,0,1.5
2025,8,TreVeyon Henderson,NWE,CLE,RB,0,0,0,0,0,10,75,0,0,0,0,0,5.5
2025,8,Beaux Collins,NYG,PHI,WR,0,0,0,0,0,0,0,0,2,1,18,0,2.8
2025,8,Cam Skattebo,NYG,PHI,RB,0,0,0,0,0,3,12,0,2,1,18,1,10.0
2025,8,Daniel Bellinger,NYG,PHI,TE,0,0,0,0,0,0,0,0,1,1,21,0,3.1
2025,8,Darius Slayton,NYG,PHI,WR,0,0,0,0,0,0,0,0,5,2,26,0,4.6
2025,8,Devin Singletary,NYG,PHI,RB,0,0,0,0,0,2,0,0,1,1,28,0,3.8
2025,8,Jaxson Dart,NYG,PHI,QB,24,14,193,1,0,6,17,1,0,0,0,0,19.42
2025,8,Theo Johnson,NYG,PHI,TE,0,0,0,0,0,0,0,0,4,3,20,0,5.0
2025,8,Tyrone Tracy Jr.,NYG,PHI,RB,0,0,0,0,0,10,39,0,3,2,14,0,7.3
2025,8,Wan'Dale Robinson,NYG,PHI,WR,0,0,0,0,0,0,0,0,4,3,48,0,7.8
2025,8,Allen Lazard,NYJ,CIN,WR,0,0,0,0,0,0,0,0,2,1,5,0,1.5
2025,8,Andrew Beck,NYJ,CIN,RB,0,0,0,0,0,0,0,0,1,1,9,0,1.9
2025,8,Arian Smith,NYJ,CIN,WR,0,0,0,0,0,0,0,0,1,1,23,0,3.3
2025,8,Breece Hall,NYJ,CIN,RB,1,1,4,1,0,18,133,2,3,2,14,0,32.86
2025,8,Isaiah Davis,NYJ,CIN,RB,0,0,0,0,0,7,65,0,5,5,44,0,17.9
2025,8,Isaiah Williams,NYJ,CIN,WR,0,0,0,0,0,1,25,0,4,3,31,0,8.6
2025,8,Jeremy Ruckert,NYJ,CIN,TE,0,0,0,0,0,0,0,0,1,1,24,0,3.4
2025,8,Justin Fields,NYJ,CIN,QB,32,21,244,1,0,11,31,0,0,0,0,0,20.86
2025,8,Mason Taylor,NYJ,CIN,TE,0,0,0,0,0,0,0,0,8,5,34,1,14.4
2025,8,Tyler Johnson,NYJ,CIN,WR,0,0,0,0,0,0,0,0,5,3,64,1,15.4
2025,8,Dallas Goedert,PHI,NYG,TE,0,0,0,0,0,0,0,0,3,3,28,2,17.8
2025,8,DeVonta Smith,PHI,NYG,WR,0,0,0,0,0,0,0,0,9,6,84,0,14.4
2025,8,Jahan Dotson,PHI,NYG,WR,0,0,0,0,0,0,0,0,2,1,40,1,11.0
2025,8,Jalen Hurts,PHI,NYG,QB,20,15,179,4,0,4,22,0,0,0,0,0,25.36
2025,8,Saquon Barkley,PHI,NYG,RB,0,0,0,0,0,14,150,1,5,4,24,1,33.4
2025,8,Tank Bigsby,PHI,NYG,RB,0,0,0,0,0,9,104,0,0,0,0,0,10.4
2025,8,Tanner McKee,PHI,NYG,QB,0,0,0,0,0,3,-2,0,0,0,0,0,-0.2
2025,8,Will Shipley,PHI,NYG,RB,0,0,0,0,0,3,2,0,0,0,0,0,0.2
2025,8,Xavier Gipson,PHI,NYG,WR,0,0,0,0,0,0,0,0,1,1,3,0,1.3
2025,8,Aaron Rodgers,PIT,GNB,QB,36,24,219,2,0,0,0,0,0,0,0,0,16.76
2025,8,Ben Skowronek,PIT,GNB,WR,0,0,0,0,0,0,0,0,1,1,13,0,2.3
2025,8,Calvin Austin III,PIT,GNB,WR,0,0,0,0,0,0,0,0,6,4,28,0,6.8
2025,8,DK Metcalf,PIT,GNB,WR,0,0,0,0,0,0,0,0,7,5,55,1,16.5
2025,8,Jaylen Warren,PIT,GNB,RB,0,0,0,0,0,13,62,0,3,2,11,0,9.3
2025,8,Jonnu Smith,PIT,GNB,TE,0,0,0,0,0,0,0,0,3,2,17,0,3.7
2025,8,Kenny Gainwell,PIT,GNB,RB,0,0,0,0,0,5,31,0,2,2,4,0,3.5
2025,8,Pat Freiermuth,PIT,GNB,TE,0,0,0,0,0,0,0,0,4,3,13,0,4.3
2025,8,Roman Wilson,PIT,GNB,WR,0,0,0,0,0,0,0,0,5,4,74,1,17.4
2025,8,Christian McCaffrey,SFO,HOU,RB,0,0,0,0,0,8,25,0,6,3,43,0,9.8
2025,8,Demarcus Robinson,SFO,HOU,WR,0,0,0,0,0,0,0,0,3,2,5,0,4.5
2025,8,George Kittle,SFO,HOU,TE,0,0,0,0,0,0,0,0,5,4,43,1,14.3
2025,8,Jake Tonges,SFO,HOU,TE,0,0,0,0,0,0,0,0,1,1,2,1,7.2
2025,8,Jauan Jennings,SFO,HOU,WR,0,0,0,0,0,0,0,0,7,4,45,0,8.5
2025,8,Jordan Watkins,SFO,HOU,WR,0,0,0,0,0,0,0,0,2,1,7,0,1.7
2025,8,Kendrick Bourne,SFO,HOU,WR,0,0,0,0,0,0,0,0,4,3,44,0,7.4
2025,8,Kyle Juszczyk,SFO,HOU,RB,0,0,0,0,0,0,0,0,2,1,4,0,1.4
2025,8,Mac Jones,SFO,HOU,QB,32,19,193,2,1,2,23,0,0,0,0,0,18.02
2025,8,Skyy Moore,SFO,HOU,WR,0,0,0,0,0,0,0,0,1,0,0,0,0.0
2025,8,Baker Mayfield,TAM,NOR,QB,24,15,152,0,0,0,0,0,0,0,0,0,4.08
2025,8,Cade Otton,TAM,NOR,TE,0,0,0,0,0,0,0,0,5,4,40,0,8.0
2025,8,Emeka Egbuka,TAM,NOR,WR,0,0,0,0,0,0,0,0,9,3,35,0,6.5
2025,8,Josh Williams,TAM,NOR,RB,0,0,0,0,0,4,11,0,0,0,0,0,1.1
2025,8,Rachaad White,TAM,NOR,RB,0,0,0,0,0,13,35,0,2,2,26,0,8.1
2025,8,Sean Tucker,TAM,NOR,RB,0,0,0,0,0,12,42,1,0,0,0,0,10.2
2025,8,Sterling Shepard,TAM,NOR,WR,0,0,0,0,0,0,0,0,2,1,8,0,1.8
2025,8,Tez Johnson,TAM,NOR,WR,0,0,0,0,0,0,0,0,6,5,43,0,9.3
2025,8,Cam Ward,TEN,IND,QB,38,22,259,1,1,2,4,0,0,0,0,0,12.76
2025,8,Chig Okonkwo,TEN,IND,TE,0,0,0,0,0,0,0,0,5,4,53,0,9.3
2025,8,Chimere Dike,TEN,IND,WR,0,0,0,0,0,1,1,0,8,7,93,0,16.4
2025,8,Elic Ayomanor,TEN,IND,WR,0,0,0,0,0,0,0,0,8,4,52,0,9.2
2025,8,Gunnar Helm,TEN,IND,TE,0,0,0,0,0,0,0,0,3,2,23,1,10.3
2025,8,Julius Chestnut,TEN,IND,RB,0,0,0,0,0,2,5,0,0,0,0,0,0.5
2025,8,Tony Pollard,TEN,IND,RB,0,0,0,0,0,11,44,0,2,1,9,0,6.3
2025,8,Tyjae Spears,TEN,IND,RB,0,0,0,0,0,9,59,1,3,3,23,0,17.2
2025,8,Van Jefferson,TEN,IND,WR,0,0,0,0,0,0,0,0,8,1,6,0,1.6
2025,8,Ben Sinnott,WAS,KAN,TE,0,0,0,0,0,0,0,0,1,1,22,0,3.2
2025,8,Chris Rodriguez Jr.,WAS,KAN,RB,0,0,0,0,0,1,2,0,0,0,0,0,0.2
2025,8,Deebo Samuel Sr.,WAS,KAN,WR,0,0,0,0,0,1,1,0,6,3,11,0,4.2
2025,8,Jacory Croskey-Merritt,WAS,KAN,RB,0,0,0,0,0,9,25,0,1,0,0,0,2.5
2025,8,Jaylin Lane,WAS,KAN,WR,0,0,0,0,0,0,0,0,2,1,0,0,1.0
2025,8,Jeremy McNichols,WAS,KAN,RB,0,0,0,0,0,1,4,0,6,5,64,0,11.8
2025,8,John Bates,WAS,KAN,TE,0,0,0,0,0,0,0,0,1,1,22,0,3.2
2025,8,Luke McCaffrey,WAS,KAN,WR,0,0,0,0,0,0,0,0,3,3,24,0,5.4
2025,8,Marcus Mariota,WAS,KAN,QB,30,21,213,1,2,8,28,0,0,0,0,0,11.32
2025,8,Terry McLaurin,WAS,KAN,WR,0,0,0,0,0,0,0,0,4,3,54,1,14.4
2025,8,Zach Ertz,WAS,KAN,TE,0,0,0,0,0,0,0,0,6,4,16,0,5.6
2025,9,Bam Knight,ARI,DAL,RB,0,0,0,0,0,9,27,0,2,2,20,0,6.7
2025,9,Elijah Higgins,ARI,DAL,TE,0,0,0,0,0,0,0,0,3,3,30,0,6.0
2025,9,Emari Demercado,ARI,DAL,RB,0,0,0,0,0,14,79,0,1,1,-1,0,8.8
2025,9,Greg Dortch,ARI,DAL,WR,0,0,0,0,0,1,9,0,0,0,0,0,0.9
2025,9,Jacoby Brissett,ARI,DAL,QB,31,21,261,2,0,5,4,1,0,0,0,0,24.84
2025,9,Marvin Harrison Jr.,ARI,DAL,WR,0,0,0,0,0,0,0,0,10,7,96,1,22.6
2025,9,Michael Wilson,ARI,DAL,WR,0,0,0,0,0,0,0,0,4,3,61,0,9.1
2025,9,Trey McBride,ARI,DAL,TE,0,0,0,0,0,0,0,0,9,5,55,1,16.5
2025,9,Bijan Robinson,ATL,NWE,RB,0,0,0,0,0,12,46,0,10,8,50,0,17.6
2025,9,Darnell Mooney,ATL,NWE,WR,0,0,0,0,0,0,0,0,2,1,15,0,2.5
2025,9,David Sills,ATL,NWE,WR,0,0,0,0,0,0,0,0,1,0,0,0,0.0
2025,9,Drake London,ATL,NWE,WR,0,0,0,0,0,0,0,0,14,9,118,3,38.8
2025,9,Kyle Pitts,ATL,NWE,TE,0,0,0,0,0,0,0,0,7,4,38,0,7.8
2025,9,Michael Penix Jr.,ATL,NWE,QB,37,22,221,3,0,2,19,0,0,0,0,0,22.74
2025,9,Tyler Allgeier,ATL,NWE,RB,0,0,0,0,0,2,6,0,0,0,0,0,0.6
2025,9,Charlie Kolar,BAL,MIA,TE,0,0,0,0,0,0,0,0,2,2,23,1,10.3
2025,9,DeAndre Hopkins,BAL,MIA,WR,0,0,0,0,0,0,0,0,1,0,0,0,0.0
2025,9,Derrick Henry,BAL,MIA,RB,0,0,0,0,0,19,119,0,1,1,2,0,13.1
2025,9,Isaiah Likely,BAL,MIA,TE,0,0,0,0,0,0,0,0,4,3,60,0,9.0
2025,9,Justice Hill,BAL,MIA,RB,0,0,0,0,0,1,2,0,2,2,13,0,3.5
2025,9,Keaton Mitchell,BAL,MIA,RB,0,0,0,0,0,4,11,0,1,1,7,0,2.8
2025,9,Lamar Jackson,BAL,MIA,QB,23,18,204,4,0,5,14,0,0,0,0,0,25.56
2025,9,Mark Andrews,BAL,MIA,TE,0,0,0,0,0,2,4,0,3,2,22,2,16.6
2025,9,Rashod Bateman,BAL,MIA,WR,0,0,0,0,0,0,0,0,4,2,13,1,9.3
2025,9,Zay Flowers,BAL,MIA,WR,0,0,0,0,0,0,0,0,5,5,64,0,11.4
2025,9,Curtis Samuel,BUF,KAN,WR,0,0,0,0,0,0,0,0,1,1,6,0,1.6
2025,9,Dalton Kincaid,BUF,KAN,TE,0,0,0,0,0,0,0,0,6,6,101,1,22.1
2025,9,Dawson Knox,BUF,KAN,TE,0,0,0,0,0,0,0,0,1,1,30,0,4.0
2025,9,Elijah Moore,BUF,KAN,WR,0,0,0,0,0,0,0,0,1,1,28,0,3.8
2025,9,Jackson Hawes,BUF,KAN,TE,0,0,0,0,0,0,0,0,2,1,18,0,2.8
2025,9,James Cook,BUF,KAN,RB,0,0,0,0,0,27,114,0,1,1,11,0,13.5
2025,9,Josh Allen,BUF,KAN,QB,26,23,273,1,0,6,19,2,0,0,0,0,28.82
2025,9,Keon Coleman,BUF,KAN,WR,0,0,0,0,0,0,0,0,2,2,17,0,3.7
2025,9,Khalil Shakir,BUF,KAN,WR,0,0,0,0,0,0,0,0,8,7,43,0,11.3
2025,9,Ty Johnson,BUF,KAN,RB,0,0,0,0,0,2,8,1,2,2,12,0,10.0
2025,9,Tyrell Shavers,BUF,KAN,WR,0,0,0,0,0,0,0,0,1,1,7,0,1.7
2025,9,Bryce Young,CAR,GNB,QB,20,11,102,0,1,2,9,0,0,0,0,0,2.98
2025,9,Brycen Tremayne,CAR,GNB,WR,0,0,0,0,0,0,0,0,1,1,8,0,1.8
2025,9,Chuba Hubbard,CAR,GNB,RB,0,0,0,0,0,5,17,0,1,0,0,0,1.7
2025,9,Ja'Tavion Sanders,CAR,GNB,TE,0,0,0,0,0,0,0,0,1,1,5,0,1.5
2025,9,Jalen Coker,CAR,GNB,WR,0,0,0,0,0,0,0,0,1,1,9,0,1.9
2025,9,Jimmy Horn Jr.,CAR,GNB,WR,0,0,0,0,0,1,7,0,2,1,1,0,1.8
2025,9,Rico Dowdle,CAR,GNB,RB,0,0,0,0,0,25,130,2,3,2,11,0,28.1
2025,9,Tetairoa McMillan,CAR,GNB,WR,0,0,0,0,0,0,0,0,6,4,46,0,8.6
2025,9,Tommy Tremble,CAR,GNB,TE,0,0,0,0,0,0,0,0,1,0,0,0,0.0
2025,9,Xavier Legette,CAR,GNB,WR,0,0,0,0,0,0,0,0,3,1,22,0,3.2
2025,9,Brittain Brown,CHI,CIN,RB,0,0,0,0,0,5,37,1,1,0,0,0,9.7
2025,9,Caleb Williams,CHI,CIN,QB,34,20,280,3,0,5,53,0,2,2,22,1,38.7
2025,9,Cole Kmet,CHI,CIN,TE,1,0,0,0,0,0,0,0,2,1,10,0,2.0
2025,9,Colston Loveland,CHI,CIN,TE,0,0,0,0,0,0,0,0,7,6,118,2,29.8
2025,9,DJ Moore,CHI,CIN,WR,1,1,2,1,0,1,17,1,6,4,72,0,22.98
2025,9,Kyle Monangai,CHI,CIN,RB,0,0,0,0,0,26,176,0,5,3,22,0,22.8
2025,9,Olamide Zaccheaus,CHI,CIN,WR,0,0,0,0,0,0,0,0,8,6,58,1,17.8
2025,9,Rome Odunze,CHI,CIN,WR,0,0,0,0,0,0,0,0,3,0,0,0,0.0
2025,9,Andrei Iosivas,CIN,CHI,WR,0,0,0,0,0,1,4,0,7,5,66,1,18.0
2025,9,Chase Brown,CIN,CHI,RB,0,0,0,0,0,11,37,0,14,8,75,0,19.2
2025,9,Ja'Marr Chase,CIN,CHI,WR,0,0,0,0,0,0,0,0,8,6,111,0,17.1
2025,9,Joe Flacco,CIN,CHI,QB,47,31,470,4,2,1,-1,0,0,0,0,0,30.7
2025,9,Mitchell Tinsley,CIN,CHI,WR,0,0,0,0,0,0,0,0,2,1,27,0,3.7
2025,9,Noah Fant,CIN,CHI,TE,0,0,0,0,0,0,0,0,3,2,28,1,10.8
2025,9,Samaje Perine,CIN,CHI,RB,0,0,0,0,0,1,5,0,0,0,0,0,0.5
2025,9,Tahj Brooks,CIN,CHI,RB,0,0,0,0,0,1,1,0,0,0,0,0,0.1
2025,9,Tanner Hudson,CIN,CHI,TE,0,0,0,0,0,0,0,0,2,2,42,0,6.2
2025,9,Tee Higgins,CIN,CHI,WR,0,0,0,0,0,0,0,0,9,7,121,2,33.1
2025,9,CeeDee Lamb,DAL,ARI,WR,0,0,0,0,0,0,0,0,12,7,85,0,15.5
2025,9,Dak Prescott,DAL,ARI,QB,39,24,250,1,1,4,34,0,0,0,0,0,15.4
2025,9,George Pickens,DAL,ARI,WR,0,0,0,0,0,0,0,0,9,6,79,0,13.9
2025,9,Jake Ferguson,DAL,ARI,TE,0,0,0,0,0,0,0,0,7,5,50,0,8.0
2025,9,Javonte Williams,DAL,ARI,RB,0,0,0,0,0,15,83,0,1,1,0,0,7.3
2025,9,KaVontae Turpin,DAL,ARI,WR,0,0,0,0,0,1,3,0,3,2,10,0,3.3
2025,9,Luke Schoonmaker,DAL,ARI,TE,0,0,0,0,0,0,0,0,2,1,14,0,2.4
2025,9,Malik Davis,DAL,ARI,RB,0,0,0,0,0,1,3,0,0,0,0,0,0.3
2025,9,Ryan Flournoy,DAL,ARI,WR,0,0,0,0,0,0,0,0,2,2,12,1,9.2
2025,9,Adam Prentice,DEN,HOU,RB,0,0,0,0,0,1,2,0,0,0,0,0,0.2
2025,9,Adam Trautman,DEN,HOU,TE,0,0,0,0,0,0,0,0,2,2,25,0,4.5
2025,9,Bo Nix,DEN,HOU,QB,37,18,173,2,1,3,36,0,0,0,0,0,18.52
2025,9,Courtland Sutton,DEN,HOU,WR,0,0,0,0,0,0,0,0,6,1,30,1,10.0
2025,9,Evan Engram,DEN,HOU,TE,0,0,0,0,0,0,0,0,3,0,0,0,0.0
2025,9,J.K. Dobbins,DEN,HOU,RB,0,0,0,0,0,15,61,0,1,1,-2,0,6.9
2025,9,Michael Bandy,DEN,HOU,WR,0,0,0,0,0,0,0,0,1,1,16,0,2.6
2025,9,Pat Bryant,DEN,HOU,WR,0,0,0,0,0,0,0,0,3,2,20,0,4.0
2025,9,RJ Harvey,DEN,HOU,RB,0,0,0,0,0,2,5,0,5,5,51,1,16.6
2025,9,Troy Franklin,DEN,HOU,WR,0,0,0,0,0,2,-4,0,10,4,27,0,8.3
2025,9,Tyler Badie,DEN,HOU,RB,0,0,0,0,0,0,0,0,3,2,6,0,2.6
2025,9,Amon-Ra St. Brown,DET,MIN,WR,0,0,0,0,0,0,0,0,13,9,97,0,18.7
2025,9,Brock Wright,DET,MIN,TE,0,0,0,0,0,0,0,0,1,1,11,0,2.1
2025,9,David Montgomery,DET,MIN,RB,0,0,0,0,0,11,40,1,4,2,10,0,11.0
2025,9,Jahmyr Gibbs,DET,MIN,RB,0,0,0,0,0,9,25,0,3,3,3,0,5.8
2025,9,Jameson Williams,DET,MIN,WR,0,0,0,0,0,0,0,0,6,4,66,1,16.6
2025,9,Jared Goff,DET,MIN,QB,37,25,284,2,0,0,0,0,0,0,0,0,19.36
2025,9,Kalif Raymond,DET,MIN,WR,0,0,0,0,0,0,0,0,1,0,0,0,0.0
2025,9,Sam LaPorta,DET,MIN,TE,0,0,0,0,0,0,0,0,8,6,97,1,21.7
2025,9,Chris Brooks,GNB,CAR,RB,0,0,0,0,0,0,0,0,2,2,24,0,4.4
2025,9,Christian Watson,GNB,CAR,WR,0,0,0,0,0,0,0,0,4,2,58,0,7.8
2025,9,Emanuel Wilson,GNB,CAR,RB,0,0,0,0,0,6,16,0,2,1,1,0,2.7
2025,9,Jordan Love,GNB,CAR,QB,37,26,273,0,1,1,1,0,0,0,0,0,9.02
2025,9,Josh Jacobs,GNB,CAR,RB,0,0,0,0,0,17,87,1,5,4,13,0,20.0
2025,9,Luke Musgrave,GNB,CAR,TE,0,0,0,0,0,0,0,0,3,3,34,0,6.4
2025,9,Malik Heath,GNB,CAR,WR,0,0,0,0,0,0,0,0,1,1,11,0,2.1
2025,9,Matthew Golden,GNB,CAR,WR,0,0,0,0,0,0,0,0,3,2,9,0,2.9
2025,9,Romeo Doubs,GNB,CAR,WR,0,0,0,0,0,0,0,0,10,7,91,0,16.1
2025,9,Savion Williams,GNB,CAR,WR,0,0,0,0,0,1,0,0,2,2,12,0,1.2
2025,9,Tucker Kraft,GNB,CAR,TE,0,0,0,0,0,0,0,0,3,2,20,0,4.0
2025,9,British Brooks,HOU,DEN,RB,0,0,0,0,0,2,0,0,0,0,0,0,0.0
2025,9,C.J. Stroud,HOU,DEN,QB,10,6,79,0,0,2,12,0,0,0,0,0,4.36
2025,9,Christian Kirk,HOU,DEN,WR,0,0,0,0,0,0,0,0,8,4,26,0,6.6
2025,9,Dalton Schultz,HOU,DEN,TE,0,0,0,0,0,0,0,0,8,6,77,0,13.7
2025,9,Dare Ogunbowale,HOU,DEN,RB,0,0,0,0,0,0,0,0,1,1,2,0,1.2
2025,9,Davis Mills,HOU,DEN,QB,30,17,137,0,0,2,7,0,0,0,0,0,6.18
2025,9,Harrison Bryant,HOU,DEN,TE,0,0,0,0,0,0,0,0,2,1,2,0,1.2
2025,9,Jayden Higgins,HOU,DEN,WR,0,0,0,0,0,0,0,0,1,1,4,0,1.4
2025,9,Jaylin Noel,HOU,DEN,WR,0,0,0,0,0,1,-3,0,0,0,0,0,-0.3
2025,9,Nick Chubb,HOU,DEN,RB,0,0,0,0,0,11,34,0,0,0,0,0,3.4
2025,9,Nico Collins,HOU,DEN,WR,0,0,0,0,0,0,0,0,11,7,75,0,14.5
2025,9,Woody Marks,HOU,DEN,RB,0,0,0,0,0,10,27,0,3,0,0,0,2.7
2025,9,Xavier Hutchinson,HOU,DEN,WR,0,0,0,0,0,0,0,0,5,3,30,0,6.0
2025,9,Adonai Mitchell,IND,PIT,WR,0,0,0,0,0,0,0,0,1,1,7,0,1.7
2025,9,Alec Pierce,IND,PIT,WR,0,0,0,0,0,0,0,0,13,6,115,0,17.5
2025,9,Ameer Abdullah,IND,PIT,RB,0,0,0,0,0,1,3,0,1,1,2,0,1.5
2025,9,Daniel Jones,IND,PIT,QB,50,31,342,1,3,3,4,1,0,0,0,0,14.08
2025,9,Jonathan Taylor,IND,PIT,RB,0,0,0,0,0,14,45,0,2,2,12,0,7.7
2025,9,Josh Downs,IND,PIT,WR,0,0,0,0,0,0,0,0,9,6,57,1,17.7
2025,9,Michael Pittman,IND,PIT,WR,0,0,0,0,0,0,0,0,12,9,115,0,20.5
2025,9,Mo Alie-Cox,IND,PIT,TE,0,0,0,0,0,0,0,0,1,0,0,0,0.0
2025,9,Tyler Goodson,IND,PIT,RB,0,0,0,0,0,0,0,0,2,1,8,0,1.8
2025,9,Tyler Warren,IND,PIT,TE,0,0,0,0,0,0,0,0,7,5,26,0,7.6
2025,9,Austin Trammell,JAX,LVR,WR,0,0,0,0,0,0,0,0,1,0,0,0,0.0
2025,9,Bhayshul Tuten,JAX,LVR,RB,0,0,0,0,0,9,29,1,1,1,-3,0,9.6
2025,9,Brian Thomas Jr.,JAX,LVR,WR,0,0,0,0,0,0,0,0,5,3,55,0,8.5
2025,9,Dyami Brown,JAX,LVR,WR,0,0,0,0,0,1,4,0,7,3,25,0,5.9
2025,9,Hunter Long,JAX,LVR,TE,0,0,0,0,0,0,0,0,3,1,6,0,1.6
2025,9,LeQuint Allen Jr.,JAX,LVR,RB,0,0,0,0,0,1,10,0,1,1,1,0,2.1
2025,9,Parker Washington,JAX,LVR,WR,0,0,0,0,0,0,0,0,9,8,90,0,17.0
2025,9,Tim Jones,JAX,LVR,WR,0,0,0,0,0,0,0,0,1,1,15,0,2.5
2025,9,Travis Etienne,JAX,LVR,RB,0,0,0,0,0,22,84,0,5,5,31,0,16.5
2025,9,Trevor Lawrence,JAX,LVR,QB,34,23,220,0,1,9,24,2,0,0,0,0,21.2
2025,9,Brashard Smith,KAN,BUF,RB,0,0,0,0,0,3,7,0,1,0,0,0,0.7
2025,9,Clyde Edwards-Helaire,KAN,BUF,RB,0,0,0,0,0,2,5,0,0,0,0,0,0.5
2025,9,JuJu Smith-Schuster,KAN,BUF,WR,0,0,0,0,0,0,0,0,1,1,2,0,1.2
2025,9,Kareem Hunt,KAN,BUF,RB,0,0,0,0,0,11,49,1,2,1,6,0,12.5
2025,9,Marquise Brown,KAN,BUF,WR,0,0,0,0,0,0,0,0,4,2,73,0,9.3
2025,9,Noah Gray,KAN,BUF,TE,0,0,0,0,0,0,0,0,1,0,0,0,0.0
2025,9,Patrick Mahomes,KAN,BUF,QB,34,15,250,0,1,1,5,0,0,0,0,0,10.5
2025,9,Rashee Rice,KAN,BUF,WR,0,0,0,0,0,2,6,1,7,4,80,0,18.6
2025,9,Travis Kelce,KAN,BUF,TE,0,0,0,0,0,0,0,0,5,4,66,0,12.6
2025,9,Tyquan Thornton,KAN,BUF,WR,0,0,0,0,0,0,0,0,1,0,0,0,0.0
2025,9,Xavier Worthy,KAN,BUF,WR,0,0,0,0,0,1,7,0,7,3,23,0,6.0
2025,9,Jaret Patterson,LAC,TEN,RB,0,0,0,0,0,9,44,0,0,0,0,0,4.4
2025,9,Justin Herbert,LAC,TEN,QB,29,19,250,2,1,9,57,1,0,0,0,0,27.7
2025,9,KeAndre Lambert-Smith,LAC,TEN,WR,0,0,0,0,0,0,0,0,1,0,0,0,0.0
2025,9,Keenan Allen,LAC,TEN,WR,0,0,0,0,0,0,0,0,5,2,41,0,6.1
2025,9,Kimani Vidal,LAC,TEN,RB,0,0,0,0,0,12,30,0,1,0,0,0,3.0
2025,9,Ladd McConkey,LAC,TEN,WR,0,0,0,0,0,0,0,0,6,4,56,0,9.6
2025,9,Oronde Gadsden II,LAC,TEN,TE,0,0,0,0,0,0,0,0,5,5,68,0,11.8
2025,9,Quentin Johnston,LAC,TEN,WR,0,0,0,0,0,0,0,0,6,4,53,1,15.3
2025,9,Tre Harris,LAC,TEN,WR,0,0,0,0,0,0,0,0,2,2,18,0,3.8
2025,9,Tucker Fisk,LAC,TEN,TE,0,0,0,0,0,0,0,0,1,1,12,0,2.2
2025,9,Blake Corum,LAR,NOR,RB,0,0,0,0,0,13,58,0,0,0,0,0,5.8
2025,9,Colby Parkinson,LAR,NOR,TE,0,0,0,0,0,0,0,0,2,2,10,0,3.0
2025,9,Davante Adams,LAR,NOR,WR,0,0,0,0,0,0,0,0,7,5,60,2,23.0
2025,9,Davis Allen,LAR,NOR,TE,0,0,0,0,0,0,0,0,4,3,37,0,6.7
2025,9,Kyren Williams,LAR,NOR,RB,0,0,0,0,0,25,114,1,0,0,0,0,17.4
2025,9,Matthew Stafford,LAR,NOR,QB,32,24,281,4,0,4,-4,0,0,0,0,0,26.84
2025,9,Puka Nacua,LAR,NOR,WR,0,0,0,0,0,1,3,0,8,7,95,1,22.8
2025,9,Terrance Ferguson,LAR,NOR,TE,0,0,0,0,0,0,0,0,3,2,54,0,7.4
2025,9,Tyler Higbee,LAR,NOR,TE,0,0,0,0,0,0,0,0,4,3,13,1,10.3
2025,9,Xavier Smith,LAR,NOR,WR,0,0,0,0,0,0,0,0,3,2,12,0,3.2
2025,9,Ashton Jeanty,LVR,JAX,RB,0,0,0,0,0,13,42,0,5,5,47,1,19.9
2025,9,Brock Bowers,LVR,JAX,TE,0,0,0,0,0,1,6,0,13,12,127,3,43.3
2025,9,Geno Smith,LVR,JAX,QB,39,29,284,4,1,5,9,0,0,0,0,0,26.26
2025,9,Ian Thomas,LVR,JAX,TE,0,0,0,0,0,0,0,0,1,1,9,0,1.9
2025,9,Jakobi Meyers,LVR,JAX,WR,0,0,0,0,0,0,0,0,6,4,23,0,6.3
2025,9,Michael Mayer,LVR,JAX,TE,0,0,0,0,0,0,0,0,7,3,26,0,5.6
2025,9,Raheem Mostert,LVR,JAX,RB,0,0,0,0,0,0,0,0,1,1,14,0,2.4
2025,9,Tre Tucker,LVR,JAX,WR,0,0,0,0,0,0,0,0,4,3,38,0,6.8
2025,9,Tyler Lockett,LVR,JAX,WR,0,0,0,0,0,0,0,0,1,0,0,0,0.0
2025,9,Cedrick Wilson Jr.,MIA,BAL,WR,0,0,0,0,0,0,0,0,1,1,7,0,1.7
2025,9,De'Von Achane,MIA,BAL,RB,0,0,0,0,0,14,67,0,10,6,39,0,16.6
2025,9,Dee Eskridge,MIA,BAL,WR,0,0,0,0,0,0,0,0,1,0,0,0,0.0
2025,9,Greg Dulcich,MIA,BAL,TE,0,0,0,0,0,0,0,0,5,5,49,0,9.9
2025,9,Jaylen Waddle,MIA,BAL,WR,0,0,0,0,0,0,0,0,9,6,82,0,14.2
2025,9,Malik Washington,MIA,BAL,WR,0,0,0,0,0,3,13,0,3,3,48,0,7.1
2025,9,Nick Westbrook-Ikhine,MIA,BAL,WR,0,0,0,0,0,0,0,0,4,2,22,0,4.2
2025,9,Ollie Gordon II,MIA,BAL,RB,0,0,0,0,0,2,6,0,1,1,3,0,1.9
2025,9,Tahj Washington,MIA,BAL,WR,0,0,0,0,0,0,0,0,2,1,11,0,0.1
2025,9,Tanner Conner,MIA,BAL,TE,0,0,0,0,0,0,0,0,1,0,0,0,0.0
2025,9,Tua Tagovailoa,MIA,BAL,QB,40,25,261,0,1,1,1,0,0,0,0,0,8.54
2025,9,Aaron Jones,MIN,DET,RB,0,0,0,0,0,9,78,0,2,2,20,0,11.8
2025,9,J.J. McCarthy,MIN,DET,QB,25,14,143,2,1,9,12,1,0,0,0,0,18.92
2025,9,Jalen Nailor,MIN,DET,WR,0,0,0,0,0,0,0,0,4,1,16,0,2.6
2025,9,Jordan Addison,MIN,DET,WR,0,0,0,0,0,1,16,0,4,2,48,0,8.4
2025,9,Jordan Mason,MIN,DET,RB,0,0,0,0,0,10,36,0,1,1,1,0,4.7
2025,9,Justin Jefferson,MIN,DET,WR,0,0,0,0,0,0,0,0,9,6,47,1,16.7
2025,9,T.J. Hockenson,MIN,DET,TE,0,0,0,0,0,0,0,0,3,2,11,1,9.1
2025,9,Alvin Kamara,NOR,LAR,RB,0,0,0,0,0,6,14,0,3,1,3,0,0.7
2025,9,Brandin Cooks,NOR,LAR,WR,0,0,0,0,0,0,0,0,3,2,16,0,3.6
2025,9,Chris Olave,NOR,LAR,WR,0,0,0,0,0,0,0,0,4,3,57,0,8.7
2025,9,Devin Neal,NOR,LAR,RB,0,0,0,0,0,3,11,0,1,1,1,0,2.2
2025,9,Juwan Johnson,NOR,LAR,TE,0,0,0,0,0,0,0,0,4,3,31,1,12.1
2025,9,Rashid Shaheed,NOR,LAR,WR,0,0,0,0,0,0,0,0,9,5,68,0,11.8
2025,9,Taysom Hill,NOR,LAR,TE,1,0,0,0,0,4,30,0,0,0,0,0,3.0
2025,9,Tyler Shough,NOR,LAR,QB,24,15,176,1,1,1,2,0,0,0,0,0,9.24
2025,9,Austin Hooper,NWE,ATL,TE,0,0,0,0,0,0,0,0,1,1,20,0,3.0
2025,9,DeMario Douglas,NWE,ATL,WR,0,0,0,0,0,0,0,0,6,4,100,1,20.0
2025,9,Drake Maye,NWE,ATL,QB,29,19,259,2,1,8,20,0,0,0,0,0,16.36
2025,9,Hunter Henry,NWE,ATL,TE,0,0,0,0,0,0,0,0,6,4,51,0,9.1
2025,9,Kayshon Boutte,NWE,ATL,WR,0,0,0,0,0,0,0,0,1,0,0,0,0.0
2025,9,Kyle Williams,NWE,ATL,WR,0,0,0,0,0,0,0,0,1,0,0,0,0.0
2025,9,Mack Hollins,NWE,ATL,WR,0,0,0,0,0,0,0,0,2,2,9,0,2.9
2025,9,Stefon Diggs,NWE,ATL,WR,0,0,0,0,0,0,0,0,4,3,38,1,12.8
2025,9,Terrell Jennings,NWE,ATL,RB,0,0,0,0,0,11,35,1,1,1,9,0,11.4
2025,9,TreVeyon Henderson,NWE,ATL,RB,0,0,0,0,0,14,55,0,6,4,32,0,12.7
2025,9,Darius Slayton,NYG,SFO,WR,0,0,0,0,0,0,0,0,7,5,62,0,11.2
2025,9,Devin Singletary,NYG,SFO,RB,0,0,0,0,0,8,43,0,2,2,8,0,7.1
2025,9,Gunner Olszewski,NYG,SFO,WR,0,0,0,0,0,0,0,0,1,1,24,1,9.4
2025,9,Jaxson Dart,NYG,SFO,QB,33,24,191,2,0,8,56,1,0,0,0,0,27.24
2025,9,Ray-Ray McCloud,NYG,SFO,WR,0,0,0,0,0,0,0,0,1,1,5,0,1.5
2025,9,Theo Johnson,NYG,SFO,TE,0,0,0,0,0,0,0,0,6,3,27,1,11.7
2025,9,Tyrone Tracy Jr.,NYG,SFO,RB,0,0,0,0,0,5,18,0,4,3,19,0,6.7
2025,9,Wan'Dale Robinson,NYG,SFO,WR,0,0,0,0,0,0,0,0,11,9,46,0,13.6
2025,9,Aaron Rodgers,PIT,IND,QB,35,25,203,1,0,2,0,0,0,0,0,0,12.12
2025,9,Calvin Austin III,PIT,IND,WR,0,0,0,0,0,0,0,0,6,5,56,0,10.6
2025,9,Connor Heyward,PIT,IND,RB,0,0,0,0,0,1,4,0,0,0,0,0,0.4
2025,9,DK Metcalf,PIT,IND,WR,0,0,0,0,0,0,0,0,4,2,6,0,2.6
2025,9,Darnell Washington,PIT,IND,TE,0,0,0,0,0,0,0,0,6,4,43,0,8.3
2025,9,Jaylen Warren,PIT,IND,RB,0,0,0,0,0,16,31,2,2,2,-2,0,16.9
2025,9,Jonnu Smith,PIT,IND,TE,0,0,0,0,0,0,0,0,5,3,25,0,5.5
2025,9,Kaleb Johnson,PIT,IND,RB,0,0,0,0,0,1,4,0,1,1,9,0,2.3
2025,9,Kenny Gainwell,PIT,IND,RB,0,0,0,0,0,3,-1,0,5,4,35,0,7.4
2025,9,Pat Freiermuth,PIT,IND,TE,0,0,0,0,0,0,0,0,4,3,27,1,11.7
2025,9,Roman Wilson,PIT,IND,WR,0,0,0,0,0,0,0,0,2,1,4,0,-0.6
2025,9,AJ Barner,SEA,WAS,TE,0,0,0,0,0,1,1,1,4,3,24,0,11.5
2025,9,Cody White,SEA,WAS,WR,0,0,0,0,0,0,0,0,2,1,60,1,13.0
2025,9,Elijah Arroyo,SEA,WAS,TE,0,0,0,0,0,0,0,0,2,2,29,1,10.9
2025,9,George Holani,SEA,WAS,RB,0,0,0,0,0,3,9,0,0,0,0,0,0.9
2025,9,Jaxon Smith-Njigba,SEA,WAS,WR,0,0,0,0,0,1,11,0,9,8,129,0,22.0
2025,9,Kenneth Walker III,SEA,WAS,RB,0,0,0,0,0,11,42,0,2,2,19,0,8.1
2025,9,Sam Darnold,SEA,WAS,QB,24,21,330,4,1,0,0,0,0,0,0,0,27.2
2025,9,Tory Horton,SEA,WAS,WR,0,0,0,0,0,0,0,0,4,4,48,2,20.8
2025,9,Zach Charbonnet,SEA,WAS,RB,0,0,0,0,0,8,25,0,1,1,21,0,5.6
2025,9,Adrian Martinez,SFO,NYG,QB,0,0,0,0,0,1,-1,0,0,0,0,0,-0.1
2025,9,Brian Robinson,SFO,NYG,RB,0,0,0,0,0,5,53,1,0,0,0,0,11.3
2025,9,Christian McCaffrey,SFO,NYG,RB,0,0,0,0,0,28,106,1,6,5,67,1,34.3
2025,9,Demarcus Robinson,SFO,NYG,WR,0,0,0,0,0,0,0,0,1,0,0,0,0.0
2025,9,George Kittle,SFO,NYG,TE,0,0,0,0,0,1,-3,0,4,4,32,0,6.9
2025,9,Jauan Jennings,SFO,NYG,WR,0,0,0,0,0,0,0,0,5,4,41,1,14.1
2025,9,Jordan Watkins,SFO,NYG,WR,0,0,0,0,0,0,0,0,1,1,19,0,2.9
2025,9,Kendrick Bourne,SFO,NYG,WR,0,0,0,0,0,0,0,0,2,2,34,0,5.4
2025,9,Kyle Juszczyk,SFO,NYG,RB,0,0,0,0,0,0,0,0,2,1,12,0,2.2
2025,9,Luke Farrell,SFO,NYG,TE,0,0,0,0,0,0,0,0,1,1,9,0,1.9
2025,9,Mac Jones,SFO,NYG,QB,24,19,235,2,0,4,4,0,0,0,0,0,15.8
2025,9,Skyy Moore,SFO,NYG,WR,0,0,0,0,0,0,0,0,1,1,21,0,3.1
2025,9,Cam Ward,TEN,LAC,QB,21,12,145,0,0,2,6,0,0,0,0,0,6.4
2025,9,Chig Okonkwo,TEN,LAC,TE,0,0,0,0,0,0,0,0,2,2,10,0,3.0
2025,9,Chimere Dike,TEN,LAC,WR,0,0,0,0,0,0,0,0,3,1,5,0,7.5
2025,9,Elic Ayomanor,TEN,LAC,WR,0,0,0,0,0,0,0,0,6,3,46,0,7.6
2025,9,Gunnar Helm,TEN,LAC,TE,0,0,0,0,0,0,0,0,1,1,15,0,2.5
2025,9,Tony Pollard,TEN,LAC,RB,0,0,0,0,0,10,56,0,2,1,12,0,7.8
2025,9,Tyjae Spears,TEN,LAC,RB,0,0,0,0,0,7,26,0,3,3,36,0,9.2
2025,9,Van Jefferson,TEN,LAC,WR,0,0,0,0,0,0,0,0,4,1,21,0,3.1
2025,9,Chris Rodriguez Jr.,WAS,SEA,RB,0,0,0,0,0,12,65,1,0,0,0,0,12.5
2025,9,Deebo Samuel Sr.,WAS,SEA,WR,0,0,0,0,0,1,3,0,6,5,41,0,9.4
2025,9,Jacory Croskey-Merritt,WAS,SEA,RB,0,0,0,0,0,12,38,0,1,1,3,0,5.1
2025,9,Jayden Daniels,WAS,SEA,QB,22,16,153,0,1,10,51,1,0,0,0,0,15.22
2025,9,Jaylin Lane,WAS,SEA,WR,0,0,0,0,0,0,0,0,5,3,29,0,5.9
2025,9,Jeremy McNichols,WAS,SEA,RB,0,0,0,0,0,1,0,0,0,0,0,0,0.0
2025,9,John Bates,WAS,SEA,TE,0,0,0,0,0,0,0,0,4,2,20,0,4.0
2025,9,Treylon Burks,WAS,SEA,WR,0,0,0,0,0,0,0,0,1,1,14,0,2.4
2025,9,Zach Ertz,WAS,SEA,TE,0,0,0,0,0,0,0,0,4,4,46,0,8.6
2025,10,Bam Knight,ARI,SEA,RB,0,0,0,0,0,10,28,0,4,1,5,0,4.3
2025,10,Elijah Higgins,ARI,SEA,TE,0,0,0,0,0,0,0,0,3,2,19,0,3.9
2025,10,Emari Demercado,ARI,SEA,RB,0,0,0,0,0,4,64,0,4,3,40,0,13.4
2025,10,Greg Dortch,ARI,SEA,WR,0,0,0,0,0,2,2,1,0,0,0,0,6.2
2025,10,Jacoby Brissett,ARI,SEA,QB,44,22,258,2,0,4,31,0,0,0,0,0,19.42
2025,10,Marvin Harrison Jr.,ARI,SEA,WR,0,0,0,0,0,0,0,0,12,3,33,1,14.3
2025,10,Michael Carter,ARI,SEA,RB,0,0,0,0,0,3,4,0,0,0,0,0,0.4
2025,10,Michael Wilson,ARI,SEA,WR,0,0,0,0,0,0,0,0,7,4,34,0,7.4
2025,10,Trey McBride,ARI,SEA,TE,0,0,0,0,0,0,0,0,13,9,127,1,27.7
2025,10,Zay Jones,ARI,SEA,WR,0,0,0,0,0,0,0,0,1,0,0,0,0.0
2025,10,Bijan Robinson,ATL,IND,RB,0,0,0,0,0,17,84,0,2,2,4,0,10.8
2025,10,Charlie Woerner,ATL,IND,TE,0,0,0,0,0,0,0,0,1,1,14,0,2.4
2025,10,Darnell Mooney,ATL,IND,WR,0,0,0,0,0,0,0,0,8,1,17,0,2.7
2025,10,David Sills,ATL,IND,WR,0,0,0,0,0,0,0,0,1,0,0,0,0.0
2025,10,Drake London,ATL,IND,WR,0,0,0,0,0,0,0,0,8,6,104,1,24.4
2025,10,Kyle Pitts,ATL,IND,TE,0,0,0,0,0,0,0,0,5,2,38,0,5.8
2025,10,Michael Penix Jr.,ATL,IND,QB,28,12,177,1,0,1,-1,0,0,0,0,0,10.98
2025,10,Tyler Allgeier,ATL,IND,RB,0,0,0,0,0,11,57,2,0,0,0,0,17.7
2025,10,Charlie Kolar,BAL,MIN,TE,0,0,0,0,0,0,0,0,2,1,23,0,3.3
2025,10,DeAndre Hopkins,BAL,MIN,WR,0,0,0,0,0,0,0,0,4,2,16,0,3.6
2025,10,Derrick Henry,BAL,MIN,RB,0,0,0,0,0,20,75,0,3,3,9,0,11.4
2025,10,Isaiah Likely,BAL,MIN,TE,0,0,0,0,0,0,0,0,4,2,17,0,3.7
2025,10,Justice Hill,BAL,MIN,RB,0,0,0,0,0,1,1,1,2,1,12,0,8.3
2025,10,Keaton Mitchell,BAL,MIN,RB,0,0,0,0,0,4,31,0,0,0,0,0,3.1
2025,10,Lamar Jackson,BAL,MIN,QB,29,17,176,1,0,9,36,0,0,0,0,0,16.64
2025,10,Mark Andrews,BAL,MIN,TE,0,0,0,0,0,0,0,0,5,3,14,1,10.4
2025,10,Patrick Ricard,BAL,MIN,RB,0,0,0,0,0,1,3,0,0,0,0,0,0.3
2025,10,Rashod Bateman,BAL,MIN,WR,0,0,0,0,0,0,0,0,2,1,10,0,4.0
2025,10,Zay Flowers,BAL,MIN,WR,0,0,0,0,0,1,6,0,6,4,75,0,12.1
2025,10,Curtis Samuel,BUF,MIA,WR,0,0,0,0,0,0,0,0,1,1,21,0,3.1
2025,10,Dalton Kincaid,BUF,MIA,TE,0,0,0,0,0,0,0,0,3,2,37,0,5.7
2025,10,Dawson Knox,BUF,MIA,TE,0,0,0,0,0,0,0,0,4,3,37,0,6.7
2025,10,Elijah Moore,BUF,MIA,WR,0,0,0,0,0,1,-1,0,2,2,9,0,2.8
2025,10,Jackson Hawes,BUF,MIA,TE,0,0,0,0,0,0,0,0,2,1,26,1,9.6
2025,10,James Cook,BUF,MIA,RB,0,0,0,0,0,13,53,0,5,5,24,0,10.7
2025,10,Josh Allen,BUF,MIA,QB,40,28,306,2,1,4,31,0,0,0,0,0,19.34
2025,10,Keon Coleman,BUF,MIA,WR,0,0,0,0,0,0,0,0,8,3,46,1,13.6
2025,10,Khalil Shakir,BUF,MIA,WR,0,0,0,0,0,0,0,0,9,7,58,0,12.8
2025,10,Mitchell Trubisky,BUF,MIA,QB,0,0,0,0,0,1,4,0,0,0,0,0,0.4
2025,10,Ray Davis,BUF,MIA,RB,0,0,0,0,0,2,-2,0,2,1,0,0,0.8
2025,10,Ty Johnson,BUF,MIA,RB,0,0,0,0,0,1,2,0,2,2,24,0,4.6
2025,10,Tyrell Shavers,BUF,MIA,WR,0,0,0,0,0,0,0,0,1,1,24,0,3.4
2025,10,Bryce Young,CAR,NOR,QB,25,17,124,0,1,2,6,0,0,0,0,0,1.56
2025,10,Chuba Hubbard,CAR,NOR,RB,0,0,0,0,0,3,14,0,1,1,1,0,2.5
2025,10,Ja'Tavion Sanders,CAR,NOR,TE,0,0,0,0,0,0,0,0,5,5,32,0,8.2
2025,10,Jalen Coker,CAR,NOR,WR,0,0,0,0,0,0,0,0,4,3,21,0,5.1
2025,10,Mitchell Evans,CAR,NOR,TE,0,0,0,0,0,0,0,0,1,0,0,0,0.0
2025,10,Rico Dowdle,CAR,NOR,RB,0,0,0,0,0,18,53,1,3,3,10,0,15.3
2025,10,Tetairoa McMillan,CAR,NOR,WR,0,0,0,0,0,0,0,0,8,5,60,0,11.0
2025,10,Xavier Legette,CAR,NOR,WR,0,0,0,0,0,0,0,0,1,0,0,0,0.0
2025,10,Caleb Williams,CHI,NYG,QB,36,20,220,1,0,8,63,1,0,0,0,0,25.1
2025,10,Cole Kmet,CHI,NYG,TE,0,0,0,0,0,0,0,0,2,1,5,0,1.5
2025,10,Colston Loveland,CHI,NYG,TE,0,0,0,0,0,0,0,0,4,4,55,0,9.5
2025,10,D'Andre Swift,CHI,NYG,RB,0,0,0,0,0,13,80,0,8,5,18,0,14.8
2025,10,DJ Moore,CHI,NYG,WR,0,0,0,0,0,0,0,0,4,0,0,0,0.0
2025,10,Kyle Monangai,CHI,NYG,RB,0,0,0,0,0,7,28,1,1,0,0,0,8.8
2025,10,Luther Burden III,CHI,NYG,WR,0,0,0,0,0,0,0,0,3,3,51,0,8.1
2025,10,Olamide Zaccheaus,CHI,NYG,WR,0,0,0,0,0,0,0,0,4,1,5,0,1.5
2025,10,Rome Odunze,CHI,NYG,WR,0,0,0,0,0,0,0,0,10,6,86,1,20.6
2025,10,Cedric Tillman,CLE,NYJ,WR,0,0,0,0,0,0,0,0,4,2,11,0,3.1
2025,10,David Njoku,CLE,NYJ,TE,0,0,0,0,0,0,0,0,2,2,21,1,10.1
2025,10,Dillon Gabriel,CLE,NYJ,QB,32,17,167,2,0,5,54,0,0,0,0,0,20.08
2025,10,Dylan Sampson,CLE,NYJ,RB,0,0,0,0,0,2,-4,0,1,1,3,0,0.9
2025,10,Harold Fannin Jr.,CLE,NYJ,TE,0,0,0,0,0,0,0,0,7,4,44,0,8.4
2025,10,Jamari Thrash,CLE,NYJ,WR,0,0,0,0,0,0,0,0,1,0,0,0,0.0
2025,10,Jerome Ford,CLE,NYJ,RB,0,0,0,0,0,1,1,0,1,0,0,0,0.1
2025,10,Jerry Jeudy,CLE,NYJ,WR,0,0,0,0,0,0,0,0,12,6,78,1,19.8
2025,10,Malachi Corley,CLE,NYJ,WR,0,0,0,0,0,2,32,0,1,0,0,0,3.2
2025,10,Quinshon Judkins,CLE,NYJ,RB,0,0,0,0,0,22,75,0,3,2,10,0,10.5
2025,10,Adam Prentice,DEN,LVR,RB,0,0,0,0,0,0,0,0,1,1,13,0,2.3
2025,10,Adam Trautman,DEN,LVR,TE,0,0,0,0,0,0,0,0,1,1,2,0,1.2
2025,10,Bo Nix,DEN,LVR,QB,28,16,150,1,2,5,-2,0,0,0,0,0,5.8
2025,10,Courtland Sutton,DEN,LVR,WR,0,0,0,0,0,0,0,0,4,3,24,0,5.4
2025,10,Evan Engram,DEN,LVR,TE,0,0,0,0,0,0,0,0,5,2,12,0,3.2
2025,10,J.K. Dobbins,DEN,LVR,RB,0,0,0,0,0,18,77,0,1,1,7,0,9.4
2025,10,Pat Bryant,DEN,LVR,WR,0,0,0,0,0,0,0,0,2,1,43,0,5.3
2025,10,RJ Harvey,DEN,LVR,RB,0,0,0,0,0,4,9,0,3,2,9,0,3.8
2025,10,Troy Franklin,DEN,LVR,WR,0,0,0,0,0,0,0,0,9,5,40,1,15.0
2025,10,Tyler Badie,DEN,LVR,RB,0,0,0,0,0,0,0,0,1,0,0,0,0.0
2025,10,Amon-Ra St. Brown,DET,WAS,WR,0,0,0,0,0,0,0,0,8,5,58,1,16.8
2025,10,Brock Wright,DET,WAS,TE,0,0,0,0,0,0,0,0,1,0,0,0,0.0
2025,10,David Montgomery,DET,WAS,RB,0,0,0,0,0,15,71,0,1,1,0,0,10.1
2025,10,Isaac TeSlaa,DET,WAS,WR,0,0,0,0,0,0,0,0,1,1,11,0,2.1
2025,10,Jahmyr Gibbs,DET,WAS,RB,0,0,0,0,0,15,142,2,4,3,30,1,38.2
2025,10,Jameson Williams,DET,WAS,WR,0,0,0,0,0,0,0,0,7,6,119,1,23.9
2025,10,Jared Goff,DET,WAS,QB,33,25,320,3,0,0,0,0,0,0,0,0,24.8
2025,10,Kalif Raymond,DET,WAS,WR,0,0,0,0,0,1,10,0,4,4,49,0,9.9
2025,10,Kyle Allen,DET,WAS,QB,2,0,0,0,0,1,-1,0,0,0,0,0,-0.1
2025,10,Ross Dwelley,DET,WAS,TE,0,0,0,0,0,0,0,0,1,0,0,0,0.0
2025,10,Sam LaPorta,DET,WAS,TE,0,0,0,0,0,0,0,0,5,5,53,0,10.3
2025,10,Sione Vaki,DET,WAS,RB,0,0,0,0,0,1,4,0,0,0,0,0,0.4
2025,10,Bo Melton,GNB,PHI,WR,0,0,0,0,0,0,0,0,5,2,28,0,4.8
2025,10,Christian Watson,GNB,PHI,WR,0,0,0,0,0,0,0,0,4,2,45,0,6.5
2025,10,Dontayvion Wicks,GNB,PHI,WR,0,0,0,0,0,0,0,0,8,4,38,0,7.8
2025,10,Emanuel Wilson,GNB,PHI,RB,0,0,0,0,0,1,2,0,1,1,2,0,1.4
2025,10,Jordan Love,GNB,PHI,QB,36,20,176,0,0,5,28,0,0,0,0,0,7.84
2025,10,Josh Jacobs,GNB,PHI,RB,0,0,0,0,0,21,74,1,6,5,33,0,19.7
2025,10,Luke Musgrave,GNB,PHI,TE,0,0,0,0,0,0,0,0,3,3,23,0,5.3
2025,10,Romeo Doubs,GNB,PHI,WR,0,0,0,0,0,0,0,0,4,1,5,0,1.5
2025,10,Savion Williams,GNB,PHI,WR,0,0,0,0,0,0,0,0,2,2,2,0,2.2
2025,10,Christian Kirk,HOU,JAX,WR,0,0,0,0,0,0,0,0,3,1,3,0,1.3
2025,10,Dalton Schultz,HOU,JAX,TE,0,0,0,0,0,0,0,0,11,7,53,1,18.3
2025,10,Davis Mills,HOU,JAX,QB,45,27,292,2,1,3,20,1,0,0,0,0,27.68
2025,10,Jayden Higgins,HOU,JAX,WR,0,0,0,0,0,0,0,0,7,5,42,1,15.2
2025,10,Jaylin Noel,HOU,JAX,WR,0,0,0,0,0,0,0,0,4,4,35,0,7.5
2025,10,Nick Chubb,HOU,JAX,RB,0,0,0,0,0,5,47,0,1,1,5,0,6.2
2025,10,Nico Collins,HOU,JAX,WR,0,0,0,0,0,0,0,0,15,7,136,0,22.6
2025,10,Woody Marks,HOU,JAX,RB,0,0,0,0,0,14,63,1,3,2,18,0,16.1
2025,10,Alec Pierce,IND,ATL,WR,0,0,0,0,0,0,0,0,7,4,84,1,18.4
2025,10,Ameer Abdullah,IND,ATL,RB,0,0,0,0,0,0,0,0,1,1,8,0,1.8
2025,10,Ashton Dulin,IND,ATL,WR,0,0,0,0,0,1,22,0,0,0,0,0,2.2
2025,10,Daniel Jones,IND,ATL,QB,26,19,255,1,1,7,53,0,0,0,0,0,15.5
2025,10,Jonathan Taylor,IND,ATL,RB,0,0,0,0,0,32,244,3,3,3,42,0,49.6
2025,10,Josh Downs,IND,ATL,WR,0,0,0,0,0,0,0,0,2,1,3,0,1.3
2025,10,Michael Pittman,IND,ATL,WR,0,0,0,0,0,0,0,0,2,2,19,0,3.9
2025,10,Mo Alie-Cox,IND,ATL,TE,0,0,0,0,0,0,0,0,1,0,0,0,0.0
2025,10,Tyler Goodson,IND,ATL,RB,0,0,0,0,0,1,4,0,0,0,0,0,0.4
2025,10,Tyler Warren,IND,ATL,TE,0,0,0,0,0,0,0,0,10,8,99,0,17.9
2025,10,Austin Trammell,JAX,HOU,WR,0,0,0,0,0,0,0,0,3,2,33,0,5.3
2025,10,Bhayshul Tuten,JAX,HOU,RB,0,0,0,0,0,4,5,0,2,1,5,0,2.0
2025,10,Dyami Brown,JAX,HOU,WR,0,0,0,0,0,0,0,0,1,0,0,0,0.0
2025,10,Jakobi Meyers,JAX,HOU,WR,0,0,0,0,0,0,0,0,3,3,41,0,7.1
2025,10,Johnny Mundt,JAX,HOU,TE,0,0,0,0,0,0,0,0,2,1,21,0,3.1
2025,10,LeQuint Allen Jr.,JAX,HOU,RB,0,0,0,0,0,0,0,0,1,1,6,0,1.6
2025,10,Parker Washington,JAX,HOU,WR,0,0,0,0,0,2,-4,0,7,3,33,1,17.9
2025,10,Travis Etienne,JAX,HOU,RB,0,0,0,0,0,16,58,1,4,2,19,0,15.7
2025,10,Trevor Lawrence,JAX,HOU,QB,23,13,158,1,1,5,35,0,0,0,0,0,9.82
2025,10,Derius Davis,LAC,PIT,WR,0,0,0,0,0,0,0,0,1,1,3,0,1.3
2025,10,Jaret Patterson,LAC,PIT,RB,0,0,0,0,0,1,1,0,0,0,0,0,0.1
2025,10,Justin Herbert,LAC,PIT,QB,33,20,220,1,0,5,19,0,0,0,0,0,14.7
2025,10,Keenan Allen,LAC,PIT,WR,0,0,0,0,0,0,0,0,5,2,19,0,3.9
2025,10,Kimani Vidal,LAC,PIT,RB,0,0,0,0,0,25,95,1,1,1,13,0,17.8
2025,10,Ladd McConkey,LAC,PIT,WR,0,0,0,0,0,0,0,0,6,4,107,1,20.7
2025,10,Oronde Gadsden II,LAC,PIT,TE,0,0,0,0,0,0,0,0,6,3,13,0,4.3
2025,10,Quentin Johnston,LAC,PIT,WR,0,0,0,0,0,0,0,0,10,5,42,0,9.2
2025,10,Tre Harris,LAC,PIT,WR,0,0,0,0,0,0,0,0,2,2,4,0,2.4
2025,10,Tucker Fisk,LAC,PIT,TE,0,0,0,0,0,0,0,0,1,1,7,0,1.7
2025,10,Tyler Conklin,LAC,PIT,TE,0,0,0,0,0,0,0,0,1,1,12,0,2.2
2025,10,Blake Corum,LAR,SFO,RB,0,0,0,0,0,13,56,0,0,0,0,0,5.6
2025,10,Colby Parkinson,LAR,SFO,TE,0,0,0,0,0,0,0,0,5,4,41,1,14.1
2025,10,Davante Adams,LAR,SFO,WR,0,0,0,0,0,0,0,0,8,6,77,1,19.7
2025,10,Davis Allen,LAR,SFO,TE,0,0,0,0,0,0,0,0,2,2,8,1,8.8
2025,10,Konata Mumpfield,LAR,SFO,WR,0,0,0,0,0,0,0,0,2,0,0,0,0.0
2025,10,Kyren Williams,LAR,SFO,RB,0,0,0,0,0,14,73,2,3,2,11,0,22.4
2025,10,Matthew Stafford,LAR,SFO,QB,36,24,280,4,0,3,-3,0,0,0,0,0,26.9
2025,10,Puka Nacua,LAR,SFO,WR,0,0,0,0,0,0,0,0,6,5,64,1,17.4
2025,10,Terrance Ferguson,LAR,SFO,TE,0,0,0,0,0,0,0,0,4,1,32,0,4.2
2025,10,Tyler Higbee,LAR,SFO,TE,0,0,0,0,0,0,0,0,3,3,33,0,6.3
2025,10,Xavier Smith,LAR,SFO,WR,0,0,0,0,0,0,0,0,1,1,14,0,2.4
2025,10,Ashton Jeanty,LVR,DEN,RB,0,0,0,0,0,19,60,1,5,3,3,0,15.3
2025,10,Brock Bowers,LVR,DEN,TE,0,0,0,0,0,1,-4,0,3,1,31,0,3.7
2025,10,Dont'e Thornton Jr.,LVR,DEN,WR,0,0,0,0,0,0,0,0,2,1,4,0,1.4
2025,10,Geno Smith,LVR,DEN,QB,26,16,143,0,1,3,7,0,0,0,0,0,4.42
2025,10,Jack Bech,LVR,DEN,WR,0,0,0,0,0,0,0,0,1,0,0,0,0.0
2025,10,Michael Mayer,LVR,DEN,TE,0,0,0,0,0,0,0,0,4,3,22,0,5.2
2025,10,Raheem Mostert,LVR,DEN,RB,0,0,0,0,0,1,4,0,1,1,11,0,2.5
2025,10,Tre Tucker,LVR,DEN,WR,0,0,0,0,0,1,7,0,3,2,28,0,5.5
2025,10,Tyler Lockett,LVR,DEN,WR,0,0,0,0,0,0,0,0,6,5,44,0,9.4
2025,10,Alec Ingold,MIA,BUF,RB,0,0,0,0,0,1,6,0,0,0,0,0,0.6
2025,10,De'Von Achane,MIA,BUF,RB,0,0,0,0,0,22,174,2,6,6,51,0,40.5
2025,10,Greg Dulcich,MIA,BUF,TE,0,0,0,0,0,0,0,0,4,1,22,0,3.2
2025,10,Jaylen Waddle,MIA,BUF,WR,0,0,0,0,0,0,0,0,7,5,84,1,19.4
2025,10,Jaylen Wright,MIA,BUF,RB,0,0,0,0,0,5,17,0,0,0,0,0,1.7
2025,10,Malik Washington,MIA,BUF,WR,0,0,0,0,0,1,4,0,3,2,9,1,9.3
2025,10,Nick Westbrook-Ikhine,MIA,BUF,WR,0,0,0,0,0,0,0,0,1,1,7,0,1.7
2025,10,Ollie Gordon II,MIA,BUF,RB,0,0,0,0,0,1,-3,0,0,0,0,0,-0.3
2025,10,Tua Tagovailoa,MIA,BUF,QB,21,15,173,2,2,2,-1,0,0,0,0,0,10.82
2025,10,Aaron Jones,MIN,BAL,RB,0,0,0,0,0,9,47,1,6,3,22,0,15.9
2025,10,Adam Thielen,MIN,BAL,WR,0,0,0,0,0,0,0,0,3,2,16,0,3.6
2025,10,J.J. McCarthy,MIN,BAL,QB,42,20,248,1,2,5,48,0,0,0,0,0,14.72
2025,10,Jalen Nailor,MIN,BAL,WR,0,0,0,0,0,0,0,0,6,5,124,1,23.4
2025,10,Jordan Addison,MIN,BAL,WR,0,0,0,0,0,0,0,0,11,3,35,0,6.5
2025,10,Jordan Mason,MIN,BAL,RB,0,0,0,0,0,4,25,0,1,1,6,0,4.1
2025,10,Justin Jefferson,MIN,BAL,WR,0,0,0,0,0,0,0,0,12,4,37,0,7.7
2025,10,T.J. Hockenson,MIN,BAL,TE,0,0,0,0,0,0,0,0,2,2,8,0,2.8
2025,10,Alvin Kamara,NOR,CAR,RB,0,0,0,0,0,22,83,0,3,3,32,0,14.5
2025,10,Chris Olave,NOR,CAR,WR,0,0,0,0,0,0,0,0,8,5,104,1,21.4
2025,10,Devaughn Vele,NOR,CAR,WR,0,0,0,0,0,0,0,0,3,1,15,0,2.5
2025,10,Devin Neal,NOR,CAR,RB,0,0,0,0,0,4,22,0,3,3,9,0,6.1
2025,10,Foster Moreau,NOR,CAR,TE,0,0,0,0,0,0,0,0,3,2,16,0,3.6
2025,10,Juwan Johnson,NOR,CAR,TE,0,0,0,0,0,0,0,0,4,4,92,1,19.2
2025,10,Taysom Hill,NOR,CAR,TE,1,0,0,0,0,7,20,0,1,0,0,0,2.0
2025,10,Tyler Shough,NOR,CAR,QB,27,19,282,2,0,4,-3,0,0,0,0,0,18.98
2025,10,Zaire Mitchell-Paden,NOR,CAR,TE,0,0,0,0,0,0,0,0,1,1,14,0,2.4
2025,10,Austin Hooper,NWE,TAM,TE,0,0,0,0,0,0,0,0,1,0,0,0,0.0
2025,10,D'Ernest Johnson,NWE,TAM,RB,0,0,0,0,0,1,1,0,0,0,0,0,0.1
2025,10,DeMario Douglas,NWE,TAM,WR,0,0,0,0,0,1,0,0,2,2,34,0,5.4
2025,10,Drake Maye,NWE,TAM,QB,31,16,270,2,1,7,13,0,0,0,0,0,18.1
2025,10,Hunter Henry,NWE,TAM,TE,0,0,0,0,0,0,0,0,4,1,9,0,1.9
2025,10,Jack Westover,NWE,TAM,TE,0,0,0,0,0,0,0,0,1,0,0,0,0.0
2025,10,Kyle Williams,NWE,TAM,WR,0,0,0,0,0,0,0,0,2,1,72,1,14.2
2025,10,Mack Hollins,NWE,TAM,WR,0,0,0,0,0,0,0,0,10,6,106,0,16.6
2025,10,Stefon Diggs,NWE,TAM,WR,0,0,0,0,0,0,0,0,8,5,46,1,15.6
2025,10,Terrell Jennings,NWE,TAM,RB,0,0,0,0,0,4,5,0,0,0,0,0,0.5
2025,10,TreVeyon Henderson,NWE,TAM,RB,0,0,0,0,0,14,147,2,1,1,3,0,28.0
2025,10,Daniel Bellinger,NYG,CHI,TE,0,0,0,0,0,0,0,0,2,1,8,0,1.8
2025,10,Darius Slayton,NYG,CHI,WR,0,0,0,0,0,0,0,0,4,4,89,0,12.9
2025,10,Devin Singletary,NYG,CHI,RB,0,0,0,0,0,8,20,0,3,3,53,0,10.3
2025,10,Gunner Olszewski,NYG,CHI,WR,0,0,0,0,0,0,0,0,2,0,0,0,0.0
2025,10,Jaxson Dart,NYG,CHI,QB,29,19,242,0,0,6,66,2,0,0,0,0,26.28
2025,10,Russell Wilson,NYG,CHI,QB,7,3,45,0,0,2,12,0,0,0,0,0,3.0
2025,10,Theo Johnson,NYG,CHI,TE,0,0,0,0,0,0,0,0,8,7,75,0,14.5
2025,10,Tyrone Tracy Jr.,NYG,CHI,RB,0,0,0,0,0,14,71,0,2,1,0,0,8.1
2025,10,Wan'Dale Robinson,NYG,CHI,WR,0,0,0,0,0,0,0,0,11,6,62,0,12.2
2025,10,Arian Smith,NYJ,CLE,WR,0,0,0,0,0,1,13,0,0,0,0,0,1.3
2025,10,Breece Hall,NYJ,CLE,RB,0,0,0,0,0,21,83,0,1,1,42,1,19.5
2025,10,Garrett Wilson,NYJ,CLE,WR,0,0,0,0,0,0,0,0,3,0,0,0,0.0
2025,10,Isaiah Davis,NYJ,CLE,RB,0,0,0,0,0,3,10,0,1,1,1,0,2.1
2025,10,Isaiah Williams,NYJ,CLE,WR,0,0,0,0,0,0,0,0,1,1,4,0,7.4
2025,10,Jeremy Ruckert,NYJ,CLE,TE,0,0,0,0,0,0,0,0,1,1,0,0,1.0
2025,10,John Metchie III,NYJ,CLE,WR,0,0,0,0,0,1,-7,0,1,1,3,0,0.6
2025,10,Justin Fields,NYJ,CLE,QB,11,6,54,1,1,7,28,0,0,0,0,0,6.96
2025,10,Mason Taylor,NYJ,CLE,TE,0,0,0,0,0,0,0,0,2,1,4,0,1.4
2025,10,Tyler Johnson,NYJ,CLE,WR,0,0,0,0,0,0,0,0,1,0,0,0,0.0
2025,10,A.J. Brown,PHI,GNB,WR,0,0,0,0,0,0,0,0,3,2,13,0,3.3
2025,10,Dallas Goedert,PHI,GNB,TE,0,0,0,0,0,0,0,0,6,4,43,0,8.3
2025,10,DeVonta Smith,PHI,GNB,WR,0,0,0,0,0,0,0,0,7,4,69,1,16.9
2025,10,Grant Calcaterra,PHI,GNB,TE,0,0,0,0,0,0,0,0,1,0,0,0,0.0
2025,10,Jahan Dotson,PHI,GNB,WR,0,0,0,0,0,0,0,0,1,0,0,0,0.0
2025,10,Jalen Hurts,PHI,GNB,QB,26,15,183,1,0,5,27,0,0,0,0,0,12.02
2025,10,Saquon Barkley,PHI,GNB,RB,0,0,0,0,0,22,60,0,3,3,41,0,13.1
2025,10,Tank Bigsby,PHI,GNB,RB,0,0,0,0,0,3,7,0,0,0,0,0,0.7
2025,10,Will Shipley,PHI,GNB,RB,0,0,0,0,0,4,17,0,2,2,17,0,5.4
2025,10,Aaron Rodgers,PIT,LAC,QB,31,16,161,1,2,0,0,0,0,0,0,0,6.44
2025,10,Calvin Austin III,PIT,LAC,WR,0,0,0,0,0,0,0,0,7,2,14,0,3.4
2025,10,DK Metcalf,PIT,LAC,WR,0,0,0,0,0,0,0,0,7,3,35,0,6.5
2025,10,Darnell Washington,PIT,LAC,TE,0,0,0,0,0,0,0,0,1,1,15,0,2.5
2025,10,Jaylen Warren,PIT,LAC,RB,0,0,0,0,0,14,70,0,2,2,21,0,11.1
2025,10,Jonnu Smith,PIT,LAC,TE,0,0,0,0,0,0,0,0,2,1,4,0,1.4
2025,10,Kaleb Johnson,PIT,LAC,RB,0,0,0,0,0,2,3,0,0,0,0,0,0.3
2025,10,Kenny Gainwell,PIT,LAC,RB,0,0,0,0,0,0,0,0,3,2,4,0,2.4
2025,10,Pat Freiermuth,PIT,LAC,TE,0,0,0,0,0,0,0,0,3,3,33,0,6.3
2025,10,Roman Wilson,PIT,LAC,WR,0,0,0,0,0,0,0,0,3,2,35,1,11.5
2025,10,AJ Barner,SEA,ARI,TE,0,0,0,0,0,2,3,0,0,0,0,0,0.3
2025,10,Cooper Kupp,SEA,ARI,WR,0,0,0,0,0,0,0,0,2,2,74,0,9.4
2025,10,Drew Lock,SEA,ARI,QB,0,0,0,0,0,4,-4,0,0,0,0,0,-0.4
2025,10,Elijah Arroyo,SEA,ARI,TE,0,0,0,0,0,0,0,0,1,1,5,0,1.5
2025,10,George Holani,SEA,ARI,RB,0,0,0,0,0,7,31,1,0,0,0,0,9.1
2025,10,Jaxon Smith-Njigba,SEA,ARI,WR,0,0,0,0,0,0,0,0,6,5,93,1,20.3
2025,10,Kenneth Walker III,SEA,ARI,RB,0,0,0,0,0,14,67,0,1,1,3,0,8.0
2025,10,Nick Kallerup,SEA,ARI,TE,0,0,0,0,0,0,0,0,1,0,0,0,0.0
2025,10,Rashid Shaheed,SEA,ARI,WR,0,0,0,0,0,2,20,0,1,1,3,0,3.3
2025,10,Sam Darnold,SEA,ARI,QB,12,10,178,1,1,3,-2,0,0,0,0,0,4.92
2025,10,Zach Charbonnet,SEA,ARI,RB,0,0,0,0,0,14,83,1,0,0,0,0,14.3
2025,10,Brian Robinson,SFO,LAR,RB,0,0,0,0,0,8,41,1,1,1,4,0,11.5
2025,10,Christian McCaffrey,SFO,LAR,RB,0,0,0,0,0,12,30,0,10,8,66,0,17.6
2025,10,Demarcus Robinson,SFO,LAR,WR,0,0,0,0,0,0,0,0,4,3,34,0,6.4
2025,10,George Kittle,SFO,LAR,TE,0,0,0,0,0,0,0,0,9,9,84,1,23.4
2025,10,Jauan Jennings,SFO,LAR,WR,0,0,0,0,0,0,0,0,9,6,71,1,17.1
2025,10,Kendrick Bourne,SFO,LAR,WR,0,0,0,0,0,0,0,0,1,1,19,0,2.9
2025,10,Kyle Juszczyk,SFO,LAR,RB,0,0,0,0,0,0,0,0,2,2,8,0,2.8
2025,10,Luke Farrell,SFO,LAR,TE,0,0,0,0,0,0,0,0,2,2,15,1,9.5
2025,10,Mac Jones,SFO,LAR,QB,39,33,319,3,1,1,3,0,0,0,0,0,23.06
2025,10,Skyy Moore,SFO,LAR,WR,0,0,0,0,0,0,0,0,1,1,18,0,2.8
2025,10,Baker Mayfield,TAM,NWE,QB,43,28,273,3,0,0,0,0,0,0,0,0,22.92
2025,10,Cade Otton,TAM,NWE,TE,0,0,0,0,0,0,0,0,12,9,82,0,17.2
2025,10,Emeka Egbuka,TAM,NWE,WR,0,0,0,0,0,0,0,0,13,6,115,1,23.5
2025,10,Kameron Johnson,TAM,NWE,WR,0,0,0,0,0,1,11,0,1,0,0,0,1.1
2025,10,Payne Durham,TAM,NWE,TE,0,0,0,0,0,0,0,0,1,0,0,0,0.0
2025,10,Rachaad White,TAM,NWE,RB,0,0,0,0,0,10,38,0,5,5,16,0,10.4
2025,10,Sean Tucker,TAM,NWE,RB,0,0,0,0,0,9,53,0,2,1,-2,0,6.1
2025,10,Sterling Shepard,TAM,NWE,WR,0,0,0,0,0,1,11,0,4,3,20,0,6.1
2025,10,Tez Johnson,TAM,NWE,WR,0,0,0,0,0,0,0,0,5,4,42,2,20.2
2025,10,Ben Sinnott,WAS,DET,TE,0,0,0,0,0,0,0,0,1,1,4,1,7.4
2025,10,Chris Rodriguez Jr.,WAS,DET,RB,0,0,0,0,0,6,16,1,0,0,0,0,7.6
2025,10,Deebo Samuel Sr.,WAS,DET,WR,0,0,0,0,0,0,0,0,5,4,29,1,12.9
2025,10,Jacory Croskey-Merritt,WAS,DET,RB,0,0,0,0,0,11,30,0,0,0,0,0,3.0
2025,10,Jaylin Lane,WAS,DET,WR,0,0,0,0,0,0,0,0,1,1,41,0,5.1
2025,10,Jeremy McNichols,WAS,DET,RB,0,0,0,0,0,5,25,0,1,1,4,0,3.9
2025,10,John Bates,WAS,DET,TE,0,0,0,0,0,0,0,0,2,1,6,0,1.6
2025,10,Marcus Mariota,WAS,DET,QB,22,16,213,2,0,5,22,0,0,0,0,0,18.72
2025,10,Robbie Chosen,WAS,DET,WR,0,0,0,0,0,0,0,0,4,1,17,0,2.7
2025,10,Treylon Burks,WAS,DET,WR,0,0,0,0,0,0,0,0,3,3,58,0,8.8
2025,10,Zach Ertz,WAS,DET,TE,0,0,0,0,0,0,0,0,5,4,54,0,9.4
2025,11,Andre Baccellia,ARI,SFO,WR,0,0,0,0,0,0,0,0,1,1,5,0,1.5
2025,11,Bam Knight,ARI,SFO,RB,0,0,0,0,0,5,24,1,4,4,21,0,14.5
2025,11,Elijah Higgins,ARI,SFO,TE,0,0,0,0,0,0,0,0,3,2,11,0,1.1
2025,11,Emari Demercado,ARI,SFO,RB,0,0,0,0,0,5,8,0,3,2,12,0,4.0
2025,11,Greg Dortch,ARI,SFO,WR,0,0,0,0,0,0,0,0,6,6,66,1,18.6
2025,11,Jacoby Brissett,ARI,SFO,QB,57,47,452,2,2,2,-2,0,0,0,0,0,21.88
2025,11,Michael Carter,ARI,SFO,RB,0,0,0,0,0,2,6,0,7,5,22,0,7.8
2025,11,Michael Wilson,ARI,SFO,WR,0,0,0,0,0,0,0,0,18,15,185,0,33.5
2025,11,Trey McBride,ARI,SFO,TE,0,0,0,0,0,0,0,0,11,10,115,1,27.5
2025,11,Xavier Weaver,ARI,SFO,WR,0,0,0,0,0,0,0,0,3,2,15,0,3.5
2025,11,Bijan Robinson,ATL,CAR,RB,0,0,0,0,0,23,104,2,5,4,39,0,30.3
2025,11,Darnell Mooney,ATL,CAR,WR,0,0,0,0,0,0,0,0,7,3,34,0,6.4
2025,11,David Sills,ATL,CAR,WR,0,0,0,0,0,0,0,0,2,1,11,0,2.1
2025,11,Drake London,ATL,CAR,WR,0,0,0,0,0,0,0,0,9,7,119,0,18.9
2025,11,KhaDarel Hodge,ATL,CAR,WR,0,0,0,0,0,0,0,0,1,0,0,0,0.0
2025,11,Kirk Cousins,ATL,CAR,QB,14,6,48,0,0,1,2,0,0,0,0,0,2.12
2025,11,Kyle Pitts,ATL,CAR,TE,0,0,0,0,0,0,0,0,3,2,14,0,3.4
2025,11,Michael Penix Jr.,ATL,CAR,QB,16,13,175,0,0,1,9,0,0,0,0,0,7.9
2025,11,Tyler Allgeier,ATL,CAR,RB,0,0,0,0,0,3,10,1,2,2,6,0,9.6
2025,11,Charlie Kolar,BAL,CLE,TE,0,0,0,0,0,0,0,0,1,0,0,0,0.0
2025,11,DeAndre Hopkins,BAL,CLE,WR,0,0,0,0,0,0,0,0,4,1,11,0,2.1
2025,11,Derrick Henry,BAL,CLE,RB,0,0,0,0,0,18,103,1,2,2,19,0,20.2
2025,11,Isaiah Likely,BAL,CLE,TE,0,0,0,0,0,0,0,0,3,2,15,0,3.5
2025,11,Keaton Mitchell,BAL,CLE,RB,0,0,0,0,0,6,31,0,3,2,23,0,7.4
2025,11,Lamar Jackson,BAL,CLE,QB,25,14,193,0,2,4,10,0,0,0,0,0,4.72
2025,11,Mark Andrews,BAL,CLE,TE,0,0,0,0,0,1,35,1,5,3,32,0,15.7
2025,11,Rasheen Ali,BAL,CLE,RB,0,0,0,0,0,0,0,0,1,1,15,0,2.5
2025,11,Tylan Wallace,BAL,CLE,WR,0,0,0,0,0,0,0,0,1,0,0,0,0.0
2025,11,Zay Flowers,BAL,CLE,WR,0,0,0,0,0,1,5,0,5,3,78,0,11.3
2025,11,Curtis Samuel,BUF,TAM,WR,0,0,0,0,0,0,0,0,3,2,19,0,3.9
2025,11,Dawson Knox,BUF,TAM,TE,0,0,0,0,0,0,0,0,3,1,23,0,3.3
2025,11,Gabe Davis,BUF,TAM,WR,0,0,0,0,0,0,0,0,4,3,40,0,7.0
2025,11,James Cook,BUF,TAM,RB,0,0,0,0,0,16,48,0,3,3,66,1,20.4
2025,11,Josh Allen,BUF,TAM,QB,30,19,317,3,2,6,40,3,0,0,0,0,42.68
2025,11,Josh Palmer,BUF,TAM,WR,0,0,0,0,0,0,0,0,5,2,17,0,3.7
2025,11,Keleki Latu,BUF,TAM,TE,0,0,0,0,0,0,0,0,1,1,4,0,1.4
2025,11,Khalil Shakir,BUF,TAM,WR,0,0,0,0,0,0,0,0,3,1,-3,0,0.7
2025,11,Mecole Hardman,BUF,TAM,WR,0,0,0,0,0,0,0,0,1,0,0,0,0.0
2025,11,Ty Johnson,BUF,TAM,RB,0,0,0,0,0,1,9,0,2,2,61,1,15.0
2025,11,Tyrell Shavers,BUF,TAM,WR,0,0,0,0,0,0,0,0,5,4,90,1,19.0
2025,11,Bryce Young,CAR,ATL,QB,45,31,448,3,0,1,-1,0,0,0,0,0,31.82
2025,11,Brycen Tremayne,CAR,ATL,WR,0,0,0,0,0,0,0,0,2,2,17,0,3.7
2025,11,Chuba Hubbard,CAR,ATL,RB,0,0,0,0,0,4,21,0,3,1,7,0,3.8
2025,11,Ja'Tavion Sanders,CAR,ATL,TE,0,0,0,0,0,0,0,0,4,4,22,0,6.2
2025,11,Jalen Coker,CAR,ATL,WR,0,0,0,0,0,0,0,0,4,4,52,0,11.2
2025,11,Mitchell Evans,CAR,ATL,TE,0,0,0,0,0,0,0,0,2,2,28,0,4.8
2025,11,Rico Dowdle,CAR,ATL,RB,0,0,0,0,0,19,45,0,7,5,55,0,15.0
2025,11,Tetairoa McMillan,CAR,ATL,WR,0,0,0,0,0,0,0,0,12,8,130,2,33.0
2025,11,Tommy Tremble,CAR,ATL,TE,0,0,0,0,0,0,0,0,2,1,54,0,6.4
2025,11,Trevor Etienne,CAR,ATL,RB,0,0,0,0,0,1,2,0,0,0,0,0,0.2
2025,11,Xavier Legette,CAR,ATL,WR,0,0,0,0,0,0,0,0,8,4,83,1,18.3
2025,11,Caleb Williams,CHI,MIN,QB,32,16,193,0,0,4,26,0,0,0,0,0,10.32
2025,11,Cole Kmet,CHI,MIN,TE,0,0,0,0,0,0,0,0,5,5,45,0,9.5
2025,11,Colston Loveland,CHI,MIN,TE,0,0,0,0,0,0,0,0,4,3,40,0,7.0
2025,11,D'Andre Swift,CHI,MIN,RB,0,0,0,0,0,21,90,0,1,0,0,0,9.0
2025,11,DJ Moore,CHI,MIN,WR,0,0,0,0,0,1,3,0,3,1,18,0,3.1
2025,11,Durham Smythe,CHI,MIN,TE,0,0,0,0,0,0,0,0,3,1,8,0,1.8
2025,11,Kyle Monangai,CHI,MIN,RB,0,0,0,0,0,12,23,1,1,1,14,0,10.7
2025,11,Luther Burden III,CHI,MIN,WR,0,0,0,0,0,0,0,0,5,3,27,0,5.7
2025,11,Rome Odunze,CHI,MIN,WR,0,0,0,0,0,0,0,0,6,2,41,0,6.1
2025,11,Travis Homer,CHI,MIN,RB,0,0,0,0,0,1,-2,0,0,0,0,0,-0.2
2025,11,Andrei Iosivas,CIN,PIT,WR,0,0,0,0,0,0,0,0,4,3,20,0,5.0
2025,11,Chase Brown,CIN,PIT,RB,0,0,0,0,0,18,99,0,8,6,28,0,18.7
2025,11,Ja'Marr Chase,CIN,PIT,WR,0,0,0,0,0,0,0,0,10,3,30,0,6.0
2025,11,Joe Flacco,CIN,PIT,QB,40,23,199,1,1,1,-1,0,0,0,0,0,9.86
2025,11,Kendall Milton,CIN,PIT,RB,0,0,0,0,0,2,2,0,0,0,0,0,0.2
2025,11,Noah Fant,CIN,PIT,TE,0,0,0,0,0,0,0,0,6,5,36,0,6.6
2025,11,Tahj Brooks,CIN,PIT,RB,0,0,0,0,0,1,5,0,0,0,0,0,0.5
2025,11,Tanner Hudson,CIN,PIT,TE,0,0,0,0,0,0,0,0,3,3,22,0,5.2
2025,11,Tee Higgins,CIN,PIT,WR,0,0,0,0,0,0,0,0,8,3,63,1,15.3
2025,11,Cedric Tillman,CLE,BAL,WR,0,0,0,0,0,0,0,0,4,3,52,0,8.2
2025,11,David Njoku,CLE,BAL,TE,0,0,0,0,0,0,0,0,2,1,7,0,1.7
2025,11,Dillon Gabriel,CLE,BAL,QB,10,7,68,0,0,2,2,0,0,0,0,0,2.92
2025,11,Dylan Sampson,CLE,BAL,RB,0,0,0,0,0,1,19,0,1,0,0,0,1.9
2025,11,Gage Larvadain,CLE,BAL,WR,0,0,0,0,0,0,0,0,1,0,0,0,0.0
2025,11,Harold Fannin Jr.,CLE,BAL,TE,0,0,0,0,0,0,0,0,5,2,26,0,4.6
2025,11,Isaiah Bond,CLE,BAL,WR,0,0,0,0,0,1,8,0,1,0,0,0,0.8
2025,11,Jerome Ford,CLE,BAL,RB,0,0,0,0,0,1,2,0,0,0,0,0,0.2
2025,11,Jerry Jeudy,CLE,BAL,WR,0,0,0,0,0,0,0,0,7,3,21,0,5.1
2025,11,Malachi Corley,CLE,BAL,WR,0,0,0,0,0,0,0,0,2,2,9,0,2.9
2025,11,Quinshon Judkins,CLE,BAL,RB,0,0,0,0,0,17,59,0,2,0,0,0,5.9
2025,11,Shedeur Sanders,CLE,BAL,QB,16,4,47,0,1,3,16,0,0,0,0,0,1.48
2025,11,Brevyn Spann-Ford,DAL,LVR,TE,0,0,0,0,0,0,0,0,1,1,4,0,1.4
2025,11,CeeDee Lamb,DAL,LVR,WR,0,0,0,0,0,0,0,0,7,5,66,1,17.6
2025,11,Dak Prescott,DAL,LVR,QB,33,25,268,4,0,4,-4,0,0,0,0,0,24.32
2025,11,George Pickens,DAL,LVR,WR,0,0,0,0,0,0,0,0,11,9,144,1,29.4
2025,11,Hunter Luepke,DAL,LVR,RB,0,0,0,0,0,1,5,0,3,3,36,0,7.1
2025,11,Jake Ferguson,DAL,LVR,TE,0,0,0,0,0,0,0,0,5,4,16,1,11.6
2025,11,Jalen Tolbert,DAL,LVR,WR,0,0,0,0,0,0,0,0,1,0,0,0,0.0
2025,11,Javonte Williams,DAL,LVR,RB,0,0,0,0,0,22,93,0,1,1,0,0,10.3
2025,11,KaVontae Turpin,DAL,LVR,WR,0,0,0,0,0,0,0,0,2,1,0,0,1.0
2025,11,Malik Davis,DAL,LVR,RB,0,0,0,0,0,4,20,0,0,0,0,0,2.0
2025,11,Ryan Flournoy,DAL,LVR,WR,0,0,0,0,0,0,0,0,1,1,2,1,7.2
2025,11,Adam Prentice,DEN,KAN,RB,0,0,0,0,0,0,0,0,2,1,14,0,2.4
2025,11,Adam Trautman,DEN,KAN,TE,0,0,0,0,0,0,0,0,1,1,8,0,1.8
2025,11,Bo Nix,DEN,KAN,QB,37,24,295,0,0,3,8,0,1,0,0,0,12.6
2025,11,Courtland Sutton,DEN,KAN,WR,0,0,0,0,0,0,0,0,8,4,59,0,9.9
2025,11,Evan Engram,DEN,KAN,TE,0,0,0,0,0,0,0,0,5,4,33,0,7.3
2025,11,Jaleel McLaughlin,DEN,KAN,RB,0,0,0,0,0,6,19,1,1,1,-5,0,8.4
2025,11,Marvin Mims Jr.,DEN,KAN,WR,0,0,0,0,0,1,2,0,0,0,0,0,0.2
2025,11,Pat Bryant,DEN,KAN,WR,0,0,0,0,0,0,0,0,6,5,82,0,13.2
2025,11,RJ Harvey,DEN,KAN,RB,1,0,0,0,0,11,30,0,3,3,20,0,8.0
2025,11,Troy Franklin,DEN,KAN,WR,0,0,0,0,0,0,0,0,8,4,84,0,12.4
2025,11,Tyler Badie,DEN,KAN,RB,0,0,0,0,0,0,0,0,1,1,0,0,1.0
2025,11,Amon-Ra St. Brown,DET,PHI,WR,0,0,0,0,0,0,0,0,12,2,42,0,6.2
2025,11,Brock Wright,DET,PHI,TE,0,0,0,0,0,0,0,0,7,2,8,0,2.8
2025,11,David Montgomery,DET,PHI,RB,0,0,0,0,0,6,27,0,1,1,10,0,4.7
2025,11,Isaac TeSlaa,DET,PHI,WR,0,0,0,0,0,0,0,0,1,0,0,0,0.0
2025,11,Jahmyr Gibbs,DET,PHI,RB,0,0,0,0,0,12,39,0,8,5,107,0,19.6
2025,11,Jameson Williams,DET,PHI,WR,0,0,0,0,0,1,9,0,7,4,88,1,19.7
2025,11,Jared Goff,DET,PHI,QB,37,14,255,1,1,1,-1,0,0,0,0,0,12.1
2025,11,Bo Melton,GNB,NYG,WR,0,0,0,0,0,1,17,0,0,0,0,0,1.7
2025,11,Chris Brooks,GNB,NYG,RB,0,0,0,0,0,1,8,0,0,0,0,0,0.8
2025,11,Christian Watson,GNB,NYG,WR,0,0,0,0,0,0,0,0,5,4,46,2,20.6
2025,11,Dontayvion Wicks,GNB,NYG,WR,0,0,0,0,0,0,0,0,2,1,9,0,1.9
2025,11,Emanuel Wilson,GNB,NYG,RB,0,0,0,0,0,11,40,1,1,1,9,0,13.9
2025,11,John FitzPatrick,GNB,NYG,TE,0,0,0,0,0,0,0,0,1,1,5,0,1.5
2025,11,Jordan Love,GNB,NYG,QB,24,13,174,2,0,2,7,0,0,0,0,0,17.66
2025,11,Josh Jacobs,GNB,NYG,RB,0,0,0,0,0,7,40,0,1,0,0,0,4.0
2025,11,Josh Whyle,GNB,NYG,TE,0,0,0,0,0,0,0,0,1,1,2,1,7.2
2025,11,Luke Musgrave,GNB,NYG,TE,0,0,0,0,0,0,0,0,2,1,-1,0,0.9
2025,11,Malik Willis,GNB,NYG,QB,2,2,6,1,0,1,16,0,0,0,0,0,5.84
2025,11,Matthew Golden,GNB,NYG,WR,0,0,0,0,0,0,0,0,3,1,24,0,3.4
2025,11,Romeo Doubs,GNB,NYG,WR,0,0,0,0,0,0,0,0,8,4,53,0,9.3
2025,11,Savion Williams,GNB,NYG,WR,0,0,0,0,0,0,0,0,1,1,33,0,4.3
2025,11,Christian Kirk,HOU,TEN,WR,0,0,0,0,0,0,0,0,4,1,6,0,1.6
2025,11,Dalton Schultz,HOU,TEN,TE,0,0,0,0,0,0,0,0,9,6,51,0,11.1
2025,11,Dare Ogunbowale,HOU,TEN,RB,0,0,0,0,0,0,0,0,1,1,9,0,1.9
2025,11,Davis Mills,HOU,TEN,QB,41,26,274,1,0,2,14,0,0,0,0,0,16.36
2025,11,Jayden Higgins,HOU,TEN,WR,0,0,0,0,0,0,0,0,7,4,55,0,9.5
2025,11,Jaylin Noel,HOU,TEN,WR,0,0,0,0,0,0,0,0,1,1,12,0,2.2
2025,11,Nick Chubb,HOU,TEN,RB,0,0,0,0,0,3,17,0,2,0,0,0,1.7
2025,11,Nico Collins,HOU,TEN,WR,0,0,0,0,0,0,0,0,10,9,92,1,24.2
2025,11,Woody Marks,HOU,TEN,RB,0,0,0,0,0,18,44,0,1,1,7,0,6.1
2025,11,Xavier Hutchinson,HOU,TEN,WR,0,0,0,0,0,0,0,0,5,3,42,0,7.2
2025,11,Austin Trammell,JAX,LAC,WR,0,0,0,0,0,0,0,0,1,1,13,0,2.3
2025,11,Bhayshul Tuten,JAX,LAC,RB,0,0,0,0,0,15,74,1,0,0,0,0,13.4
2025,11,Dyami Brown,JAX,LAC,WR,0,0,0,0,0,0,0,0,1,0,0,0,0.0
2025,11,Jakobi Meyers,JAX,LAC,WR,0,0,0,0,0,0,0,0,6,5,64,0,11.4
2025,11,Johnny Mundt,JAX,LAC,TE,0,0,0,0,0,0,0,0,3,2,25,0,4.5
2025,11,LeQuint Allen Jr.,JAX,LAC,RB,0,0,0,0,0,8,36,0,0,0,0,0,3.6
2025,11,Parker Washington,JAX,LAC,WR,0,0,0,0,0,0,0,0,2,2,20,0,4.0
2025,11,Quintin Morris,JAX,LAC,TE,0,0,0,0,0,0,0,0,3,1,11,0,2.1
2025,11,Tim Patrick,JAX,LAC,WR,0,0,0,0,0,0,0,0,4,3,20,1,11.0
2025,11,Travis Etienne,JAX,LAC,RB,0,0,0,0,0,19,73,2,2,0,0,0,19.3
2025,11,Trevor Lawrence,JAX,LAC,QB,22,14,153,1,1,5,9,1,0,0,0,0,15.02
2025,11,Brashard Smith,KAN,DEN,RB,0,0,0,0,0,0,0,0,3,2,8,0,2.8
2025,11,Elijah Mitchell,KAN,DEN,RB,0,0,0,0,0,0,0,0,1,0,0,0,0.0
2025,11,Kareem Hunt,KAN,DEN,RB,0,0,0,0,0,13,59,1,2,1,3,0,13.2
2025,11,Marquise Brown,KAN,DEN,WR,0,0,0,0,0,0,0,0,4,4,40,0,8.0
2025,11,Noah Gray,KAN,DEN,TE,0,0,0,0,0,0,0,0,3,2,9,0,2.9
2025,11,Patrick Mahomes,KAN,DEN,QB,45,29,276,1,1,1,3,0,0,0,0,0,13.34
2025,11,Rashee Rice,KAN,DEN,WR,0,0,0,0,0,0,0,0,9,6,38,0,9.8
2025,11,Robert Tonyan,KAN,DEN,TE,0,0,0,0,0,0,0,0,1,1,1,0,1.1
2025,11,Travis Kelce,KAN,DEN,TE,0,0,0,0,0,0,0,0,13,9,91,1,24.1
2025,11,Tyquan Thornton,KAN,DEN,WR,0,0,0,0,0,0,0,0,2,1,61,0,7.1
2025,11,Xavier Worthy,KAN,DEN,WR,0,0,0,0,0,0,0,0,5,3,25,0,5.5
2025,11,Amar Johnson,LAC,JAX,RB,0,0,0,0,0,2,8,0,1,0,0,0,0.8
2025,11,Derius Davis,LAC,JAX,WR,0,0,0,0,0,0,0,0,1,0,0,0,0.0
2025,11,Justin Herbert,LAC,JAX,QB,18,10,81,0,1,3,21,0,0,0,0,0,3.34
2025,11,Keenan Allen,LAC,JAX,WR,0,0,0,0,0,0,0,0,6,4,53,0,9.3
2025,11,Kimani Vidal,LAC,JAX,RB,0,0,0,0,0,5,13,0,2,2,-1,0,3.2
2025,11,Ladd McConkey,LAC,JAX,WR,0,0,0,0,0,0,0,0,4,3,13,0,4.3
2025,11,Oronde Gadsden II,LAC,JAX,TE,0,0,0,0,0,0,0,0,5,2,41,0,6.1
2025,11,Quentin Johnston,LAC,JAX,WR,0,0,0,0,0,0,0,0,3,0,0,0,0.0
2025,11,Trayveon Williams,LAC,JAX,RB,0,0,0,0,0,3,-1,0,1,1,0,0,0.9
2025,11,Tre Harris,LAC,JAX,WR,0,0,0,0,0,0,0,0,1,1,12,0,2.2
2025,11,Trey Lance,LAC,JAX,QB,8,3,37,0,0,3,1,0,0,0,0,0,1.58
2025,11,Blake Corum,LAR,SEA,RB,0,0,0,0,0,8,10,0,2,1,-5,0,1.5
2025,11,Colby Parkinson,LAR,SEA,TE,0,0,0,0,0,0,0,0,2,2,14,1,9.4
2025,11,Davante Adams,LAR,SEA,WR,0,0,0,0,0,0,0,0,8,1,1,1,7.1
2025,11,Jordan Whittington,LAR,SEA,WR,0,0,0,0,0,0,0,0,1,1,9,0,1.9
2025,11,Kyren Williams,LAR,SEA,RB,0,0,0,0,0,12,91,1,2,1,5,0,16.6
2025,11,Matthew Stafford,LAR,SEA,QB,28,15,130,2,0,0,0,0,0,0,0,0,13.2
2025,11,Puka Nacua,LAR,SEA,WR,0,0,0,0,0,2,18,0,8,7,75,0,14.3
2025,11,Tyler Higbee,LAR,SEA,TE,0,0,0,0,0,0,0,0,2,1,23,0,3.3
2025,11,Xavier Smith,LAR,SEA,WR,0,0,0,0,0,0,0,0,2,1,8,0,1.8
2025,11,Ashton Jeanty,LVR,DAL,RB,0,0,0,0,0,6,7,0,8,6,27,0,9.4
2025,11,Brock Bowers,LVR,DAL,TE,0,0,0,0,0,0,0,0,12,7,72,0,14.2
2025,11,Geno Smith,LVR,DAL,QB,42,27,238,1,1,4,14,0,0,0,0,0,12.92
2025,11,Ian Thomas,LVR,DAL,TE,0,0,0,0,0,0,0,0,1,1,20,0,3.0
2025,11,Jack Bech,LVR,DAL,WR,0,0,0,0,0,0,0,0,1,1,19,0,2.9
2025,11,Michael Mayer,LVR,DAL,TE,0,0,0,0,0,0,0,0,4,3,13,0,4.3
2025,11,Raheem Mostert,LVR,DAL,RB,0,0,0,0,0,2,6,0,2,2,7,0,3.3
2025,11,Tre Tucker,LVR,DAL,WR,0,0,0,0,0,0,0,0,8,4,47,1,14.7
2025,11,Tyler Lockett,LVR,DAL,WR,0,0,0,0,0,0,0,0,3,3,33,0,6.3
2025,11,De'Von Achane,MIA,WAS,RB,0,0,0,0,0,21,120,0,5,5,45,0,21.5
2025,11,Greg Dulcich,MIA,WAS,TE,0,0,0,0,0,0,0,0,4,2,18,0,3.8
2025,11,Jaylen Waddle,MIA,WAS,WR,0,0,0,0,0,0,0,0,7,3,52,0,8.2
2025,11,Jaylen Wright,MIA,WAS,RB,0,0,0,0,0,1,4,0,0,0,0,0,0.4
2025,11,Julian Hill,MIA,WAS,TE,0,0,0,0,0,0,0,0,1,1,14,0,2.4
2025,11,Malik Washington,MIA,WAS,WR,0,0,0,0,0,0,0,0,3,3,42,0,7.2
2025,11,Ollie Gordon II,MIA,WAS,RB,0,0,0,0,0,9,45,1,0,0,0,0,10.5
2025,11,Tua Tagovailoa,MIA,WAS,QB,20,14,171,0,0,0,0,0,0,0,0,0,6.84
2025,11,Aaron Jones,MIN,CHI,RB,0,0,0,0,0,16,70,0,6,3,11,0,11.1
2025,11,Adam Thielen,MIN,CHI,WR,0,0,0,0,0,0,0,0,2,1,6,0,1.6
2025,11,J.J. McCarthy,MIN,CHI,QB,32,16,150,1,2,0,0,0,0,0,0,0,6.0
2025,11,Jalen Nailor,MIN,CHI,WR,0,0,0,0,0,0,0,0,1,1,16,0,2.6
2025,11,Jordan Addison,MIN,CHI,WR,0,0,0,0,0,0,0,0,7,2,20,1,10.0
2025,11,Jordan Mason,MIN,CHI,RB,0,0,0,0,0,6,45,1,0,0,0,0,10.5
2025,11,Josh Oliver,MIN,CHI,TE,0,0,0,0,0,0,0,0,1,1,-3,0,0.7
2025,11,Justin Jefferson,MIN,CHI,WR,0,0,0,0,0,0,0,0,9,5,61,0,11.1
2025,11,T.J. Hockenson,MIN,CHI,TE,0,0,0,0,0,0,0,0,6,3,39,0,6.9
2025,11,D'Ernest Johnson,NWE,NYJ,RB,0,0,0,0,0,3,6,0,0,0,0,0,0.6
2025,11,DeMario Douglas,NWE,NYJ,WR,0,0,0,0,0,1,-5,0,3,3,36,0,6.1
2025,11,Drake Maye,NWE,NYJ,QB,34,25,281,1,0,4,2,0,0,0,0,0,15.44
2025,11,Hunter Henry,NWE,NYJ,TE,0,0,0,0,0,0,0,0,6,4,45,0,8.5
2025,11,Kyle Williams,NWE,NYJ,WR,0,0,0,0,0,0,0,0,3,0,0,0,0.0
2025,11,Mack Hollins,NWE,NYJ,WR,0,0,0,0,0,0,0,0,5,4,64,0,10.4
2025,11,Stefon Diggs,NWE,NYJ,WR,0,0,0,0,0,0,0,0,11,9,105,0,19.5
2025,11,TreVeyon Henderson,NWE,NYJ,RB,0,0,0,0,0,19,62,2,5,5,31,1,32.3
2025,11,Daniel Bellinger,NYG,GNB,TE,0,0,0,0,0,0,0,0,1,0,0,0,0.0
2025,11,Devin Singletary,NYG,GNB,RB,0,0,0,0,0,16,44,2,1,1,3,0,17.7
2025,11,Isaiah Hodgins,NYG,GNB,WR,0,0,0,0,0,0,0,0,6,5,57,0,10.7
2025,11,Jalin Hyatt,NYG,GNB,WR,0,0,0,0,0,0,0,0,4,2,18,0,3.8
2025,11,Jameis Winston,NYG,GNB,QB,29,19,201,0,1,3,10,1,0,0,0,0,11.04
2025,11,Theo Johnson,NYG,GNB,TE,0,0,0,0,0,0,0,0,4,3,36,0,6.6
2025,11,Tyrone Tracy Jr.,NYG,GNB,RB,0,0,0,0,0,19,88,0,4,4,51,0,17.9
2025,11,Wan'Dale Robinson,NYG,GNB,WR,0,0,0,0,0,0,0,0,9,4,36,0,7.6
2025,11,Adonai Mitchell,NYJ,NWE,WR,0,0,0,0,0,0,0,0,6,1,10,0,2.0
2025,11,Breece Hall,NYJ,NWE,RB,0,0,0,0,0,14,58,0,2,2,6,0,8.4
2025,11,Isaiah Davis,NYJ,NWE,RB,0,0,0,0,0,2,11,0,1,0,0,0,1.1
2025,11,Isaiah Williams,NYJ,NWE,WR,1,0,0,0,0,1,4,0,4,1,2,0,1.6
2025,11,Jeremy Ruckert,NYJ,NWE,TE,0,0,0,0,0,0,0,0,5,4,23,0,6.3
2025,11,John Metchie III,NYJ,NWE,WR,0,0,0,0,0,0,0,0,3,3,45,1,13.5
2025,11,Justin Fields,NYJ,NWE,QB,26,15,116,1,0,11,67,1,1,0,0,0,19.34
2025,11,Mason Taylor,NYJ,NWE,TE,0,0,0,0,0,0,0,0,4,4,30,0,7.0
2025,11,A.J. Brown,PHI,DET,WR,0,0,0,0,0,0,0,0,11,7,49,0,11.9
2025,11,Dallas Goedert,PHI,DET,TE,0,0,0,0,0,0,0,0,5,2,24,0,4.4
2025,11,DeVonta Smith,PHI,DET,WR,0,0,0,0,0,0,0,0,5,1,8,0,1.8
2025,11,Jahan Dotson,PHI,DET,WR,0,0,0,0,0,0,0,0,2,2,43,0,6.3
2025,11,Jalen Hurts,PHI,DET,QB,28,14,135,0,0,10,31,1,0,0,0,0,14.5
2025,11,Kylen Granson,PHI,DET,TE,0,0,0,0,0,0,0,0,2,1,4,0,1.4
2025,11,Saquon Barkley,PHI,DET,RB,0,0,0,0,0,26,83,0,2,1,7,0,10.0
2025,11,Tank Bigsby,PHI,DET,RB,0,0,0,0,0,4,34,0,0,0,0,0,3.4
2025,11,Aaron Rodgers,PIT,CIN,QB,15,9,116,1,0,1,8,0,0,0,0,0,9.44
2025,11,Calvin Austin III,PIT,CIN,WR,0,0,0,0,0,0,0,0,1,1,5,0,1.5
2025,11,Connor Heyward,PIT,CIN,RB,0,0,0,0,0,2,3,0,0,0,0,0,0.3
2025,11,DK Metcalf,PIT,CIN,WR,0,0,0,0,0,0,0,0,8,5,49,0,9.9
2025,11,Darnell Washington,PIT,CIN,TE,0,0,0,0,0,0,0,0,5,4,67,0,10.7
2025,11,Jaylen Warren,PIT,CIN,RB,0,0,0,0,0,10,62,0,2,2,5,0,8.7
2025,11,Jonnu Smith,PIT,CIN,TE,0,0,0,0,0,0,0,0,2,0,0,0,0.0
2025,11,Kaleb Johnson,PIT,CIN,RB,0,0,0,0,0,5,15,0,0,0,0,0,1.5
2025,11,Kenny Gainwell,PIT,CIN,RB,0,0,0,0,0,9,24,0,8,7,81,2,29.5
2025,11,Mason Rudolph,PIT,CIN,QB,16,12,127,1,0,1,-1,0,0,0,0,0,8.98
2025,11,Pat Freiermuth,PIT,CIN,TE,0,0,0,0,0,0,0,0,1,1,19,0,2.9
2025,11,Roman Wilson,PIT,CIN,WR,0,0,0,0,0,0,0,0,2,1,17,0,2.7
2025,11,AJ Barner,SEA,LAR,TE,0,0,0,0,0,2,1,0,11,10,70,0,17.1
2025,11,Cooper Kupp,SEA,LAR,WR,0,0,0,0,0,0,0,0,7,3,23,0,5.3
2025,11,Elijah Arroyo,SEA,LAR,TE,0,0,0,0,0,0,0,0,2,0,0,0,0.0
2025,11,George Holani,SEA,LAR,RB,0,0,0,0,0,2,6,0,0,0,0,0,0.6
2025,11,Jaxon Smith-Njigba,SEA,LAR,WR,0,0,0,0,0,1,11,0,12,9,105,0,20.6
2025,11,Kenneth Walker III,SEA,LAR,RB,0,0,0,0,0,16,67,1,3,3,44,0,20.1
2025,11,Rashid Shaheed,SEA,LAR,WR,0,0,0,0,0,1,2,0,5,2,27,0,4.9
2025,11,Sam Darnold,SEA,LAR,QB,44,29,279,0,4,2,11,0,0,0,0,0,4.26
2025,11,Zach Charbonnet,SEA,LAR,RB,0,0,0,0,0,11,37,0,2,2,10,0,6.7
2025,11,Brian Robinson,SFO,ARI,RB,0,0,0,0,0,8,24,0,1,0,0,0,2.4
2025,11,Brock Purdy,SFO,ARI,QB,26,19,200,3,0,1,-7,0,0,0,0,0,19.3
2025,11,Christian McCaffrey,SFO,ARI,RB,0,0,0,0,0,13,81,2,6,5,40,1,35.1
2025,11,Demarcus Robinson,SFO,ARI,WR,0,0,0,0,0,0,0,0,2,1,13,0,2.3
2025,11,George Kittle,SFO,ARI,TE,0,0,0,0,0,0,0,0,6,6,67,2,24.7
2025,11,Jauan Jennings,SFO,ARI,WR,0,0,0,0,0,0,0,0,6,4,54,0,9.4
2025,11,Kyle Juszczyk,SFO,ARI,RB,0,0,0,0,0,0,0,0,2,2,26,0,4.6
2025,11,Mac Jones,SFO,ARI,QB,0,0,0,0,0,3,-3,0,0,0,0,0,-0.3
2025,11,Ricky Pearsall,SFO,ARI,WR,0,0,0,0,0,0,0,0,2,1,0,0,1.0
2025,11,Baker Mayfield,TAM,BUF,QB,28,16,173,1,1,5,39,1,0,0,0,0,16.82
2025,11,Cade Otton,TAM,BUF,TE,0,0,0,0,0,0,0,0,5,2,28,0,4.8
2025,11,Emeka Egbuka,TAM,BUF,WR,0,0,0,0,0,0,0,0,9,5,40,0,9.0
2025,11,Rachaad White,TAM,BUF,RB,0,0,0,0,0,10,51,0,3,2,11,0,8.2
2025,11,Sean Tucker,TAM,BUF,RB,0,0,0,0,0,19,106,2,2,2,34,1,34.0
2025,11,Sterling Shepard,TAM,BUF,WR,0,0,0,0,0,1,7,0,5,4,54,0,10.1
2025,11,Teddy Bridgewater,TAM,BUF,QB,0,0,0,0,0,1,-1,0,0,0,0,0,-0.1
2025,11,Tez Johnson,TAM,BUF,WR,0,0,0,0,0,3,0,0,3,1,6,0,1.6
2025,11,Calvin Ridley,TEN,HOU,WR,0,0,0,0,0,0,0,0,1,1,13,0,2.3
2025,11,Cam Ward,TEN,HOU,QB,37,24,194,1,0,3,33,0,0,0,0,0,13.06
2025,11,Chig Okonkwo,TEN,HOU,TE,0,0,0,0,0,0,0,0,3,3,56,0,8.6
2025,11,Chimere Dike,TEN,HOU,WR,0,0,0,0,0,0,0,0,3,2,14,0,3.4
2025,11,Elic Ayomanor,TEN,HOU,WR,0,0,0,0,0,0,0,0,6,2,11,0,3.1
2025,11,Gunnar Helm,TEN,HOU,TE,0,0,0,0,0,0,0,0,5,4,29,0,6.9
2025,11,Mason Kinsey,TEN,HOU,WR,0,0,0,0,0,0,0,0,3,1,14,0,2.4
2025,11,Tony Pollard,TEN,HOU,RB,0,0,0,0,0,10,22,0,3,3,4,0,5.6
2025,11,Tyjae Spears,TEN,HOU,RB,0,0,0,0,0,4,3,0,5,5,31,0,8.4
2025,11,Van Jefferson,TEN,HOU,WR,0,0,0,0,0,0,0,0,7,3,22,1,11.2
2025,11,Chris Moore,WAS,MIA,WR,0,0,0,0,0,0,0,0,5,2,28,0,4.8
2025,11,Chris Rodriguez Jr.,WAS,MIA,RB,0,0,0,0,0,15,79,0,1,1,6,0,9.5
2025,11,Colson Yankoff,WAS,MIA,TE,0,0,0,0,0,0,0,0,1,1,4,0,1.4
2025,11,Deebo Samuel Sr.,WAS,MIA,WR,0,0,0,0,0,1,3,0,8,7,74,1,20.7
2025,11,Jacoby Jones,WAS,MIA,WR,0,0,0,0,0,0,0,0,1,1,25,0,3.5
2025,11,Jacory Croskey-Merritt,WAS,MIA,RB,0,0,0,0,0,9,28,0,1,1,5,0,4.3
2025,11,Jaylin Lane,WAS,MIA,WR,0,0,0,0,0,0,0,0,1,1,13,0,2.3
2025,11,Jeremy McNichols,WAS,MIA,RB,0,0,0,0,0,4,13,0,2,2,16,0,4.9
2025,11,Marcus Mariota,WAS,MIA,QB,30,20,213,1,1,4,49,0,0,0,0,0,15.42
2025,11,Robbie Chosen,WAS,MIA,WR,0,0,0,0,0,0,0,0,1,0,0,0,0.0
2025,11,Zach Ertz,WAS,MIA,TE,0,0,0,0,0,0,0,0,8,4,42,0,8.2
2025,12,Bam Knight,ARI,JAX,RB,0,0,0,0,0,10,12,1,5,4,20,0,13.2
2025,12,Greg Dortch,ARI,JAX,WR,0,0,0,0,0,2,-5,0,9,6,53,1,16.8
2025,12,Jacoby Brissett,ARI,JAX,QB,49,33,317,1,0,3,20,0,0,0,0,0,18.68
2025,12,Josiah Deguara,ARI,JAX,TE,0,0,0,0,0,0,0,0,1,1,6,0,1.6
2025,12,Michael Carter,ARI,JAX,RB,0,0,0,0,0,5,28,0,3,3,30,0,8.8
2025,12,Michael Wilson,ARI,JAX,WR,0,0,0,0,0,0,0,0,15,10,118,0,21.8
2025,12,Trey McBride,ARI,JAX,TE,0,0,0,0,0,0,0,0,10,9,79,0,16.9
2025,12,Xavier Weaver,ARI,JAX,WR,0,0,0,0,0,0,0,0,3,1,9,0,1.9
2025,12,Bijan Robinson,ATL,NOR,RB,0,0,0,0,0,14,70,0,2,2,37,0,14.7
2025,12,Charlie Woerner,ATL,NOR,TE,0,0,0,0,0,0,0,0,3,3,24,0,5.4
2025,12,Darnell Mooney,ATL,NOR,WR,0,0,0,0,0,0,0,0,3,3,74,1,16.4
2025,12,David Sills,ATL,NOR,WR,0,0,0,0,0,0,0,0,3,2,16,1,9.6
2025,12,Dylan Drummond,ATL,NOR,WR,0,0,0,0,0,0,0,0,3,3,18,0,4.8
2025,12,Feleipe Franks,ATL,NOR,TE,0,0,0,0,0,1,2,0,0,0,0,0,0.2
2025,12,Kirk Cousins,ATL,NOR,QB,23,16,199,2,1,2,5,0,0,0,0,0,14.46
2025,12,Kyle Pitts,ATL,NOR,TE,0,0,0,0,0,0,0,0,5,2,25,0,4.5
2025,12,Tyler Allgeier,ATL,NOR,RB,0,0,0,0,0,12,44,0,1,1,5,0,5.9
2025,12,DeAndre Hopkins,BAL,NYJ,WR,0,0,0,0,0,0,0,0,3,2,13,0,3.3
2025,12,Derrick Henry,BAL,NYJ,RB,0,0,0,0,0,21,64,2,2,2,24,0,22.8
2025,12,Devontez Walker,BAL,NYJ,WR,0,0,0,0,0,0,0,0,1,1,30,0,4.0
2025,12,Isaiah Likely,BAL,NYJ,TE,0,0,0,0,0,0,0,0,3,1,10,0,2.0
2025,12,Keaton Mitchell,BAL,NYJ,RB,0,0,0,0,0,2,10,0,1,1,9,0,2.9
2025,12,Lamar Jackson,BAL,NYJ,QB,23,13,153,0,0,7,11,0,0,0,0,0,7.22
2025,12,Mark Andrews,BAL,NYJ,TE,0,0,0,0,0,2,2,0,3,1,9,0,2.1
2025,12,Tylan Wallace,BAL,NYJ,WR,0,0,0,0,0,0,0,0,1,0,0,0,0.0
2025,12,Zay Flowers,BAL,NYJ,WR,0,0,0,0,0,2,11,0,6,5,58,0,11.9
2025,12,Dawson Knox,BUF,HOU,TE,0,0,0,0,0,0,0,0,4,3,17,0,4.7
2025,12,Elijah Moore,BUF,HOU,WR,0,0,0,0,0,0,0,0,3,1,-3,0,0.7
2025,12,Gabe Davis,BUF,HOU,WR,0,0,0,0,0,0,0,0,2,1,22,0,3.2
2025,12,Jackson Hawes,BUF,HOU,TE,0,0,0,0,0,0,0,0,2,2,26,0,4.6
2025,12,James Cook,BUF,HOU,RB,0,0,0,0,0,17,116,1,3,3,13,0,21.9
2025,12,Josh Allen,BUF,HOU,QB,34,24,253,0,2,5,20,0,0,0,0,0,8.12
2025,12,Josh Palmer,BUF,HOU,WR,0,0,0,0,0,0,0,0,4,2,21,0,4.1
2025,12,Khalil Shakir,BUF,HOU,WR,0,0,0,0,0,0,0,0,10,8,110,0,17.0
2025,12,Reggie Gilliam,BUF,HOU,RB,0,0,0,0,0,0,0,0,1,1,2,0,1.2
2025,12,Ty Johnson,BUF,HOU,RB,0,0,0,0,0,2,7,0,3,3,45,0,8.2
2025,12,Bryce Young,CAR,SFO,QB,29,18,169,1,2,4,15,0,0,0,0,0,8.26
2025,12,Chuba Hubbard,CAR,SFO,RB,0,0,0,0,0,3,16,0,4,4,27,0,8.3
2025,12,Ja'Tavion Sanders,CAR,SFO,TE,0,0,0,0,0,0,0,0,1,1,6,0,1.6
2025,12,Jalen Coker,CAR,SFO,WR,0,0,0,0,0,0,0,0,4,3,32,0,6.2
2025,12,Jimmy Horn Jr.,CAR,SFO,WR,0,0,0,0,0,0,0,0,1,1,11,0,2.1
2025,12,Mitchell Evans,CAR,SFO,TE,0,0,0,0,0,0,0,0,1,0,0,0,0.0
2025,12,Rico Dowdle,CAR,SFO,RB,0,0,0,0,0,6,38,0,4,4,36,0,11.4
2025,12,Tetairoa McMillan,CAR,SFO,WR,0,0,0,0,0,0,0,0,7,2,35,1,11.5
2025,12,Xavier Legette,CAR,SFO,WR,0,0,0,0,0,0,0,0,5,3,22,0,5.2
2025,12,Caleb Williams,CHI,PIT,QB,35,19,239,3,0,4,21,0,0,0,0,0,21.66
2025,12,Cole Kmet,CHI,PIT,TE,0,0,0,0,0,0,0,0,1,1,3,0,1.3
2025,12,Colston Loveland,CHI,PIT,TE,0,0,0,0,0,0,0,0,5,4,49,1,14.9
2025,12,D'Andre Swift,CHI,PIT,RB,0,0,0,0,0,8,15,0,1,1,14,0,1.9
2025,12,DJ Moore,CHI,PIT,WR,0,0,0,0,0,0,0,0,7,5,64,2,23.4
2025,12,Durham Smythe,CHI,PIT,TE,0,0,0,0,0,0,0,0,1,1,4,0,1.4
2025,12,Kyle Monangai,CHI,PIT,RB,0,0,0,0,0,12,48,1,0,0,0,0,10.8
2025,12,Luther Burden III,CHI,PIT,WR,0,0,0,0,0,1,15,0,5,3,46,0,9.1
2025,12,Olamide Zaccheaus,CHI,PIT,WR,0,0,0,0,0,0,0,0,1,1,6,0,1.6
2025,12,Rome Odunze,CHI,PIT,WR,0,0,0,0,0,0,0,0,9,3,53,0,8.3
2025,12,Andrei Iosivas,CIN,NWE,WR,0,0,0,0,0,1,5,0,7,4,61,0,10.6
2025,12,Charlie Jones,CIN,NWE,WR,0,0,0,0,0,0,0,0,1,0,0,0,0.0
2025,12,Chase Brown,CIN,NWE,RB,0,0,0,0,0,19,107,0,4,2,23,0,15.0
2025,12,Drew Sample,CIN,NWE,TE,0,0,0,0,0,0,0,0,1,1,0,0,1.0
2025,12,Joe Flacco,CIN,NWE,QB,37,19,183,1,1,1,3,0,0,0,0,0,9.62
2025,12,Mike Gesicki,CIN,NWE,TE,0,0,0,0,0,0,0,0,6,4,35,0,7.5
2025,12,Mitchell Tinsley,CIN,NWE,WR,0,0,0,0,0,0,0,0,6,2,29,1,10.9
2025,12,Noah Fant,CIN,NWE,TE,0,0,0,0,0,0,0,0,1,1,9,0,1.9
2025,12,Tahj Brooks,CIN,NWE,RB,0,0,0,0,0,2,5,0,1,0,0,0,0.5
2025,12,Tanner Hudson,CIN,NWE,TE,0,0,0,0,0,0,0,0,1,1,9,0,1.9
2025,12,Tee Higgins,CIN,NWE,WR,0,0,0,0,0,0,0,0,6,5,31,0,8.1
2025,12,Cedric Tillman,CLE,LVR,WR,0,0,0,0,0,0,0,0,3,1,5,0,1.5
2025,12,Dylan Sampson,CLE,LVR,RB,0,0,0,0,0,7,23,0,3,2,59,1,16.2
2025,12,Harold Fannin Jr.,CLE,LVR,TE,0,0,0,0,0,1,4,0,6,4,40,0,8.4
2025,12,Isaiah Bond,CLE,LVR,WR,0,0,0,0,0,0,0,0,2,2,58,0,7.8
2025,12,Jerome Ford,CLE,LVR,RB,0,0,0,0,0,1,-3,0,0,0,0,0,-0.3
2025,12,Jerry Jeudy,CLE,LVR,WR,0,0,0,0,0,0,0,0,3,1,39,0,2.9
2025,12,Malachi Corley,CLE,LVR,WR,0,0,0,0,0,1,-6,0,1,1,8,0,1.2
2025,12,Quinshon Judkins,CLE,LVR,RB,0,0,0,0,0,16,47,2,0,0,0,0,16.7
2025,12,Shedeur Sanders,CLE,LVR,QB,20,11,209,1,1,1,-1,0,0,0,0,0,10.26
2025,12,Brevyn Spann-Ford,DAL,PHI,TE,0,0,0,0,0,0,0,0,1,1,4,1,7.4
2025,12,CeeDee Lamb,DAL,PHI,WR,0,0,0,0,0,0,0,0,11,4,75,0,11.5
2025,12,Dak Prescott,DAL,PHI,QB,36,23,354,2,1,5,9,1,0,0,0,0,27.06
2025,12,George Pickens,DAL,PHI,WR,0,0,0,0,0,0,0,0,9,9,146,1,29.6
2025,12,Hunter Luepke,DAL,PHI,RB,0,0,0,0,0,0,0,0,1,1,7,0,1.7
2025,12,Jake Ferguson,DAL,PHI,TE,0,0,0,0,0,1,1,0,6,5,60,0,11.1
2025,12,Javonte Williams,DAL,PHI,RB,0,0,0,0,0,20,87,0,3,2,14,0,12.1
2025,12,KaVontae Turpin,DAL,PHI,WR,0,0,0,0,0,2,4,0,2,1,48,0,4.2
2025,12,Luke Schoonmaker,DAL,PHI,TE,0,0,0,0,0,0,0,0,1,0,0,0,0.0
2025,12,Malik Davis,DAL,PHI,RB,0,0,0,0,0,3,24,0,0,0,0,0,2.4
2025,12,Ryan Flournoy,DAL,PHI,WR,0,0,0,0,0,0,0,0,1,0,0,0,0.0
2025,12,Amon-Ra St. Brown,DET,NYG,WR,0,0,0,0,0,0,0,0,13,9,149,1,29.9
2025,12,Brock Wright,DET,NYG,TE,0,0,0,0,0,0,0,0,4,3,29,0,5.9
2025,12,David Montgomery,DET,NYG,RB,0,0,0,0,0,5,18,0,3,3,19,0,6.7
2025,12,Isaac TeSlaa,DET,NYG,WR,0,0,0,0,0,0,0,0,1,0,0,0,0.0
2025,12,Jahmyr Gibbs,DET,NYG,RB,0,0,0,0,0,15,219,2,12,11,45,1,55.4
2025,12,Jameson Williams,DET,NYG,WR,0,0,0,0,0,0,0,0,3,0,0,0,0.0
2025,12,Jared Goff,DET,NYG,QB,42,28,279,2,1,0,0,0,0,0,0,0,17.16
2025,12,Kalif Raymond,DET,NYG,WR,0,0,0,0,0,0,0,0,2,2,37,0,5.7
2025,12,Chris Brooks,GNB,MIN,RB,0,0,0,0,0,8,21,0,1,1,5,0,3.6
2025,12,Christian Watson,GNB,MIN,WR,0,0,0,0,0,0,0,0,7,5,49,0,9.9
2025,12,Dontayvion Wicks,GNB,MIN,WR,0,0,0,0,0,0,0,0,4,2,32,0,5.2
2025,12,Emanuel Wilson,GNB,MIN,RB,0,0,0,0,0,28,107,2,2,2,18,0,26.5
2025,12,John FitzPatrick,GNB,MIN,TE,0,0,0,0,0,0,0,0,1,1,11,0,2.1
2025,12,Jordan Love,GNB,MIN,QB,21,14,139,0,0,3,15,0,0,0,0,0,7.06
2025,12,Josh Whyle,GNB,MIN,TE,0,0,0,0,0,0,0,0,1,1,1,0,1.1
2025,12,Luke Musgrave,GNB,MIN,TE,0,0,0,0,0,0,0,0,2,1,7,0,1.7
2025,12,Malik Willis,GNB,MIN,QB,1,1,7,0,0,2,3,0,0,0,0,0,0.58
2025,12,Romeo Doubs,GNB,MIN,WR,0,0,0,0,0,0,0,0,3,2,23,0,4.3
2025,12,Savion Williams,GNB,MIN,WR,0,0,0,0,0,1,0,0,0,0,0,0,0.0
2025,12,Cade Stover,HOU,BUF,TE,0,0,0,0,0,0,0,0,2,0,0,0,0.0
2025,12,Christian Kirk,HOU,BUF,WR,0,0,0,0,0,0,0,0,6,5,54,1,16.4
2025,12,Dalton Schultz,HOU,BUF,TE,0,0,0,0,0,0,0,0,4,1,8,0,1.8
2025,12,Davis Mills,HOU,BUF,QB,30,16,153,2,0,2,4,0,0,0,0,0,14.52
2025,12,Jayden Higgins,HOU,BUF,WR,0,0,0,0,0,0,0,0,9,4,38,1,13.8
2025,12,Jaylin Noel,HOU,BUF,WR,0,0,0,0,0,1,5,0,2,1,4,0,1.9
2025,12,Nick Chubb,HOU,BUF,RB,0,0,0,0,0,6,16,0,1,1,-1,0,2.5
2025,12,Nico Collins,HOU,BUF,WR,0,0,0,0,0,0,0,0,3,3,55,0,8.5
2025,12,Woody Marks,HOU,BUF,RB,0,0,0,0,0,16,74,0,1,1,-5,0,7.9
2025,12,Xavier Hutchinson,HOU,BUF,WR,0,0,0,0,0,1,9,0,0,0,0,0,0.9
2025,12,Alec Pierce,IND,KAN,WR,0,0,0,0,0,0,0,0,2,1,26,0,3.6
2025,12,Ameer Abdullah,IND,KAN,RB,0,0,0,0,0,0,0,0,1,0,0,0,0.0
2025,12,Andrew Ogletree,IND,KAN,TE,0,0,0,0,0,0,0,0,2,2,8,1,8.8
2025,12,Ashton Dulin,IND,KAN,WR,0,0,0,0,0,0,0,0,1,1,48,0,5.8
2025,12,Daniel Jones,IND,KAN,QB,31,19,181,2,0,3,16,0,0,0,0,0,16.84
2025,12,Jonathan Taylor,IND,KAN,RB,0,0,0,0,0,16,58,0,3,2,8,0,8.6
2025,12,Josh Downs,IND,KAN,WR,0,0,0,0,0,0,0,0,6,2,10,0,3.0
2025,12,Michael Pittman,IND,KAN,WR,0,0,0,0,0,0,0,0,8,5,27,1,13.7
2025,12,Mo Alie-Cox,IND,KAN,TE,0,0,0,0,0,0,0,0,1,1,9,0,1.9
2025,12,Tyler Warren,IND,KAN,TE,0,0,0,0,0,0,0,0,7,5,45,0,9.5
2025,12,Austin Trammell,JAX,ARI,WR,0,0,0,0,0,0,0,0,1,0,0,0,0.0
2025,12,Bhayshul Tuten,JAX,ARI,RB,0,0,0,0,0,7,17,0,1,0,0,0,1.7
2025,12,Brenton Strange,JAX,ARI,TE,0,0,0,0,0,0,0,0,5,5,93,0,14.3
2025,12,Jakobi Meyers,JAX,ARI,WR,0,0,0,0,0,0,0,0,6,4,50,1,15.0
2025,12,Johnny Mundt,JAX,ARI,TE,0,0,0,0,0,0,0,0,2,1,12,0,2.2
2025,12,LeQuint Allen Jr.,JAX,ARI,RB,0,0,0,0,0,1,2,0,0,0,0,0,0.2
2025,12,Parker Washington,JAX,ARI,WR,0,0,0,0,0,0,0,0,7,5,71,1,18.1
2025,12,Tim Patrick,JAX,ARI,WR,0,0,0,0,0,0,0,0,4,0,0,0,0.0
2025,12,Travis Etienne,JAX,ARI,RB,0,0,0,0,0,15,86,0,4,3,30,1,20.6
2025,12,Trevor Lawrence,JAX,ARI,QB,30,18,256,3,3,5,29,0,0,0,0,0,17.14
2025,12,Brashard Smith,KAN,IND,RB,0,0,0,0,0,1,5,0,4,3,31,0,6.6
2025,12,Clyde Edwards-Helaire,KAN,IND,RB,0,0,0,0,0,5,8,0,2,2,9,0,3.7
2025,12,JuJu Smith-Schuster,KAN,IND,WR,0,0,0,0,0,0,0,0,2,1,8,0,1.8
2025,12,Kareem Hunt,KAN,IND,RB,0,0,0,0,0,30,104,1,3,3,26,0,20.0
2025,12,Marquise Brown,KAN,IND,WR,0,0,0,0,0,0,0,0,1,1,10,0,2.0
2025,12,Noah Gray,KAN,IND,TE,0,0,0,0,0,0,0,0,4,3,25,0,5.5
2025,12,Patrick Mahomes,KAN,IND,QB,46,29,352,0,1,4,30,0,0,0,0,0,17.08
2025,12,Rashee Rice,KAN,IND,WR,0,0,0,0,0,0,0,0,12,8,141,0,24.1
2025,12,Travis Kelce,KAN,IND,TE,0,0,0,0,0,1,1,0,6,4,43,0,8.4
2025,12,Tyquan Thornton,KAN,IND,WR,0,0,0,0,0,0,0,0,1,0,0,0,0.0
2025,12,Xavier Worthy,KAN,IND,WR,0,0,0,0,0,0,0,0,8,4,59,0,9.9
2025,12,Blake Corum,LAR,TAM,RB,0,0,0,0,0,7,24,0,0,0,0,0,2.4
2025,12,Colby Parkinson,LAR,TAM,TE,0,0,0,0,0,0,0,0,4,4,41,1,14.1
2025,12,Davante Adams,LAR,TAM,WR,0,0,0,0,0,0,0,0,8,5,62,2,23.2
2025,12,Davis Allen,LAR,TAM,TE,0,0,0,0,0,0,0,0,4,3,29,0,5.9
2025,12,Jordan Whittington,LAR,TAM,WR,0,0,0,0,0,0,0,0,3,3,17,0,4.7
2025,12,Konata Mumpfield,LAR,TAM,WR,0,0,0,0,0,0,0,0,2,2,25,0,4.5
2025,12,Kyren Williams,LAR,TAM,RB,0,0,0,0,0,12,46,0,1,1,2,0,5.8
2025,12,Matthew Stafford,LAR,TAM,QB,35,25,273,3,0,0,0,0,0,0,0,0,22.92
2025,12,Puka Nacua,LAR,TAM,WR,0,0,0,0,0,0,0,0,11,7,97,0,16.7
2025,12,Terrance Ferguson,LAR,TAM,TE,0,0,0,0,0,0,0,0,1,0,0,0,0.0
2025,12,Ashton Jeanty,LVR,CLE,RB,0,0,0,0,0,17,50,0,8,8,58,1,24.8
2025,12,Brock Bowers,LVR,CLE,TE,0,0,0,0,0,0,0,0,9,6,55,0,11.5
2025,12,Dont'e Thornton Jr.,LVR,CLE,WR,0,0,0,0,0,0,0,0,2,1,14,0,2.4
2025,12,Geno Smith,LVR,CLE,QB,44,30,285,1,0,3,8,0,0,0,0,0,14.2
2025,12,Ian Thomas,LVR,CLE,TE,0,0,0,0,0,0,0,0,4,4,36,0,7.6
2025,12,Michael Mayer,LVR,CLE,TE,0,0,0,0,0,0,0,0,1,1,14,0,2.4
2025,12,Raheem Mostert,LVR,CLE,RB,0,0,0,0,0,1,2,0,3,3,18,0,5.0
2025,12,Tre Tucker,LVR,CLE,WR,0,0,0,0,0,0,0,0,10,3,28,0,5.8
2025,12,Tyler Lockett,LVR,CLE,WR,0,0,0,0,0,0,0,0,5,4,62,0,10.2
2025,12,Aaron Jones,MIN,GNB,RB,0,0,0,0,0,9,41,0,4,3,16,0,8.7
2025,12,Adam Thielen,MIN,GNB,WR,0,0,0,0,0,0,0,0,1,0,0,0,0.0
2025,12,J.J. McCarthy,MIN,GNB,QB,19,12,87,0,2,2,10,0,0,0,0,0,0.48
2025,12,Jalen Nailor,MIN,GNB,WR,0,0,0,0,0,0,0,0,1,0,0,0,0.0
2025,12,Jordan Addison,MIN,GNB,WR,0,0,0,0,0,0,0,0,1,0,0,0,0.0
2025,12,Jordan Mason,MIN,GNB,RB,0,0,0,0,0,8,42,0,0,0,0,0,4.2
2025,12,Josh Oliver,MIN,GNB,TE,0,0,0,0,0,0,0,0,1,1,4,0,1.4
2025,12,Justin Jefferson,MIN,GNB,WR,0,0,0,0,0,0,0,0,6,4,48,0,8.8
2025,12,T.J. Hockenson,MIN,GNB,TE,0,0,0,0,0,1,0,0,4,4,19,0,5.9
2025,12,Alvin Kamara,NOR,ATL,RB,0,0,0,0,0,3,11,0,2,2,4,0,3.5
2025,12,Chris Olave,NOR,ATL,WR,0,0,0,0,0,0,0,0,13,9,70,0,16.0
2025,12,Dante Pettis,NOR,ATL,WR,0,0,0,0,0,0,0,0,1,1,14,0,2.4
2025,12,Devaughn Vele,NOR,ATL,WR,0,0,0,0,0,0,0,0,7,3,37,0,6.7
2025,12,Devin Neal,NOR,ATL,RB,0,0,0,0,0,7,18,0,7,5,43,0,11.1
2025,12,Foster Moreau,NOR,ATL,TE,0,0,0,0,0,0,0,0,1,0,0,0,0.0
2025,12,Jack Stoll,NOR,ATL,TE,0,0,0,0,0,0,0,0,1,1,7,0,1.7
2025,12,Juwan Johnson,NOR,ATL,TE,0,0,0,0,0,0,0,0,7,6,46,0,10.6
2025,12,Mason Tipton,NOR,ATL,WR,0,0,0,0,0,1,11,0,4,3,22,0,6.3
2025,12,Taysom Hill,NOR,ATL,TE,2,0,0,0,0,10,17,0,0,0,0,0,1.7
2025,12,Tyler Shough,NOR,ATL,QB,43,30,243,0,1,7,22,0,0,0,0,0,7.92
2025,12,Austin Hooper,NWE,CIN,TE,0,0,0,0,0,0,0,0,4,3,39,0,6.9
2025,12,DeMario Douglas,NWE,CIN,WR,0,0,0,0,0,1,14,0,1,1,37,0,6.1
2025,12,Drake Maye,NWE,CIN,QB,35,22,294,1,1,5,22,0,0,0,0,0,15.96
2025,12,Hunter Henry,NWE,CIN,TE,0,0,0,0,0,0,0,0,10,7,115,1,24.5
2025,12,Kayshon Boutte,NWE,CIN,WR,0,0,0,0,0,0,0,0,2,2,15,0,3.5
2025,12,Kyle Williams,NWE,CIN,WR,0,0,0,0,0,0,0,0,1,1,18,0,2.8
2025,12,Mack Hollins,NWE,CIN,WR,0,0,0,0,0,0,0,0,6,2,30,0,5.0
2025,12,Rhamondre Stevenson,NWE,CIN,RB,0,0,0,0,0,6,5,0,2,1,5,0,2.0
2025,12,Stefon Diggs,NWE,CIN,WR,0,0,0,0,0,0,0,0,3,2,20,0,4.0
2025,12,Terrell Jennings,NWE,CIN,RB,0,0,0,0,0,1,0,0,0,0,0,0,0.0
2025,12,TreVeyon Henderson,NWE,CIN,RB,0,0,0,0,0,18,66,0,4,3,15,0,11.1
2025,12,Daniel Bellinger,NYG,DET,TE,0,0,0,0,0,0,0,0,2,0,0,0,0.0
2025,12,Darius Slayton,NYG,DET,WR,0,0,0,0,0,0,0,0,2,1,23,0,3.3
2025,12,Devin Singletary,NYG,DET,RB,0,0,0,0,0,14,47,0,0,0,0,0,4.7
2025,12,Isaiah Hodgins,NYG,DET,WR,0,0,0,0,0,0,0,0,6,2,42,1,12.2
2025,12,Jameis Winston,NYG,DET,QB,36,18,366,2,1,4,13,0,1,1,33,1,32.24
2025,12,Theo Johnson,NYG,DET,TE,0,0,0,0,0,0,0,0,5,3,77,0,10.7
2025,12,Tyrone Tracy Jr.,NYG,DET,RB,0,0,0,0,0,20,62,0,4,3,68,0,16.0
2025,12,Wan'Dale Robinson,NYG,DET,WR,0,0,0,0,0,1,0,0,14,9,156,1,30.6
2025,12,Adonai Mitchell,NYJ,BAL,WR,0,0,0,0,0,0,0,0,7,2,42,0,6.2
2025,12,Allen Lazard,NYJ,BAL,WR,0,0,0,0,0,0,0,0,3,1,9,0,1.9
2025,12,Andrew Beck,NYJ,BAL,RB,0,0,0,0,0,0,0,0,1,1,10,0,2.0
2025,12,Arian Smith,NYJ,BAL,WR,0,0,0,0,0,1,8,0,0,0,0,0,0.8
2025,12,Breece Hall,NYJ,BAL,RB,0,0,0,0,0,16,44,0,4,4,75,0,13.9
2025,12,Isaiah Davis,NYJ,BAL,RB,0,0,0,0,0,4,7,0,0,0,0,0,0.7
2025,12,John Metchie III,NYJ,BAL,WR,0,0,0,0,0,0,0,0,7,6,65,1,18.5
2025,12,Mason Taylor,NYJ,BAL,TE,0,0,0,0,0,0,0,0,5,3,21,0,5.1
2025,12,Tyrod Taylor,NYJ,BAL,QB,28,17,222,1,1,5,19,0,0,0,0,0,12.78
2025,12,A.J. Brown,PHI,DAL,WR,0,0,0,0,0,0,0,0,10,8,110,1,25.0
2025,12,Dallas Goedert,PHI,DAL,TE,0,0,0,0,0,0,0,0,2,2,20,0,4.0
2025,12,Darius Cooper,PHI,DAL,WR,0,0,0,0,0,0,0,0,2,2,7,0,2.7
2025,12,DeVonta Smith,PHI,DAL,WR,0,0,0,0,0,0,0,0,11,6,89,0,14.9
2025,12,Grant Calcaterra,PHI,DAL,TE,0,0,0,0,0,0,0,0,1,1,8,0,1.8
2025,12,Jahan Dotson,PHI,DAL,WR,0,0,0,0,0,0,0,0,1,0,0,0,0.0
2025,12,Jalen Hurts,PHI,DAL,QB,39,27,289,1,0,7,33,2,0,0,0,0,30.86
2025,12,Saquon Barkley,PHI,DAL,RB,0,0,0,0,0,10,22,0,8,7,52,0,12.4
2025,12,Tank Bigsby,PHI,DAL,RB,0,0,0,0,0,1,8,0,0,0,0,0,0.8
2025,12,Xavier Gipson,PHI,DAL,WR,0,0,0,0,0,0,0,0,1,1,3,0,1.3
2025,12,Ben Skowronek,PIT,CHI,WR,0,0,0,0,0,0,0,0,1,1,21,0,3.1
2025,12,Calvin Austin III,PIT,CHI,WR,0,0,0,0,0,0,0,0,5,4,36,0,7.6
2025,12,Connor Heyward,PIT,CHI,RB,0,0,0,0,0,1,0,0,0,0,0,0,0.0
2025,12,DK Metcalf,PIT,CHI,WR,0,0,0,0,0,2,12,1,8,5,22,0,14.4
2025,12,Darnell Washington,PIT,CHI,TE,0,0,0,0,0,0,0,0,2,2,22,0,4.2
2025,12,Jaylen Warren,PIT,CHI,RB,0,0,0,0,0,18,68,1,0,0,0,0,12.8
2025,12,Jonnu Smith,PIT,CHI,TE,0,0,0,0,0,2,7,0,3,3,21,0,5.8
2025,12,Kenny Gainwell,PIT,CHI,RB,0,0,0,0,0,10,92,0,6,6,30,0,18.2
2025,12,Mason Rudolph,PIT,CHI,QB,31,24,171,1,1,3,7,0,0,0,0,0,7.54
2025,12,Pat Freiermuth,PIT,CHI,TE,0,0,0,0,0,0,0,0,3,3,19,1,10.9
2025,12,Roman Wilson,PIT,CHI,WR,0,0,0,0,0,0,0,0,3,0,0,0,0.0
2025,12,AJ Barner,SEA,TEN,TE,0,0,0,0,0,0,0,0,4,2,18,0,3.8
2025,12,Cooper Kupp,SEA,TEN,WR,0,0,0,0,0,0,0,0,4,2,24,0,4.4
2025,12,Elijah Arroyo,SEA,TEN,TE,0,0,0,0,0,0,0,0,1,1,5,0,1.5
2025,12,Jaxon Smith-Njigba,SEA,TEN,WR,0,0,0,0,0,1,4,0,10,8,167,2,37.1
2025,12,Kenneth Walker III,SEA,TEN,RB,0,0,0,0,0,11,71,0,4,3,30,0,13.1
2025,12,Rashid Shaheed,SEA,TEN,WR,0,0,0,0,0,1,5,0,2,0,0,0,0.5
2025,12,Sam Darnold,SEA,TEN,QB,26,16,244,2,0,1,-1,0,0,0,0,0,17.66
2025,12,Zach Charbonnet,SEA,TEN,RB,0,0,0,0,0,6,35,1,0,0,0,0,9.5
2025,12,Brian Robinson,SFO,CAR,RB,0,0,0,0,0,7,40,0,2,1,4,0,5.4
2025,12,Brock Purdy,SFO,CAR,QB,32,23,193,1,3,6,16,0,0,0,0,0,7.32
2025,12,Christian McCaffrey,SFO,CAR,RB,0,0,0,0,0,24,89,1,7,7,53,0,27.2
2025,12,Demarcus Robinson,SFO,CAR,WR,0,0,0,0,0,0,0,0,1,1,8,0,1.8
2025,12,George Kittle,SFO,CAR,TE,0,0,0,0,0,0,0,0,10,6,78,0,13.8
2025,12,Jauan Jennings,SFO,CAR,WR,0,0,0,0,0,0,0,0,7,5,41,1,15.1
2025,12,Luke Farrell,SFO,CAR,TE,0,0,0,0,0,0,0,0,1,1,3,0,1.3
2025,12,Ricky Pearsall,SFO,CAR,WR,0,0,0,0,0,1,2,0,4,2,6,0,2.8
2025,12,Baker Mayfield,TAM,LAR,QB,19,9,41,1,2,4,19,0,0,0,0,0,3.54
2025,12,Cade Otton,TAM,LAR,TE,0,0,0,0,0,0,0,0,7,4,21,0,6.1
2025,12,Chris Godwin Jr.,TAM,LAR,WR,0,0,0,0,0,0,0,0,4,2,9,0,2.9
2025,12,Emeka Egbuka,TAM,LAR,WR,0,0,0,0,0,0,0,0,8,3,32,0,6.2
2025,12,Owen Wright,TAM,LAR,RB,0,0,0,0,0,3,6,0,0,0,0,0,0.6
2025,12,Rachaad White,TAM,LAR,RB,0,0,0,0,0,7,38,0,1,1,4,0,5.2
2025,12,Sean Tucker,TAM,LAR,RB,0,0,0,0,0,12,42,0,2,1,4,0,5.6
2025,12,Sterling Shepard,TAM,LAR,WR,0,0,0,0,0,0,0,0,5,3,12,0,4.2
2025,12,Teddy Bridgewater,TAM,LAR,QB,15,8,62,0,0,1,6,0,0,0,0,0,3.08
2025,12,Tez Johnson,TAM,LAR,WR,0,0,0,0,0,2,12,0,4,3,21,1,12.3
2025,12,Cam Ward,TEN,SEA,QB,42,28,256,1,0,6,37,1,0,0,0,0,23.94
2025,12,Chig Okonkwo,TEN,SEA,TE,0,0,0,0,0,0,0,0,4,3,40,0,7.0
2025,12,Chimere Dike,TEN,SEA,WR,0,0,0,0,0,0,0,0,7,5,44,1,21.4
2025,12,Gunnar Helm,TEN,SEA,TE,0,0,0,0,0,0,0,0,7,6,51,0,11.1
2025,12,James Proche,TEN,SEA,WR,0,0,0,0,0,0,0,0,3,3,42,0,7.2
2025,12,Julius Chestnut,TEN,SEA,RB,0,0,0,0,0,2,3,0,0,0,0,0,0.3
2025,12,Tony Pollard,TEN,SEA,RB,0,0,0,0,0,11,20,0,5,4,21,0,8.1
2025,12,Tyjae Spears,TEN,SEA,RB,0,0,0,0,0,3,4,0,5,4,21,0,6.5
2025,12,Van Jefferson,TEN,SEA,WR,0,0,0,0,0,0,0,0,1,1,11,0,2.1
2025,12,Xavier Restrepo,TEN,SEA,WR,0,0,0,0,0,0,0,0,6,2,26,0,4.6
2025,13,Bam Knight,ARI,TAM,RB,0,0,0,0,0,11,62,0,3,3,36,1,16.8
2025,13,Elijah Higgins,ARI,TAM,TE,0,0,0,0,0,0,0,0,2,2,17,0,3.7
2025,13,Greg Dortch,ARI,TAM,WR,0,0,0,0,0,0,0,0,2,2,14,0,3.4
2025,13,Jacoby Brissett,ARI,TAM,QB,40,29,301,2,1,3,16,0,0,0,0,0,19.64
2025,13,Marvin Harrison Jr.,ARI,TAM,WR,0,0,0,0,0,0,0,0,7,6,69,0,12.9
2025,13,Michael Carter,ARI,TAM,RB,0,0,0,0,0,5,17,0,6,5,47,0,11.4
2025,13,Michael Wilson,ARI,TAM,WR,0,0,0,0,0,0,0,0,7,3,36,0,6.6
2025,13,Trey McBride,ARI,TAM,TE,0,0,0,0,0,0,0,0,9,8,82,1,22.2
2025,13,Xavier Weaver,ARI,TAM,WR,0,0,0,0,0,0,0,0,1,0,0,0,0.0
2025,13,Bijan Robinson,ATL,NYJ,RB,0,0,0,0,0,23,142,1,7,5,51,0,30.3
2025,13,Darnell Mooney,ATL,NYJ,WR,0,0,0,0,0,0,0,0,5,2,25,0,4.5
2025,13,David Sills,ATL,NYJ,WR,0,0,0,0,0,0,0,0,4,2,15,1,9.5
2025,13,Deven Thompkins,ATL,NYJ,WR,0,0,0,0,0,1,5,0,2,2,23,0,4.8
2025,13,Dylan Drummond,ATL,NYJ,WR,0,0,0,0,0,0,0,0,3,1,3,0,1.3
2025,13,Kirk Cousins,ATL,NYJ,QB,33,21,234,1,0,0,0,0,0,0,0,0,13.36
2025,13,Kyle Pitts,ATL,NYJ,TE,0,0,0,0,0,0,0,0,8,7,82,0,15.2
2025,13,Tyler Allgeier,ATL,NYJ,RB,0,0,0,0,0,8,20,1,2,2,35,0,13.5
2025,13,Charlie Kolar,BAL,CIN,TE,0,0,0,0,0,0,0,0,1,1,17,0,2.7
2025,13,DeAndre Hopkins,BAL,CIN,WR,0,0,0,0,0,0,0,0,3,2,25,0,4.5
2025,13,Derrick Henry,BAL,CIN,RB,0,0,0,0,0,10,60,1,1,1,44,0,17.4
2025,13,Devontez Walker,BAL,CIN,WR,0,0,0,0,0,0,0,0,2,0,0,0,0.0
2025,13,Isaiah Likely,BAL,CIN,TE,0,0,0,0,0,0,0,0,6,5,95,0,12.5
2025,13,Keaton Mitchell,BAL,CIN,RB,0,0,0,0,0,2,19,1,3,2,12,0,11.1
2025,13,Lamar Jackson,BAL,CIN,QB,32,17,246,0,1,6,27,0,0,0,0,0,6.54
2025,13,Mark Andrews,BAL,CIN,TE,0,0,0,0,0,0,0,0,6,4,47,0,8.7
2025,13,Rasheen Ali,BAL,CIN,RB,0,0,0,0,0,4,17,0,0,0,0,0,1.7
2025,13,Rashod Bateman,BAL,CIN,WR,0,0,0,0,0,0,0,0,1,0,0,0,0.0
2025,13,Zay Flowers,BAL,CIN,WR,0,0,0,0,0,0,0,0,7,2,6,0,0.6
2025,13,Brandin Cooks,BUF,PIT,WR,0,0,0,0,0,0,0,0,1,1,13,0,2.3
2025,13,Dawson Knox,BUF,PIT,TE,0,0,0,0,0,0,0,0,4,3,28,0,5.8
2025,13,Gabe Davis,BUF,PIT,WR,0,0,0,0,0,0,0,0,2,1,5,0,1.5
2025,13,Jackson Hawes,BUF,PIT,TE,0,0,0,0,0,0,0,0,1,1,10,0,2.0
2025,13,James Cook,BUF,PIT,RB,0,0,0,0,0,32,144,0,3,3,33,0,18.7
2025,13,Josh Allen,BUF,PIT,QB,23,15,123,1,1,8,38,1,0,0,0,0,16.72
2025,13,Keon Coleman,BUF,PIT,WR,0,0,0,0,0,0,0,0,3,2,9,1,8.9
2025,13,Khalil Shakir,BUF,PIT,WR,0,0,0,0,0,0,0,0,4,1,5,0,1.5
2025,13,Ray Davis,BUF,PIT,RB,0,0,0,0,0,9,62,0,0,0,0,0,6.2
2025,13,Ty Johnson,BUF,PIT,RB,0,0,0,0,0,2,5,0,5,3,20,0,5.5
2025,13,Bryce Young,CAR,LAR,QB,20,15,206,3,0,5,23,0,0,0,0,0,22.54
2025,13,Chuba Hubbard,CAR,LAR,RB,0,0,0,0,0,17,83,0,2,2,41,1,20.4
2025,13,Jalen Coker,CAR,LAR,WR,0,0,0,0,0,0,0,0,6,4,74,1,17.4
2025,13,Mitchell Evans,CAR,LAR,TE,0,0,0,0,0,0,0,0,3,3,20,0,5.0
2025,13,Rico Dowdle,CAR,LAR,RB,0,0,0,0,0,18,58,0,2,2,21,0,9.9
2025,13,Tetairoa McMillan,CAR,LAR,WR,0,0,0,0,0,0,0,0,2,1,43,1,11.3
2025,13,Tommy Tremble,CAR,LAR,TE,0,0,0,0,0,0,0,0,2,1,2,0,1.2
2025,13,Trevor Etienne,CAR,LAR,RB,0,0,0,0,0,0,0,0,1,1,4,0,1.4
2025,13,Xavier Legette,CAR,LAR,WR,0,0,0,0,0,0,0,0,2,1,1,0,1.1
2025,13,Caleb Williams,CHI,PHI,QB,36,17,154,1,1,5,13,0,0,0,0,0,9.46
2025,13,Cole Kmet,CHI,PHI,TE,0,0,0,0,0,0,0,0,3,3,36,1,12.6
2025,13,Colston Loveland,CHI,PHI,TE,0,0,0,0,0,0,0,0,6,3,28,0,5.8
2025,13,D'Andre Swift,CHI,PHI,RB,0,0,0,0,0,18,125,1,2,1,13,0,20.8
2025,13,DJ Moore,CHI,PHI,WR,0,0,0,0,0,1,10,0,5,2,17,0,4.7
2025,13,Kyle Monangai,CHI,PHI,RB,0,0,0,0,0,22,130,1,1,0,0,0,19.0
2025,13,Luther Burden III,CHI,PHI,WR,0,0,0,0,0,1,3,0,6,4,33,0,7.6
2025,13,Olamide Zaccheaus,CHI,PHI,WR,0,0,0,0,0,0,0,0,3,2,19,0,3.9
2025,13,Rome Odunze,CHI,PHI,WR,0,0,0,0,0,0,0,0,6,2,8,0,2.8
2025,13,Andrei Iosivas,CIN,BAL,WR,0,0,0,0,0,0,0,0,2,1,29,1,9.9
2025,13,Chase Brown,CIN,BAL,RB,0,0,0,0,0,15,78,0,7,7,35,0,18.3
2025,13,Drew Sample,CIN,BAL,TE,0,0,0,0,0,1,3,0,2,1,14,0,2.7
2025,13,Ja'Marr Chase,CIN,BAL,WR,0,0,0,0,0,0,0,0,14,7,110,0,18.0
2025,13,Joe Burrow,CIN,BAL,QB,46,24,261,2,0,3,8,0,0,0,0,0,19.24
2025,13,Mike Gesicki,CIN,BAL,TE,0,0,0,0,0,0,0,0,4,2,19,0,3.9
2025,13,Mitchell Tinsley,CIN,BAL,WR,0,0,0,0,0,0,0,0,9,2,22,0,4.2
2025,13,Noah Fant,CIN,BAL,TE,0,0,0,0,0,0,0,0,2,1,3,0,1.3
2025,13,Samaje Perine,CIN,BAL,RB,0,0,0,0,0,14,39,0,2,2,15,0,5.4
2025,13,Tanner Hudson,CIN,BAL,TE,0,0,0,0,0,0,0,0,2,1,14,1,8.4
2025,13,Cedric Tillman,CLE,SFO,WR,0,0,0,0,0,0,0,0,1,0,0,0,0.0
2025,13,David Njoku,CLE,SFO,TE,0,0,0,0,0,0,0,0,2,2,4,0,2.4
2025,13,Dylan Sampson,CLE,SFO,RB,0,0,0,0,0,4,23,0,0,0,0,0,2.3
2025,13,Gage Larvadain,CLE,SFO,WR,0,0,0,0,0,0,0,0,3,2,23,0,4.3
2025,13,Harold Fannin Jr.,CLE,SFO,TE,0,0,0,0,0,1,0,0,5,3,43,1,11.3
2025,13,Isaiah Bond,CLE,SFO,WR,0,0,0,0,0,1,9,0,2,1,18,0,3.7
2025,13,Jerome Ford,CLE,SFO,RB,0,0,0,0,0,0,0,0,3,3,17,0,4.7
2025,13,Jerry Jeudy,CLE,SFO,WR,0,0,0,0,0,0,0,0,4,3,26,0,5.6
2025,13,Malachi Corley,CLE,SFO,WR,0,0,0,0,0,1,9,0,0,0,0,0,0.9
2025,13,Quinshon Judkins,CLE,SFO,RB,0,0,0,0,0,23,91,0,3,3,18,0,15.9
2025,13,Shedeur Sanders,CLE,SFO,QB,25,16,149,1,0,1,6,0,0,0,0,0,10.56
2025,13,CeeDee Lamb,DAL,KAN,WR,0,0,0,0,0,0,0,0,9,7,112,1,24.2
2025,13,Dak Prescott,DAL,KAN,QB,39,27,320,2,1,3,-2,0,0,0,0,0,20.6
2025,13,George Pickens,DAL,KAN,WR,0,0,0,0,0,0,0,0,13,6,88,0,16.8
2025,13,Jake Ferguson,DAL,KAN,TE,0,0,0,0,0,0,0,0,6,5,36,0,8.6
2025,13,Javonte Williams,DAL,KAN,RB,0,0,0,0,0,17,59,0,3,3,21,1,17.0
2025,13,KaVontae Turpin,DAL,KAN,WR,0,0,0,0,0,3,33,0,2,2,28,0,8.1
2025,13,Luke Schoonmaker,DAL,KAN,TE,0,0,0,0,0,0,0,0,1,1,1,0,1.1
2025,13,Malik Davis,DAL,KAN,RB,0,0,0,0,0,3,47,1,0,0,0,0,10.7
2025,13,Ryan Flournoy,DAL,KAN,WR,0,0,0,0,0,0,0,0,3,3,34,0,6.4
2025,13,Adam Prentice,DEN,WAS,RB,0,0,0,0,0,1,3,0,1,1,11,0,2.4
2025,13,Adam Trautman,DEN,WAS,TE,0,0,0,0,0,0,0,0,4,3,47,0,7.7
2025,13,Bo Nix,DEN,WAS,QB,45,29,321,1,1,2,16,0,0,0,0,0,16.44
2025,13,Courtland Sutton,DEN,WAS,WR,0,0,0,0,0,0,0,0,6,5,62,1,17.2
2025,13,Evan Engram,DEN,WAS,TE,0,0,0,0,0,0,0,0,9,6,79,0,13.9
2025,13,Jaleel McLaughlin,DEN,WAS,RB,0,0,0,0,0,6,24,0,1,1,6,0,4.0
2025,13,Lil'Jordan Humphrey,DEN,WAS,WR,0,0,0,0,0,0,0,0,1,0,0,0,0.0
2025,13,Marvin Mims Jr.,DEN,WAS,WR,0,0,0,0,0,1,9,0,2,2,8,0,3.7
2025,13,Pat Bryant,DEN,WAS,WR,0,0,0,0,0,0,0,0,7,3,42,0,7.2
2025,13,RJ Harvey,DEN,WAS,RB,0,0,0,0,0,13,35,2,4,3,27,0,21.2
2025,13,Troy Franklin,DEN,WAS,WR,0,0,0,0,0,0,0,0,3,2,21,0,4.1
2025,13,Tyler Badie,DEN,WAS,RB,0,0,0,0,0,0,0,0,5,3,18,0,4.8
2025,13,Amon-Ra St. Brown,DET,GNB,WR,0,0,0,0,0,0,0,0,1,0,0,0,0.0
2025,13,Anthony Firkser,DET,GNB,TE,0,0,0,0,0,0,0,0,1,1,4,0,1.4
2025,13,David Montgomery,DET,GNB,RB,1,0,0,0,0,8,32,1,2,2,16,0,12.8
2025,13,Isaac TeSlaa,DET,GNB,WR,0,0,0,0,0,0,0,0,2,2,35,1,11.5
2025,13,Jahmyr Gibbs,DET,GNB,RB,0,0,0,0,0,20,68,0,4,3,18,0,11.6
2025,13,Jameson Williams,DET,GNB,WR,0,0,0,0,0,1,-5,0,10,7,144,1,26.9
2025,13,Jared Goff,DET,GNB,QB,26,20,256,2,0,1,24,0,0,0,0,0,20.64
2025,13,Ross Dwelley,DET,GNB,TE,0,0,0,0,0,0,0,0,3,1,3,0,1.3
2025,13,Tom Kennedy,DET,GNB,WR,0,0,0,0,0,0,0,0,4,4,36,0,7.6
2025,13,Bo Melton,GNB,DET,WR,0,0,0,0,0,2,15,0,1,0,0,0,1.5
2025,13,Chris Brooks,GNB,DET,RB,0,0,0,0,0,0,0,0,2,2,9,0,2.9
2025,13,Christian Watson,GNB,DET,WR,0,0,0,0,0,1,3,0,10,4,80,1,18.3
2025,13,Dontayvion Wicks,GNB,DET,WR,0,0,0,0,0,1,6,0,7,6,94,2,28.0
2025,13,Emanuel Wilson,GNB,DET,RB,0,0,0,0,0,4,14,0,0,0,0,0,1.4
2025,13,John FitzPatrick,GNB,DET,TE,0,0,0,0,0,0,0,0,1,0,0,0,0.0
2025,13,Jordan Love,GNB,DET,QB,30,18,234,4,0,5,4,0,0,0,0,0,25.76
2025,13,Josh Jacobs,GNB,DET,RB,0,0,0,0,0,17,83,0,1,1,8,0,10.1
2025,13,Josh Whyle,GNB,DET,TE,0,0,0,0,0,0,0,0,1,0,0,0,0.0
2025,13,Luke Musgrave,GNB,DET,TE,0,0,0,0,0,0,0,0,1,1,23,0,3.3
2025,13,Malik Heath,GNB,DET,WR,0,0,0,0,0,0,0,0,1,0,0,0,0.0
2025,13,Romeo Doubs,GNB,DET,WR,0,0,0,0,0,0,0,0,4,4,20,1,12.0
2025,13,C.J. Stroud,HOU,IND,QB,35,22,276,0,1,1,0,0,0,0,0,0,9.04
2025,13,Cade Stover,HOU,IND,TE,0,0,0,0,0,4,3,0,2,2,16,0,3.9
2025,13,Dalton Schultz,HOU,IND,TE,0,0,0,0,0,0,0,0,8,7,55,0,12.5
2025,13,Jayden Higgins,HOU,IND,WR,0,0,0,0,0,0,0,0,5,5,65,0,11.5
2025,13,Jaylin Noel,HOU,IND,WR,0,0,0,0,0,0,0,0,1,0,0,0,0.0
2025,13,Nick Chubb,HOU,IND,RB,0,0,0,0,0,9,34,1,0,0,0,0,9.4
2025,13,Nico Collins,HOU,IND,WR,0,0,0,0,0,1,7,1,10,5,98,0,21.5
2025,13,Woody Marks,HOU,IND,RB,0,0,0,0,0,19,64,0,1,1,3,0,7.7
2025,13,Xavier Hutchinson,HOU,IND,WR,0,0,0,0,0,0,0,0,5,2,39,0,5.9
2025,13,Alec Pierce,IND,HOU,WR,0,0,0,0,0,0,0,0,5,4,78,1,17.8
2025,13,Andrew Ogletree,IND,HOU,TE,0,0,0,0,0,0,0,0,1,1,8,0,1.8
2025,13,Daniel Jones,IND,HOU,QB,27,14,201,2,0,1,1,0,0,0,0,0,16.14
2025,13,Jonathan Taylor,IND,HOU,RB,0,0,0,0,0,21,85,0,5,3,36,0,15.1
2025,13,Josh Downs,IND,HOU,WR,0,0,0,0,0,0,0,0,6,2,44,0,6.4
2025,13,Michael Pittman,IND,HOU,WR,0,0,0,0,0,0,0,0,4,1,13,0,2.3
2025,13,Tyler Warren,IND,HOU,TE,0,0,0,0,0,1,0,0,4,3,22,1,11.2
2025,13,Austin Trammell,JAX,TEN,WR,0,0,0,0,0,0,0,0,4,0,0,0,0.0
2025,13,Bhayshul Tuten,JAX,TEN,RB,0,0,0,0,0,8,17,1,1,1,2,0,8.9
2025,13,Brenton Strange,JAX,TEN,TE,0,0,0,0,0,0,0,0,4,3,45,1,13.5
2025,13,Brian Thomas Jr.,JAX,TEN,WR,0,0,0,0,0,0,0,0,3,2,28,0,4.8
2025,13,Jakobi Meyers,JAX,TEN,WR,0,0,0,0,0,1,3,0,6,6,90,1,21.3
2025,13,Nick Mullens,JAX,TEN,QB,0,0,0,0,0,3,-3,0,0,0,0,0,-0.3
2025,13,Parker Washington,JAX,TEN,WR,0,0,0,0,0,0,0,0,3,1,26,0,3.6
2025,13,Quintin Morris,JAX,TEN,TE,0,0,0,0,0,0,0,0,2,1,14,0,2.4
2025,13,Tim Patrick,JAX,TEN,WR,0,0,0,0,0,0,0,0,1,1,11,0,2.1
2025,13,Travis Etienne,JAX,TEN,RB,0,0,0,0,0,12,28,0,1,1,13,0,5.1
2025,13,Trevor Lawrence,JAX,TEN,QB,27,16,229,2,0,3,25,0,0,0,0,0,21.66
2025,13,Isiah Pacheco,KAN,DAL,RB,0,0,0,0,0,3,16,0,2,2,17,0,5.3
2025,13,Jared Wiley,KAN,DAL,TE,0,0,0,0,0,0,0,0,1,1,4,0,1.4
2025,13,JuJu Smith-Schuster,KAN,DAL,WR,0,0,0,0,0,0,0,0,1,0,0,0,0.0
2025,13,Kareem Hunt,KAN,DAL,RB,0,0,0,0,0,14,58,0,2,1,22,0,9.0
2025,13,Marquise Brown,KAN,DAL,WR,0,0,0,0,0,0,0,0,2,2,20,1,10.0
2025,13,Patrick Mahomes,KAN,DAL,QB,34,23,261,4,0,3,30,0,0,0,0,0,29.44
2025,13,Rashee Rice,KAN,DAL,WR,0,0,0,0,0,1,2,0,12,8,92,2,29.4
2025,13,Travis Kelce,KAN,DAL,TE,0,0,0,0,0,0,0,0,6,5,45,1,15.5
2025,13,Xavier Worthy,KAN,DAL,WR,0,0,0,0,0,2,13,0,6,4,61,0,11.4
2025,13,Jaret Patterson,LAC,LVR,RB,0,0,0,0,0,11,54,1,0,0,0,0,11.4
2025,13,Justin Herbert,LAC,LVR,QB,20,15,151,2,1,3,8,0,0,0,0,0,12.84
2025,13,Keenan Allen,LAC,LVR,WR,0,0,0,0,0,0,0,0,5,4,30,0,7.0
2025,13,Kimani Vidal,LAC,LVR,RB,0,0,0,0,0,25,126,1,1,1,11,0,20.7
2025,13,Ladd McConkey,LAC,LVR,WR,0,0,0,0,0,0,0,0,6,4,39,1,13.9
2025,13,Oronde Gadsden II,LAC,LVR,TE,0,0,0,0,0,0,0,0,2,1,27,0,3.7
2025,13,Quentin Johnston,LAC,LVR,WR,0,0,0,0,0,0,0,0,3,3,23,1,11.3
2025,13,Tre Harris,LAC,LVR,WR,0,0,0,0,0,0,0,0,4,3,30,0,6.0
2025,13,Trey Lance,LAC,LVR,QB,1,1,9,0,0,4,4,0,0,0,0,0,0.76
2025,13,Blake Corum,LAR,CAR,RB,0,0,0,0,0,7,81,1,0,0,0,0,14.1
2025,13,Colby Parkinson,LAR,CAR,TE,0,0,0,0,0,0,0,0,5,4,27,0,6.7
2025,13,Davante Adams,LAR,CAR,WR,0,0,0,0,0,0,0,0,5,4,58,2,21.8
2025,13,Davis Allen,LAR,CAR,TE,0,0,0,0,0,0,0,0,1,1,4,0,1.4
2025,13,Jordan Whittington,LAR,CAR,WR,0,0,0,0,0,0,0,0,1,0,0,0,0.0
2025,13,Kyren Williams,LAR,CAR,RB,0,0,0,0,0,13,72,1,1,0,0,0,13.2
2025,13,Matthew Stafford,LAR,CAR,QB,28,18,243,2,2,1,-1,0,0,0,0,0,11.62
2025,13,Puka Nacua,LAR,CAR,WR,0,0,0,0,0,0,0,0,9,6,72,0,13.2
2025,13,Terrance Ferguson,LAR,CAR,TE,0,0,0,0,0,0,0,0,2,0,0,0,0.0
2025,13,Xavier Smith,LAR,CAR,WR,0,0,0,0,0,0,0,0,3,3,82,0,11.2
2025,13,Ashton Jeanty,LVR,LAC,RB,0,0,0,0,0,15,31,0,8,6,30,0,12.1
2025,13,Brock Bowers,LVR,LAC,TE,0,0,0,0,0,0,0,0,4,4,63,2,22.3
2025,13,Dont'e Thornton Jr.,LVR,LAC,WR,0,0,0,0,0,0,0,0,2,1,11,0,2.1
2025,13,Geno Smith,LVR,LAC,QB,23,18,165,2,1,2,-6,0,0,0,0,0,12.0
2025,13,Ian Thomas,LVR,LAC,TE,0,0,0,0,0,0,0,0,1,1,8,0,1.8
2025,13,Jack Bech,LVR,LAC,WR,0,0,0,0,0,0,0,0,3,2,22,0,4.2
2025,13,Raheem Mostert,LVR,LAC,RB,0,0,0,0,0,1,6,0,0,0,0,0,0.6
2025,13,Tre Tucker,LVR,LAC,WR,0,0,0,0,0,0,0,0,3,3,20,0,5.0
2025,13,Tyler Lockett,LVR,LAC,WR,0,0,0,0,0,0,0,0,1,1,11,0,2.1
2025,13,Cedrick Wilson Jr.,MIA,NOR,WR,0,0,0,0,0,0,0,0,2,1,16,0,2.6
2025,13,Darren Waller,MIA,NOR,TE,0,0,0,0,0,0,0,0,3,2,47,0,6.7
2025,13,De'Von Achane,MIA,NOR,RB,0,0,0,0,0,22,134,1,1,0,0,0,19.4
2025,13,Greg Dulcich,MIA,NOR,TE,0,0,0,0,0,0,0,0,2,2,24,0,4.4
2025,13,Jaylen Waddle,MIA,NOR,WR,0,0,0,0,0,0,0,0,6,3,40,0,7.0
2025,13,Jaylen Wright,MIA,NOR,RB,0,0,0,0,0,3,16,0,0,0,0,0,1.6
2025,13,Julian Hill,MIA,NOR,TE,0,0,0,0,0,0,0,0,1,0,0,0,0.0
2025,13,Malik Washington,MIA,NOR,WR,0,0,0,0,0,0,0,0,5,4,30,0,7.0
2025,13,Ollie Gordon II,MIA,NOR,RB,0,0,0,0,0,3,10,0,0,0,0,0,1.0
2025,13,Tua Tagovailoa,MIA,NOR,QB,23,12,157,0,1,4,4,0,0,0,0,0,4.68
2025,13,Aaron Jones,MIN,SEA,RB,0,0,0,0,0,6,3,0,4,4,22,0,4.5
2025,13,Jalen Nailor,MIN,SEA,WR,0,0,0,0,0,0,0,0,1,0,0,0,0.0
2025,13,Jordan Addison,MIN,SEA,WR,0,0,0,0,0,0,0,0,10,5,36,0,8.6
2025,13,Jordan Mason,MIN,SEA,RB,0,0,0,0,0,6,47,0,1,1,1,0,5.8
2025,13,Justin Jefferson,MIN,SEA,WR,0,0,0,0,0,0,0,0,6,2,4,0,2.4
2025,13,Max Brosmer,MIN,SEA,QB,30,19,126,0,4,1,-1,0,0,0,0,0,-3.06
2025,13,T.J. Hockenson,MIN,SEA,TE,0,0,0,0,0,0,0,0,6,6,59,0,11.9
2025,13,Zavier Scott,MIN,SEA,RB,0,0,0,0,0,3,17,0,1,1,4,0,3.1
2025,13,Chris Olave,NOR,MIA,WR,0,0,0,0,0,0,0,0,7,4,47,1,14.7
2025,13,Devaughn Vele,NOR,MIA,WR,0,0,0,0,0,0,0,0,8,8,93,1,23.3
2025,13,Devin Neal,NOR,MIA,RB,0,0,0,0,0,14,47,0,3,3,22,0,9.9
2025,13,Evan Hull,NOR,MIA,RB,0,0,0,0,0,5,15,0,0,0,0,0,1.5
2025,13,Foster Moreau,NOR,MIA,TE,0,0,0,0,0,0,0,0,2,2,13,0,3.3
2025,13,Juwan Johnson,NOR,MIA,TE,0,0,0,0,0,0,0,0,9,5,39,0,8.9
2025,13,Mason Tipton,NOR,MIA,WR,0,0,0,0,0,1,-1,0,4,3,20,0,4.9
2025,13,Taysom Hill,NOR,MIA,TE,0,0,0,0,0,1,2,0,1,1,5,0,1.7
2025,13,Tyler Shough,NOR,MIA,QB,38,26,239,2,1,6,18,0,0,0,0,0,17.36
2025,13,DeMario Douglas,NWE,NYG,WR,0,0,0,0,0,0,0,0,3,3,33,0,6.3
2025,13,Drake Maye,NWE,NYG,QB,31,24,282,2,0,6,12,0,0,0,0,0,20.48
2025,13,Hunter Henry,NWE,NYG,TE,0,0,0,0,0,0,0,0,6,4,73,0,11.3
2025,13,Kayshon Boutte,NWE,NYG,WR,0,0,0,0,0,0,0,0,5,4,35,1,13.5
2025,13,Kyle Williams,NWE,NYG,WR,0,0,0,0,0,0,0,0,1,1,33,1,10.3
2025,13,Mack Hollins,NWE,NYG,WR,0,0,0,0,0,0,0,0,4,3,23,0,5.3
2025,13,Rhamondre Stevenson,NWE,NYG,RB,0,0,0,0,0,12,40,0,3,3,40,0,11.0
2025,13,Stefon Diggs,NWE,NYG,WR,0,0,0,0,0,0,0,0,4,3,26,0,5.6
2025,13,TreVeyon Henderson,NWE,NYG,RB,0,0,0,0,0,11,67,0,4,3,19,0,11.6
2025,13,Darius Slayton,NYG,NWE,WR,0,0,0,0,0,0,0,0,3,2,41,1,14.1
2025,13,Devin Singletary,NYG,NWE,RB,0,0,0,0,0,12,68,1,3,3,34,0,19.2
2025,13,Isaiah Hodgins,NYG,NWE,WR,0,0,0,0,0,0,0,0,1,1,4,0,1.4
2025,13,Jaxson Dart,NYG,NWE,QB,24,17,139,1,0,4,20,0,0,0,0,0,13.56
2025,13,Theo Johnson,NYG,NWE,TE,0,0,0,0,0,0,0,0,8,3,29,0,5.9
2025,13,Tyrone Tracy Jr.,NYG,NWE,RB,0,0,0,0,0,10,36,0,1,1,-3,0,4.3
2025,13,Wan'Dale Robinson,NYG,NWE,WR,0,0,0,0,0,0,0,0,8,7,34,0,10.4
2025,13,Adonai Mitchell,NYJ,ATL,WR,0,0,0,0,0,0,0,0,12,8,102,1,24.2
2025,13,Allen Lazard,NYJ,ATL,WR,0,0,0,0,0,0,0,0,1,1,10,0,2.0
2025,13,Breece Hall,NYJ,ATL,RB,0,0,0,0,0,19,68,1,2,2,8,0,15.6
2025,13,Isaiah Davis,NYJ,ATL,RB,0,0,0,0,0,0,0,0,1,0,0,0,0.0
2025,13,Isaiah Williams,NYJ,ATL,WR,0,0,0,0,0,0,0,0,1,0,0,0,0.0
2025,13,Jeremy Ruckert,NYJ,ATL,TE,0,0,0,0,0,0,0,0,2,2,12,0,3.2
2025,13,John Metchie III,NYJ,ATL,WR,0,0,0,0,0,1,-2,0,8,4,19,0,5.7
2025,13,Mason Taylor,NYJ,ATL,TE,0,0,0,0,0,0,0,0,4,2,21,0,4.1
2025,13,Tyrod Taylor,NYJ,ATL,QB,33,19,172,1,0,8,44,1,0,0,0,0,21.28
2025,13,A.J. Brown,PHI,CHI,WR,0,0,0,0,0,0,0,0,12,10,132,2,35.2
2025,13,Dallas Goedert,PHI,CHI,TE,0,0,0,0,0,0,0,0,4,2,27,0,4.7
2025,13,DeVonta Smith,PHI,CHI,WR,0,0,0,0,0,0,0,0,8,5,48,0,9.8
2025,13,Jahan Dotson,PHI,CHI,WR,0,0,0,0,0,0,0,0,3,1,12,0,2.2
2025,13,Jalen Hurts,PHI,CHI,QB,34,19,230,2,1,4,31,0,0,0,0,0,16.3
2025,13,Saquon Barkley,PHI,CHI,RB,0,0,0,0,0,13,56,0,2,0,0,0,5.6
2025,13,Will Shipley,PHI,CHI,RB,0,0,0,0,0,0,0,0,1,1,11,0,2.1
2025,13,Aaron Rodgers,PIT,BUF,QB,21,10,117,0,0,1,0,0,0,0,0,0,2.68
2025,13,Ben Skowronek,PIT,BUF,WR,0,0,0,0,0,0,0,0,1,0,0,0,0.0
2025,13,Calvin Austin III,PIT,BUF,WR,0,0,0,0,0,0,0,0,2,0,0,0,0.0
2025,13,DK Metcalf,PIT,BUF,WR,0,0,0,0,0,0,0,0,5,3,32,0,6.2
2025,13,Darnell Washington,PIT,BUF,TE,0,0,0,0,0,0,0,0,4,2,45,0,6.5
2025,13,Jaylen Warren,PIT,BUF,RB,0,0,0,0,0,10,35,1,4,2,9,0,12.4
2025,13,Jonnu Smith,PIT,BUF,TE,0,0,0,0,0,0,0,0,2,1,6,0,1.6
2025,13,Kaleb Johnson,PIT,BUF,RB,0,0,0,0,0,2,3,0,0,0,0,0,0.3
2025,13,Kenny Gainwell,PIT,BUF,RB,0,0,0,0,0,5,20,0,3,2,25,0,6.5
2025,13,Mason Rudolph,PIT,BUF,QB,3,0,0,0,1,0,0,0,0,0,0,0,-2.0
2025,13,Roman Wilson,PIT,BUF,WR,0,0,0,0,0,0,0,0,1,0,0,0,0.0
2025,13,AJ Barner,SEA,MIN,TE,0,0,0,0,0,1,2,0,5,4,35,0,7.7
2025,13,Cody White,SEA,MIN,WR,0,0,0,0,0,0,0,0,1,1,21,0,3.1
2025,13,Cooper Kupp,SEA,MIN,WR,0,0,0,0,0,0,0,0,4,3,24,0,5.4
2025,13,Elijah Arroyo,SEA,MIN,TE,0,0,0,0,0,0,0,0,2,0,0,0,0.0
2025,13,Jaxon Smith-Njigba,SEA,MIN,WR,0,0,0,0,0,0,0,0,4,2,23,0,4.3
2025,13,Kenneth Walker III,SEA,MIN,RB,0,0,0,0,0,13,56,0,4,3,18,0,10.4
2025,13,Myles Gaskin,SEA,MIN,RB,0,0,0,0,0,3,6,0,0,0,0,0,0.6
2025,13,Rashid Shaheed,SEA,MIN,WR,0,0,0,0,0,1,9,0,3,1,7,0,2.6
2025,13,Sam Darnold,SEA,MIN,QB,26,14,128,0,0,0,0,0,0,0,0,0,3.12
2025,13,Zach Charbonnet,SEA,MIN,RB,0,0,0,0,0,14,52,1,0,0,0,0,11.2
2025,13,Brian Robinson,SFO,CLE,RB,0,0,0,0,0,8,26,0,0,0,0,0,2.6
2025,13,Brock Purdy,SFO,CLE,QB,29,16,168,1,0,2,4,1,0,0,0,0,17.12
2025,13,Christian McCaffrey,SFO,CLE,RB,1,0,0,0,0,20,53,1,4,4,21,0,17.4
2025,13,Demarcus Robinson,SFO,CLE,WR,0,0,0,0,0,1,6,0,1,0,0,0,0.6
2025,13,George Kittle,SFO,CLE,TE,0,0,0,0,0,0,0,0,5,4,67,0,10.7
2025,13,Jauan Jennings,SFO,CLE,WR,0,0,0,0,0,0,0,0,6,4,39,1,13.9
2025,13,Kendrick Bourne,SFO,CLE,WR,0,0,0,0,0,0,0,0,1,0,0,0,0.0
2025,13,Kyle Juszczyk,SFO,CLE,RB,0,0,0,0,0,0,0,0,2,2,27,0,4.7
2025,13,Luke Farrell,SFO,CLE,TE,0,0,0,0,0,0,0,0,1,0,0,0,0.0
2025,13,Mac Jones,SFO,CLE,QB,0,0,0,0,0,2,2,0,0,0,0,0,0.2
2025,13,Ricky Pearsall,SFO,CLE,WR,0,0,0,0,0,0,0,0,3,2,14,0,3.4
2025,13,Baker Mayfield,TAM,ARI,QB,28,18,194,1,0,6,27,0,0,0,0,0,14.46
2025,13,Bucky Irving,TAM,ARI,RB,0,0,0,0,0,17,61,1,2,2,20,0,16.1
2025,13,Cade Otton,TAM,ARI,TE,0,0,0,0,0,0,0,0,2,2,9,0,2.9
2025,13,Chris Godwin Jr.,TAM,ARI,WR,0,0,0,0,0,0,0,0,5,3,78,0,10.8
2025,13,Emeka Egbuka,TAM,ARI,WR,0,0,0,0,0,0,0,0,8,4,42,0,8.2
2025,13,Payne Durham,TAM,ARI,TE,0,0,0,0,0,0,0,0,1,1,11,0,2.1
2025,13,Rachaad White,TAM,ARI,RB,0,0,0,0,0,2,7,0,3,3,22,0,5.9
2025,13,Sean Tucker,TAM,ARI,RB,0,0,0,0,0,2,0,0,0,0,0,0,0.0
2025,13,Sterling Shepard,TAM,ARI,WR,0,0,0,0,0,0,0,0,2,1,5,0,1.5
2025,13,Tez Johnson,TAM,ARI,WR,0,0,0,0,0,0,0,0,2,1,5,0,1.5
2025,13,Cam Ward,TEN,JAX,QB,38,24,141,0,0,1,7,0,0,0,0,0,6.34
2025,13,Chig Okonkwo,TEN,JAX,TE,0,0,0,0,0,0,0,0,5,4,29,0,6.9
2025,13,Chimere Dike,TEN,JAX,WR,0,0,0,0,0,1,1,0,4,1,8,0,1.9
2025,13,Elic Ayomanor,TEN,JAX,WR,0,0,0,0,0,0,0,0,5,1,5,0,1.5
2025,13,Gunnar Helm,TEN,JAX,TE,0,0,0,0,0,0,0,0,7,6,23,0,8.3
2025,13,James Proche,TEN,JAX,WR,0,0,0,0,0,0,0,0,1,1,13,0,2.3
2025,13,Tony Pollard,TEN,JAX,RB,0,0,0,0,0,10,60,0,2,1,3,0,5.3
2025,13,Tyjae Spears,TEN,JAX,RB,0,0,0,0,0,2,-1,0,6,6,25,0,8.4
2025,13,Van Jefferson,TEN,JAX,WR,0,0,0,0,0,0,0,0,4,3,20,0,5.0
2025,13,Xavier Restrepo,TEN,JAX,WR,0,0,0,0,0,0,0,0,1,1,15,0,2.5
2025,13,Chris Rodriguez Jr.,WAS,DEN,RB,0,0,0,0,0,11,41,1,1,0,0,0,10.1
2025,13,Colson Yankoff,WAS,DEN,TE,0,0,0,0,0,0,0,0,1,1,14,0,2.4
2025,13,Deebo Samuel Sr.,WAS,DEN,WR,0,0,0,0,0,2,-3,0,7,5,64,0,11.1
2025,13,Jacory Croskey-Merritt,WAS,DEN,RB,0,0,0,0,0,4,20,0,0,0,0,0,2.0
2025,13,Jaylin Lane,WAS,DEN,WR,0,0,0,0,0,0,0,0,1,0,0,0,0.0
2025,13,Jeremy McNichols,WAS,DEN,RB,0,0,0,0,0,6,30,0,2,2,0,0,5.0
2025,13,John Bates,WAS,DEN,TE,0,0,0,0,0,0,0,0,2,2,9,0,2.9
2025,13,Marcus Mariota,WAS,DEN,QB,50,28,294,2,1,10,55,0,0,0,0,0,23.26
2025,13,Terry McLaurin,WAS,DEN,WR,0,0,0,0,0,0,0,0,14,7,96,1,22.6
2025,13,Treylon Burks,WAS,DEN,WR,0,0,0,0,0,0,0,0,4,1,5,1,7.5
2025,13,Zach Ertz,WAS,DEN,TE,0,0,0,0,0,0,0,0,13,10,106,0,20.6
2025,14,Andre Baccellia,ARI,LAR,WR,0,0,0,0,0,0,0,0,3,1,3,0,1.3
2025,14,Bam Knight,ARI,LAR,RB,0,0,0,0,0,7,16,0,6,3,18,0,6.4
2025,14,Elijah Higgins,ARI,LAR,TE,0,0,0,0,0,0,0,0,1,1,0,0,1.0
2025,14,Jacoby Brissett,ARI,LAR,QB,44,25,271,2,1,4,22,0,0,0,0,0,19.04
2025,14,Jalen Brooks,ARI,LAR,WR,0,0,0,0,0,0,0,0,3,2,32,0,5.2
2025,14,Josiah Deguara,ARI,LAR,TE,0,0,0,0,0,0,0,0,1,0,0,0,0.0
2025,14,Michael Carter,ARI,LAR,RB,0,0,0,0,0,3,13,0,4,2,18,0,5.1
2025,14,Michael Wilson,ARI,LAR,WR,0,0,0,0,0,0,0,0,16,11,142,2,37.2
2025,14,Trent Sherfield,ARI,LAR,WR,0,0,0,0,0,0,0,0,1,0,0,0,0.0
2025,14,Trey McBride,ARI,LAR,TE,0,0,0,0,0,0,0,0,9,5,58,0,10.8
2025,14,Bijan Robinson,ATL,SEA,RB,0,0,0,0,0,20,86,0,2,2,8,0,9.4
2025,14,Darnell Mooney,ATL,SEA,WR,0,0,0,0,0,0,0,0,4,1,6,0,1.6
2025,14,David Sills,ATL,SEA,WR,0,0,0,0,0,0,0,0,4,0,0,0,0.0
2025,14,Deven Thompkins,ATL,SEA,WR,0,0,0,0,0,0,0,0,1,1,4,0,1.4
2025,14,Dylan Drummond,ATL,SEA,WR,0,0,0,0,0,0,0,0,5,3,21,0,5.1
2025,14,Kirk Cousins,ATL,SEA,QB,30,15,162,0,2,0,0,0,0,0,0,0,2.48
2025,14,Kyle Pitts,ATL,SEA,TE,0,0,0,0,0,0,0,0,10,6,90,0,15.0
2025,14,Tyler Allgeier,ATL,SEA,RB,0,0,0,0,0,11,34,0,2,2,33,0,8.7
2025,14,Charlie Kolar,BAL,PIT,TE,0,0,0,0,0,0,0,0,1,1,19,0,2.9
2025,14,DeAndre Hopkins,BAL,PIT,WR,0,0,0,0,0,0,0,0,1,0,0,0,0.0
2025,14,Derrick Henry,BAL,PIT,RB,0,0,0,0,0,25,94,0,2,1,8,0,11.2
2025,14,Isaiah Likely,BAL,PIT,TE,0,0,0,0,0,0,0,0,6,4,25,1,12.5
2025,14,Keaton Mitchell,BAL,PIT,RB,0,0,0,0,0,6,76,0,0,0,0,0,7.6
2025,14,Lamar Jackson,BAL,PIT,QB,35,19,219,1,1,7,43,1,0,0,0,0,21.06
2025,14,Mark Andrews,BAL,PIT,TE,0,0,0,0,0,0,0,0,5,1,9,0,1.9
2025,14,Patrick Ricard,BAL,PIT,RB,0,0,0,0,0,0,0,0,1,0,0,0,0.0
2025,14,Rasheen Ali,BAL,PIT,RB,0,0,0,0,0,1,2,0,3,2,11,0,3.3
2025,14,Rashod Bateman,BAL,PIT,WR,0,0,0,0,0,0,0,0,3,2,23,0,4.3
2025,14,Zay Flowers,BAL,PIT,WR,0,0,0,0,0,1,2,0,11,8,124,0,20.6
2025,14,Dalton Kincaid,BUF,CIN,TE,0,0,0,0,0,0,0,0,5,4,41,1,14.1
2025,14,Dawson Knox,BUF,CIN,TE,0,0,0,0,0,0,0,0,7,6,93,0,17.3
2025,14,Gabe Davis,BUF,CIN,WR,0,0,0,0,0,0,0,0,2,2,21,0,4.1
2025,14,Jackson Hawes,BUF,CIN,TE,0,0,0,0,0,0,0,0,1,1,3,1,7.3
2025,14,James Cook,BUF,CIN,RB,0,0,0,0,0,18,80,0,2,2,31,0,11.1
2025,14,Josh Allen,BUF,CIN,QB,28,22,251,3,0,9,78,1,0,0,0,0,37.84
2025,14,Keon Coleman,BUF,CIN,WR,0,0,0,0,0,0,0,0,3,2,16,0,3.6
2025,14,Khalil Shakir,BUF,CIN,WR,0,0,0,0,0,0,0,0,3,2,16,1,9.6
2025,14,Ty Johnson,BUF,CIN,RB,0,0,0,0,0,2,25,0,3,2,14,0,5.9
2025,14,Tyrell Shavers,BUF,CIN,WR,0,0,0,0,0,0,0,0,1,1,16,0,2.6
2025,14,Caleb Williams,CHI,GNB,QB,35,19,186,2,1,4,15,0,0,0,0,0,14.94
2025,14,Cole Kmet,CHI,GNB,TE,0,0,0,0,0,0,0,0,3,2,42,0,6.2
2025,14,Colston Loveland,CHI,GNB,TE,0,0,0,0,0,0,0,0,5,4,29,1,12.9
2025,14,D'Andre Swift,CHI,GNB,RB,0,0,0,0,0,13,63,0,4,3,19,0,11.2
2025,14,DJ Moore,CHI,GNB,WR,0,0,0,0,0,0,0,0,3,1,-4,0,0.6
2025,14,Devin Duvernay,CHI,GNB,WR,0,0,0,0,0,0,0,0,1,1,24,0,3.4
2025,14,Durham Smythe,CHI,GNB,TE,0,0,0,0,0,0,0,0,1,1,2,0,1.2
2025,14,Kyle Monangai,CHI,GNB,RB,0,0,0,0,0,14,57,0,2,1,0,0,8.7
2025,14,Luther Burden III,CHI,GNB,WR,0,0,0,0,0,1,3,0,6,4,67,0,11.0
2025,14,Olamide Zaccheaus,CHI,GNB,WR,0,0,0,0,0,0,0,0,3,2,7,1,8.7
2025,14,Andrei Iosivas,CIN,BUF,WR,0,0,0,0,0,0,0,0,3,2,17,0,3.7
2025,14,Chase Brown,CIN,BUF,RB,0,0,0,0,0,12,23,1,4,3,12,1,18.5
2025,14,Ja'Marr Chase,CIN,BUF,WR,0,0,0,0,0,1,8,0,8,5,44,0,10.2
2025,14,Joe Burrow,CIN,BUF,QB,36,25,284,4,2,0,0,0,0,0,0,0,23.36
2025,14,Mike Gesicki,CIN,BUF,TE,0,0,0,0,0,0,0,0,6,6,86,1,20.6
2025,14,Noah Fant,CIN,BUF,TE,0,0,0,0,0,0,0,0,2,1,15,0,2.5
2025,14,Samaje Perine,CIN,BUF,RB,0,0,0,0,0,6,31,0,1,1,7,0,4.8
2025,14,Tanner Hudson,CIN,BUF,TE,0,0,0,0,0,0,0,0,1,1,11,0,2.1
2025,14,Tee Higgins,CIN,BUF,WR,0,0,0,0,0,0,0,0,11,6,92,2,27.2
2025,14,Blake Whiteheart,CLE,TEN,TE,0,0,0,0,0,0,0,0,1,0,0,0,0.0
2025,14,Cedric Tillman,CLE,TEN,WR,0,0,0,0,0,0,0,0,3,1,23,0,3.3
2025,14,David Njoku,CLE,TEN,TE,0,0,0,0,0,0,0,0,1,1,1,1,7.1
2025,14,Dylan Sampson,CLE,TEN,RB,0,0,0,0,0,2,4,0,6,5,64,0,9.8
2025,14,Gage Larvadain,CLE,TEN,WR,0,0,0,0,0,0,0,0,3,2,18,0,3.8
2025,14,Harold Fannin Jr.,CLE,TEN,TE,0,0,0,0,0,0,0,0,11,8,114,1,25.4
2025,14,Isaiah Bond,CLE,TEN,WR,0,0,0,0,0,0,0,0,2,0,0,0,0.0
2025,14,Jerome Ford,CLE,TEN,RB,0,0,0,0,0,0,0,0,3,2,10,0,3.0
2025,14,Jerry Jeudy,CLE,TEN,WR,0,0,0,0,0,0,0,0,5,3,76,1,16.6
2025,14,Malachi Corley,CLE,TEN,WR,0,0,0,0,0,1,2,0,0,0,0,0,0.2
2025,14,Quinshon Judkins,CLE,TEN,RB,0,0,0,0,0,14,26,0,3,1,58,0,9.4
2025,14,Shedeur Sanders,CLE,TEN,QB,42,23,364,3,1,3,29,1,0,0,0,0,33.46
2025,14,Brevyn Spann-Ford,DAL,DET,TE,0,0,0,0,0,0,0,0,1,1,7,0,1.7
2025,14,CeeDee Lamb,DAL,DET,WR,0,0,0,0,0,0,0,0,8,6,121,0,18.1
2025,14,Dak Prescott,DAL,DET,QB,47,31,376,1,2,3,14,0,0,0,0,0,18.44
2025,14,George Pickens,DAL,DET,WR,0,0,0,0,0,0,0,0,9,5,37,0,8.7
2025,14,Jake Ferguson,DAL,DET,TE,0,0,0,0,0,0,0,0,7,5,58,0,10.8
2025,14,Javonte Williams,DAL,DET,RB,0,0,0,0,0,17,67,1,4,2,0,0,14.7
2025,14,Jonathan Mingo,DAL,DET,WR,0,0,0,0,0,0,0,0,1,0,0,0,0.0
2025,14,KaVontae Turpin,DAL,DET,WR,0,0,0,0,0,1,4,0,2,2,26,0,5.0
2025,14,Luke Schoonmaker,DAL,DET,TE,0,0,0,0,0,0,0,0,2,1,12,0,2.2
2025,14,Malik Davis,DAL,DET,RB,0,0,0,0,0,3,6,0,0,0,0,0,0.6
2025,14,Ryan Flournoy,DAL,DET,WR,0,0,0,0,0,0,0,0,13,9,115,1,26.5
2025,14,Adam Prentice,DEN,LVR,RB,0,0,0,0,0,2,22,0,2,2,11,0,5.3
2025,14,Adam Trautman,DEN,LVR,TE,0,0,0,0,0,0,0,0,2,2,17,0,3.7
2025,14,Bo Nix,DEN,LVR,QB,38,31,212,0,0,3,15,1,0,0,0,0,15.98
2025,14,Courtland Sutton,DEN,LVR,WR,0,0,0,0,0,0,0,0,10,6,62,0,12.2
2025,14,Evan Engram,DEN,LVR,TE,0,0,0,0,0,0,0,0,2,2,8,0,2.8
2025,14,Jaleel McLaughlin,DEN,LVR,RB,0,0,0,0,0,4,22,0,1,1,9,0,4.1
2025,14,Lil'Jordan Humphrey,DEN,LVR,WR,0,0,0,0,0,0,0,0,3,3,27,0,5.7
2025,14,Marvin Mims Jr.,DEN,LVR,WR,0,0,0,0,0,1,2,0,1,1,5,0,7.7
2025,14,Pat Bryant,DEN,LVR,WR,0,0,0,0,0,0,0,0,4,4,32,0,7.2
2025,14,RJ Harvey,DEN,LVR,RB,0,0,0,0,0,17,75,1,6,6,25,0,22.0
2025,14,Troy Franklin,DEN,LVR,WR,0,0,0,0,0,0,0,0,4,3,11,0,4.1
2025,14,Tyler Badie,DEN,LVR,RB,0,0,0,0,0,4,16,0,1,1,5,0,3.1
2025,14,Amon-Ra St. Brown,DET,DAL,WR,0,0,0,0,0,0,0,0,9,6,92,0,15.2
2025,14,Anthony Firkser,DET,DAL,TE,0,0,0,0,0,0,0,0,1,1,7,0,1.7
2025,14,David Montgomery,DET,DAL,RB,0,0,0,0,0,6,60,1,1,1,13,0,14.3
2025,14,Isaac TeSlaa,DET,DAL,WR,0,0,0,0,0,0,0,0,3,2,20,1,10.0
2025,14,Jahmyr Gibbs,DET,DAL,RB,0,0,0,0,0,12,43,3,7,7,77,0,37.0
2025,14,Jameson Williams,DET,DAL,WR,0,0,0,0,0,1,7,0,9,7,96,0,17.3
2025,14,Jared Goff,DET,DAL,QB,34,25,309,1,0,2,-2,0,0,0,0,0,16.16
2025,14,Malik Cunningham,DET,DAL,WR,0,0,0,0,0,1,1,0,0,0,0,0,0.1
2025,14,Ross Dwelley,DET,DAL,TE,0,0,0,0,0,0,0,0,1,1,4,0,1.4
2025,14,Bo Melton,GNB,CHI,WR,0,0,0,0,0,0,0,0,2,1,45,1,11.5
2025,14,Chris Brooks,GNB,CHI,RB,0,0,0,0,0,0,0,0,1,1,6,0,1.6
2025,14,Christian Watson,GNB,CHI,WR,0,0,0,0,0,0,0,0,4,4,89,2,24.9
2025,14,Emanuel Wilson,GNB,CHI,RB,0,0,0,0,0,3,10,0,0,0,0,0,1.0
2025,14,Jayden Reed,GNB,CHI,WR,0,0,0,0,0,2,22,0,4,4,31,0,9.3
2025,14,John FitzPatrick,GNB,CHI,TE,0,0,0,0,0,0,0,0,2,2,14,0,3.4
2025,14,Jordan Love,GNB,CHI,QB,25,17,234,3,1,1,-1,0,0,0,0,0,19.26
2025,14,Josh Jacobs,GNB,CHI,RB,0,0,0,0,0,20,86,1,2,2,6,0,17.2
2025,14,Josh Whyle,GNB,CHI,TE,0,0,0,0,0,0,0,0,1,1,21,0,3.1
2025,14,Luke Musgrave,GNB,CHI,TE,0,0,0,0,0,0,0,0,4,2,22,0,4.2
2025,14,Matthew Golden,GNB,CHI,WR,0,0,0,0,0,0,0,0,1,0,0,0,0.0
2025,14,Romeo Doubs,GNB,CHI,WR,0,0,0,0,0,0,0,0,2,0,0,0,0.0
2025,14,C.J. Stroud,HOU,KAN,QB,31,15,203,1,0,2,5,0,0,0,0,0,12.62
2025,14,Christian Kirk,HOU,KAN,WR,0,0,0,0,0,0,0,0,3,1,6,0,1.6
2025,14,Dalton Schultz,HOU,KAN,TE,0,0,0,0,0,0,0,0,4,3,22,0,5.2
2025,14,Dare Ogunbowale,HOU,KAN,RB,0,0,0,0,0,1,5,1,0,0,0,0,6.5
2025,14,Jayden Higgins,HOU,KAN,WR,0,0,0,0,0,0,0,0,5,3,34,0,6.4
2025,14,Jaylin Noel,HOU,KAN,WR,0,0,0,0,0,1,1,0,2,2,12,0,3.3
2025,14,Nick Chubb,HOU,KAN,RB,0,0,0,0,0,1,3,0,0,0,0,0,0.3
2025,14,Nico Collins,HOU,KAN,WR,0,0,0,0,0,0,0,0,8,4,121,0,16.1
2025,14,Woody Marks,HOU,KAN,RB,0,0,0,0,0,26,68,0,3,2,8,1,15.6
2025,14,Xavier Hutchinson,HOU,KAN,WR,0,0,0,0,0,0,0,0,2,0,0,0,0.0
2025,14,Alec Pierce,IND,JAX,WR,0,0,0,0,0,0,0,0,8,5,80,0,13.0
2025,14,Ameer Abdullah,IND,JAX,RB,0,0,0,0,0,1,4,0,2,2,5,0,2.9
2025,14,Anthony Gould,IND,JAX,WR,0,0,0,0,0,0,0,0,1,1,3,0,1.3
2025,14,Daniel Jones,IND,JAX,QB,7,5,60,0,1,1,4,0,0,0,0,0,0.8
2025,14,Jonathan Taylor,IND,JAX,RB,0,0,0,0,0,21,74,1,0,0,0,0,11.4
2025,14,Josh Downs,IND,JAX,WR,0,0,0,0,0,0,0,0,5,4,23,0,6.3
2025,14,Michael Pittman,IND,JAX,WR,0,0,0,0,0,0,0,0,12,9,79,0,16.9
2025,14,Mo Alie-Cox,IND,JAX,TE,0,0,0,0,0,0,0,0,2,0,0,0,0.0
2025,14,Riley Leonard,IND,JAX,QB,29,18,145,0,1,2,5,1,0,0,0,0,10.3
2025,14,Tyler Warren,IND,JAX,TE,0,0,0,0,0,1,2,0,6,2,15,0,3.7
2025,14,Bhayshul Tuten,JAX,IND,RB,0,0,0,0,0,2,5,0,0,0,0,0,-1.5
2025,14,Brenton Strange,JAX,IND,TE,0,0,0,0,0,0,0,0,6,3,27,0,5.7
2025,14,Brian Thomas Jr.,JAX,IND,WR,0,0,0,0,0,0,0,0,6,3,87,0,11.7
2025,14,Jakobi Meyers,JAX,IND,WR,0,0,0,0,0,3,9,0,10,4,39,1,14.8
2025,14,LeQuint Allen Jr.,JAX,IND,RB,0,0,0,0,0,0,0,0,2,2,8,0,2.8
2025,14,Nick Mullens,JAX,IND,QB,1,1,3,0,0,3,-1,0,0,0,0,0,0.02
2025,14,Tim Patrick,JAX,IND,WR,0,0,0,0,0,0,0,0,6,5,78,1,18.8
2025,14,Travis Etienne,JAX,IND,RB,0,0,0,0,0,20,74,2,1,1,8,0,21.2
2025,14,Trevor Lawrence,JAX,IND,QB,30,17,244,2,0,4,16,0,0,0,0,0,19.36
2025,14,Brashard Smith,KAN,HOU,RB,0,0,0,0,0,1,7,0,0,0,0,0,0.7
2025,14,Isiah Pacheco,KAN,HOU,RB,0,0,0,0,0,9,30,0,0,0,0,0,3.0
2025,14,JuJu Smith-Schuster,KAN,HOU,WR,0,0,0,0,0,0,0,0,2,1,5,0,1.5
2025,14,Kareem Hunt,KAN,HOU,RB,0,0,0,0,0,12,30,1,1,0,0,0,9.0
2025,14,Marquise Brown,KAN,HOU,WR,0,0,0,0,0,0,0,0,2,1,35,0,4.5
2025,14,Noah Gray,KAN,HOU,TE,0,0,0,0,0,0,0,0,3,1,14,0,2.4
2025,14,Patrick Mahomes,KAN,HOU,QB,33,14,160,0,3,7,59,0,1,1,-10,0,6.3
2025,14,Rashee Rice,KAN,HOU,WR,0,0,0,0,0,0,0,0,8,4,34,0,7.4
2025,14,Travis Kelce,KAN,HOU,TE,0,0,0,0,0,0,0,0,5,1,8,0,1.8
2025,14,Tyquan Thornton,KAN,HOU,WR,0,0,0,0,0,0,0,0,3,2,19,0,3.9
2025,14,Xavier Worthy,KAN,HOU,WR,0,0,0,0,0,0,0,0,4,3,55,0,8.5
2025,14,Justin Herbert,LAC,PHI,QB,26,12,139,1,1,10,66,0,0,0,0,0,12.16
2025,14,Keenan Allen,LAC,PHI,WR,0,0,0,0,0,0,0,0,3,3,22,0,5.2
2025,14,Kimani Vidal,LAC,PHI,RB,0,0,0,0,0,14,44,0,3,1,60,0,11.4
2025,14,Ladd McConkey,LAC,PHI,WR,0,0,0,0,0,0,0,0,5,1,12,0,2.2
2025,14,Omarion Hampton,LAC,PHI,RB,0,0,0,0,0,13,56,0,2,2,11,1,14.7
2025,14,Oronde Gadsden II,LAC,PHI,TE,0,0,0,0,0,0,0,0,4,1,7,0,1.7
2025,14,Quentin Johnston,LAC,PHI,WR,0,0,0,0,0,0,0,0,3,2,8,0,2.8
2025,14,Tre Harris,LAC,PHI,WR,0,0,0,0,0,1,3,0,2,1,18,0,3.1
2025,14,Will Dissly,LAC,PHI,TE,0,0,0,0,0,0,0,0,1,1,1,0,1.1
2025,14,Blake Corum,LAR,ARI,RB,0,0,0,0,0,12,128,2,1,1,3,0,26.1
2025,14,Colby Parkinson,LAR,ARI,TE,0,0,0,0,0,0,0,0,5,3,32,1,12.2
2025,14,Davante Adams,LAR,ARI,WR,0,0,0,0,0,0,0,0,6,4,29,0,6.9
2025,14,Davis Allen,LAR,ARI,TE,0,0,0,0,0,0,0,0,2,2,21,0,4.1
2025,14,Jimmy Garoppolo,LAR,ARI,QB,0,0,0,0,0,3,-4,0,0,0,0,0,-0.4
2025,14,Jordan Whittington,LAR,ARI,WR,0,0,0,0,0,0,0,0,1,1,5,0,1.5
2025,14,Konata Mumpfield,LAR,ARI,WR,0,0,0,0,0,0,0,0,1,1,5,0,1.5
2025,14,Kyren Williams,LAR,ARI,RB,0,0,0,0,0,13,84,1,2,2,13,0,17.7
2025,14,Matthew Stafford,LAR,ARI,QB,31,22,281,3,0,0,0,0,0,0,0,0,23.24
2025,14,Puka Nacua,LAR,ARI,WR,0,0,0,0,0,0,0,0,11,7,167,2,35.7
2025,14,Ronnie Rivers,LAR,ARI,RB,0,0,0,0,0,8,41,0,0,0,0,0,4.1
2025,14,Terrance Ferguson,LAR,ARI,TE,0,0,0,0,0,0,0,0,1,0,0,0,0.0
2025,14,Xavier Smith,LAR,ARI,WR,0,0,0,0,0,0,0,0,1,1,6,0,1.6
2025,14,Ashton Jeanty,LVR,DEN,RB,0,0,0,0,0,10,30,0,4,2,8,0,5.8
2025,14,Brock Bowers,LVR,DEN,TE,0,0,0,0,0,0,0,0,5,4,46,1,14.6
2025,14,Geno Smith,LVR,DEN,QB,21,13,116,1,0,1,4,0,0,0,0,0,9.04
2025,14,Ian Thomas,LVR,DEN,TE,0,0,0,0,0,0,0,0,2,2,17,0,3.7
2025,14,Jack Bech,LVR,DEN,WR,0,0,0,0,0,0,0,0,6,6,50,0,11.0
2025,14,Kenny Pickett,LVR,DEN,QB,11,8,97,1,0,1,6,0,0,0,0,0,8.48
2025,14,Raheem Mostert,LVR,DEN,RB,0,0,0,0,0,0,0,0,1,1,2,0,1.2
2025,14,Shedrick Jackson,LVR,DEN,WR,0,0,0,0,0,0,0,0,1,1,25,1,9.5
2025,14,Tre Tucker,LVR,DEN,WR,0,0,0,0,0,0,0,0,5,2,24,0,4.4
2025,14,Tyler Lockett,LVR,DEN,WR,0,0,0,0,0,0,0,0,4,3,41,0,7.1
2025,14,Darren Waller,MIA,NYJ,TE,0,0,0,0,0,1,4,0,3,1,13,0,2.7
2025,14,De'Von Achane,MIA,NYJ,RB,0,0,0,0,0,7,92,1,1,1,13,0,17.5
2025,14,Greg Dulcich,MIA,NYJ,TE,0,0,0,0,0,0,0,0,3,3,41,0,7.1
2025,14,Jaylen Waddle,MIA,NYJ,WR,0,0,0,0,0,1,21,0,7,5,50,1,18.1
2025,14,Jaylen Wright,MIA,NYJ,RB,0,0,0,0,0,24,107,1,3,0,0,0,16.7
2025,14,Malik Washington,MIA,NYJ,WR,0,0,0,0,0,0,0,0,4,3,10,0,4.0
2025,14,Ollie Gordon II,MIA,NYJ,RB,0,0,0,0,0,5,17,1,0,0,0,0,7.7
2025,14,Tua Tagovailoa,MIA,NYJ,QB,21,13,127,1,0,1,0,0,0,0,0,0,9.08
2025,14,Zach Wilson,MIA,NYJ,QB,0,0,0,0,0,2,-2,0,0,0,0,0,-0.2
2025,14,Aaron Jones,MIN,WAS,RB,0,0,0,0,0,14,76,0,1,0,0,0,7.6
2025,14,Ben Sims,MIN,WAS,TE,0,0,0,0,0,0,0,0,1,1,9,0,1.9
2025,14,J.J. McCarthy,MIN,WAS,QB,23,16,163,3,0,6,19,0,0,0,0,0,20.42
2025,14,Jalen Nailor,MIN,WAS,WR,0,0,0,0,0,0,0,0,3,3,30,0,6.0
2025,14,Jordan Addison,MIN,WAS,WR,0,0,0,0,0,0,0,0,7,4,62,0,10.2
2025,14,Jordan Mason,MIN,WAS,RB,0,0,0,0,0,11,52,1,0,0,0,0,11.2
2025,14,Josh Oliver,MIN,WAS,TE,0,0,0,0,0,0,0,0,2,2,24,2,16.4
2025,14,Justin Jefferson,MIN,WAS,WR,0,0,0,0,0,0,0,0,4,2,11,0,3.1
2025,14,T.J. Hockenson,MIN,WAS,TE,0,0,0,0,0,0,0,0,3,2,12,1,9.2
2025,14,Tai Felton,MIN,WAS,WR,0,0,0,0,0,0,0,0,1,1,10,0,2.0
2025,14,Zavier Scott,MIN,WAS,RB,0,0,0,0,0,3,15,0,1,1,5,0,3.0
2025,14,Audric Estimé,NOR,TAM,RB,0,0,0,0,0,3,11,0,0,0,0,0,1.1
2025,14,Chris Olave,NOR,TAM,WR,0,0,0,0,0,0,0,0,5,3,30,0,6.0
2025,14,Devaughn Vele,NOR,TAM,WR,0,0,0,0,0,0,0,0,5,3,40,0,7.0
2025,14,Devin Neal,NOR,TAM,RB,0,0,0,0,0,19,70,1,1,1,14,0,15.4
2025,14,Evan Hull,NOR,TAM,RB,0,0,0,0,0,1,4,0,1,1,6,0,2.0
2025,14,Foster Moreau,NOR,TAM,TE,0,0,0,0,0,0,0,0,1,1,16,0,2.6
2025,14,Jack Stoll,NOR,TAM,TE,0,0,0,0,0,0,0,0,1,0,0,0,0.0
2025,14,Juwan Johnson,NOR,TAM,TE,0,0,0,0,0,0,0,0,4,4,38,0,7.8
2025,14,Taysom Hill,NOR,TAM,TE,0,0,0,0,0,2,-1,0,2,0,0,0,-0.1
2025,14,Tyler Shough,NOR,TAM,QB,20,13,144,0,1,7,55,2,0,0,0,0,21.26
2025,14,Adonai Mitchell,NYJ,MIA,WR,0,0,0,0,0,0,0,0,6,1,24,0,3.4
2025,14,Allen Lazard,NYJ,MIA,WR,0,0,0,0,0,0,0,0,1,0,0,0,0.0
2025,14,Andrew Beck,NYJ,MIA,RB,0,0,0,0,0,0,0,0,1,1,17,0,2.7
2025,14,Brady Cook,NYJ,MIA,QB,30,14,163,0,2,1,0,0,0,0,0,0,2.52
2025,14,Breece Hall,NYJ,MIA,RB,0,0,0,0,0,14,43,0,1,0,0,0,4.3
2025,14,Isaiah Davis,NYJ,MIA,RB,0,0,0,0,0,2,22,0,0,0,0,0,2.2
2025,14,Isaiah Williams,NYJ,MIA,WR,0,0,0,0,0,0,0,0,3,2,24,0,10.4
2025,14,Jeremy Ruckert,NYJ,MIA,TE,0,0,0,0,0,0,0,0,3,2,19,0,3.9
2025,14,John Metchie III,NYJ,MIA,WR,0,0,0,0,0,0,0,0,8,4,34,0,7.4
2025,14,Mason Taylor,NYJ,MIA,TE,0,0,0,0,0,0,0,0,8,5,51,0,10.1
2025,14,Stone Smartt,NYJ,MIA,TE,0,0,0,0,0,0,0,0,1,0,0,0,0.0
2025,14,Tyrod Taylor,NYJ,MIA,QB,4,1,6,0,1,0,0,0,0,0,0,0,-1.76
2025,14,A.J. Brown,PHI,LAC,WR,0,0,0,0,0,0,0,0,13,6,100,0,16.0
2025,14,Dallas Goedert,PHI,LAC,TE,0,0,0,0,0,0,0,0,10,8,78,0,15.8
2025,14,Darius Cooper,PHI,LAC,WR,0,0,0,0,0,0,0,0,1,1,19,0,2.9
2025,14,DeVonta Smith,PHI,LAC,WR,0,0,0,0,0,0,0,0,8,4,37,0,7.7
2025,14,Jahan Dotson,PHI,LAC,WR,0,0,0,0,0,0,0,0,3,1,3,0,1.3
2025,14,Jalen Hurts,PHI,LAC,QB,40,21,240,0,4,4,8,0,0,0,0,0,2.4
2025,14,Saquon Barkley,PHI,LAC,RB,0,0,0,0,0,20,122,1,2,0,0,0,18.2
2025,14,Tank Bigsby,PHI,LAC,RB,0,0,0,0,0,1,4,0,0,0,0,0,0.4
2025,14,Will Shipley,PHI,LAC,RB,0,0,0,0,0,0,0,0,1,1,3,0,1.3
2025,14,Aaron Rodgers,PIT,BAL,QB,34,23,284,1,0,2,0,1,1,1,-9,0,21.46
2025,14,Adam Thielen,PIT,BAL,WR,0,0,0,0,0,0,0,0,1,1,4,0,1.4
2025,14,Ben Skowronek,PIT,BAL,WR,0,0,0,0,0,0,0,0,1,1,13,0,2.3
2025,14,Calvin Austin III,PIT,BAL,WR,0,0,0,0,0,0,0,0,2,1,31,0,4.1
2025,14,Connor Heyward,PIT,BAL,RB,0,0,0,0,0,1,2,0,0,0,0,0,0.2
2025,14,DK Metcalf,PIT,BAL,WR,0,0,0,0,0,0,0,0,12,7,148,0,21.8
2025,14,Darnell Washington,PIT,BAL,TE,0,0,0,0,0,0,0,0,1,1,12,0,2.2
2025,14,Jaylen Warren,PIT,BAL,RB,0,0,0,0,0,8,13,0,3,3,49,1,15.2
2025,14,Jonnu Smith,PIT,BAL,TE,0,0,0,0,0,0,0,0,1,0,0,0,0.0
2025,14,Kaleb Johnson,PIT,BAL,RB,0,0,0,0,0,2,4,0,0,0,0,0,0.4
2025,14,Kenny Gainwell,PIT,BAL,RB,0,0,0,0,0,4,15,1,7,6,27,0,16.2
2025,14,Marquez Valdes-Scantling,PIT,BAL,WR,0,0,0,0,0,0,0,0,1,0,0,0,0.0
2025,14,Pat Freiermuth,PIT,BAL,TE,0,0,0,0,0,0,0,0,3,2,9,0,2.9
2025,14,AJ Barner,SEA,ATL,TE,0,0,0,0,0,0,0,0,4,3,27,0,5.7
2025,14,Cody White,SEA,ATL,WR,0,0,0,0,0,0,0,0,1,1,9,0,1.9
2025,14,Cooper Kupp,SEA,ATL,WR,0,0,0,0,0,0,0,0,3,2,35,1,11.5
2025,14,Drew Lock,SEA,ATL,QB,0,0,0,0,0,1,0,0,0,0,0,0,0.0
2025,14,Elijah Arroyo,SEA,ATL,TE,0,0,0,0,0,0,0,0,1,0,0,0,0.0
2025,14,Jaxon Smith-Njigba,SEA,ATL,WR,0,0,0,0,0,1,-1,0,10,7,92,2,28.1
2025,14,Kenneth Walker III,SEA,ATL,RB,0,0,0,0,0,10,29,0,3,1,-1,0,3.8
2025,14,Rashid Shaheed,SEA,ATL,WR,0,0,0,0,0,0,0,0,5,4,67,0,16.7
2025,14,Sam Darnold,SEA,ATL,QB,30,20,249,3,1,3,23,0,0,0,0,0,22.26
2025,14,Velus Jones Jr.,SEA,ATL,WR,0,0,0,0,0,4,32,0,0,0,0,0,3.2
2025,14,Zach Charbonnet,SEA,ATL,RB,0,0,0,0,0,7,46,0,3,2,20,0,8.6
2025,14,Baker Mayfield,TAM,NOR,QB,30,14,122,1,1,6,42,0,0,0,0,0,11.08
2025,14,Bucky Irving,TAM,NOR,RB,0,0,0,0,0,15,55,0,3,2,26,1,16.1
2025,14,Cade Otton,TAM,NOR,TE,0,0,0,0,0,0,0,0,4,3,19,0,4.9
2025,14,Chris Godwin Jr.,TAM,NOR,WR,0,0,0,0,0,0,0,0,8,5,55,0,10.5
2025,14,Emeka Egbuka,TAM,NOR,WR,0,0,0,0,0,0,0,0,9,2,15,0,3.5
2025,14,Kameron Johnson,TAM,NOR,WR,0,0,0,0,0,0,0,0,1,0,0,0,0.0
2025,14,Rachaad White,TAM,NOR,RB,0,0,0,0,0,11,53,0,2,1,2,0,6.5
2025,14,Sean Tucker,TAM,NOR,RB,0,0,0,0,0,7,29,1,0,0,0,0,8.9
2025,14,Sterling Shepard,TAM,NOR,WR,0,0,0,0,0,0,0,0,1,1,5,0,1.5
2025,14,Cam Ward,TEN,CLE,QB,28,14,117,2,1,2,4,0,0,0,0,0,11.08
2025,14,Chig Okonkwo,TEN,CLE,TE,0,0,0,0,0,0,0,0,2,2,20,0,4.0
2025,14,Chimere Dike,TEN,CLE,WR,0,0,0,0,0,0,0,0,8,5,24,1,13.4
2025,14,David Martin-Robinson,TEN,CLE,TE,0,0,0,0,0,0,0,0,1,1,6,0,1.6
2025,14,Elic Ayomanor,TEN,CLE,WR,0,0,0,0,0,0,0,0,3,1,14,1,8.4
2025,14,Gunnar Helm,TEN,CLE,TE,0,0,0,0,0,0,0,0,2,1,8,0,1.8
2025,14,James Proche,TEN,CLE,WR,0,0,0,0,0,0,0,0,1,0,0,0,0.0
2025,14,Tony Pollard,TEN,CLE,RB,0,0,0,0,0,25,161,2,0,0,0,0,28.1
2025,14,Tyjae Spears,TEN,CLE,RB,0,0,0,0,0,8,19,0,4,2,28,0,6.7
2025,14,Van Jefferson,TEN,CLE,WR,0,0,0,0,0,0,0,0,4,2,17,0,3.7
2025,14,Ben Sinnott,WAS,MIN,TE,0,0,0,0,0,0,0,0,1,1,8,0,1.8
2025,14,Chris Rodriguez Jr.,WAS,MIN,RB,0,0,0,0,0,10,52,0,0,0,0,0,5.2
2025,14,Colson Yankoff,WAS,MIN,TE,0,0,0,0,0,0,0,0,1,0,0,0,0.0
2025,14,Deebo Samuel Sr.,WAS,MIN,WR,0,0,0,0,0,0,0,0,6,4,27,0,6.7
2025,14,Jacory Croskey-Merritt,WAS,MIN,RB,0,0,0,0,0,7,32,0,0,0,0,0,3.2
2025,14,Jayden Daniels,WAS,MIN,QB,20,9,78,0,1,4,16,0,0,0,0,0,2.72
2025,14,Jeremy McNichols,WAS,MIN,RB,0,0,0,0,0,0,0,0,1,1,2,0,1.2
2025,14,Marcus Mariota,WAS,MIN,QB,4,2,30,0,1,2,7,0,0,0,0,0,-2.1
2025,14,Noah Brown,WAS,MIN,WR,0,0,0,0,0,0,0,0,2,1,19,0,2.9
2025,14,Terry McLaurin,WAS,MIN,WR,0,0,0,0,0,0,0,0,6,3,41,0,7.1
2025,14,Treylon Burks,WAS,MIN,WR,0,0,0,0,0,0,0,0,1,0,0,0,0.0
2025,14,Zach Ertz,WAS,MIN,TE,0,0,0,0,0,0,0,0,2,1,11,0,2.1
2025,15,Bam Knight,ARI,HOU,RB,0,0,0,0,0,1,-2,0,0,0,0,0,-0.2
2025,15,Corey Kiner,ARI,HOU,RB,0,0,0,0,0,2,11,0,0,0,0,0,1.1
2025,15,Elijah Higgins,ARI,HOU,TE,0,0,0,0,0,0,0,0,2,1,3,0,1.3
2025,15,Emari Demercado,ARI,HOU,RB,0,0,0,0,0,1,1,0,3,2,0,0,2.1
2025,15,Jacoby Brissett,ARI,HOU,QB,40,27,249,3,1,3,6,0,0,0,0,0,20.56
2025,15,Jalen Brooks,ARI,HOU,WR,0,0,0,0,0,0,0,0,3,1,19,0,2.9
2025,15,Michael Carter,ARI,HOU,RB,0,0,0,0,0,14,56,0,4,4,38,0,13.4
2025,15,Michael Wilson,ARI,HOU,WR,0,0,0,0,0,0,0,0,11,5,54,1,16.4
2025,15,Pharaoh Brown,ARI,HOU,TE,0,0,0,0,0,0,0,0,2,2,1,0,2.1
2025,15,Trey McBride,ARI,HOU,TE,0,0,0,0,0,0,0,0,13,12,134,2,37.4
2025,15,Bijan Robinson,ATL,TAM,RB,0,0,0,0,0,19,93,1,11,8,82,0,29.5
2025,15,Charlie Woerner,ATL,TAM,TE,0,0,0,0,0,0,0,0,2,2,12,0,3.2
2025,15,Darnell Mooney,ATL,TAM,WR,0,0,0,0,0,0,0,0,6,3,35,0,6.5
2025,15,David Sills,ATL,TAM,WR,0,0,0,0,0,0,0,0,10,6,78,0,13.8
2025,15,Kirk Cousins,ATL,TAM,QB,44,30,373,3,0,0,0,0,0,0,0,0,26.92
2025,15,Kyle Pitts,ATL,TAM,TE,0,0,0,0,0,0,0,0,12,11,166,3,45.6
2025,15,Tyler Allgeier,ATL,TAM,RB,0,0,0,0,0,2,18,0,0,0,0,0,1.8
2025,15,DeAndre Hopkins,BAL,CIN,WR,0,0,0,0,0,0,0,0,1,1,32,0,4.2
2025,15,Derrick Henry,BAL,CIN,RB,0,0,0,0,0,11,100,0,0,0,0,0,10.0
2025,15,Keaton Mitchell,BAL,CIN,RB,0,0,0,0,0,8,66,0,1,0,0,0,6.6
2025,15,Lamar Jackson,BAL,CIN,QB,12,8,150,2,1,2,26,0,0,0,0,0,14.6
2025,15,Mark Andrews,BAL,CIN,TE,0,0,0,0,0,0,0,0,3,2,18,0,3.8
2025,15,Rasheen Ali,BAL,CIN,RB,0,0,0,0,0,0,0,0,2,2,32,1,11.2
2025,15,Tyler Huntley,BAL,CIN,QB,0,0,0,0,0,3,-3,0,0,0,0,0,-0.3
2025,15,Zay Flowers,BAL,CIN,WR,0,0,0,0,0,0,0,0,5,3,68,1,15.8
2025,15,Brandin Cooks,BUF,NWE,WR,0,0,0,0,0,0,0,0,3,0,0,0,0.0
2025,15,Dalton Kincaid,BUF,NWE,TE,0,0,0,0,0,0,0,0,4,3,34,0,6.4
2025,15,Dawson Knox,BUF,NWE,TE,0,0,0,0,0,0,0,0,4,3,37,2,18.7
2025,15,Jackson Hawes,BUF,NWE,TE,0,0,0,0,0,0,0,0,1,1,9,0,1.9
2025,15,James Cook,BUF,NWE,RB,0,0,0,0,0,22,107,2,3,2,4,1,31.1
2025,15,Josh Allen,BUF,NWE,QB,28,19,193,3,0,11,48,0,0,0,0,0,24.52
2025,15,Josh Palmer,BUF,NWE,WR,0,0,0,0,0,0,0,0,2,1,16,0,2.6
2025,15,Khalil Shakir,BUF,NWE,WR,0,0,0,0,0,0,0,0,5,5,65,0,11.5
2025,15,Ray Davis,BUF,NWE,RB,0,0,0,0,0,0,0,0,1,1,13,0,2.3
2025,15,Ty Johnson,BUF,NWE,RB,0,0,0,0,0,4,13,0,3,3,15,0,5.8
2025,15,Bryce Young,CAR,NOR,QB,24,15,163,1,0,7,49,0,0,0,0,0,15.42
2025,15,Chuba Hubbard,CAR,NOR,RB,0,0,0,0,0,8,29,0,1,1,9,0,4.8
2025,15,Ja'Tavion Sanders,CAR,NOR,TE,0,0,0,0,0,0,0,0,2,2,5,0,2.5
2025,15,Jalen Coker,CAR,NOR,WR,0,0,0,0,0,0,0,0,4,4,60,1,14.0
2025,15,Jimmy Horn Jr.,CAR,NOR,WR,0,0,0,0,0,0,0,0,1,1,7,0,1.7
2025,15,Rico Dowdle,CAR,NOR,RB,0,0,0,0,0,16,49,1,1,1,5,0,12.4
2025,15,Tetairoa McMillan,CAR,NOR,WR,0,0,0,0,0,0,0,0,4,2,25,0,4.5
2025,15,Tommy Tremble,CAR,NOR,TE,0,0,0,0,0,0,0,0,4,2,13,0,3.3
2025,15,Xavier Legette,CAR,NOR,WR,0,0,0,0,0,0,0,0,3,2,39,0,5.9
2025,15,Caleb Williams,CHI,CLE,QB,28,17,242,2,0,3,13,0,0,0,0,0,18.98
2025,15,Cole Kmet,CHI,CLE,TE,0,0,0,0,0,0,0,0,4,2,28,0,4.8
2025,15,Colston Loveland,CHI,CLE,TE,0,0,0,0,0,1,-2,0,5,4,63,0,10.1
2025,15,D'Andre Swift,CHI,CLE,RB,0,0,0,0,0,18,98,2,1,1,-2,0,22.6
2025,15,DJ Moore,CHI,CLE,WR,0,0,0,0,0,0,0,0,5,4,69,2,22.9
2025,15,Kyle Monangai,CHI,CLE,RB,0,0,0,0,0,11,33,0,2,0,0,0,3.3
2025,15,Luther Burden III,CHI,CLE,WR,0,0,0,0,0,0,0,0,7,6,84,0,14.4
2025,15,Olamide Zaccheaus,CHI,CLE,WR,0,0,0,0,0,0,0,0,3,0,0,0,0.0
2025,15,Andrei Iosivas,CIN,BAL,WR,0,0,0,0,0,0,0,0,1,0,0,0,0.0
2025,15,Chase Brown,CIN,BAL,RB,0,0,0,0,0,13,53,0,7,7,37,0,16.0
2025,15,Drew Sample,CIN,BAL,TE,0,0,0,0,0,0,0,0,2,2,12,0,3.2
2025,15,Ja'Marr Chase,CIN,BAL,WR,0,0,0,0,0,0,0,0,16,10,132,0,23.2
2025,15,Joe Burrow,CIN,BAL,QB,39,25,225,0,2,2,5,0,0,0,0,0,5.5
2025,15,Mike Gesicki,CIN,BAL,TE,0,0,0,0,0,0,0,0,2,1,11,0,2.1
2025,15,Mitchell Tinsley,CIN,BAL,WR,0,0,0,0,0,0,0,0,2,1,16,0,2.6
2025,15,Samaje Perine,CIN,BAL,RB,0,0,0,0,0,14,42,0,1,1,1,0,5.3
2025,15,Tanner Hudson,CIN,BAL,TE,0,0,0,0,0,0,0,0,5,3,16,0,4.6
2025,15,Gage Larvadain,CLE,CHI,WR,0,0,0,0,0,0,0,0,2,1,8,0,1.8
2025,15,Harold Fannin Jr.,CLE,CHI,TE,0,0,0,0,0,1,2,0,14,7,48,0,12.0
2025,15,Isaiah Bond,CLE,CHI,WR,0,0,0,0,0,0,0,0,4,2,89,0,10.9
2025,15,Jerry Jeudy,CLE,CHI,WR,0,0,0,0,0,0,0,0,4,2,22,0,4.2
2025,15,Malachi Corley,CLE,CHI,WR,0,0,0,0,0,0,0,0,1,1,10,0,2.0
2025,15,Quinshon Judkins,CLE,CHI,RB,0,0,0,0,0,12,21,0,4,3,-4,0,4.7
2025,15,Shedeur Sanders,CLE,CHI,QB,35,18,177,0,3,2,24,0,0,0,0,0,3.48
2025,15,Trayveon Williams,CLE,CHI,RB,0,0,0,0,0,1,3,0,2,2,4,0,2.7
2025,15,Brevyn Spann-Ford,DAL,MIN,TE,0,0,0,0,0,0,0,0,1,0,0,0,0.0
2025,15,CeeDee Lamb,DAL,MIN,WR,0,0,0,0,0,0,0,0,10,6,111,0,17.1
2025,15,Dak Prescott,DAL,MIN,QB,38,23,294,0,0,1,2,0,0,0,0,0,11.96
2025,15,George Pickens,DAL,MIN,WR,0,0,0,0,0,0,0,0,6,3,33,0,6.3
2025,15,Hunter Luepke,DAL,MIN,RB,0,0,0,0,0,3,16,0,2,2,14,0,5.0
2025,15,Jake Ferguson,DAL,MIN,TE,0,0,0,0,0,0,0,0,4,2,16,0,3.6
2025,15,Javonte Williams,DAL,MIN,RB,0,0,0,0,0,15,91,1,0,0,0,0,15.1
2025,15,Jonathan Mingo,DAL,MIN,WR,0,0,0,0,0,0,0,0,1,1,25,0,3.5
2025,15,KaVontae Turpin,DAL,MIN,WR,0,0,0,0,0,1,2,0,2,2,10,0,3.2
2025,15,Luke Schoonmaker,DAL,MIN,TE,0,0,0,0,0,0,0,0,1,1,29,0,3.9
2025,15,Malik Davis,DAL,MIN,RB,0,0,0,0,0,8,21,1,3,2,16,0,11.7
2025,15,Ryan Flournoy,DAL,MIN,WR,0,0,0,0,0,0,0,0,5,4,40,0,8.0
2025,15,Adam Prentice,DEN,GNB,RB,0,0,0,0,0,1,-1,0,0,0,0,0,-0.1
2025,15,Bo Nix,DEN,GNB,QB,34,23,302,4,0,7,10,0,0,0,0,0,29.08
2025,15,Courtland Sutton,DEN,GNB,WR,0,0,0,0,0,0,0,0,10,7,113,1,24.3
2025,15,Evan Engram,DEN,GNB,TE,0,0,0,0,0,0,0,0,3,1,12,0,2.2
2025,15,Jaleel McLaughlin,DEN,GNB,RB,0,0,0,0,0,2,4,0,0,0,0,0,0.4
2025,15,Lil'Jordan Humphrey,DEN,GNB,WR,0,0,0,0,0,0,0,0,4,3,42,1,13.2
2025,15,Marvin Mims Jr.,DEN,GNB,WR,0,0,0,0,0,1,8,0,6,4,29,0,7.7
2025,15,Michael Bandy,DEN,GNB,WR,0,0,0,0,0,0,0,0,1,1,20,1,9.0
2025,15,RJ Harvey,DEN,GNB,RB,0,0,0,0,0,19,65,1,1,0,0,0,10.5
2025,15,Troy Franklin,DEN,GNB,WR,0,0,0,0,0,1,3,0,6,6,85,1,20.8
2025,15,Tyler Badie,DEN,GNB,RB,0,0,0,0,0,0,0,0,1,1,1,0,1.1
2025,15,Amon-Ra St. Brown,DET,LAR,WR,0,0,0,0,0,0,0,0,18,13,164,2,41.4
2025,15,David Montgomery,DET,LAR,RB,0,0,0,0,0,7,32,1,1,0,0,0,9.2
2025,15,Isaac TeSlaa,DET,LAR,WR,0,0,0,0,0,0,0,0,1,0,0,0,0.0
2025,15,Jahmyr Gibbs,DET,LAR,RB,0,0,0,0,0,13,38,0,7,4,20,0,9.8
2025,15,Jameson Williams,DET,LAR,WR,0,0,0,0,0,0,0,0,10,7,134,1,26.4
2025,15,Jared Goff,DET,LAR,QB,41,25,338,3,0,0,0,0,0,0,0,0,25.52
2025,15,Kalif Raymond,DET,LAR,WR,0,0,0,0,0,0,0,0,1,1,20,0,3.0
2025,15,Bo Melton,GNB,DEN,WR,0,0,0,0,0,1,0,0,1,0,0,0,0.0
2025,15,Chris Brooks,GNB,DEN,RB,0,0,0,0,0,2,10,0,2,1,6,0,2.6
2025,15,Christian Watson,GNB,DEN,WR,0,0,0,0,0,0,0,0,5,3,29,0,5.9
2025,15,Dontayvion Wicks,GNB,DEN,WR,0,0,0,0,0,0,0,0,2,1,6,0,1.6
2025,15,Emanuel Wilson,GNB,DEN,RB,0,0,0,0,0,2,3,0,0,0,0,0,0.3
2025,15,Jayden Reed,GNB,DEN,WR,0,0,0,0,0,0,0,0,6,5,55,0,10.5
2025,15,John FitzPatrick,GNB,DEN,TE,0,0,0,0,0,0,0,0,4,3,18,0,4.8
2025,15,Jordan Love,GNB,DEN,QB,40,24,276,1,2,3,29,0,0,0,0,0,13.94
2025,15,Josh Jacobs,GNB,DEN,RB,0,0,0,0,0,12,73,1,3,2,19,1,23.2
2025,15,Luke Musgrave,GNB,DEN,TE,0,0,0,0,0,0,0,0,6,4,52,0,9.2
2025,15,Matthew Golden,GNB,DEN,WR,0,0,0,0,0,0,0,0,4,3,55,0,8.5
2025,15,Romeo Doubs,GNB,DEN,WR,0,0,0,0,0,0,0,0,3,2,36,0,5.6
2025,15,C.J. Stroud,HOU,ARI,QB,29,22,260,3,0,6,10,0,0,0,0,0,23.4
2025,15,Cade Stover,HOU,ARI,TE,0,0,0,0,0,0,0,0,3,3,22,0,5.2
2025,15,Dalton Schultz,HOU,ARI,TE,0,0,0,0,0,0,0,0,9,8,76,1,21.6
2025,15,Dare Ogunbowale,HOU,ARI,RB,0,0,0,0,0,5,2,0,4,3,32,0,6.4
2025,15,Jawhar Jordan,HOU,ARI,RB,0,0,0,0,0,15,101,0,2,2,17,0,13.8
2025,15,Jayden Higgins,HOU,ARI,WR,0,0,0,0,0,0,0,0,1,1,4,0,1.4
2025,15,Nico Collins,HOU,ARI,WR,0,0,0,0,0,0,0,0,4,3,85,2,23.5
2025,15,Woody Marks,HOU,ARI,RB,0,0,0,0,0,7,30,0,1,1,8,0,4.8
2025,15,Xavier Hutchinson,HOU,ARI,WR,0,0,0,0,0,0,0,0,2,1,16,0,2.6
2025,15,Alec Pierce,IND,SEA,WR,0,0,0,0,0,0,0,0,1,1,16,0,2.6
2025,15,Ameer Abdullah,IND,SEA,RB,0,0,0,0,0,4,15,0,5,5,32,0,9.7
2025,15,Jonathan Taylor,IND,SEA,RB,0,0,0,0,0,25,87,0,4,3,14,0,13.1
2025,15,Josh Downs,IND,SEA,WR,0,0,0,0,0,0,0,0,5,3,13,1,10.3
2025,15,Michael Pittman,IND,SEA,WR,0,0,0,0,0,0,0,0,5,3,26,0,5.6
2025,15,Philip Rivers,IND,SEA,QB,27,18,120,1,1,1,0,0,0,0,0,0,6.8
2025,15,Tyler Warren,IND,SEA,TE,0,0,0,0,0,0,0,0,6,3,19,0,4.9
2025,15,Bhayshul Tuten,JAX,NYJ,RB,0,0,0,0,0,1,7,0,1,1,16,1,9.3
2025,15,Brenton Strange,JAX,NYJ,TE,0,0,0,0,0,0,0,0,3,1,26,0,3.6
2025,15,Brian Thomas Jr.,JAX,NYJ,WR,0,0,0,0,0,1,5,0,7,4,66,1,17.1
2025,15,Dyami Brown,JAX,NYJ,WR,0,0,0,0,0,1,4,0,0,0,0,0,-1.6
2025,15,Jakobi Meyers,JAX,NYJ,WR,0,0,0,0,0,0,0,0,7,5,71,0,12.1
2025,15,LeQuint Allen Jr.,JAX,NYJ,RB,0,0,0,0,0,4,11,0,1,1,5,0,2.6
2025,15,Nick Mullens,JAX,NYJ,QB,0,0,0,0,0,3,-2,0,0,0,0,0,-0.2
2025,15,Parker Washington,JAX,NYJ,WR,0,0,0,0,0,0,0,0,3,3,53,0,8.3
2025,15,Quintin Morris,JAX,NYJ,TE,0,0,0,0,0,0,0,0,2,2,20,0,4.0
2025,15,Travis Etienne,JAX,NYJ,RB,0,0,0,0,0,12,32,0,4,3,73,3,31.5
2025,15,Trevor Lawrence,JAX,NYJ,QB,32,20,330,5,0,5,51,1,0,0,0,0,44.3
2025,15,Brashard Smith,KAN,LAC,RB,0,0,0,0,0,2,1,0,0,0,0,0,0.1
2025,15,Gardner Minshew,KAN,LAC,QB,5,3,22,0,1,0,0,0,0,0,0,0,-1.12
2025,15,Isiah Pacheco,KAN,LAC,RB,0,0,0,0,0,11,21,0,0,0,0,0,2.1
2025,15,JuJu Smith-Schuster,KAN,LAC,WR,0,0,0,0,0,0,0,0,1,0,0,0,0.0
2025,15,Kareem Hunt,KAN,LAC,RB,0,0,0,0,0,6,12,0,2,1,8,0,3.0
2025,15,Patrick Mahomes,KAN,LAC,QB,28,16,189,0,1,2,15,1,0,0,0,0,13.06
2025,15,Rashee Rice,KAN,LAC,WR,0,0,0,0,0,0,0,0,11,7,51,0,12.1
2025,15,Travis Kelce,KAN,LAC,TE,0,0,0,0,0,0,0,0,9,7,70,0,14.0
2025,15,Tyquan Thornton,KAN,LAC,WR,0,0,0,0,0,0,0,0,3,2,47,0,6.7
2025,15,Xavier Worthy,KAN,LAC,WR,0,0,0,0,0,0,0,0,4,2,35,0,5.5
2025,15,Justin Herbert,LAC,KAN,QB,29,19,210,1,1,2,0,0,0,0,0,0,10.4
2025,15,KeAndre Lambert-Smith,LAC,KAN,WR,0,0,0,0,0,0,0,0,1,1,16,1,8.6
2025,15,Keenan Allen,LAC,KAN,WR,0,0,0,0,0,0,0,0,7,5,36,0,8.6
2025,15,Kimani Vidal,LAC,KAN,RB,0,0,0,0,0,12,33,0,1,1,15,0,5.8
2025,15,Ladd McConkey,LAC,KAN,WR,0,0,0,0,0,0,0,0,3,2,20,0,4.0
2025,15,Omarion Hampton,LAC,KAN,RB,0,0,0,0,0,15,61,0,1,1,4,0,7.5
2025,15,Oronde Gadsden II,LAC,KAN,TE,0,0,0,0,0,0,0,0,5,4,61,0,10.1
2025,15,Tre Harris,LAC,KAN,WR,0,0,0,0,0,0,0,0,5,3,49,0,7.9
2025,15,Blake Corum,LAR,DET,RB,0,0,0,0,0,11,71,1,0,0,0,0,13.1
2025,15,Colby Parkinson,LAR,DET,TE,0,0,0,0,0,0,0,0,7,5,75,2,24.5
2025,15,Davante Adams,LAR,DET,WR,0,0,0,0,0,0,0,0,9,4,71,0,11.1
2025,15,Davis Allen,LAR,DET,TE,0,0,0,0,0,0,0,0,4,3,16,0,4.6
2025,15,Jordan Whittington,LAR,DET,WR,0,0,0,0,0,0,0,0,1,0,0,0,0.0
2025,15,Konata Mumpfield,LAR,DET,WR,0,0,0,0,0,0,0,0,1,0,0,0,0.0
2025,15,Kyren Williams,LAR,DET,RB,0,0,0,0,0,15,78,2,1,1,10,0,21.8
2025,15,Matthew Stafford,LAR,DET,QB,38,24,368,2,1,1,2,0,0,0,0,0,20.92
2025,15,Puka Nacua,LAR,DET,WR,0,0,0,0,0,2,8,0,11,9,181,0,27.9
2025,15,Terrance Ferguson,LAR,DET,TE,0,0,0,0,0,0,0,0,2,1,6,0,1.6
2025,15,Tutu Atwell,LAR,DET,WR,0,0,0,0,0,0,0,0,2,1,9,0,1.9
2025,15,Ashton Jeanty,LVR,PHI,RB,0,0,0,0,0,9,35,0,6,4,7,0,8.2
2025,15,Brock Bowers,LVR,PHI,TE,0,0,0,0,0,0,0,0,8,6,28,0,8.8
2025,15,Dylan Laube,LVR,PHI,RB,0,0,0,0,0,2,4,0,0,0,0,0,0.4
2025,15,Jack Bech,LVR,PHI,WR,0,0,0,0,0,0,0,0,3,2,17,0,3.7
2025,15,Kenny Pickett,LVR,PHI,QB,25,15,64,0,1,2,7,0,0,0,0,0,1.26
2025,15,Raheem Mostert,LVR,PHI,RB,0,0,0,0,0,0,0,0,1,1,2,0,1.2
2025,15,Tre Tucker,LVR,PHI,WR,0,0,0,0,0,0,0,0,3,0,0,0,0.0
2025,15,Tyler Lockett,LVR,PHI,WR,0,0,0,0,0,0,0,0,4,2,10,0,3.0
2025,15,Alec Ingold,MIA,PIT,RB,0,0,0,0,0,0,0,0,1,1,4,0,1.4
2025,15,Darren Waller,MIA,PIT,TE,0,0,0,0,0,0,0,0,8,7,66,2,25.6
2025,15,De'Von Achane,MIA,PIT,RB,0,0,0,0,0,12,60,0,6,6,67,0,18.7
2025,15,Greg Dulcich,MIA,PIT,TE,0,0,0,0,0,0,0,0,2,2,46,0,6.6
2025,15,Jaylen Waddle,MIA,PIT,WR,0,0,0,0,0,0,0,0,4,2,26,0,4.6
2025,15,Jaylen Wright,MIA,PIT,RB,0,0,0,0,0,1,2,0,1,1,9,0,2.1
2025,15,Julian Hill,MIA,PIT,TE,0,0,0,0,0,0,0,0,2,2,25,0,4.5
2025,15,Malik Washington,MIA,PIT,WR,0,0,0,0,0,0,0,0,1,1,10,0,2.0
2025,15,Nick Westbrook-Ikhine,MIA,PIT,WR,0,0,0,0,0,0,0,0,1,0,0,0,0.0
2025,15,Ollie Gordon II,MIA,PIT,RB,0,0,0,0,0,2,0,0,0,0,0,0,0.0
2025,15,Tua Tagovailoa,MIA,PIT,QB,28,22,253,2,1,1,1,0,0,0,0,0,16.22
2025,15,Aaron Jones,MIN,DAL,RB,0,0,0,0,0,12,34,0,3,3,31,0,9.5
2025,15,C.J. Ham,MIN,DAL,RB,0,0,0,0,0,1,1,1,0,0,0,0,6.1
2025,15,J.J. McCarthy,MIN,DAL,QB,24,15,250,2,1,4,15,1,0,0,0,0,23.5
2025,15,Jalen Nailor,MIN,DAL,WR,0,0,0,0,0,1,-2,0,5,3,47,2,19.5
2025,15,Jordan Addison,MIN,DAL,WR,0,0,0,0,0,0,0,0,2,2,66,0,8.6
2025,15,Jordan Mason,MIN,DAL,RB,0,0,0,0,0,10,29,0,0,0,0,0,2.9
2025,15,Josh Oliver,MIN,DAL,TE,0,0,0,0,0,0,0,0,1,1,18,0,2.8
2025,15,Justin Jefferson,MIN,DAL,WR,0,0,0,0,0,0,0,0,8,2,22,0,4.2
2025,15,T.J. Hockenson,MIN,DAL,TE,0,0,0,0,0,0,0,0,5,4,66,0,10.6
2025,15,Audric Estimé,NOR,CAR,RB,0,0,0,0,0,3,11,0,3,3,39,0,8.0
2025,15,Chris Olave,NOR,CAR,WR,0,0,0,0,0,0,0,0,9,6,85,1,20.5
2025,15,Devaughn Vele,NOR,CAR,WR,0,0,0,0,0,0,0,0,6,5,69,0,11.9
2025,15,Devin Neal,NOR,CAR,RB,0,0,0,0,0,7,28,1,1,1,4,0,10.2
2025,15,Evan Hull,NOR,CAR,RB,0,0,0,0,0,4,12,0,0,0,0,0,1.2
2025,15,Jack Stoll,NOR,CAR,TE,0,0,0,0,0,0,0,0,1,1,7,0,1.7
2025,15,Juwan Johnson,NOR,CAR,TE,0,0,0,0,0,0,0,0,4,4,30,0,7.0
2025,15,Kevin Austin Jr.,NOR,CAR,WR,0,0,0,0,0,0,0,0,5,3,33,0,6.3
2025,15,Mason Tipton,NOR,CAR,WR,0,0,0,0,0,1,-4,0,2,1,5,0,1.1
2025,15,Taysom Hill,NOR,CAR,TE,0,0,0,0,0,2,2,0,0,0,0,0,0.2
2025,15,Tyler Shough,NOR,CAR,QB,32,24,272,1,0,8,32,0,0,0,0,0,18.08
2025,15,DeMario Douglas,NWE,BUF,WR,0,0,0,0,0,1,5,0,0,0,0,0,0.5
2025,15,Drake Maye,NWE,BUF,QB,23,14,155,0,1,4,43,2,0,0,0,0,20.5
2025,15,Hunter Henry,NWE,BUF,TE,0,0,0,0,0,0,0,0,3,1,18,0,2.8
2025,15,Kayshon Boutte,NWE,BUF,WR,0,0,0,0,0,0,0,0,1,1,30,0,4.0
2025,15,Mack Hollins,NWE,BUF,WR,0,0,0,0,0,0,0,0,8,4,41,0,8.1
2025,15,Rhamondre Stevenson,NWE,BUF,RB,0,0,0,0,0,6,50,0,3,3,27,0,10.7
2025,15,Stefon Diggs,NWE,BUF,WR,0,0,0,0,0,0,0,0,4,3,26,0,5.6
2025,15,TreVeyon Henderson,NWE,BUF,RB,0,0,0,0,0,14,148,2,3,2,13,0,30.1
2025,15,Daniel Bellinger,NYG,WAS,TE,0,0,0,0,0,0,0,0,4,3,35,0,6.5
2025,15,Darius Slayton,NYG,WAS,WR,0,0,0,0,0,0,0,0,10,4,53,0,9.3
2025,15,Devin Singletary,NYG,WAS,RB,0,0,0,0,0,5,13,0,1,1,1,0,2.4
2025,15,Isaiah Hodgins,NYG,WAS,WR,0,0,0,0,0,0,0,0,2,1,4,0,1.4
2025,15,Jalin Hyatt,NYG,WAS,WR,0,0,0,0,0,0,0,0,1,0,0,0,0.0
2025,15,Jaxson Dart,NYG,WAS,QB,36,20,246,2,1,9,63,0,0,0,0,0,22.14
2025,15,Theo Johnson,NYG,WAS,TE,0,0,0,0,0,0,0,0,4,3,72,0,10.2
2025,15,Tyrone Tracy Jr.,NYG,WAS,RB,0,0,0,0,0,15,70,1,4,3,27,1,24.7
2025,15,Wan'Dale Robinson,NYG,WAS,WR,0,0,0,0,0,0,0,0,10,5,54,1,16.4
2025,15,Adonai Mitchell,NYJ,JAX,WR,0,0,0,0,0,1,-4,0,9,6,58,1,17.4
2025,15,Allen Lazard,NYJ,JAX,WR,0,0,0,0,0,0,0,0,2,1,6,0,1.6
2025,15,Andrew Beck,NYJ,JAX,RB,0,0,0,0,0,1,5,0,1,0,0,0,0.5
2025,15,Arian Smith,NYJ,JAX,WR,0,0,0,0,0,0,0,0,2,0,0,0,0.0
2025,15,Brady Cook,NYJ,JAX,QB,33,22,176,1,3,6,39,0,0,0,0,0,8.94
2025,15,Breece Hall,NYJ,JAX,RB,0,0,0,0,0,12,23,0,2,2,14,0,5.7
2025,15,Isaiah Davis,NYJ,JAX,RB,0,0,0,0,0,9,58,1,1,1,7,0,13.5
2025,15,Isaiah Williams,NYJ,JAX,WR,0,0,0,0,0,0,0,0,7,6,53,0,11.3
2025,15,Jeremy Ruckert,NYJ,JAX,TE,0,0,0,0,0,0,0,0,2,2,13,0,3.3
2025,15,John Metchie III,NYJ,JAX,WR,0,0,0,0,0,1,4,0,5,4,25,0,6.9
2025,15,Khalil Herbert,NYJ,JAX,RB,0,0,0,0,0,2,5,0,1,0,0,0,0.5
2025,15,A.J. Brown,PHI,LVR,WR,0,0,0,0,0,0,0,0,2,2,41,1,12.1
2025,15,Dallas Goedert,PHI,LVR,TE,0,0,0,0,0,0,0,0,7,6,70,2,25.0
2025,15,Darius Cooper,PHI,LVR,WR,0,0,0,0,0,0,0,0,2,2,29,0,4.9
2025,15,DeVonta Smith,PHI,LVR,WR,0,0,0,0,0,0,0,0,2,2,50,0,7.0
2025,15,Grant Calcaterra,PHI,LVR,TE,0,0,0,0,0,0,0,0,1,1,4,0,1.4
2025,15,Jalen Hurts,PHI,LVR,QB,15,12,175,3,0,7,39,0,0,0,0,0,22.9
2025,15,Saquon Barkley,PHI,LVR,RB,0,0,0,0,0,22,78,1,3,2,14,0,17.2
2025,15,Tank Bigsby,PHI,LVR,RB,0,0,0,0,0,17,57,0,1,0,0,0,5.7
2025,15,Tanner McKee,PHI,LVR,QB,3,3,33,0,0,1,9,0,0,0,0,0,2.22
2025,15,Aaron Rodgers,PIT,MIA,QB,27,23,224,2,0,0,0,0,0,0,0,0,16.96
2025,15,Adam Thielen,PIT,MIA,WR,0,0,0,0,0,0,0,0,1,1,7,0,1.7
2025,15,Calvin Austin III,PIT,MIA,WR,0,0,0,0,0,0,0,0,1,0,0,0,0.0
2025,15,Connor Heyward,PIT,MIA,RB,0,0,0,0,0,4,4,1,0,0,0,0,6.4
2025,15,DK Metcalf,PIT,MIA,WR,0,0,0,0,0,0,0,0,3,3,55,1,14.5
2025,15,Darnell Washington,PIT,MIA,TE,0,0,0,0,0,0,0,0,4,3,25,0,5.5
2025,15,Jaylen Warren,PIT,MIA,RB,0,0,0,0,0,12,33,0,3,3,15,0,7.8
2025,15,Jonnu Smith,PIT,MIA,TE,0,0,0,0,0,1,14,1,2,2,12,0,10.6
2025,15,Kaleb Johnson,PIT,MIA,RB,0,0,0,0,0,2,4,0,0,0,0,0,0.4
2025,15,Kenny Gainwell,PIT,MIA,RB,0,0,0,0,0,13,80,0,7,7,46,0,19.6
2025,15,Marquez Valdes-Scantling,PIT,MIA,WR,0,0,0,0,0,0,0,0,1,1,19,1,8.9
2025,15,Pat Freiermuth,PIT,MIA,TE,0,0,0,0,0,0,0,0,5,3,45,0,7.5
2025,15,AJ Barner,SEA,IND,TE,0,0,0,0,0,0,0,0,6,3,27,0,5.7
2025,15,Brady Russell,SEA,IND,RB,0,0,0,0,0,0,0,0,1,0,0,0,0.0
2025,15,Cooper Kupp,SEA,IND,WR,0,0,0,0,0,0,0,0,7,5,46,0,9.6
2025,15,Eric Saubert,SEA,IND,TE,0,0,0,0,0,0,0,0,1,1,9,0,1.9
2025,15,Jaxon Smith-Njigba,SEA,IND,WR,0,0,0,0,0,0,0,0,9,7,113,0,18.3
2025,15,Kenneth Walker III,SEA,IND,RB,0,0,0,0,0,9,17,0,1,1,2,0,2.9
2025,15,Rashid Shaheed,SEA,IND,WR,0,0,0,0,0,1,-3,0,7,5,74,0,12.1
2025,15,Sam Darnold,SEA,IND,QB,36,22,271,0,0,4,5,0,0,0,0,0,11.34
2025,15,Zach Charbonnet,SEA,IND,RB,0,0,0,0,0,8,31,0,1,0,0,0,3.1
2025,15,Brian Robinson,SFO,TEN,RB,0,0,0,0,0,9,21,0,0,0,0,0,2.1
2025,15,Brock Purdy,SFO,TEN,QB,30,23,295,3,0,7,44,0,0,0,0,0,26.2
2025,15,Christian McCaffrey,SFO,TEN,RB,0,0,0,0,0,22,73,1,1,1,14,0,15.7
2025,15,Demarcus Robinson,SFO,TEN,WR,0,0,0,0,0,0,0,0,2,2,36,0,5.6
2025,15,George Kittle,SFO,TEN,TE,0,0,0,0,0,0,0,0,9,8,88,1,22.8
2025,15,Jauan Jennings,SFO,TEN,WR,0,0,0,0,0,0,0,0,5,3,37,2,18.7
2025,15,Kendrick Bourne,SFO,TEN,WR,0,0,0,0,0,0,0,0,3,2,17,0,3.7
2025,15,Kyle Juszczyk,SFO,TEN,RB,0,0,0,0,0,0,0,0,1,1,7,0,1.7
2025,15,Ricky Pearsall,SFO,TEN,WR,0,0,0,0,0,0,0,0,7,6,96,0,15.6
2025,15,Baker Mayfield,TAM,ATL,QB,34,19,277,2,1,1,1,0,0,0,0,0,19.18
2025,15,Bucky Irving,TAM,ATL,RB,0,0,0,0,0,16,60,0,3,1,11,0,8.1
2025,15,Chris Godwin Jr.,TAM,ATL,WR,0,0,0,0,0,0,0,0,5,4,20,1,14.0
2025,15,Devin Culp,TAM,ATL,TE,0,0,0,0,0,0,0,0,1,1,6,1,7.6
2025,15,Emeka Egbuka,TAM,ATL,WR,0,0,0,0,0,0,0,0,7,4,64,0,10.4
2025,15,Jalen McMillan,TAM,ATL,WR,0,0,0,0,0,0,0,0,2,2,38,0,5.8
2025,15,Mike Evans,TAM,ATL,WR,0,0,0,0,0,0,0,0,12,6,132,0,19.2
2025,15,Rachaad White,TAM,ATL,RB,0,0,0,0,0,1,20,0,1,1,6,0,3.6
2025,15,Sean Tucker,TAM,ATL,RB,0,0,0,0,0,4,7,1,0,0,0,0,6.7
2025,15,Tez Johnson,TAM,ATL,WR,0,0,0,0,0,0,0,0,1,0,0,0,0.0
2025,15,Cam Ward,TEN,SFO,QB,29,18,170,2,0,1,2,0,0,0,0,0,15.0
2025,15,Chig Okonkwo,TEN,SFO,TE,0,0,0,0,0,0,0,0,6,4,33,0,7.3
2025,15,Chimere Dike,TEN,SFO,WR,0,0,0,0,0,1,-7,0,5,4,17,0,5.0
2025,15,Elic Ayomanor,TEN,SFO,WR,0,0,0,0,0,0,0,0,1,1,17,0,2.7
2025,15,Gunnar Helm,TEN,SFO,TE,0,0,0,0,0,0,0,0,4,4,49,1,14.9
2025,15,James Proche,TEN,SFO,WR,0,0,0,0,0,0,0,0,1,0,0,0,0.0
2025,15,Kalel Mullings,TEN,SFO,RB,0,0,0,0,0,1,3,0,0,0,0,0,0.3
2025,15,Tony Pollard,TEN,SFO,RB,0,0,0,0,0,14,104,1,2,1,8,0,18.2
2025,15,Tyjae Spears,TEN,SFO,RB,0,0,0,0,0,3,34,0,2,2,2,0,5.6
2025,15,Van Jefferson,TEN,SFO,WR,0,0,0,0,0,0,0,0,5,1,43,0,5.3
2025,15,Ben Sinnott,WAS,NYG,TE,0,0,0,0,0,0,0,0,1,1,36,0,4.6
2025,15,Deebo Samuel Sr.,WAS,NYG,WR,0,0,0,0,0,0,0,0,5,3,43,0,7.3
2025,15,Jacory Croskey-Merritt,WAS,NYG,RB,0,0,0,0,0,18,96,1,0,0,0,0,15.6
2025,15,Jaylin Lane,WAS,NYG,WR,0,0,0,0,0,0,0,0,1,0,0,0,6.0
2025,15,Jeremy McNichols,WAS,NYG,RB,0,0,0,0,0,9,6,0,1,1,16,0,1.2
2025,15,John Bates,WAS,NYG,TE,0,0,0,0,0,0,0,0,1,1,19,0,2.9
2025,15,Marcus Mariota,WAS,NYG,QB,19,10,211,1,0,10,43,0,0,0,0,0,14.74
2025,15,Noah Brown,WAS,NYG,WR,0,0,0,0,0,0,0,0,1,1,28,0,3.8
2025,15,Terry McLaurin,WAS,NYG,WR,0,0,0,0,0,0,0,0,4,3,69,1,15.9
2025,15,Treylon Burks,WAS,NYG,WR,0,0,0,0,0,0,0,0,2,0,0,0,0.0
2025,16,Corey Kiner,ARI,ATL,RB,0,0,0,0,0,6,32,0,0,0,0,0,3.2
2025,16,Elijah Higgins,ARI,ATL,TE,0,0,0,0,0,0,0,0,8,7,91,0,16.1
2025,16,Emari Demercado,ARI,ATL,RB,0,0,0,0,0,5,30,0,1,0,0,0,3.0
2025,16,Jacoby Brissett,ARI,ATL,QB,31,16,203,1,1,1,5,0,0,0,0,0,10.62
2025,16,Josiah Deguara,ARI,ATL,TE,0,0,0,0,0,0,0,0,1,0,0,0,0.0
2025,16,Marvin Harrison Jr.,ARI,ATL,WR,0,0,0,0,0,0,0,0,3,1,14,0,2.4
2025,16,Michael Carter,ARI,ATL,RB,0,0,0,0,0,11,65,0,2,0,0,0,6.5
2025,16,Michael Wilson,ARI,ATL,WR,0,0,0,0,0,0,0,0,3,2,52,1,13.2
2025,16,Steven Sims,ARI,ATL,WR,0,0,0,0,0,0,0,0,1,0,0,0,0.0
2025,16,Trey McBride,ARI,ATL,TE,0,0,0,0,0,0,0,0,8,4,27,0,6.7
2025,16,Xavier Weaver,ARI,ATL,WR,0,0,0,0,0,0,0,0,2,2,19,0,3.9
2025,16,Bijan Robinson,ATL,ARI,RB,0,0,0,0,0,16,76,0,11,7,92,1,29.8
2025,16,Charlie Woerner,ATL,ARI,TE,0,0,0,0,0,0,0,0,1,1,3,0,1.3
2025,16,Darnell Mooney,ATL,ARI,WR,0,0,0,0,0,0,0,0,2,2,24,0,4.4
2025,16,David Sills,ATL,ARI,WR,0,0,0,0,0,0,0,0,1,0,0,0,0.0
2025,16,Drake London,ATL,ARI,WR,0,0,0,0,0,0,0,0,8,3,27,0,5.7
2025,16,Kirk Cousins,ATL,ARI,QB,35,21,197,2,1,5,-3,1,0,0,0,0,17.58
2025,16,Kyle Pitts,ATL,ARI,TE,0,0,0,0,0,0,0,0,9,7,57,1,18.7
2025,16,Tyler Allgeier,ATL,ARI,RB,0,0,0,0,0,16,79,0,1,1,-6,0,8.3
2025,16,Charlie Kolar,BAL,NWE,TE,0,0,0,0,0,0,0,0,1,1,18,0,2.8
2025,16,DeAndre Hopkins,BAL,NWE,WR,0,0,0,0,0,0,0,0,5,4,41,0,8.1
2025,16,Derrick Henry,BAL,NWE,RB,0,0,0,0,0,18,128,2,0,0,0,0,22.8
2025,16,Keaton Mitchell,BAL,NWE,RB,0,0,0,0,0,9,13,0,0,0,0,0,1.3
2025,16,Lamar Jackson,BAL,NWE,QB,10,7,101,0,0,2,7,0,0,0,0,0,4.74
2025,16,Mark Andrews,BAL,NWE,TE,0,0,0,0,0,1,3,0,3,2,21,0,4.4
2025,16,Rasheen Ali,BAL,NWE,RB,0,0,0,0,0,0,0,0,2,2,2,0,2.2
2025,16,Rashod Bateman,BAL,NWE,WR,0,0,0,0,0,0,0,0,2,0,0,0,0.0
2025,16,Tyler Huntley,BAL,NWE,QB,10,9,65,0,0,2,2,0,0,0,0,0,2.8
2025,16,Zay Flowers,BAL,NWE,WR,0,0,0,0,0,1,18,1,7,7,84,0,21.2
2025,16,Brandin Cooks,BUF,CLE,WR,0,0,0,0,0,0,0,0,1,0,0,0,0.0
2025,16,Dalton Kincaid,BUF,CLE,TE,0,0,0,0,0,0,0,0,1,0,0,0,0.0
2025,16,Dawson Knox,BUF,CLE,TE,0,0,0,0,0,0,0,0,2,1,10,0,2.0
2025,16,Jackson Hawes,BUF,CLE,TE,0,0,0,0,0,0,0,0,2,2,26,0,4.6
2025,16,James Cook,BUF,CLE,RB,0,0,0,0,0,16,117,2,2,1,17,0,26.4
2025,16,Josh Allen,BUF,CLE,QB,19,12,130,0,0,7,17,0,0,0,0,0,6.9
2025,16,Josh Palmer,BUF,CLE,WR,0,0,0,0,0,0,0,0,1,1,2,0,1.2
2025,16,Khalil Shakir,BUF,CLE,WR,0,0,0,0,0,0,0,0,5,4,34,0,7.4
2025,16,Ray Davis,BUF,CLE,RB,0,0,0,0,0,3,14,0,2,2,20,0,5.4
2025,16,Ty Johnson,BUF,CLE,RB,0,0,0,0,0,3,16,1,0,0,0,0,7.6
2025,16,Tyrell Shavers,BUF,CLE,WR,0,0,0,0,0,0,0,0,2,1,21,0,3.1
2025,16,Bryce Young,CAR,TAM,QB,32,21,191,2,0,4,20,0,0,0,0,0,17.64
2025,16,Chuba Hubbard,CAR,TAM,RB,0,0,0,0,0,6,27,0,1,1,7,0,4.4
2025,16,Ja'Tavion Sanders,CAR,TAM,TE,0,0,0,0,0,0,0,0,2,2,9,1,8.9
2025,16,Jalen Coker,CAR,TAM,WR,0,0,0,0,0,0,0,0,5,3,47,0,7.7
2025,16,Jimmy Horn Jr.,CAR,TAM,WR,0,0,0,0,0,1,25,0,0,0,0,0,2.5
2025,16,Mitchell Evans,CAR,TAM,TE,0,0,0,0,0,0,0,0,3,3,23,0,5.3
2025,16,Rico Dowdle,CAR,TAM,RB,0,0,0,0,0,9,29,0,6,4,14,0,8.3
2025,16,Tetairoa McMillan,CAR,TAM,WR,0,0,0,0,0,0,0,0,10,6,73,1,19.3
2025,16,Tommy Tremble,CAR,TAM,TE,0,0,0,0,0,0,0,0,1,1,6,0,1.6
2025,16,Xavier Legette,CAR,TAM,WR,0,0,0,0,0,0,0,0,3,1,12,0,2.2
2025,16,Caleb Williams,CHI,GNB,QB,34,19,250,2,0,3,30,0,0,0,0,0,21.0
2025,16,Cole Kmet,CHI,GNB,TE,0,0,0,0,0,0,0,0,3,2,14,0,3.4
2025,16,Colston Loveland,CHI,GNB,TE,0,0,0,0,0,0,0,0,5,3,30,0,6.0
2025,16,D'Andre Swift,CHI,GNB,RB,0,0,0,0,0,13,58,0,2,2,12,0,9.0
2025,16,DJ Moore,CHI,GNB,WR,0,0,0,0,0,1,12,0,7,5,97,1,21.9
2025,16,Jahdae Walker,CHI,GNB,WR,0,0,0,0,0,0,0,0,3,2,21,1,10.1
2025,16,Kyle Monangai,CHI,GNB,RB,0,0,0,0,0,9,50,0,4,3,43,0,12.3
2025,16,Olamide Zaccheaus,CHI,GNB,WR,0,0,0,0,0,0,0,0,5,2,33,0,5.3
2025,16,Andrei Iosivas,CIN,MIA,WR,0,0,0,0,0,0,0,0,1,1,21,0,3.1
2025,16,Cam Grandy,CIN,MIA,TE,0,0,0,0,0,0,0,0,1,1,1,0,1.1
2025,16,Chase Brown,CIN,MIA,RB,0,0,0,0,0,12,66,1,4,4,43,2,32.9
2025,16,Drew Sample,CIN,MIA,TE,0,0,0,0,0,0,0,0,2,2,31,0,5.1
2025,16,Ja'Marr Chase,CIN,MIA,WR,0,0,0,0,0,0,0,0,11,9,109,0,19.9
2025,16,Joe Burrow,CIN,MIA,QB,32,25,309,4,0,2,6,0,0,0,0,0,28.96
2025,16,Ke'Shawn Williams,CIN,MIA,WR,0,0,0,0,0,1,1,0,0,0,0,0,0.1
2025,16,Mike Gesicki,CIN,MIA,TE,0,0,0,0,0,0,0,0,4,3,35,1,12.5
2025,16,Mitchell Tinsley,CIN,MIA,WR,0,0,0,0,0,0,0,0,1,0,0,0,0.0
2025,16,Samaje Perine,CIN,MIA,RB,0,0,0,0,0,7,25,1,3,2,16,0,12.1
2025,16,Tahj Brooks,CIN,MIA,RB,0,0,0,0,0,4,7,0,0,0,0,0,0.7
2025,16,Tanner Hudson,CIN,MIA,TE,0,0,0,0,0,0,0,0,1,1,4,0,1.4
2025,16,Tee Higgins,CIN,MIA,WR,0,0,0,0,0,0,0,0,3,3,53,1,14.3
2025,16,Brenden Bates,CLE,BUF,TE,0,0,0,0,0,0,0,0,1,0,0,0,0.0
2025,16,Cedric Tillman,CLE,BUF,WR,0,0,0,0,0,0,0,0,1,1,8,0,1.8
2025,16,Harold Fannin Jr.,CLE,BUF,TE,0,0,0,0,0,1,1,1,6,4,34,1,19.5
2025,16,Isaiah Bond,CLE,BUF,WR,0,0,0,0,0,1,-1,0,0,0,21,0,2.0
2025,16,Jerry Jeudy,CLE,BUF,WR,0,0,0,0,0,0,0,0,4,3,12,0,4.2
2025,16,Malachi Corley,CLE,BUF,WR,0,0,0,0,0,3,30,0,4,2,11,0,6.1
2025,16,Quinshon Judkins,CLE,BUF,RB,0,0,0,0,0,8,22,0,6,5,29,0,10.1
2025,16,Raheim Sanders,CLE,BUF,RB,0,0,0,0,0,11,42,0,1,1,4,0,5.6
2025,16,Shedeur Sanders,CLE,BUF,QB,29,20,157,1,2,4,49,0,0,0,0,0,11.18
2025,16,Trayveon Williams,CLE,BUF,RB,0,0,0,0,0,3,17,0,4,4,38,0,9.5
2025,16,CeeDee Lamb,DAL,LAC,WR,0,0,0,0,0,0,0,0,7,6,51,0,11.1
2025,16,Dak Prescott,DAL,LAC,QB,30,21,244,2,0,2,14,0,0,0,0,0,19.16
2025,16,George Pickens,DAL,LAC,WR,0,0,0,0,0,0,0,0,9,7,130,1,26.0
2025,16,Hunter Luepke,DAL,LAC,RB,0,0,0,0,0,1,0,0,2,1,14,0,2.4
2025,16,Jake Ferguson,DAL,LAC,TE,0,0,0,0,0,0,0,0,4,3,19,0,4.9
2025,16,Javonte Williams,DAL,LAC,RB,0,0,0,0,0,9,34,0,3,2,9,0,6.3
2025,16,Joe Milton III,DAL,LAC,QB,2,2,11,0,0,1,7,0,0,0,0,0,-0.86
2025,16,Jonathan Mingo,DAL,LAC,WR,0,0,0,0,0,0,0,0,1,0,0,0,0.0
2025,16,KaVontae Turpin,DAL,LAC,WR,0,0,0,0,0,2,13,0,4,2,14,0,4.7
2025,16,Malik Davis,DAL,LAC,RB,0,0,0,0,0,8,23,0,0,0,0,0,2.3
2025,16,Ryan Flournoy,DAL,LAC,WR,0,0,0,0,0,0,0,0,2,2,18,1,9.8
2025,16,Adam Trautman,DEN,JAX,TE,0,0,0,0,0,0,0,0,3,2,14,0,3.4
2025,16,Bo Nix,DEN,JAX,QB,47,28,352,1,1,4,11,0,0,0,0,0,15.18
2025,16,Courtland Sutton,DEN,JAX,WR,0,0,0,0,0,0,0,0,12,6,86,1,20.6
2025,16,Evan Engram,DEN,JAX,TE,0,0,0,0,0,0,0,0,4,2,36,0,5.6
2025,16,Jaleel McLaughlin,DEN,JAX,RB,0,0,0,0,0,5,37,0,0,0,0,0,3.7
2025,16,Lil'Jordan Humphrey,DEN,JAX,WR,0,0,0,0,0,0,0,0,2,1,9,0,1.9
2025,16,Marvin Mims Jr.,DEN,JAX,WR,0,0,0,0,0,1,3,0,3,3,26,0,5.9
2025,16,Nate Adkins,DEN,JAX,TE,0,0,0,0,0,0,0,0,1,0,0,0,0.0
2025,16,Pat Bryant,DEN,JAX,WR,0,0,0,0,0,0,0,0,8,5,42,0,9.2
2025,16,RJ Harvey,DEN,JAX,RB,0,0,0,0,0,7,50,1,5,4,71,0,22.1
2025,16,Troy Franklin,DEN,JAX,WR,0,0,0,0,0,0,0,0,5,4,66,0,10.6
2025,16,Tyler Badie,DEN,JAX,RB,0,0,0,0,0,0,0,0,3,1,2,0,1.2
2025,16,Amon-Ra St. Brown,DET,PIT,WR,0,0,0,0,0,0,0,0,9,4,54,0,9.4
2025,16,Anthony Firkser,DET,PIT,TE,0,0,0,0,0,0,0,0,4,4,40,0,8.0
2025,16,David Montgomery,DET,PIT,RB,0,0,0,0,0,4,14,0,0,0,0,0,1.4
2025,16,Isaac TeSlaa,DET,PIT,WR,0,0,0,0,0,0,0,0,7,4,52,1,15.2
2025,16,Jahmyr Gibbs,DET,PIT,RB,0,0,0,0,0,7,2,0,13,10,66,1,22.8
2025,16,Jameson Williams,DET,PIT,WR,0,0,0,0,0,0,0,0,9,5,70,0,12.0
2025,16,Jared Goff,DET,PIT,QB,54,34,364,3,0,1,-1,0,0,0,0,0,26.46
2025,16,Kalif Raymond,DET,PIT,WR,0,0,0,0,0,0,0,0,5,4,62,1,16.2
2025,16,Shane Zylstra,DET,PIT,TE,0,0,0,0,0,0,0,0,5,3,20,0,5.0
2025,16,Chris Brooks,GNB,CHI,RB,0,0,0,0,0,1,4,0,0,0,0,0,0.4
2025,16,Christian Watson,GNB,CHI,WR,0,0,0,0,0,0,0,0,6,2,17,0,3.7
2025,16,Dontayvion Wicks,GNB,CHI,WR,0,0,0,0,0,0,0,0,2,2,12,0,3.2
2025,16,Emanuel Wilson,GNB,CHI,RB,0,0,0,0,0,14,82,0,0,0,0,0,8.2
2025,16,Jayden Reed,GNB,CHI,WR,0,0,0,0,0,1,6,0,3,3,35,0,7.1
2025,16,John FitzPatrick,GNB,CHI,TE,0,0,0,0,0,0,0,0,1,0,0,0,0.0
2025,16,Jordan Love,GNB,CHI,QB,13,8,77,0,0,2,7,0,0,0,0,0,3.78
2025,16,Josh Jacobs,GNB,CHI,RB,0,0,0,0,0,12,36,0,2,2,12,0,4.8
2025,16,Luke Musgrave,GNB,CHI,TE,0,0,0,0,0,0,0,0,3,3,38,0,6.8
2025,16,Malik Willis,GNB,CHI,QB,11,9,121,1,0,10,44,0,0,0,0,0,13.24
2025,16,Matthew Golden,GNB,CHI,WR,0,0,0,0,0,2,4,0,1,0,0,0,0.4
2025,16,Romeo Doubs,GNB,CHI,WR,0,0,0,0,0,0,0,0,6,5,84,1,19.4
2025,16,Savion Williams,GNB,CHI,WR,0,0,0,0,0,2,9,0,0,0,0,0,0.9
2025,16,C.J. Stroud,HOU,LVR,QB,35,23,187,1,0,4,0,0,0,0,0,0,11.48
2025,16,Cade Stover,HOU,LVR,TE,0,0,0,0,0,0,0,0,3,2,7,0,2.7
2025,16,Christian Kirk,HOU,LVR,WR,0,0,0,0,0,0,0,0,5,3,37,0,6.7
2025,16,Dalton Schultz,HOU,LVR,TE,0,0,0,0,0,0,0,0,5,5,35,1,14.5
2025,16,Dare Ogunbowale,HOU,LVR,RB,0,0,0,0,0,1,-3,0,1,1,2,0,0.9
2025,16,Jawhar Jordan,HOU,LVR,RB,0,0,0,0,0,15,53,0,5,5,17,0,12.0
2025,16,Jayden Higgins,HOU,LVR,WR,0,0,0,0,0,0,0,0,3,1,17,0,2.7
2025,16,Nick Chubb,HOU,LVR,RB,0,0,0,0,0,6,33,0,1,1,9,0,5.2
2025,16,Nico Collins,HOU,LVR,WR,0,0,0,0,0,0,0,0,9,4,59,0,9.9
2025,16,Xavier Hutchinson,HOU,LVR,WR,0,0,0,0,0,0,0,0,2,1,4,0,1.4
2025,16,Alec Pierce,IND,SFO,WR,0,0,0,0,0,0,0,0,4,4,86,2,24.6
2025,16,Ameer Abdullah,IND,SFO,RB,0,0,0,0,0,0,0,0,1,1,4,0,1.4
2025,16,Andrew Ogletree,IND,SFO,TE,0,0,0,0,0,0,0,0,2,1,11,0,2.1
2025,16,Coleman Owen,IND,SFO,WR,0,0,0,0,0,0,0,0,1,0,0,0,0.0
2025,16,Jonathan Taylor,IND,SFO,RB,0,0,0,0,0,16,46,1,3,3,33,0,16.9
2025,16,Josh Downs,IND,SFO,WR,0,0,0,0,0,1,3,0,9,5,65,0,11.8
2025,16,Michael Pittman,IND,SFO,WR,0,0,0,0,0,0,0,0,5,4,32,0,7.2
2025,16,Mo Alie-Cox,IND,SFO,TE,0,0,0,0,0,0,0,0,2,2,16,0,3.6
2025,16,Philip Rivers,IND,SFO,QB,35,23,277,2,1,0,0,0,0,0,0,0,17.08
2025,16,Tyler Goodson,IND,SFO,RB,0,0,0,0,0,3,9,0,0,0,0,0,0.9
2025,16,Tyler Warren,IND,SFO,TE,0,0,0,0,0,0,0,0,9,3,30,0,6.0
2025,16,Brenton Strange,JAX,DEN,TE,0,0,0,0,0,0,0,0,7,5,39,1,14.9
2025,16,Brian Thomas Jr.,JAX,DEN,WR,0,0,0,0,0,0,0,0,3,2,18,0,3.8
2025,16,Jakobi Meyers,JAX,DEN,WR,0,0,0,0,0,1,1,0,8,4,45,0,8.6
2025,16,LeQuint Allen Jr.,JAX,DEN,RB,0,0,0,0,0,4,10,0,0,0,0,0,1.0
2025,16,Parker Washington,JAX,DEN,WR,0,0,0,0,0,0,0,0,10,6,145,1,26.5
2025,16,Quintin Morris,JAX,DEN,TE,0,0,0,0,0,0,0,0,1,1,5,0,1.5
2025,16,Tim Patrick,JAX,DEN,WR,0,0,0,0,0,0,0,0,1,1,11,0,2.1
2025,16,Travis Etienne,JAX,DEN,RB,0,0,0,0,0,16,50,0,5,4,16,1,16.6
2025,16,Trevor Lawrence,JAX,DEN,QB,36,23,279,3,0,6,20,1,0,0,0,0,31.16
2025,16,Brashard Smith,KAN,TEN,RB,0,0,0,0,0,0,0,0,1,1,4,0,1.4
2025,16,Chris Oladokun,KAN,TEN,QB,16,11,111,0,0,2,7,0,0,0,0,0,5.14
2025,16,Gardner Minshew,KAN,TEN,QB,8,3,15,0,0,1,8,0,0,0,0,0,1.4
2025,16,Isiah Pacheco,KAN,TEN,RB,0,0,0,0,0,8,34,0,7,6,41,0,13.5
2025,16,JuJu Smith-Schuster,KAN,TEN,WR,0,0,0,0,0,0,0,0,4,1,12,0,2.2
2025,16,Kareem Hunt,KAN,TEN,RB,0,0,0,0,0,3,2,0,0,0,0,0,0.2
2025,16,Marquise Brown,KAN,TEN,WR,0,0,0,0,0,0,0,0,3,3,22,0,5.2
2025,16,Travis Kelce,KAN,TEN,TE,0,0,0,0,0,0,0,0,4,1,6,0,1.6
2025,16,Xavier Worthy,KAN,TEN,WR,0,0,0,0,0,1,0,0,3,2,41,0,6.1
2025,16,Hassan Haskins,LAC,DAL,RB,0,0,0,0,0,4,14,0,0,0,0,0,1.4
2025,16,Justin Herbert,LAC,DAL,QB,29,23,300,2,0,8,42,1,0,0,0,0,30.2
2025,16,KeAndre Lambert-Smith,LAC,DAL,WR,0,0,0,0,0,0,0,0,1,1,10,0,2.0
2025,16,Keenan Allen,LAC,DAL,WR,0,0,0,0,0,0,0,0,5,5,44,0,9.4
2025,16,Kimani Vidal,LAC,DAL,RB,0,0,0,0,0,5,11,0,0,0,0,0,1.1
2025,16,Ladd McConkey,LAC,DAL,WR,0,0,0,0,0,0,0,0,6,4,43,1,14.3
2025,16,Omarion Hampton,LAC,DAL,RB,0,0,0,0,0,16,85,1,2,1,10,0,16.5
2025,16,Oronde Gadsden II,LAC,DAL,TE,0,0,0,0,0,0,0,0,1,1,7,0,1.7
2025,16,Quentin Johnston,LAC,DAL,WR,0,0,0,0,0,0,0,0,5,4,104,1,20.4
2025,16,Tre Harris,LAC,DAL,WR,0,0,0,0,0,0,0,0,5,4,54,0,9.4
2025,16,Will Dissly,LAC,DAL,TE,0,0,0,0,0,0,0,0,3,3,28,0,5.8
2025,16,Blake Corum,LAR,SEA,RB,0,0,0,0,0,14,48,1,2,1,13,0,13.1
2025,16,Colby Parkinson,LAR,SEA,TE,0,0,0,0,0,0,0,0,4,2,21,0,4.1
2025,16,Davis Allen,LAR,SEA,TE,0,0,0,0,0,0,0,0,5,2,34,0,5.4
2025,16,Jordan Whittington,LAR,SEA,WR,0,0,0,0,0,0,0,0,1,1,19,0,2.9
2025,16,Konata Mumpfield,LAR,SEA,WR,0,0,0,0,0,0,0,0,8,3,40,0,7.0
2025,16,Kyren Williams,LAR,SEA,RB,0,0,0,0,0,23,70,0,6,3,15,0,11.5
2025,16,Matthew Stafford,LAR,SEA,QB,49,29,457,3,0,2,6,0,0,0,0,0,30.88
2025,16,Puka Nacua,LAR,SEA,WR,0,0,0,0,0,0,0,0,16,12,225,2,46.5
2025,16,Terrance Ferguson,LAR,SEA,TE,0,0,0,0,0,0,0,0,4,3,33,1,12.3
2025,16,Xavier Smith,LAR,SEA,WR,0,0,0,0,0,0,0,0,2,2,57,0,7.7
2025,16,Alex Bachman,LVR,HOU,WR,0,0,0,0,0,0,0,0,1,1,3,0,1.3
2025,16,Ashton Jeanty,LVR,HOU,RB,0,0,0,0,0,24,128,1,2,1,60,1,31.8
2025,16,Brock Bowers,LVR,HOU,TE,0,0,0,0,0,0,0,0,5,5,33,1,14.3
2025,16,Geno Smith,LVR,HOU,QB,23,16,201,2,1,0,0,0,0,0,0,0,14.04
2025,16,Jack Bech,LVR,HOU,WR,0,0,0,0,0,0,0,0,3,2,43,0,6.3
2025,16,Michael Mayer,LVR,HOU,TE,0,0,0,0,0,0,0,0,3,1,10,0,2.0
2025,16,Raheem Mostert,LVR,HOU,RB,0,0,0,0,0,1,6,0,1,1,3,0,1.9
2025,16,Tre Tucker,LVR,HOU,WR,0,0,0,0,0,2,11,0,5,4,43,0,9.4
2025,16,Tyler Lockett,LVR,HOU,WR,0,0,0,0,0,0,0,0,2,1,6,0,1.6
2025,16,Alec Ingold,MIA,CIN,RB,0,0,0,0,0,0,0,0,1,1,9,0,1.9
2025,16,Cedrick Wilson Jr.,MIA,CIN,WR,0,0,0,0,0,0,0,0,1,1,11,0,2.1
2025,16,Darren Waller,MIA,CIN,TE,0,0,0,0,0,0,0,0,5,3,40,0,7.0
2025,16,De'Von Achane,MIA,CIN,RB,0,0,0,0,0,15,81,1,3,3,9,0,18.0
2025,16,Greg Dulcich,MIA,CIN,TE,0,0,0,0,0,0,0,0,3,3,46,0,5.6
2025,16,Jaylen Waddle,MIA,CIN,WR,0,0,0,0,0,0,0,0,9,5,72,0,12.2
2025,16,Jaylen Wright,MIA,CIN,RB,0,0,0,0,0,9,35,1,2,1,18,0,12.3
2025,16,Malik Washington,MIA,CIN,WR,0,0,0,0,0,1,9,1,1,1,23,0,10.2
2025,16,Ollie Gordon II,MIA,CIN,RB,0,0,0,0,0,1,-1,0,0,0,0,0,-0.1
2025,16,Quinn Ewers,MIA,CIN,QB,30,20,260,0,2,2,5,0,0,0,0,0,6.9
2025,16,Theo Wease Jr.,MIA,CIN,WR,0,0,0,0,0,0,0,0,4,2,32,0,5.2
2025,16,Aaron Jones,MIN,NYG,RB,0,0,0,0,0,21,85,0,3,2,8,0,11.3
2025,16,C.J. Ham,MIN,NYG,RB,0,0,0,0,0,1,3,0,0,0,0,0,0.3
2025,16,J.J. McCarthy,MIN,NYG,QB,14,9,108,0,1,2,20,1,0,0,0,0,8.32
2025,16,Jalen Nailor,MIN,NYG,WR,0,0,0,0,0,0,0,0,2,0,0,0,0.0
2025,16,Jordan Addison,MIN,NYG,WR,0,0,0,0,0,0,0,0,3,2,26,0,4.6
2025,16,Jordan Mason,MIN,NYG,RB,0,0,0,0,0,2,5,0,1,1,6,0,2.1
2025,16,Josh Oliver,MIN,NYG,TE,0,0,0,0,0,0,0,0,3,2,19,0,3.9
2025,16,Justin Jefferson,MIN,NYG,WR,0,0,0,0,0,0,0,0,8,6,85,0,14.5
2025,16,Max Brosmer,MIN,NYG,QB,9,7,52,0,0,3,-3,0,0,0,0,0,1.78
2025,16,T.J. Hockenson,MIN,NYG,TE,0,0,0,0,0,0,0,0,1,1,2,0,1.2
2025,16,Tai Felton,MIN,NYG,WR,0,0,0,0,0,0,0,0,1,1,6,0,1.6
2025,16,Zavier Scott,MIN,NYG,RB,0,0,0,0,0,2,4,0,1,1,8,0,2.2
2025,16,Audric Estimé,NOR,NYJ,RB,0,0,0,0,0,5,19,0,4,3,17,0,6.6
2025,16,Chris Olave,NOR,NYJ,WR,0,0,0,0,0,0,0,0,16,10,148,2,36.8
2025,16,Dante Pettis,NOR,NYJ,WR,0,0,0,0,0,0,0,0,1,0,0,0,0.0
2025,16,Evan Hull,NOR,NYJ,RB,0,0,0,0,0,5,3,0,0,0,0,0,0.3
2025,16,Foster Moreau,NOR,NYJ,TE,0,0,0,0,0,0,0,0,1,1,5,0,1.5
2025,16,Jack Stoll,NOR,NYJ,TE,0,0,0,0,0,0,0,0,2,1,4,0,1.4
2025,16,Juwan Johnson,NOR,NYJ,TE,0,0,0,0,0,0,0,0,9,8,89,0,16.9
2025,16,Kevin Austin Jr.,NOR,NYJ,WR,0,0,0,0,0,0,0,0,3,2,18,0,3.8
2025,16,Mason Tipton,NOR,NYJ,WR,0,0,0,0,0,1,12,0,5,4,29,0,8.1
2025,16,Taysom Hill,NOR,NYJ,TE,1,1,38,1,0,12,42,0,6,4,36,0,15.32
2025,16,Tyler Shough,NOR,NYJ,QB,49,32,308,1,0,2,8,0,0,0,0,0,17.12
2025,16,Austin Hooper,NWE,BAL,TE,0,0,0,0,0,0,0,0,4,2,34,0,5.4
2025,16,DeMario Douglas,NWE,BAL,WR,0,0,0,0,0,0,0,0,2,1,6,0,1.6
2025,16,Drake Maye,NWE,BAL,QB,44,31,380,2,1,10,25,0,0,0,0,0,23.7
2025,16,Hunter Henry,NWE,BAL,TE,0,0,0,0,0,0,0,0,7,6,35,1,15.5
2025,16,Kayshon Boutte,NWE,BAL,WR,0,0,0,0,0,0,0,0,3,1,16,0,2.6
2025,16,Kyle Williams,NWE,BAL,WR,0,0,0,0,0,0,0,0,3,2,46,1,12.6
2025,16,Mack Hollins,NWE,BAL,WR,0,0,0,0,0,0,0,0,9,7,69,0,13.9
2025,16,Rhamondre Stevenson,NWE,BAL,RB,0,0,0,0,0,8,51,1,3,2,27,0,17.8
2025,16,Stefon Diggs,NWE,BAL,WR,0,0,0,0,0,0,0,0,10,9,138,0,22.8
2025,16,TreVeyon Henderson,NWE,BAL,RB,0,0,0,0,0,5,3,0,1,1,9,0,2.2
2025,16,Darius Slayton,NYG,MIN,WR,0,0,0,0,0,0,0,0,2,1,8,0,1.8
2025,16,Devin Singletary,NYG,MIN,RB,0,0,0,0,0,11,47,0,1,1,-1,0,5.6
2025,16,Jaxson Dart,NYG,MIN,QB,13,7,33,0,1,2,7,0,0,0,0,0,0.02
2025,16,Theo Johnson,NYG,MIN,TE,0,0,0,0,0,0,0,0,2,0,0,0,0.0
2025,16,Tyrone Tracy Jr.,NYG,MIN,RB,0,0,0,0,0,16,71,0,2,2,7,0,9.8
2025,16,Wan'Dale Robinson,NYG,MIN,WR,0,0,0,0,0,1,3,0,6,3,19,0,5.2
2025,16,Adonai Mitchell,NYJ,NOR,WR,0,0,0,0,0,0,0,0,6,3,43,0,7.3
2025,16,Arian Smith,NYJ,NOR,WR,0,0,0,0,0,0,0,0,1,0,0,0,0.0
2025,16,Brady Cook,NYJ,NOR,QB,35,22,188,0,1,1,2,0,0,0,0,0,3.72
2025,16,Breece Hall,NYJ,NOR,RB,0,0,0,0,0,16,54,0,3,2,9,0,8.3
2025,16,Isaiah Davis,NYJ,NOR,RB,0,0,0,0,0,3,8,0,4,4,52,0,10.0
2025,16,Isaiah Williams,NYJ,NOR,WR,0,0,0,0,0,0,0,0,4,4,25,0,6.5
2025,16,Jelani Woods,NYJ,NOR,TE,0,0,0,0,0,0,0,0,2,0,0,0,0.0
2025,16,Jeremy Ruckert,NYJ,NOR,TE,0,0,0,0,0,0,0,0,3,2,14,0,3.4
2025,16,John Metchie III,NYJ,NOR,WR,0,0,0,0,0,0,0,0,5,1,4,0,1.4
2025,16,Stone Smartt,NYJ,NOR,TE,0,0,0,0,0,0,0,0,5,5,34,0,8.4
2025,16,Tyler Johnson,NYJ,NOR,WR,0,0,0,0,0,0,0,0,1,1,7,0,1.7
2025,16,A.J. Brown,PHI,WAS,WR,0,0,0,0,0,0,0,0,12,9,95,0,18.5
2025,16,Dallas Goedert,PHI,WAS,TE,0,0,0,0,0,0,0,0,3,3,32,1,12.2
2025,16,DeVonta Smith,PHI,WAS,WR,0,0,0,0,0,0,0,0,8,6,42,1,16.2
2025,16,Jahan Dotson,PHI,WAS,WR,0,0,0,0,0,0,0,0,3,3,13,0,4.3
2025,16,Jalen Hurts,PHI,WAS,QB,30,22,185,2,0,7,40,0,0,0,0,0,19.4
2025,16,Saquon Barkley,PHI,WAS,RB,0,0,0,0,0,21,132,1,2,0,0,0,21.2
2025,16,Tank Bigsby,PHI,WAS,RB,0,0,0,0,0,4,37,1,0,0,0,0,9.7
2025,16,Tanner McKee,PHI,WAS,QB,0,0,0,0,0,2,-2,0,0,0,0,0,-0.2
2025,16,Will Shipley,PHI,WAS,RB,0,0,0,0,0,0,0,0,1,1,3,0,1.3
2025,16,Aaron Rodgers,PIT,DET,QB,41,27,266,1,0,2,9,0,0,0,0,0,15.54
2025,16,Adam Thielen,PIT,DET,WR,0,0,0,0,0,0,0,0,4,4,49,0,8.9
2025,16,Calvin Austin III,PIT,DET,WR,0,0,0,0,0,0,0,0,1,1,8,0,1.8
2025,16,DK Metcalf,PIT,DET,WR,0,0,0,0,0,0,0,0,9,4,42,0,8.2
2025,16,Darnell Washington,PIT,DET,TE,0,0,0,0,0,0,0,0,4,3,36,0,4.6
2025,16,Jaylen Warren,PIT,DET,RB,0,0,0,0,0,14,143,2,2,2,8,0,29.1
2025,16,Jonnu Smith,PIT,DET,TE,0,0,0,0,0,2,28,0,1,0,0,0,2.8
2025,16,Kenny Gainwell,PIT,DET,RB,0,0,0,0,0,9,50,0,7,5,78,1,23.8
2025,16,Marquez Valdes-Scantling,PIT,DET,WR,0,0,0,0,0,0,0,0,3,1,6,0,1.6
2025,16,Pat Freiermuth,PIT,DET,TE,0,0,0,0,0,0,0,0,4,4,20,0,6.0
2025,16,Scott Miller,PIT,DET,WR,0,0,0,0,0,0,0,0,3,3,19,0,4.9
2025,16,AJ Barner,SEA,LAR,TE,0,0,0,0,0,1,1,0,6,4,49,1,15.0
2025,16,Cooper Kupp,SEA,LAR,WR,0,0,0,0,0,0,0,0,4,3,39,0,6.9
2025,16,Jaxon Smith-Njigba,SEA,LAR,WR,0,0,0,0,0,0,0,0,13,8,96,1,23.6
2025,16,Kenneth Walker III,SEA,LAR,RB,0,0,0,0,0,11,100,1,3,3,64,0,25.4
2025,16,Rashid Shaheed,SEA,LAR,WR,0,0,0,0,0,1,31,0,1,0,0,0,9.1
2025,16,Sam Darnold,SEA,LAR,QB,34,22,270,2,2,3,7,0,0,0,0,0,19.5
2025,16,Zach Charbonnet,SEA,LAR,RB,0,0,0,0,0,9,32,1,4,4,22,0,17.4
2025,16,Brian Robinson,SFO,IND,RB,0,0,0,0,0,5,20,0,1,0,0,0,2.0
2025,16,Brock Purdy,SFO,IND,QB,34,25,295,5,1,2,11,0,0,0,0,0,30.9
2025,16,Christian McCaffrey,SFO,IND,RB,0,0,0,0,0,21,117,0,8,6,29,2,32.6
2025,16,Demarcus Robinson,SFO,IND,WR,0,0,0,0,0,0,0,0,2,2,23,1,10.3
2025,16,George Kittle,SFO,IND,TE,0,0,0,0,0,0,0,0,8,7,115,1,24.5
2025,16,Jake Tonges,SFO,IND,TE,0,0,0,0,0,0,0,0,2,1,7,0,1.7
2025,16,Jauan Jennings,SFO,IND,WR,0,0,0,0,0,0,0,0,6,5,71,1,18.1
2025,16,Kendrick Bourne,SFO,IND,WR,0,0,0,0,0,0,0,0,5,3,27,0,5.7
2025,16,Mac Jones,SFO,IND,QB,0,0,0,0,0,3,-3,0,0,0,0,0,-0.3
2025,16,Skyy Moore,SFO,IND,WR,0,0,0,0,0,0,0,0,1,1,23,0,3.3
2025,16,Baker Mayfield,TAM,CAR,QB,26,18,145,1,1,4,49,0,0,0,0,0,12.7
2025,16,Bucky Irving,TAM,CAR,RB,0,0,0,0,0,19,71,0,0,0,0,0,7.1
2025,16,Cade Otton,TAM,CAR,TE,0,0,0,0,0,0,0,0,2,2,15,0,3.5
2025,16,Chris Godwin Jr.,TAM,CAR,WR,0,0,0,0,0,0,0,0,6,5,30,0,8.0
2025,16,Emeka Egbuka,TAM,CAR,WR,0,0,0,0,0,0,0,0,2,1,40,0,5.0
2025,16,Jalen McMillan,TAM,CAR,WR,0,0,0,0,0,1,1,0,3,2,15,0,3.6
2025,16,Mike Evans,TAM,CAR,WR,0,0,0,0,0,0,0,0,9,5,31,1,14.1
2025,16,Rachaad White,TAM,CAR,RB,0,0,0,0,0,5,45,0,2,2,15,0,8.0
2025,16,Sean Tucker,TAM,CAR,RB,0,0,0,0,0,4,3,1,0,0,0,0,6.3
2025,16,Tez Johnson,TAM,CAR,WR,0,0,0,0,0,0,0,0,1,1,-1,0,0.9
2025,16,Cam Ward,TEN,KAN,QB,28,21,228,2,0,4,9,0,0,0,0,0,18.02
2025,16,Chig Okonkwo,TEN,KAN,TE,0,0,0,0,0,0,0,0,8,6,44,1,16.4
2025,16,Chimere Dike,TEN,KAN,WR,0,0,0,0,0,0,0,0,5,3,40,1,13.0
2025,16,Elic Ayomanor,TEN,KAN,WR,0,0,0,0,0,0,0,0,4,3,58,0,8.8
2025,16,Gunnar Helm,TEN,KAN,TE,0,0,0,0,0,0,0,0,3,2,9,0,2.9
2025,16,Julius Chestnut,TEN,KAN,RB,0,0,0,0,0,1,1,0,0,0,0,0,0.1
2025,16,Kalel Mullings,TEN,KAN,RB,0,0,0,0,0,1,0,0,0,0,0,0,0.0
2025,16,Tony Pollard,TEN,KAN,RB,0,0,0,0,0,21,102,0,0,0,0,0,10.2
2025,16,Tyjae Spears,TEN,KAN,RB,0,0,0,0,0,13,52,1,5,5,53,0,21.5
2025,16,Van Jefferson,TEN,KAN,WR,0,0,0,0,0,0,0,0,2,2,24,0,4.4
2025,16,Ben Sinnott,WAS,PHI,TE,0,0,0,0,0,0,0,0,2,1,5,0,1.5
2025,16,Chris Rodriguez Jr.,WAS,PHI,RB,0,0,0,0,0,15,63,1,1,1,6,0,13.9
2025,16,Deebo Samuel Sr.,WAS,PHI,WR,0,0,0,0,0,0,0,0,4,3,35,0,6.5
2025,16,Jacory Croskey-Merritt,WAS,PHI,RB,0,0,0,0,0,8,25,1,0,0,0,0,8.5
2025,16,Jeremy McNichols,WAS,PHI,RB,0,0,0,0,0,1,3,0,3,2,9,0,5.2
2025,16,John Bates,WAS,PHI,TE,0,0,0,0,0,0,0,0,1,0,0,0,0.0
2025,16,Josh Johnson,WAS,PHI,QB,9,5,43,0,1,1,0,0,0,0,0,0,-0.28
2025,16,Marcus Mariota,WAS,PHI,QB,14,7,95,0,0,1,-1,0,0,0,0,0,3.7
2025,16,Terry McLaurin,WAS,PHI,WR,0,0,0,0,0,0,0,0,4,3,53,0,8.3
2025,16,Treylon Burks,WAS,PHI,WR,0,0,0,0,0,0,0,0,5,2,30,0,5.0
2025,17,Corey Kiner,ARI,CIN,RB,0,0,0,0,0,1,2,0,0,0,0,0,0.2
2025,17,Elijah Higgins,ARI,CIN,TE,0,0,0,0,0,0,0,0,1,0,0,0,0.0
2025,17,Emari Demercado,ARI,CIN,RB,0,0,0,0,0,5,11,0,3,2,9,0,4.0
2025,17,Jacoby Brissett,ARI,CIN,QB,37,21,212,2,0,0,0,0,0,0,0,0,16.48
2025,17,Marvin Harrison Jr.,ARI,CIN,WR,0,0,0,0,0,0,0,0,1,0,0,0,0.0
2025,17,Michael Carter,ARI,CIN,RB,0,0,0,0,0,7,29,0,4,2,14,0,6.3
2025,17,Michael Wilson,ARI,CIN,WR,0,0,0,0,0,0,0,0,10,5,89,1,19.9
2025,17,Trey McBride,ARI,CIN,TE,0,0,0,0,0,0,0,0,13,10,76,1,23.6
2025,17,Xavier Weaver,ARI,CIN,WR,0,0,0,0,0,0,0,0,3,2,24,0,4.4
2025,17,Bijan Robinson,ATL,LAR,RB,0,0,0,0,0,22,195,1,8,5,34,1,39.9
2025,17,Darnell Mooney,ATL,LAR,WR,0,0,0,0,0,0,0,0,3,2,35,0,5.5
2025,17,David Sills,ATL,LAR,WR,0,0,0,0,0,0,0,0,4,3,37,0,6.7
2025,17,Drake London,ATL,LAR,WR,0,0,0,0,0,0,0,0,2,1,4,0,1.4
2025,17,Kirk Cousins,ATL,LAR,QB,20,13,126,1,0,1,1,0,0,0,0,0,9.14
2025,17,Kyle Pitts,ATL,LAR,TE,0,0,0,0,0,0,0,0,3,2,16,0,3.6
2025,17,Tyler Allgeier,ATL,LAR,RB,0,0,0,0,0,10,23,0,0,0,0,0,2.3
2025,17,Charlie Kolar,BAL,GNB,TE,0,0,0,0,0,0,0,0,1,0,0,0,0.0
2025,17,DeAndre Hopkins,BAL,GNB,WR,0,0,0,0,0,0,0,0,1,0,0,0,0.0
2025,17,Derrick Henry,BAL,GNB,RB,0,0,0,0,0,36,216,4,0,0,0,0,45.6
2025,17,Isaiah Likely,BAL,GNB,TE,0,0,0,0,0,0,0,0,3,3,27,0,5.7
2025,17,Keaton Mitchell,BAL,GNB,RB,0,0,0,0,0,9,31,0,2,2,7,0,5.8
2025,17,Mark Andrews,BAL,GNB,TE,0,0,0,0,0,0,0,0,4,4,28,0,6.8
2025,17,Rasheen Ali,BAL,GNB,RB,0,0,0,0,0,0,0,0,3,2,8,0,2.8
2025,17,Rashod Bateman,BAL,GNB,WR,0,0,0,0,0,0,0,0,1,1,7,0,1.7
2025,17,Tyler Huntley,BAL,GNB,QB,20,16,107,1,0,8,60,0,0,0,0,0,14.28
2025,17,Zay Flowers,BAL,GNB,WR,0,0,0,0,0,0,0,0,5,4,30,1,13.0
2025,17,Brandin Cooks,BUF,PHI,WR,0,0,0,0,0,0,0,0,6,4,101,0,14.1
2025,17,Dawson Knox,BUF,PHI,TE,0,0,0,0,0,0,0,0,5,5,30,0,8.0
2025,17,Gabe Davis,BUF,PHI,WR,0,0,0,0,0,0,0,0,1,0,0,0,0.0
2025,17,James Cook,BUF,PHI,RB,0,0,0,0,0,20,74,0,4,1,3,0,8.7
2025,17,Josh Allen,BUF,PHI,QB,35,23,262,0,0,7,27,2,0,0,0,0,23.18
2025,17,Josh Palmer,BUF,PHI,WR,0,0,0,0,0,0,0,0,2,1,12,0,2.2
2025,17,Khalil Shakir,BUF,PHI,WR,0,0,0,0,0,0,0,0,7,6,35,0,9.5
2025,17,Ray Davis,BUF,PHI,RB,0,0,0,0,0,1,4,0,1,1,12,0,2.6
2025,17,Ty Johnson,BUF,PHI,RB,0,0,0,0,0,5,15,0,4,3,33,0,7.8
2025,17,Tyrell Shavers,BUF,PHI,WR,0,0,0,0,0,0,0,0,3,2,36,0,5.6
2025,17,Bryce Young,CAR,SEA,QB,24,14,54,0,1,9,27,1,0,0,0,0,8.86
2025,17,Brycen Tremayne,CAR,SEA,WR,0,0,0,0,0,0,0,0,1,0,0,0,0.0
2025,17,Chuba Hubbard,CAR,SEA,RB,0,0,0,0,0,4,12,0,3,3,6,0,2.8
2025,17,Jalen Coker,CAR,SEA,WR,0,0,0,0,0,0,0,0,2,2,16,0,3.6
2025,17,Jimmy Horn Jr.,CAR,SEA,WR,0,0,0,0,0,0,0,0,2,2,9,0,2.9
2025,17,Mitchell Evans,CAR,SEA,TE,0,0,0,0,0,1,1,0,2,1,5,0,1.6
2025,17,Rico Dowdle,CAR,SEA,RB,0,0,0,0,0,12,59,0,5,3,4,0,9.3
2025,17,Tetairoa McMillan,CAR,SEA,WR,0,0,0,0,0,0,0,0,4,1,5,0,1.5
2025,17,Tommy Tremble,CAR,SEA,TE,0,0,0,0,0,0,0,0,1,1,6,0,1.6
2025,17,Xavier Legette,CAR,SEA,WR,0,0,0,0,0,0,0,0,1,1,3,0,1.3
2025,17,Caleb Williams,CHI,SFO,QB,42,25,330,2,0,5,18,0,0,0,0,0,23.0
2025,17,Cole Kmet,CHI,SFO,TE,0,0,0,0,0,0,0,0,3,2,16,0,3.6
2025,17,Colston Loveland,CHI,SFO,TE,0,0,0,0,0,0,0,0,10,6,94,1,21.4
2025,17,D'Andre Swift,CHI,SFO,RB,0,0,0,0,0,9,54,2,3,2,25,0,21.9
2025,17,DJ Moore,CHI,SFO,WR,0,0,0,0,0,0,0,0,4,1,7,0,1.7
2025,17,Devin Duvernay,CHI,SFO,WR,0,0,0,0,0,0,0,0,1,0,0,0,0.0
2025,17,Durham Smythe,CHI,SFO,TE,0,0,0,0,0,0,0,0,1,1,11,0,2.1
2025,17,Jahdae Walker,CHI,SFO,WR,0,0,0,0,0,0,0,0,4,2,30,0,5.0
2025,17,Kyle Monangai,CHI,SFO,RB,0,0,0,0,0,8,38,0,4,3,9,0,7.7
2025,17,Luther Burden III,CHI,SFO,WR,0,0,0,0,0,0,0,0,9,8,138,1,27.8
2025,17,Andrei Iosivas,CIN,ARI,WR,0,0,0,0,0,0,0,0,6,4,41,0,8.1
2025,17,Chase Brown,CIN,ARI,RB,0,0,0,0,0,22,101,2,3,3,40,0,29.1
2025,17,Drew Sample,CIN,ARI,TE,0,0,0,0,0,0,0,0,1,1,8,0,1.8
2025,17,Ja'Marr Chase,CIN,ARI,WR,0,0,0,0,0,0,0,0,9,7,60,2,25.0
2025,17,Joe Burrow,CIN,ARI,QB,31,24,305,2,0,3,2,0,0,0,0,0,20.4
2025,17,Joe Flacco,CIN,ARI,QB,5,3,24,0,0,4,2,0,0,0,0,0,1.16
2025,17,Ke'Shawn Williams,CIN,ARI,WR,0,0,0,0,0,0,0,0,1,1,5,0,1.5
2025,17,Mike Gesicki,CIN,ARI,TE,0,0,0,0,0,0,0,0,2,2,47,0,6.7
2025,17,Noah Fant,CIN,ARI,TE,0,0,0,0,0,0,0,0,1,0,0,0,0.0
2025,17,Samaje Perine,CIN,ARI,RB,0,0,0,0,0,3,5,1,1,1,8,0,8.3
2025,17,Tahj Brooks,CIN,ARI,RB,0,0,0,0,0,3,10,0,1,1,9,0,2.9
2025,17,Tanner Hudson,CIN,ARI,TE,0,0,0,0,0,0,0,0,2,2,31,0,5.1
2025,17,Tee Higgins,CIN,ARI,WR,0,0,0,0,0,0,0,0,5,4,59,0,9.9
2025,17,Blake Whiteheart,CLE,PIT,TE,0,0,0,0,0,0,0,0,1,0,0,0,0.0
2025,17,Brenden Bates,CLE,PIT,TE,0,0,0,0,0,0,0,0,1,1,19,0,2.9
2025,17,Cedric Tillman,CLE,PIT,WR,0,0,0,0,0,0,0,0,1,1,42,0,5.2
2025,17,Dylan Sampson,CLE,PIT,RB,0,0,0,0,0,11,27,0,3,3,0,0,5.7
2025,17,Harold Fannin Jr.,CLE,PIT,TE,0,0,0,0,0,0,0,0,2,2,30,1,11.0
2025,17,Isaiah Bond,CLE,PIT,WR,0,0,0,0,0,0,0,0,1,1,16,0,2.6
2025,17,Jerry Jeudy,CLE,PIT,WR,0,0,0,0,0,0,0,0,7,5,54,0,10.4
2025,17,Malachi Corley,CLE,PIT,WR,0,0,0,0,0,0,0,0,1,1,4,0,1.4
2025,17,Raheim Sanders,CLE,PIT,RB,0,0,0,0,0,8,21,0,2,1,10,0,4.1
2025,17,Sal Cannella,CLE,PIT,TE,0,0,0,0,0,0,0,0,4,2,11,0,3.1
2025,17,Shedeur Sanders,CLE,PIT,QB,23,17,186,1,2,4,20,0,0,0,0,0,9.44
2025,17,Trayveon Williams,CLE,PIT,RB,0,0,0,0,0,2,10,0,0,0,0,0,1.0
2025,17,Brevyn Spann-Ford,DAL,WAS,TE,0,0,0,0,0,0,0,0,2,1,31,0,4.1
2025,17,CeeDee Lamb,DAL,WAS,WR,0,0,0,0,0,0,0,0,10,5,46,0,9.6
2025,17,Dak Prescott,DAL,WAS,QB,37,19,307,2,0,4,24,0,0,0,0,0,22.68
2025,17,George Pickens,DAL,WAS,WR,0,0,0,0,0,0,0,0,5,4,78,0,11.8
2025,17,Hunter Luepke,DAL,WAS,RB,0,0,0,0,0,7,30,0,1,1,14,0,5.4
2025,17,Jake Ferguson,DAL,WAS,TE,0,0,0,0,0,0,0,0,2,1,6,1,7.6
2025,17,Jalen Tolbert,DAL,WAS,WR,0,0,0,0,0,0,0,0,8,4,31,0,7.1
2025,17,Javonte Williams,DAL,WAS,RB,0,0,0,0,0,13,54,1,2,0,0,0,11.4
2025,17,Jonathan Mingo,DAL,WAS,WR,0,0,0,0,0,0,0,0,1,0,0,0,0.0
2025,17,KaVontae Turpin,DAL,WAS,WR,0,0,0,0,0,0,0,0,1,1,86,1,15.6
2025,17,Luke Schoonmaker,DAL,WAS,TE,0,0,0,0,0,0,0,0,2,2,15,0,3.5
2025,17,Malik Davis,DAL,WAS,RB,0,0,0,0,0,20,103,0,2,0,0,0,10.3
2025,17,Adam Prentice,DEN,KAN,RB,0,0,0,0,0,2,3,0,0,0,0,0,0.3
2025,17,Adam Trautman,DEN,KAN,TE,0,0,0,0,0,0,0,0,2,2,24,0,4.4
2025,17,Bo Nix,DEN,KAN,QB,38,26,182,1,1,9,42,1,0,0,0,0,19.48
2025,17,Courtland Sutton,DEN,KAN,WR,0,0,0,0,0,0,0,0,10,4,40,0,8.0
2025,17,Evan Engram,DEN,KAN,TE,0,0,0,0,0,0,0,0,4,4,21,0,6.1
2025,17,Jaleel McLaughlin,DEN,KAN,RB,0,0,0,0,0,7,40,0,0,0,0,0,4.0
2025,17,Lil'Jordan Humphrey,DEN,KAN,WR,0,0,0,0,0,0,0,0,5,2,23,0,4.3
2025,17,Marvin Mims Jr.,DEN,KAN,WR,0,0,0,0,0,0,0,0,4,3,10,0,4.0
2025,17,Michael Bandy,DEN,KAN,WR,0,0,0,0,0,0,0,0,2,2,14,0,3.4
2025,17,RJ Harvey,DEN,KAN,RB,0,0,0,0,0,14,43,0,6,5,33,1,18.6
2025,17,Troy Franklin,DEN,KAN,WR,0,0,0,0,0,0,0,0,4,4,17,0,5.7
2025,17,Amon-Ra St. Brown,DET,MIN,WR,0,0,0,0,0,0,0,0,13,8,68,0,14.8
2025,17,Anthony Firkser,DET,MIN,TE,0,0,0,0,0,0,0,0,1,0,0,0,0.0
2025,17,David Montgomery,DET,MIN,RB,0,0,0,0,0,10,25,0,2,2,15,0,6.0
2025,17,Giovanni Ricci,DET,MIN,TE,0,0,0,0,0,0,0,0,1,0,0,0,0.0
2025,17,Isaac TeSlaa,DET,MIN,WR,0,0,0,0,0,0,0,0,4,3,49,1,13.9
2025,17,Jahmyr Gibbs,DET,MIN,RB,0,0,0,0,0,17,41,0,3,2,23,0,6.4
2025,17,Jameson Williams,DET,MIN,WR,0,0,0,0,0,0,0,0,3,2,37,0,5.7
2025,17,Jared Goff,DET,MIN,QB,29,18,197,1,2,3,2,0,0,0,0,0,2.08
2025,17,Kalif Raymond,DET,MIN,WR,0,0,0,0,0,0,0,0,2,1,5,0,1.5
2025,17,Bo Melton,GNB,BAL,WR,0,0,0,0,0,0,0,0,3,1,34,0,4.4
2025,17,Chris Brooks,GNB,BAL,RB,0,0,0,0,0,0,0,0,2,1,11,0,2.1
2025,17,Christian Watson,GNB,BAL,WR,0,0,0,0,0,0,0,0,6,5,113,1,22.3
2025,17,Clayton Tune,GNB,BAL,QB,4,1,8,0,1,1,0,0,0,0,0,0,-1.68
2025,17,Dontayvion Wicks,GNB,BAL,WR,0,0,0,0,0,0,0,0,1,1,7,0,1.7
2025,17,Emanuel Wilson,GNB,BAL,RB,0,0,0,0,0,3,16,0,1,1,8,0,3.4
2025,17,Jayden Reed,GNB,BAL,WR,0,0,0,0,0,0,0,0,4,4,41,0,8.1
2025,17,Josh Jacobs,GNB,BAL,RB,0,0,0,0,0,4,3,0,1,1,0,0,1.3
2025,17,Josh Whyle,GNB,BAL,TE,0,0,0,0,0,0,0,0,1,1,8,0,1.8
2025,17,Malik Willis,GNB,BAL,QB,21,18,288,1,0,9,60,2,0,0,0,0,31.52
2025,17,Matthew Golden,GNB,BAL,WR,0,0,0,0,0,0,0,0,3,1,12,0,2.2
2025,17,Romeo Doubs,GNB,BAL,WR,0,0,0,0,0,0,0,0,3,3,62,0,9.2
2025,17,C.J. Stroud,HOU,LAC,QB,28,16,244,2,2,4,0,0,0,0,0,0,13.76
2025,17,Christian Kirk,HOU,LAC,WR,0,0,0,0,0,0,0,0,5,2,1,0,2.1
2025,17,Dalton Schultz,HOU,LAC,TE,0,0,0,0,0,0,0,0,4,3,19,0,4.9
2025,17,Jawhar Jordan,HOU,LAC,RB,0,0,0,0,0,8,36,0,0,0,0,0,3.6
2025,17,Jayden Higgins,HOU,LAC,WR,0,0,0,0,0,0,0,0,4,2,88,1,16.8
2025,17,Jaylin Noel,HOU,LAC,WR,0,0,0,0,0,1,2,0,4,3,54,1,14.6
2025,17,Nick Chubb,HOU,LAC,RB,0,0,0,0,0,1,1,0,0,0,0,0,0.1
2025,17,Nico Collins,HOU,LAC,WR,0,0,0,0,0,0,0,0,4,3,57,0,8.7
2025,17,Woody Marks,HOU,LAC,RB,0,0,0,0,0,19,71,0,2,1,4,0,8.5
2025,17,Xavier Hutchinson,HOU,LAC,WR,0,0,0,0,0,1,8,0,3,2,21,0,4.9
2025,17,Alec Pierce,IND,JAX,WR,0,0,0,0,0,0,0,0,5,0,0,0,0.0
2025,17,Ameer Abdullah,IND,JAX,RB,0,0,0,0,0,0,0,0,1,1,4,0,1.4
2025,17,Jonathan Taylor,IND,JAX,RB,0,0,0,0,0,21,70,1,6,3,14,0,17.4
2025,17,Josh Downs,IND,JAX,WR,0,0,0,0,0,0,0,0,5,2,34,0,5.4
2025,17,Michael Pittman,IND,JAX,WR,0,0,0,0,0,0,0,0,3,2,16,0,3.6
2025,17,Mo Alie-Cox,IND,JAX,TE,0,0,0,0,0,0,0,0,3,3,20,1,11.0
2025,17,Philip Rivers,IND,JAX,QB,30,17,147,1,1,1,-1,0,0,0,0,0,7.78
2025,17,Tyler Warren,IND,JAX,TE,0,0,0,0,0,0,0,0,5,5,43,0,9.3
2025,17,Will Mallory,IND,JAX,TE,0,0,0,0,0,0,0,0,1,1,16,0,2.6
2025,17,Brenton Strange,JAX,IND,TE,0,0,0,0,0,0,0,0,5,3,54,0,8.4
2025,17,Brian Thomas Jr.,JAX,IND,WR,0,0,0,0,0,0,0,0,7,4,39,0,7.9
2025,17,DeeJay Dallas,JAX,IND,RB,0,0,0,0,0,2,21,0,1,0,0,0,2.1
2025,17,Jakobi Meyers,JAX,IND,WR,0,0,0,0,0,0,0,0,9,6,39,0,7.9
2025,17,Johnny Mundt,JAX,IND,TE,0,0,0,0,0,0,0,0,1,0,0,0,0.0
2025,17,LeQuint Allen Jr.,JAX,IND,RB,0,0,0,0,0,1,3,0,0,0,0,0,0.3
2025,17,Parker Washington,JAX,IND,WR,0,0,0,0,0,1,-5,0,10,8,115,0,19.0
2025,17,Tim Patrick,JAX,IND,WR,0,0,0,0,0,0,0,0,1,0,0,0,0.0
2025,17,Travis Etienne,JAX,IND,RB,0,0,0,0,0,17,76,0,3,2,16,0,11.2
2025,17,Trevor Lawrence,JAX,IND,QB,37,23,263,0,1,8,26,2,0,0,0,0,23.12
2025,17,Brashard Smith,KAN,DEN,RB,0,0,0,0,0,0,0,0,4,3,5,1,9.5
2025,17,Chris Oladokun,KAN,DEN,QB,22,13,66,1,0,2,11,0,0,0,0,0,7.74
2025,17,Isiah Pacheco,KAN,DEN,RB,0,0,0,0,0,9,32,0,0,0,0,0,3.2
2025,17,JuJu Smith-Schuster,KAN,DEN,WR,0,0,0,0,0,0,0,0,3,3,16,0,4.6
2025,17,Kareem Hunt,KAN,DEN,RB,0,0,0,0,0,7,38,0,0,0,0,0,3.8
2025,17,Marquise Brown,KAN,DEN,WR,0,0,0,0,0,0,0,0,3,1,7,0,1.7
2025,17,Noah Gray,KAN,DEN,TE,0,0,0,0,0,0,0,0,1,1,2,0,1.2
2025,17,Travis Kelce,KAN,DEN,TE,0,0,0,0,0,0,0,0,6,5,36,0,8.6
2025,17,Xavier Worthy,KAN,DEN,WR,0,0,0,0,0,1,1,0,3,0,0,0,0.1
2025,17,Jaret Patterson,LAC,HOU,RB,0,0,0,0,0,1,1,0,0,0,0,0,0.1
2025,17,Justin Herbert,LAC,HOU,QB,32,21,236,1,1,6,37,0,0,0,0,0,15.14
2025,17,KeAndre Lambert-Smith,LAC,HOU,WR,0,0,0,0,0,0,0,0,1,0,0,0,0.0
2025,17,Keenan Allen,LAC,HOU,WR,0,0,0,0,0,0,0,0,3,1,17,0,2.7
2025,17,Ladd McConkey,LAC,HOU,WR,0,0,0,0,0,0,0,0,2,1,31,0,4.1
2025,17,Omarion Hampton,LAC,HOU,RB,0,0,0,0,0,14,29,1,8,8,31,0,20.0
2025,17,Oronde Gadsden II,LAC,HOU,TE,0,0,0,0,0,0,0,0,6,3,32,1,12.2
2025,17,Quentin Johnston,LAC,HOU,WR,0,0,0,0,0,0,0,0,8,5,98,0,14.8
2025,17,Tre Harris,LAC,HOU,WR,0,0,0,0,0,1,7,0,1,1,8,0,2.5
2025,17,Will Dissly,LAC,HOU,TE,0,0,0,0,0,0,0,0,2,2,19,0,3.9
2025,17,Blake Corum,LAR,ATL,RB,0,0,0,0,0,6,18,0,0,0,0,0,1.8
2025,17,Colby Parkinson,LAR,ATL,TE,0,0,0,0,0,0,0,0,7,6,53,0,11.3
2025,17,Konata Mumpfield,LAR,ATL,WR,0,0,0,0,0,0,0,0,5,2,10,0,3.0
2025,17,Kyren Williams,LAR,ATL,RB,0,0,0,0,0,13,92,0,3,3,38,0,16.0
2025,17,Matthew Stafford,LAR,ATL,QB,38,22,269,2,3,0,0,0,0,0,0,0,12.76
2025,17,Puka Nacua,LAR,ATL,WR,0,0,0,0,0,0,0,0,10,5,47,1,15.7
2025,17,Ronnie Rivers,LAR,ATL,RB,0,0,0,0,0,1,5,0,0,0,0,0,0.5
2025,17,Terrance Ferguson,LAR,ATL,TE,0,0,0,0,0,0,0,0,4,2,54,1,13.4
2025,17,Tutu Atwell,LAR,ATL,WR,0,0,0,0,0,0,0,0,1,0,0,0,0.0
2025,17,Xavier Smith,LAR,ATL,WR,0,0,0,0,0,0,0,0,6,4,67,0,10.7
2025,17,Ashton Jeanty,LVR,NYG,RB,0,0,0,0,0,16,60,0,2,2,13,0,9.3
2025,17,Dont'e Thornton Jr.,LVR,NYG,WR,0,0,0,0,0,0,0,0,4,2,12,0,3.2
2025,17,Geno Smith,LVR,NYG,QB,28,20,176,1,2,1,1,0,0,0,0,0,7.14
2025,17,Michael Mayer,LVR,NYG,TE,0,0,0,0,0,0,0,0,10,9,89,0,17.9
2025,17,Shedrick Jackson,LVR,NYG,WR,0,0,0,0,0,0,0,0,3,2,20,0,4.0
2025,17,Tre Tucker,LVR,NYG,WR,0,0,0,0,0,2,0,0,6,5,49,0,9.9
2025,17,Tyler Lockett,LVR,NYG,WR,0,0,0,0,0,0,0,0,3,2,9,1,8.9
2025,17,Zamir White,LVR,NYG,RB,0,0,0,0,0,1,2,0,0,0,0,0,0.2
2025,17,Cedrick Wilson Jr.,MIA,TAM,WR,0,0,0,0,0,0,0,0,2,1,8,0,1.8
2025,17,Darren Waller,MIA,TAM,TE,0,0,0,0,0,0,0,0,3,1,0,0,1.0
2025,17,De'Von Achane,MIA,TAM,RB,0,0,0,0,0,18,83,0,3,3,29,0,14.2
2025,17,Greg Dulcich,MIA,TAM,TE,0,0,0,0,0,1,-7,0,6,5,58,1,16.1
2025,17,Jaylen Waddle,MIA,TAM,WR,0,0,0,0,0,1,7,0,1,0,0,0,0.7
2025,17,Jaylen Wright,MIA,TAM,RB,0,0,0,0,0,5,56,0,0,0,0,0,5.6
2025,17,Julian Hill,MIA,TAM,TE,0,0,0,0,0,0,0,0,2,1,16,0,2.6
2025,17,Malik Washington,MIA,TAM,WR,0,0,0,0,0,1,1,0,3,1,4,0,1.5
2025,17,Quinn Ewers,MIA,TAM,QB,22,14,172,2,0,4,5,0,1,1,-6,0,15.78
2025,17,Theo Wease Jr.,MIA,TAM,WR,0,0,0,0,0,0,0,0,1,1,63,1,13.3
2025,17,Aaron Jones,MIN,DET,RB,0,0,0,0,0,18,53,1,4,3,10,0,15.3
2025,17,Ben Sims,MIN,DET,TE,0,0,0,0,0,0,0,0,1,1,3,0,1.3
2025,17,Jalen Nailor,MIN,DET,WR,0,0,0,0,0,0,0,0,1,0,0,0,0.0
2025,17,Jordan Addison,MIN,DET,WR,0,0,0,0,0,1,65,1,1,0,0,0,12.5
2025,17,Josh Oliver,MIN,DET,TE,0,0,0,0,0,0,0,0,2,1,8,0,1.8
2025,17,Justin Jefferson,MIN,DET,WR,0,0,0,0,0,0,0,0,5,4,30,0,7.0
2025,17,Max Brosmer,MIN,DET,QB,16,9,51,0,0,2,16,0,0,0,0,0,3.64
2025,17,Ty Chandler,MIN,DET,RB,0,0,0,0,0,7,24,0,0,0,0,0,2.4
2025,17,Audric Estimé,NOR,TEN,RB,0,0,0,0,0,14,94,1,1,1,4,0,16.8
2025,17,Chris Olave,NOR,TEN,WR,0,0,0,0,0,0,0,0,11,8,119,1,25.9
2025,17,Dante Pettis,NOR,TEN,WR,0,0,0,0,0,0,0,0,4,3,53,0,6.3
2025,17,Evan Hull,NOR,TEN,RB,0,0,0,0,0,2,3,0,0,0,0,0,0.3
2025,17,Juwan Johnson,NOR,TEN,TE,0,0,0,0,0,0,0,0,4,4,95,0,13.5
2025,17,Kevin Austin Jr.,NOR,TEN,WR,0,0,0,0,0,0,0,0,5,4,52,1,15.2
2025,17,Moliki Matavao,NOR,TEN,TE,0,0,0,0,0,0,0,0,2,2,10,0,3.0
2025,17,Taysom Hill,NOR,TEN,TE,0,0,0,0,0,3,0,0,0,0,0,0,0.0
2025,17,Tyler Shough,NOR,TEN,QB,27,22,333,2,0,4,6,0,0,0,0,0,21.92
2025,17,Austin Hooper,NWE,NYJ,TE,0,0,0,0,0,0,0,0,2,2,11,1,9.1
2025,17,D'Ernest Johnson,NWE,NYJ,RB,0,0,0,0,0,4,5,0,0,0,0,0,0.5
2025,17,DeMario Douglas,NWE,NYJ,WR,0,0,0,0,0,0,0,0,2,1,10,0,2.0
2025,17,Drake Maye,NWE,NYJ,QB,21,19,256,5,0,3,22,0,0,0,0,0,32.44
2025,17,Efton Chism III,NWE,NYJ,WR,0,0,0,0,0,0,0,0,2,2,40,1,12.0
2025,17,Hunter Henry,NWE,NYJ,TE,0,0,0,0,0,0,0,0,3,3,49,1,13.9
2025,17,Joshua Dobbs,NWE,NYJ,QB,4,3,30,0,0,2,-1,0,0,0,0,0,1.1
2025,17,Kyle Williams,NWE,NYJ,WR,0,0,0,0,0,0,0,0,5,3,20,0,5.0
2025,17,Rhamondre Stevenson,NWE,NYJ,RB,0,0,0,0,0,8,47,1,5,5,55,1,27.2
2025,17,Stefon Diggs,NWE,NYJ,WR,0,0,0,0,0,0,0,0,6,6,101,1,22.1
2025,17,TreVeyon Henderson,NWE,NYJ,RB,0,0,0,0,0,19,82,0,0,0,0,0,8.2
2025,17,Daniel Bellinger,NYG,LVR,TE,0,0,0,0,0,0,0,0,3,2,11,0,3.1
2025,17,Darius Slayton,NYG,LVR,WR,0,0,0,0,0,0,0,0,3,2,36,0,5.6
2025,17,Devin Singletary,NYG,LVR,RB,0,0,0,0,0,8,45,1,4,4,25,0,17.0
2025,17,Gunner Olszewski,NYG,LVR,WR,0,0,0,0,0,0,0,0,1,1,19,0,2.9
2025,17,Isaiah Hodgins,NYG,LVR,WR,0,0,0,0,0,0,0,0,2,1,8,0,1.8
2025,17,Jaxson Dart,NYG,LVR,QB,30,22,207,0,0,9,48,2,0,0,0,0,25.08
2025,17,Tyrone Tracy Jr.,NYG,LVR,RB,0,0,0,0,0,14,62,0,2,1,-5,0,6.7
2025,17,Wan'Dale Robinson,NYG,LVR,WR,0,0,0,0,0,0,0,0,14,11,113,0,22.3
2025,17,Adonai Mitchell,NYJ,NWE,WR,0,0,0,0,0,0,0,0,9,3,22,0,5.2
2025,17,Arian Smith,NYJ,NWE,WR,0,0,0,0,0,0,0,0,1,1,5,0,1.5
2025,17,Brady Cook,NYJ,NWE,QB,33,19,152,0,1,2,1,0,0,0,0,0,4.18
2025,17,Breece Hall,NYJ,NWE,RB,0,0,0,0,0,14,111,1,3,2,18,0,20.9
2025,17,Isaiah Davis,NYJ,NWE,RB,0,0,0,0,0,3,11,0,1,1,9,0,3.0
2025,17,Isaiah Williams,NYJ,NWE,WR,0,0,0,0,0,1,5,0,5,4,30,0,7.5
2025,17,Jelani Woods,NYJ,NWE,TE,0,0,0,0,0,0,0,0,1,1,4,0,1.4
2025,17,Jeremy Ruckert,NYJ,NWE,TE,0,0,0,0,0,0,0,0,3,1,2,0,1.2
2025,17,John Metchie III,NYJ,NWE,WR,0,0,0,0,0,0,0,0,3,3,41,0,7.1
2025,17,Kene Nwangwu,NYJ,NWE,RB,0,0,0,0,0,6,31,0,0,0,0,0,3.1
2025,17,Khalil Herbert,NYJ,NWE,RB,0,0,0,0,0,2,5,0,1,0,0,0,0.5
2025,17,Stone Smartt,NYJ,NWE,TE,0,0,0,0,0,0,0,0,3,2,18,0,3.8
2025,17,Tyler Johnson,NYJ,NWE,WR,0,0,0,0,0,0,0,0,1,1,3,0,1.3
2025,17,A.J. Brown,PHI,BUF,WR,0,0,0,0,0,0,0,0,7,5,68,0,11.8
2025,17,Dallas Goedert,PHI,BUF,TE,0,0,0,0,0,0,0,0,6,3,8,1,9.8
2025,17,Darius Cooper,PHI,BUF,WR,0,0,0,0,0,0,0,0,1,1,4,0,1.4
2025,17,DeVonta Smith,PHI,BUF,WR,0,0,0,0,0,0,0,0,5,2,25,0,4.5
2025,17,Grant Calcaterra,PHI,BUF,TE,0,0,0,0,0,0,0,0,1,1,3,0,1.3
2025,17,Jahan Dotson,PHI,BUF,WR,0,0,0,0,0,0,0,0,1,0,0,0,0.0
2025,17,Jalen Hurts,PHI,BUF,QB,27,13,110,1,0,3,5,0,0,0,0,0,8.9
2025,17,Saquon Barkley,PHI,BUF,RB,0,0,0,0,0,19,68,0,0,0,0,0,6.8
2025,17,Tank Bigsby,PHI,BUF,RB,0,0,0,0,0,2,7,0,1,1,2,0,1.9
2025,17,Will Shipley,PHI,BUF,RB,0,0,0,0,0,2,2,0,0,0,0,0,0.2
2025,17,Aaron Rodgers,PIT,CLE,QB,39,21,168,0,0,1,6,0,0,0,0,0,7.32
2025,17,Adam Thielen,PIT,CLE,WR,0,0,0,0,0,0,0,0,5,2,14,0,3.4
2025,17,Connor Heyward,PIT,CLE,RB,0,0,0,0,0,2,26,0,0,0,0,0,2.6
2025,17,Darnell Washington,PIT,CLE,TE,0,0,0,0,0,0,0,0,2,2,15,0,3.5
2025,17,Jaylen Warren,PIT,CLE,RB,0,0,0,0,0,12,64,0,0,0,0,0,6.4
2025,17,Jonnu Smith,PIT,CLE,TE,0,0,0,0,0,2,9,0,5,5,18,0,7.7
2025,17,Kenny Gainwell,PIT,CLE,RB,0,0,0,0,0,7,26,0,4,3,12,0,6.8
2025,17,Marquez Valdes-Scantling,PIT,CLE,WR,0,0,0,0,0,0,0,0,9,3,21,0,5.1
2025,17,Pat Freiermuth,PIT,CLE,TE,0,0,0,0,0,0,0,0,5,3,63,0,9.3
2025,17,Scott Miller,PIT,CLE,WR,0,0,0,0,0,0,0,0,7,3,25,0,5.5
2025,17,AJ Barner,SEA,CAR,TE,0,0,0,0,0,0,0,0,3,3,43,1,13.3
2025,17,Cooper Kupp,SEA,CAR,WR,0,0,0,0,0,0,0,0,3,1,6,0,1.6
2025,17,Dareke Young,SEA,CAR,WR,0,0,0,0,0,0,0,0,1,0,0,0,0.0
2025,17,Eric Saubert,SEA,CAR,TE,0,0,0,0,0,0,0,0,2,0,0,0,0.0
2025,17,Jaxon Smith-Njigba,SEA,CAR,WR,0,0,0,0,0,0,0,0,12,9,72,0,16.2
2025,17,Kenneth Walker III,SEA,CAR,RB,0,0,0,0,0,15,51,0,2,2,6,0,7.7
2025,17,Rashid Shaheed,SEA,CAR,WR,0,0,0,0,0,0,0,0,1,1,8,0,1.8
2025,17,Sam Darnold,SEA,CAR,QB,27,18,147,1,1,3,2,0,0,0,0,0,6.08
2025,17,Zach Charbonnet,SEA,CAR,RB,0,0,0,0,0,18,110,2,2,2,12,0,26.2
2025,17,Brian Robinson,SFO,CHI,RB,0,0,0,0,0,4,22,0,1,1,6,0,3.8
2025,17,Brock Purdy,SFO,CHI,QB,33,24,303,3,1,6,28,2,0,0,0,0,36.92
2025,17,Christian McCaffrey,SFO,CHI,RB,0,0,0,0,0,23,140,1,6,4,41,0,28.1
2025,17,Demarcus Robinson,SFO,CHI,WR,0,0,0,0,0,0,0,0,2,2,30,0,5.0
2025,17,Jake Tonges,SFO,CHI,TE,0,0,0,0,0,0,0,0,9,7,60,1,19.0
2025,17,Jauan Jennings,SFO,CHI,WR,0,0,0,0,0,0,0,0,4,2,42,1,12.2
2025,17,Kendrick Bourne,SFO,CHI,WR,0,0,0,0,0,0,0,0,1,1,25,0,3.5
2025,17,Kyle Juszczyk,SFO,CHI,RB,0,0,0,0,0,0,0,0,2,2,14,1,9.4
2025,17,Ricky Pearsall,SFO,CHI,WR,0,0,0,0,0,0,0,0,8,5,85,0,13.5
2025,17,Skyy Moore,SFO,CHI,WR,0,0,0,0,0,1,10,0,0,0,0,0,1.0
2025,17,Baker Mayfield,TAM,MIA,QB,44,33,346,2,2,3,16,0,0,0,0,0,17.44
2025,17,Bucky Irving,TAM,MIA,RB,0,0,0,0,0,9,19,0,6,5,14,0,8.3
2025,17,Cade Otton,TAM,MIA,TE,0,0,0,0,0,0,0,0,4,4,33,0,7.3
2025,17,Chris Godwin Jr.,TAM,MIA,WR,0,0,0,0,0,0,0,0,8,7,108,1,23.8
2025,17,Emeka Egbuka,TAM,MIA,WR,0,0,0,0,0,0,0,0,5,3,20,0,5.0
2025,17,Jalen McMillan,TAM,MIA,WR,0,0,0,0,0,0,0,0,9,7,114,0,18.4
2025,17,Mike Evans,TAM,MIA,WR,0,0,0,0,0,0,0,0,7,3,31,1,12.1
2025,17,Rachaad White,TAM,MIA,RB,0,0,0,0,0,2,10,0,2,2,7,0,3.7
2025,17,Sean Tucker,TAM,MIA,RB,0,0,0,0,0,2,8,0,1,0,0,0,0.8
2025,17,Tez Johnson,TAM,MIA,WR,0,0,0,0,0,0,0,0,2,2,19,0,3.9
2025,17,Cam Ward,TEN,NOR,QB,40,21,251,2,0,2,10,0,0,0,0,0,17.04
2025,17,Chig Okonkwo,TEN,NOR,TE,0,0,0,0,0,0,0,0,7,3,55,1,14.5
2025,17,Chimere Dike,TEN,NOR,WR,0,0,0,0,0,1,7,0,5,4,55,0,10.2
2025,17,David Martin-Robinson,TEN,NOR,TE,0,0,0,0,0,0,0,0,1,1,9,0,1.9
2025,17,Elic Ayomanor,TEN,NOR,WR,0,0,0,0,0,0,0,0,7,4,37,1,13.7
2025,17,Gunnar Helm,TEN,NOR,TE,0,0,0,0,0,0,0,0,2,1,1,0,1.1
2025,17,James Proche,TEN,NOR,WR,0,0,0,0,0,0,0,0,5,1,5,0,1.5
2025,17,Kalel Mullings,TEN,NOR,RB,0,0,0,0,0,1,4,0,0,0,0,0,0.4
2025,17,Mason Kinsey,TEN,NOR,WR,0,0,0,0,0,0,0,0,1,1,34,0,4.4
2025,17,Tony Pollard,TEN,NOR,RB,0,0,0,0,0,18,85,0,2,2,10,0,11.5
2025,17,Tyjae Spears,TEN,NOR,RB,0,0,0,0,0,6,2,0,2,1,-1,0,1.1
2025,17,Van Jefferson,TEN,NOR,WR,0,0,0,0,0,0,0,0,3,3,46,0,7.6
2025,17,Ben Sinnott,WAS,DAL,TE,0,0,0,0,0,0,0,0,4,3,29,0,5.9
2025,17,Chris Moore,WAS,DAL,WR,0,0,0,0,0,0,0,0,1,1,15,0,2.5
2025,17,Deebo Samuel Sr.,WAS,DAL,WR,0,0,0,0,0,2,25,0,4,2,68,0,11.3
2025,17,Jacory Croskey-Merritt,WAS,DAL,RB,0,0,0,0,0,11,105,2,0,0,0,0,22.5
2025,17,Jeremy McNichols,WAS,DAL,RB,0,0,0,0,0,1,-2,0,3,3,12,0,4.0
2025,17,Josh Johnson,WAS,DAL,QB,23,15,198,0,0,2,10,0,0,0,0,0,8.92
2025,17,Terry McLaurin,WAS,DAL,WR,0,0,0,0,0,0,0,0,7,5,63,0,11.3
2025,17,Treylon Burks,WAS,DAL,WR,0,0,0,0,0,0,0,0,2,1,11,0,2.1
2025,18,Corey Kiner,ARI,LAR,RB,0,0,0,0,0,3,13,0,3,2,15,0,4.8
2025,18,Elijah Higgins,ARI,LAR,TE,0,0,0,0,0,0,0,0,3,3,28,0,5.8
2025,18,Emari Demercado,ARI,LAR,RB,0,0,0,0,0,2,29,0,1,1,28,0,6.7
2025,18,Jacoby Brissett,ARI,LAR,QB,31,22,243,2,1,3,19,0,0,0,0,0,15.62
2025,18,Josiah Deguara,ARI,LAR,TE,0,0,0,0,0,0,0,0,2,2,15,1,9.5
2025,18,Michael Carter,ARI,LAR,RB,0,0,0,0,0,7,18,0,3,3,21,0,6.9
2025,18,Michael Wilson,ARI,LAR,WR,0,0,0,0,0,0,0,0,8,5,99,1,20.9
2025,18,Trey McBride,ARI,LAR,TE,0,0,0,0,0,0,0,0,8,7,65,0,13.5
2025,18,Bijan Robinson,ATL,NOR,RB,0,0,0,0,0,15,33,0,3,3,10,0,7.3
2025,18,Darnell Mooney,ATL,NOR,WR,0,0,0,0,0,0,0,0,7,3,20,0,5.0
2025,18,David Sills,ATL,NOR,WR,0,0,0,0,0,0,0,0,1,1,11,0,2.1
2025,18,Drake London,ATL,NOR,WR,0,0,0,0,0,0,0,0,8,4,78,1,17.8
2025,18,Kirk Cousins,ATL,NOR,QB,32,18,180,1,1,3,0,0,0,0,0,0,9.2
2025,18,Kyle Pitts,ATL,NOR,TE,0,0,0,0,0,0,0,0,9,6,58,0,11.8
2025,18,Tyler Allgeier,ATL,NOR,RB,0,0,0,0,0,7,16,0,2,1,3,0,2.9
2025,18,DeAndre Hopkins,BAL,PIT,WR,0,0,0,0,0,0,0,0,2,0,0,0,0.0
2025,18,Derrick Henry,BAL,PIT,RB,0,0,0,0,0,20,126,0,1,0,0,0,12.6
2025,18,Devontez Walker,BAL,PIT,WR,0,0,0,0,0,0,0,0,2,2,46,1,12.6
2025,18,Isaiah Likely,BAL,PIT,TE,0,0,0,0,0,0,0,0,2,2,32,0,5.2
2025,18,Keaton Mitchell,BAL,PIT,RB,0,0,0,0,0,2,2,0,0,0,0,0,0.2
2025,18,Lamar Jackson,BAL,PIT,QB,18,11,238,3,1,4,9,0,0,0,0,0,20.42
2025,18,Mark Andrews,BAL,PIT,TE,0,0,0,0,0,0,0,0,3,2,14,0,3.4
2025,18,Patrick Ricard,BAL,PIT,RB,0,0,0,0,0,0,0,0,1,1,8,0,1.8
2025,18,Rasheen Ali,BAL,PIT,RB,0,0,0,0,0,1,0,0,0,0,0,0,0.0
2025,18,Zay Flowers,BAL,PIT,WR,0,0,0,0,0,0,0,0,6,4,138,2,29.8
2025,18,Dalton Kincaid,BUF,NYJ,TE,0,0,0,0,0,0,0,0,3,3,48,0,7.8
2025,18,Dawson Knox,BUF,NYJ,TE,0,0,0,0,0,0,0,0,2,2,24,1,10.4
2025,18,Gabe Davis,BUF,NYJ,WR,0,0,0,0,0,0,0,0,7,5,41,1,15.1
2025,18,Jackson Hawes,BUF,NYJ,TE,0,0,0,0,0,0,0,0,1,1,0,0,1.0
2025,18,James Cook,BUF,NYJ,RB,0,0,0,0,0,2,15,0,0,0,0,0,1.5
2025,18,Josh Palmer,BUF,NYJ,WR,0,0,0,0,0,0,0,0,3,1,1,0,1.1
2025,18,Keleki Latu,BUF,NYJ,TE,0,0,0,0,0,0,0,0,3,3,31,0,6.1
2025,18,Keon Coleman,BUF,NYJ,WR,0,0,0,0,0,0,0,0,4,2,49,0,8.9
2025,18,Mitchell Trubisky,BUF,NYJ,QB,29,22,259,4,0,5,5,0,0,0,0,0,28.86
2025,18,Ray Davis,BUF,NYJ,RB,0,0,0,0,0,21,151,0,2,2,23,1,25.4
2025,18,Reggie Gilliam,BUF,NYJ,RB,0,0,0,0,0,2,4,0,1,1,22,0,3.6
2025,18,Ty Johnson,BUF,NYJ,RB,0,0,0,0,0,13,36,1,2,2,20,1,19.6
2025,18,Bryce Young,CAR,TAM,QB,35,24,266,2,1,2,-1,0,0,0,0,0,16.54
2025,18,Brycen Tremayne,CAR,TAM,WR,0,0,0,0,0,0,0,0,2,2,27,0,4.7
2025,18,Chuba Hubbard,CAR,TAM,RB,0,0,0,0,0,5,10,0,2,2,7,0,3.7
2025,18,Jalen Coker,CAR,TAM,WR,0,0,0,0,0,0,0,0,7,6,47,1,16.7
2025,18,Jimmy Horn Jr.,CAR,TAM,WR,0,0,0,0,0,0,0,0,1,1,15,0,2.5
2025,18,Mitchell Evans,CAR,TAM,TE,0,0,0,0,0,0,0,0,2,1,5,0,1.5
2025,18,Rico Dowdle,CAR,TAM,RB,0,0,0,0,0,7,10,0,2,2,20,0,3.0
2025,18,Tetairoa McMillan,CAR,TAM,WR,0,0,0,0,0,0,0,0,6,4,85,0,12.5
2025,18,Tommy Tremble,CAR,TAM,TE,0,0,0,0,0,0,0,0,4,3,38,1,12.8
2025,18,Xavier Legette,CAR,TAM,WR,0,0,0,0,0,0,0,0,4,3,22,0,5.2
2025,18,Caleb Williams,CHI,DET,QB,33,20,212,2,1,1,1,0,0,0,0,0,16.58
2025,18,Cole Kmet,CHI,DET,TE,0,0,0,0,0,0,0,0,3,2,16,0,5.6
2025,18,Colston Loveland,CHI,DET,TE,0,0,0,0,0,0,0,0,13,10,91,1,25.1
2025,18,D'Andre Swift,CHI,DET,RB,0,0,0,0,0,10,40,0,2,1,8,0,5.8
2025,18,DJ Moore,CHI,DET,WR,0,0,0,0,0,0,0,0,3,1,11,0,2.1
2025,18,Jahdae Walker,CHI,DET,WR,0,0,0,0,0,0,0,0,3,2,36,1,11.6
2025,18,Kyle Monangai,CHI,DET,RB,0,0,0,0,0,6,14,0,1,1,15,0,5.9
2025,18,Luther Burden III,CHI,DET,WR,0,0,0,0,0,1,10,0,4,3,35,0,7.5
2025,18,Andrei Iosivas,CIN,CLE,WR,0,0,0,0,0,0,0,0,3,2,10,0,3.0
2025,18,Chase Brown,CIN,CLE,RB,0,0,0,0,0,13,72,0,6,4,18,1,19.0
2025,18,Drew Sample,CIN,CLE,TE,0,0,0,0,0,0,0,0,3,3,17,0,4.7
2025,18,Ja'Marr Chase,CIN,CLE,WR,0,0,0,0,0,0,0,0,10,8,96,1,23.6
2025,18,Joe Burrow,CIN,CLE,QB,39,29,236,3,1,2,17,0,0,0,0,0,21.14
2025,18,Joe Flacco,CIN,CLE,QB,0,0,0,0,0,1,2,0,0,0,0,0,0.2
2025,18,Ke'Shawn Williams,CIN,CLE,WR,0,0,0,0,0,1,9,0,0,0,0,0,0.9
2025,18,Mike Gesicki,CIN,CLE,TE,0,0,0,0,0,0,0,0,2,2,13,0,3.3
2025,18,Noah Fant,CIN,CLE,TE,0,0,0,0,0,0,0,0,1,1,5,0,-0.5
2025,18,Samaje Perine,CIN,CLE,RB,0,0,0,0,0,8,42,0,4,3,10,0,8.2
2025,18,Tee Higgins,CIN,CLE,WR,0,0,0,0,0,0,0,0,9,6,67,1,18.7
2025,18,Blake Whiteheart,CLE,CIN,TE,0,0,0,0,0,0,0,0,1,0,0,0,0.0
2025,18,Brenden Bates,CLE,CIN,TE,0,0,0,0,0,0,0,0,1,1,6,0,1.6
2025,18,Cedric Tillman,CLE,CIN,WR,0,0,0,0,0,0,0,0,2,1,23,0,3.3
2025,18,Dylan Sampson,CLE,CIN,RB,0,0,0,0,0,10,32,0,3,2,12,0,6.4
2025,18,Isaiah Bond,CLE,CIN,WR,0,0,0,0,0,1,4,0,2,1,13,0,2.7
2025,18,Jerry Jeudy,CLE,CIN,WR,0,0,0,0,0,1,5,0,6,2,17,0,4.2
2025,18,Malachi Corley,CLE,CIN,WR,0,0,0,0,0,3,18,0,2,2,20,0,5.8
2025,18,Raheim Sanders,CLE,CIN,RB,0,0,0,0,0,5,26,0,1,1,7,0,4.3
2025,18,Sal Cannella,CLE,CIN,TE,0,0,0,0,0,0,0,0,1,0,0,0,0.0
2025,18,Shedeur Sanders,CLE,CIN,QB,22,11,111,0,0,3,26,0,0,0,0,0,5.04
2025,18,Trayveon Williams,CLE,CIN,RB,0,0,0,0,0,1,7,0,2,1,13,0,3.0
2025,18,Brevyn Spann-Ford,DAL,NYG,TE,0,0,0,0,0,0,0,0,3,2,30,0,5.0
2025,18,CeeDee Lamb,DAL,NYG,WR,0,0,0,0,0,0,0,0,1,1,4,0,1.4
2025,18,Dak Prescott,DAL,NYG,QB,11,7,70,0,0,2,-1,0,0,0,0,0,0.7
2025,18,George Pickens,DAL,NYG,WR,0,0,0,0,0,0,0,0,3,1,9,0,1.9
2025,18,Hunter Luepke,DAL,NYG,RB,0,0,0,0,0,2,12,0,1,1,4,0,2.6
2025,18,Jake Ferguson,DAL,NYG,TE,0,0,0,0,0,0,0,0,2,1,5,0,1.5
2025,18,Jalen Tolbert,DAL,NYG,WR,0,0,0,0,0,0,0,0,1,0,0,0,0.0
2025,18,Jaydon Blue,DAL,NYG,RB,0,0,0,0,0,16,64,1,0,0,0,0,12.4
2025,18,Joe Milton III,DAL,NYG,QB,13,7,73,0,1,4,43,0,0,0,0,0,5.22
2025,18,Jonathan Mingo,DAL,NYG,WR,0,0,0,0,0,0,0,0,1,0,0,0,0.0
2025,18,KaVontae Turpin,DAL,NYG,WR,0,0,0,0,0,1,7,0,1,0,0,0,0.7
2025,18,Luke Schoonmaker,DAL,NYG,TE,0,0,0,0,0,0,0,0,1,1,12,0,2.2
2025,18,Phil Mafah,DAL,NYG,RB,0,0,0,0,0,5,18,1,2,2,11,0,10.9
2025,18,Ryan Flournoy,DAL,NYG,WR,0,0,0,0,0,0,0,0,7,5,68,0,11.8
2025,18,Bo Nix,DEN,LAC,QB,23,14,141,0,0,8,49,0,0,0,0,0,10.54
2025,18,Courtland Sutton,DEN,LAC,WR,0,0,0,0,0,0,0,0,2,1,5,0,1.5
2025,18,Evan Engram,DEN,LAC,TE,0,0,0,0,0,0,0,0,4,3,45,0,7.5
2025,18,Jaleel McLaughlin,DEN,LAC,RB,0,0,0,0,0,6,41,0,2,1,17,0,6.8
2025,18,Marvin Mims Jr.,DEN,LAC,WR,0,0,0,0,0,0,0,0,3,2,10,0,3.0
2025,18,Pat Bryant,DEN,LAC,WR,0,0,0,0,0,0,0,0,5,4,31,0,7.1
2025,18,RJ Harvey,DEN,LAC,RB,0,0,0,0,0,15,28,0,4,1,5,0,4.3
2025,18,Troy Franklin,DEN,LAC,WR,0,0,0,0,0,0,0,0,1,0,0,0,0.0
2025,18,Tyler Badie,DEN,LAC,RB,0,0,0,0,0,2,-2,0,2,2,28,0,4.6
2025,18,Amon-Ra St. Brown,DET,CHI,WR,0,0,0,0,0,0,0,0,15,11,139,0,24.9
2025,18,Anthony Firkser,DET,CHI,TE,0,0,0,0,0,0,0,0,3,2,2,0,2.2
2025,18,David Montgomery,DET,CHI,RB,0,0,0,0,0,8,42,0,1,1,13,0,6.5
2025,18,Isaac TeSlaa,DET,CHI,WR,0,0,0,0,0,0,0,0,1,1,18,0,2.8
2025,18,Jahmyr Gibbs,DET,CHI,RB,0,0,0,0,0,19,80,0,5,3,33,1,20.3
2025,18,Jameson Williams,DET,CHI,WR,0,0,0,0,0,0,0,0,8,6,74,0,13.4
2025,18,Jared Goff,DET,CHI,QB,42,27,331,1,1,0,0,0,0,0,0,0,15.24
2025,18,Kalif Raymond,DET,CHI,WR,0,0,0,0,0,0,0,0,3,3,52,0,8.2
2025,18,Bo Melton,GNB,MIN,WR,0,0,0,0,0,0,0,0,1,0,0,0,0.0
2025,18,Chris Brooks,GNB,MIN,RB,0,0,0,0,0,13,61,0,0,0,0,0,6.1
2025,18,Clayton Tune,GNB,MIN,QB,11,6,34,0,0,4,23,0,0,0,0,0,3.66
2025,18,Drake Dabney,GNB,MIN,TE,0,0,0,0,0,0,0,0,2,1,3,0,1.3
2025,18,Emanuel Wilson,GNB,MIN,RB,0,0,0,0,0,18,44,0,1,1,4,0,5.8
2025,18,Jakobie Keeney-James,GNB,MIN,WR,0,0,0,0,0,0,0,0,2,2,15,0,3.5
2025,18,Josh Whyle,GNB,MIN,TE,0,0,0,0,0,0,0,0,1,1,4,0,1.4
2025,18,Matthew Golden,GNB,MIN,WR,0,0,0,0,0,0,0,0,3,1,8,0,1.8
2025,18,British Brooks,HOU,IND,RB,0,0,0,0,0,13,63,0,0,0,0,0,6.3
2025,18,C.J. Stroud,HOU,IND,QB,23,14,169,1,0,2,5,1,0,0,0,0,17.26
2025,18,Cade Stover,HOU,IND,TE,0,0,0,0,0,0,0,0,2,1,9,0,1.9
2025,18,Christian Kirk,HOU,IND,WR,0,0,0,0,0,0,0,0,2,1,-3,0,0.7
2025,18,Dalton Schultz,HOU,IND,TE,0,0,0,0,0,0,0,0,4,4,73,0,11.3
2025,18,Dare Ogunbowale,HOU,IND,RB,0,0,0,0,0,1,3,0,2,1,6,0,1.9
2025,18,Davis Mills,HOU,IND,QB,9,3,36,0,0,1,12,0,0,0,0,0,2.64
2025,18,Jawhar Jordan,HOU,IND,RB,0,0,0,0,0,5,3,0,0,0,0,0,0.3
2025,18,Jayden Higgins,HOU,IND,WR,0,0,0,0,0,0,0,0,5,2,23,1,10.3
2025,18,Jaylin Noel,HOU,IND,WR,0,0,0,0,0,0,0,0,1,1,13,0,2.3
2025,18,Woody Marks,HOU,IND,RB,0,0,0,0,0,10,48,0,3,2,0,0,6.8
2025,18,Xavier Hutchinson,HOU,IND,WR,0,0,0,0,0,0,0,0,9,5,84,0,13.4
2025,18,Alec Pierce,IND,HOU,WR,0,0,0,0,0,0,0,0,7,4,132,2,29.2
2025,18,Ameer Abdullah,IND,HOU,RB,0,0,0,0,0,1,1,0,2,2,24,0,4.5
2025,18,Ashton Dulin,IND,HOU,WR,0,0,0,0,0,0,0,0,2,0,0,0,0.0
2025,18,DJ Giddens,IND,HOU,RB,0,0,0,0,0,8,30,0,0,0,0,0,3.0
2025,18,Jonathan Taylor,IND,HOU,RB,0,0,0,0,0,14,26,0,2,2,13,0,5.9
2025,18,Josh Downs,IND,HOU,WR,0,0,0,0,0,1,-5,0,4,4,61,0,9.6
2025,18,Michael Pittman,IND,HOU,WR,0,0,0,0,0,0,0,0,4,2,11,0,3.1
2025,18,Mo Alie-Cox,IND,HOU,TE,0,0,0,0,0,0,0,0,4,3,22,0,5.2
2025,18,Riley Leonard,IND,HOU,QB,34,21,270,2,1,3,21,1,0,0,-3,0,22.6
2025,18,Tyler Goodson,IND,HOU,RB,0,0,0,0,0,1,3,0,0,0,0,0,0.3
2025,18,Tyler Warren,IND,HOU,TE,0,0,0,0,0,0,0,0,8,5,26,0,7.6
2025,18,Bhayshul Tuten,JAX,TEN,RB,0,0,0,0,0,5,23,1,0,0,0,0,8.3
2025,18,Brenton Strange,JAX,TEN,TE,0,0,0,0,0,0,0,0,6,6,52,1,17.2
2025,18,Brian Thomas Jr.,JAX,TEN,WR,0,0,0,0,0,0,0,0,5,3,49,0,7.9
2025,18,Dyami Brown,JAX,TEN,WR,0,0,0,0,0,0,0,0,1,1,8,0,1.8
2025,18,Jakobi Meyers,JAX,TEN,WR,0,0,0,0,0,0,0,0,6,5,44,0,9.4
2025,18,Johnny Mundt,JAX,TEN,TE,0,0,0,0,0,0,0,0,1,1,16,0,2.6
2025,18,Nick Mullens,JAX,TEN,QB,2,2,16,0,0,3,-2,0,0,0,0,0,0.44
2025,18,Parker Washington,JAX,TEN,WR,0,0,0,0,0,0,0,0,9,5,87,1,19.7
2025,18,Quintin Morris,JAX,TEN,TE,0,0,0,0,0,0,0,0,1,1,5,1,7.5
2025,18,Tim Patrick,JAX,TEN,WR,0,0,0,0,0,0,0,0,1,1,4,0,1.4
2025,18,Travis Etienne,JAX,TEN,RB,0,0,0,0,0,14,32,0,1,1,6,0,4.8
2025,18,Trevor Lawrence,JAX,TEN,QB,30,22,255,3,0,2,11,0,0,0,0,0,23.3
2025,18,Brashard Smith,KAN,LVR,RB,0,0,0,0,0,12,56,0,4,2,2,0,7.8
2025,18,Chris Oladokun,KAN,LVR,QB,17,11,58,0,0,1,0,0,0,0,0,0,-1.68
2025,18,Dameon Pierce,KAN,LVR,RB,0,0,0,0,0,4,10,0,0,0,0,0,1.0
2025,18,Jalen Royals,KAN,LVR,WR,0,0,0,0,0,0,0,0,3,2,4,0,2.4
2025,18,JuJu Smith-Schuster,KAN,LVR,WR,0,0,0,0,0,0,0,0,2,2,13,0,3.3
2025,18,Kareem Hunt,KAN,LVR,RB,0,0,0,0,0,5,14,0,4,3,21,0,6.5
2025,18,Marquise Brown,KAN,LVR,WR,0,0,0,0,0,0,0,0,6,3,64,0,9.4
2025,18,Noah Gray,KAN,LVR,TE,0,0,0,0,0,0,0,0,5,3,30,0,6.0
2025,18,Shane Buechele,KAN,LVR,QB,14,7,88,0,0,1,4,0,0,0,0,0,3.92
2025,18,Travis Kelce,KAN,LVR,TE,0,0,0,0,0,0,0,0,6,3,12,0,4.2
2025,18,Derius Davis,LAC,DEN,WR,0,0,0,0,0,0,0,0,1,1,7,0,1.7
2025,18,Hassan Haskins,LAC,DEN,RB,0,0,0,0,0,1,3,0,0,0,0,0,0.3
2025,18,Jaret Patterson,LAC,DEN,RB,0,0,0,0,0,8,29,0,4,3,8,0,6.7
2025,18,KeAndre Lambert-Smith,LAC,DEN,WR,0,0,0,0,0,0,0,0,5,2,24,0,4.4
2025,18,Keenan Allen,LAC,DEN,WR,0,0,0,0,0,0,0,0,13,7,36,0,10.6
2025,18,Kimani Vidal,LAC,DEN,RB,0,0,0,0,0,3,12,0,1,1,-2,0,2.0
2025,18,Oronde Gadsden II,LAC,DEN,TE,0,0,0,0,0,0,0,0,2,2,23,0,4.3
2025,18,Tre Harris,LAC,DEN,WR,0,0,0,0,0,0,0,0,6,2,28,0,4.8
2025,18,Trey Lance,LAC,DEN,QB,44,20,136,0,1,9,69,0,0,0,0,0,8.34
2025,18,Tyler Conklin,LAC,DEN,TE,0,0,0,0,0,0,0,0,1,1,6,0,1.6
2025,18,Will Dissly,LAC,DEN,TE,0,0,0,0,0,0,0,0,5,1,6,0,1.6
2025,18,Blake Corum,LAR,ARI,RB,0,0,0,0,0,13,59,0,1,1,10,0,7.9
2025,18,Colby Parkinson,LAR,ARI,TE,0,0,0,0,0,0,0,0,7,4,36,2,19.6
2025,18,Davis Allen,LAR,ARI,TE,0,0,0,0,0,0,0,0,1,0,0,0,0.0
2025,18,Jimmy Garoppolo,LAR,ARI,QB,0,0,0,0,0,3,-3,0,0,0,0,0,-0.3
2025,18,Konata Mumpfield,LAR,ARI,WR,0,0,0,0,0,0,0,0,1,0,0,0,0.0
2025,18,Kyren Williams,LAR,ARI,RB,0,0,0,0,0,12,60,0,5,3,21,0,11.1
2025,18,Matthew Stafford,LAR,ARI,QB,40,25,259,4,0,1,3,0,0,0,0,0,26.66
2025,18,Puka Nacua,LAR,ARI,WR,0,0,0,0,0,2,24,0,11,10,76,1,26.0
2025,18,Tutu Atwell,LAR,ARI,WR,0,0,0,0,0,0,0,0,3,1,19,0,2.9
2025,18,Tyler Higbee,LAR,ARI,TE,0,0,0,0,0,0,0,0,6,5,91,1,20.1
2025,18,Xavier Smith,LAR,ARI,WR,0,0,0,0,0,0,0,0,2,1,6,0,1.6
2025,18,Aidan O'Connell,LVR,KAN,QB,22,10,102,0,0,1,7,0,0,0,0,0,4.78
2025,18,Ashton Jeanty,LVR,KAN,RB,0,0,0,0,0,26,87,0,5,3,7,0,12.4
2025,18,Dont'e Thornton Jr.,LVR,KAN,WR,0,0,0,0,0,0,0,0,1,0,0,0,0.0
2025,18,Jack Bech,LVR,KAN,WR,0,0,0,0,0,0,0,0,2,0,0,0,0.0
2025,18,Kenny Pickett,LVR,KAN,QB,4,1,3,0,1,1,9,0,0,0,0,0,-0.98
2025,18,Michael Mayer,LVR,KAN,TE,0,0,0,0,0,0,0,0,5,3,47,0,7.7
2025,18,Shedrick Jackson,LVR,KAN,WR,0,0,0,0,0,1,3,0,1,1,11,0,2.4
2025,18,Tre Tucker,LVR,KAN,WR,0,0,0,0,0,1,4,0,6,2,30,0,5.4
2025,18,Tyler Lockett,LVR,KAN,WR,0,0,0,0,0,0,0,0,5,1,5,0,1.5
2025,18,Zamir White,LVR,KAN,RB,0,0,0,0,0,1,5,0,1,1,5,0,2.0
2025,18,Alec Ingold,MIA,NWE,RB,0,0,0,0,0,0,0,0,2,1,3,0,1.3
2025,18,Cedrick Wilson Jr.,MIA,NWE,WR,0,0,0,0,0,0,0,0,2,0,0,0,0.0
2025,18,Greg Dulcich,MIA,NWE,TE,0,0,0,0,0,0,0,0,4,3,31,0,6.1
2025,18,Jaylen Wright,MIA,NWE,RB,0,0,0,0,0,13,23,0,2,2,17,0,4.0
2025,18,Julian Hill,MIA,NWE,TE,0,0,0,0,0,0,0,0,1,1,8,0,1.8
2025,18,Malik Washington,MIA,NWE,WR,0,0,0,0,0,2,22,0,4,3,6,1,11.8
2025,18,Ollie Gordon II,MIA,NWE,RB,0,0,0,0,0,9,9,0,1,1,2,0,2.1
2025,18,Quinn Ewers,MIA,NWE,QB,23,16,137,1,1,1,9,0,0,0,0,0,8.38
2025,18,Tahj Washington,MIA,NWE,WR,0,0,0,0,0,0,0,0,3,2,26,0,4.6
2025,18,Theo Wease Jr.,MIA,NWE,WR,0,0,0,0,0,0,0,0,5,3,44,0,7.4
2025,18,Ben Sims,MIN,GNB,TE,0,0,0,0,0,0,0,0,4,1,18,0,2.8
2025,18,Ben Yurosek,MIN,GNB,TE,0,0,0,0,0,0,0,0,1,1,9,0,1.9
2025,18,C.J. Ham,MIN,GNB,RB,0,0,0,0,0,1,1,1,1,1,6,0,7.7
2025,18,J.J. McCarthy,MIN,GNB,QB,23,14,182,0,0,2,7,0,0,0,0,0,7.98
2025,18,Jalen Nailor,MIN,GNB,WR,0,0,0,0,0,0,0,0,3,3,49,0,7.9
2025,18,Jordan Addison,MIN,GNB,WR,0,0,0,0,0,0,0,0,3,1,8,0,1.8
2025,18,Jordan Mason,MIN,GNB,RB,0,0,0,0,0,14,94,0,0,0,0,0,9.4
2025,18,Josh Oliver,MIN,GNB,TE,0,0,0,0,0,0,0,0,2,2,29,0,4.9
2025,18,Justin Jefferson,MIN,GNB,WR,0,0,0,0,0,1,3,0,11,8,101,0,18.4
2025,18,Max Brosmer,MIN,GNB,QB,8,7,57,0,0,0,0,0,0,0,0,0,0.28
2025,18,Ty Chandler,MIN,GNB,RB,0,0,0,0,0,10,23,0,4,3,11,0,6.4
2025,18,Zavier Scott,MIN,GNB,RB,0,0,0,0,0,3,9,0,1,1,8,0,2.7
2025,18,Audric Estimé,NOR,ATL,RB,0,0,0,0,0,21,63,0,5,5,43,0,15.6
2025,18,Dante Pettis,NOR,ATL,WR,0,0,0,0,0,0,0,0,5,5,60,0,11.0
2025,18,Evan Hull,NOR,ATL,RB,0,0,0,0,0,2,11,0,0,0,0,0,1.1
2025,18,Juwan Johnson,NOR,ATL,TE,0,0,0,0,0,0,0,0,5,3,61,0,7.1
2025,18,Kevin Austin Jr.,NOR,ATL,WR,0,0,0,0,0,0,0,0,9,4,37,0,7.7
2025,18,Ronnie Bell,NOR,ATL,WR,0,0,0,0,0,0,0,0,4,2,23,1,10.3
2025,18,Samori Toure,NOR,ATL,WR,0,0,0,0,0,0,0,0,3,1,3,0,1.3
2025,18,Taysom Hill,NOR,ATL,TE,0,0,0,0,0,0,0,0,3,3,32,0,6.2
2025,18,Tyler Shough,NOR,ATL,QB,35,23,259,1,1,3,34,1,0,0,0,0,21.76
2025,18,Austin Hooper,NWE,MIA,TE,0,0,0,0,0,0,0,0,1,1,5,0,1.5
2025,18,D'Ernest Johnson,NWE,MIA,RB,0,0,0,0,0,5,13,0,0,0,0,0,1.3
2025,18,DeMario Douglas,NWE,MIA,WR,0,0,0,0,0,0,0,0,3,2,29,0,4.9
2025,18,Drake Maye,NWE,MIA,QB,18,14,191,1,0,5,41,0,0,0,0,0,15.74
2025,18,Efton Chism III,NWE,MIA,WR,0,0,0,0,0,0,0,0,1,1,35,0,4.5
2025,18,Hunter Henry,NWE,MIA,TE,0,0,0,0,0,0,0,0,5,5,56,0,10.6
2025,18,Jack Westover,NWE,MIA,TE,0,0,0,0,0,0,0,0,1,1,0,0,1.0
2025,18,Joshua Dobbs,NWE,MIA,QB,4,3,23,0,0,3,0,0,0,0,0,0,0.92
2025,18,Kayshon Boutte,NWE,MIA,WR,0,0,0,0,0,0,0,0,4,2,24,0,4.4
2025,18,Kyle Williams,NWE,MIA,WR,0,0,0,0,0,1,5,0,0,0,0,0,0.5
2025,18,Rhamondre Stevenson,NWE,MIA,RB,0,0,0,0,0,7,131,2,2,2,22,1,35.3
2025,18,Stefon Diggs,NWE,MIA,WR,0,0,0,0,0,0,0,0,3,3,43,0,7.3
2025,18,TreVeyon Henderson,NWE,MIA,RB,0,0,0,0,0,13,53,2,0,0,0,0,17.3
2025,18,Chris Manhertz,NYG,DAL,TE,0,0,0,0,0,0,0,0,1,0,0,0,0.0
2025,18,Daniel Bellinger,NYG,DAL,TE,0,0,0,0,0,0,0,0,2,2,38,1,11.8
2025,18,Darius Slayton,NYG,DAL,WR,0,0,0,0,0,0,0,0,9,4,34,0,9.4
2025,18,Devin Singletary,NYG,DAL,RB,0,0,0,0,0,9,26,1,0,0,0,0,10.6
2025,18,Gunner Olszewski,NYG,DAL,WR,1,0,0,0,0,0,0,0,9,8,102,0,18.2
2025,18,Isaiah Hodgins,NYG,DAL,WR,0,0,0,0,0,0,0,0,2,0,0,0,0.0
2025,18,Jaxson Dart,NYG,DAL,QB,32,22,230,2,0,5,32,0,0,0,0,0,20.4
2025,18,Tyrone Tracy Jr.,NYG,DAL,RB,0,0,0,0,0,18,103,0,9,8,56,1,27.9
2025,18,Adonai Mitchell,NYJ,BUF,WR,0,0,0,0,0,0,0,0,3,0,0,0,0.0
2025,18,Andrew Beck,NYJ,BUF,RB,0,0,0,0,0,0,0,0,2,1,2,1,7.2
2025,18,Arian Smith,NYJ,BUF,WR,0,0,0,0,0,1,2,0,2,0,0,0,0.2
2025,18,Brady Cook,NYJ,BUF,QB,22,11,60,1,0,3,7,0,0,0,0,0,9.1
2025,18,Isaiah Williams,NYJ,BUF,WR,0,0,0,0,0,0,0,0,7,5,24,0,7.4
2025,18,John Metchie III,NYJ,BUF,WR,0,0,0,0,0,0,0,0,4,3,20,0,5.0
2025,18,Kene Nwangwu,NYJ,BUF,RB,0,0,0,0,0,7,18,0,1,0,0,0,1.8
2025,18,Khalil Herbert,NYJ,BUF,RB,0,0,0,0,0,12,42,0,2,1,4,0,5.6
2025,18,Quentin Skinner,NYJ,BUF,WR,0,0,0,0,0,0,0,0,1,1,10,0,4.0
2025,18,AJ Dillon,PHI,WAS,RB,0,0,0,0,0,0,0,0,1,1,3,0,1.3
2025,18,Britain Covey,PHI,WAS,WR,0,0,0,0,0,0,0,0,4,2,20,0,4.0
2025,18,Darius Cooper,PHI,WAS,WR,0,0,0,0,0,0,0,0,5,3,33,0,6.3
2025,18,DeVonta Smith,PHI,WAS,WR,0,0,0,0,0,0,0,0,4,3,52,0,8.2
2025,18,Grant Calcaterra,PHI,WAS,TE,0,0,0,0,0,0,0,0,3,2,21,1,10.1
2025,18,Jahan Dotson,PHI,WAS,WR,0,0,0,0,0,0,0,0,8,3,40,0,7.0
2025,18,Kylen Granson,PHI,WAS,TE,0,0,0,0,0,0,0,0,5,4,30,0,7.0
2025,18,Tank Bigsby,PHI,WAS,RB,0,0,0,0,0,16,75,1,1,1,31,0,17.6
2025,18,Tanner McKee,PHI,WAS,QB,40,21,241,1,1,2,3,0,0,0,0,0,11.94
2025,18,Will Shipley,PHI,WAS,RB,0,0,0,0,0,1,2,0,3,2,11,0,3.3
2025,18,Aaron Rodgers,PIT,BAL,QB,47,31,294,1,0,1,20,0,0,0,0,0,17.76
2025,18,Adam Thielen,PIT,BAL,WR,0,0,0,0,0,0,0,0,6,3,43,0,7.3
2025,18,Calvin Austin III,PIT,BAL,WR,0,0,0,0,0,0,0,0,7,3,55,1,14.5
2025,18,Connor Heyward,PIT,BAL,RB,0,0,0,0,0,3,2,1,1,1,3,0,7.5
2025,18,Jaylen Warren,PIT,BAL,RB,0,0,0,0,0,14,66,0,5,5,33,0,14.9
2025,18,Jonnu Smith,PIT,BAL,TE,0,0,0,0,0,1,2,0,2,1,2,0,1.4
2025,18,Kenny Gainwell,PIT,BAL,RB,0,0,0,0,0,5,10,1,9,8,64,0,21.4
2025,18,Marquez Valdes-Scantling,PIT,BAL,WR,0,0,0,0,0,0,0,0,7,5,34,0,8.4
2025,18,Pat Freiermuth,PIT,BAL,TE,0,0,0,0,0,0,0,0,5,3,51,0,8.1
2025,18,Scott Miller,PIT,BAL,WR,0,0,0,0,0,0,0,0,2,2,9,0,2.9
2025,18,AJ Barner,SEA,SFO,TE,0,0,0,0,0,0,0,0,3,2,14,0,3.4
2025,18,Cooper Kupp,SEA,SFO,WR,0,0,0,0,0,0,0,0,3,2,29,0,4.9
2025,18,Eric Saubert,SEA,SFO,TE,0,0,0,0,0,0,0,0,3,2,10,0,3.0
2025,18,Jaxon Smith-Njigba,SEA,SFO,WR,0,0,0,0,0,0,0,0,8,6,84,0,14.4
2025,18,Kenneth Walker III,SEA,SFO,RB,0,0,0,0,0,16,97,0,4,4,36,0,17.3
2025,18,Rashid Shaheed,SEA,SFO,WR,0,0,0,0,0,0,0,0,1,1,2,0,1.2
2025,18,Sam Darnold,SEA,SFO,QB,26,20,198,0,0,6,9,0,0,0,0,0,8.82
2025,18,Zach Charbonnet,SEA,SFO,RB,0,0,0,0,0,17,74,1,4,3,23,0,18.7
2025,18,Brian Robinson,SFO,SEA,RB,0,0,0,0,0,2,9,0,0,0,0,0,0.9
2025,18,Brock Purdy,SFO,SEA,QB,27,19,127,0,1,2,21,0,0,0,0,0,5.18
2025,18,Christian McCaffrey,SFO,SEA,RB,0,0,0,0,0,8,23,0,7,6,34,0,11.7
2025,18,Demarcus Robinson,SFO,SEA,WR,0,0,0,0,0,0,0,0,4,3,24,0,5.4
2025,18,George Kittle,SFO,SEA,TE,0,0,0,0,0,0,0,0,7,5,29,0,7.9
2025,18,Jauan Jennings,SFO,SEA,WR,0,0,0,0,0,0,0,0,6,4,35,0,7.5
2025,18,Kendrick Bourne,SFO,SEA,WR,0,0,0,0,0,0,0,0,1,0,0,0,0.0
2025,18,Kyle Juszczyk,SFO,SEA,RB,0,0,0,0,0,0,0,0,2,1,5,0,1.5
2025,18,Baker Mayfield,TAM,CAR,QB,22,16,203,1,1,4,31,0,0,0,0,0,13.22
2025,18,Bucky Irving,TAM,CAR,RB,0,0,0,0,0,26,85,0,2,1,13,0,10.8
2025,18,Cade Otton,TAM,CAR,TE,0,0,0,0,0,0,0,0,9,7,94,1,22.4
2025,18,Chris Godwin Jr.,TAM,CAR,WR,0,0,0,0,0,0,0,0,1,1,8,0,1.8
2025,18,Emeka Egbuka,TAM,CAR,WR,0,0,0,0,0,0,0,0,3,1,8,0,1.8
2025,18,Jalen McMillan,TAM,CAR,WR,0,0,0,0,0,0,0,0,1,1,11,0,2.1
2025,18,Mike Evans,TAM,CAR,WR,0,0,0,0,0,0,0,0,2,2,34,0,5.4
2025,18,Payne Durham,TAM,CAR,TE,0,0,0,0,0,0,0,0,1,0,0,0,0.0
2025,18,Rachaad White,TAM,CAR,RB,0,0,0,0,0,7,23,0,2,2,18,0,6.1
2025,18,Sean Tucker,TAM,CAR,RB,0,0,0,0,0,4,-4,0,0,0,0,0,-0.4
2025,18,Tez Johnson,TAM,CAR,WR,0,0,0,0,0,1,5,0,1,1,17,0,3.2
2025,18,Brandon Allen,TEN,JAX,QB,30,17,72,0,1,0,0,0,0,0,0,0,0.88
2025,18,Cam Ward,TEN,JAX,QB,3,3,52,0,0,2,11,1,0,0,0,0,9.18
2025,18,Chig Okonkwo,TEN,JAX,TE,0,0,0,0,0,0,0,0,5,2,2,0,2.2
2025,18,Chimere Dike,TEN,JAX,WR,0,0,0,0,0,0,0,0,4,3,27,0,5.7
2025,18,David Martin-Robinson,TEN,JAX,TE,0,0,0,0,0,0,0,0,3,1,14,0,2.4
2025,18,Elic Ayomanor,TEN,JAX,WR,0,0,0,0,0,0,0,0,10,3,50,0,8.0
2025,18,James Proche,TEN,JAX,WR,0,0,0,0,0,0,0,0,1,1,5,0,1.5
2025,18,Tony Pollard,TEN,JAX,RB,0,0,0,0,0,14,48,0,3,3,17,0,9.5
2025,18,Tyjae Spears,TEN,JAX,RB,0,0,0,0,0,3,18,0,7,7,9,0,9.7
2025,18,Ben Sinnott,WAS,PHI,TE,0,0,0,0,0,0,0,0,2,2,3,0,2.3
2025,18,Chris Rodriguez Jr.,WAS,PHI,RB,0,0,0,0,0,16,65,1,1,1,18,0,15.3
2025,18,Deebo Samuel Sr.,WAS,PHI,WR,0,0,0,0,0,2,1,0,5,2,20,0,4.1
2025,18,Jacory Croskey-Merritt,WAS,PHI,RB,0,0,0,0,0,13,29,0,0,0,0,0,2.9
2025,18,Jeremy McNichols,WAS,PHI,RB,0,0,0,0,0,1,3,0,1,1,8,0,2.1
2025,18,John Bates,WAS,PHI,TE,0,0,0,0,0,0,0,0,2,2,13,1,9.3
2025,18,Josh Johnson,WAS,PHI,QB,22,14,131,1,1,9,45,1,0,0,0,0,15.74
2025,18,Terry McLaurin,WAS,PHI,WR,0,0,0,0,0,0,0,0,4,4,57,0,9.7
2025,18,Treylon Burks,WAS,PHI,WR,0,0,0,0,0,0,0,0,4,2,12,0,3.2
2024,1,Elijah Higgins,ARI,BUF,TE,0,0,0,0,0,0,0,0,2,2,12,0,3.2
2024,1,Emari Demercado,ARI,BUF,RB,0,0,0,0,0,0,0,0,2,2,26,0,4.6
2024,1,Greg Dortch,ARI,BUF,WR,0,0,0,0,0,1,4,0,8,6,47,0,11.1
2024,1,James Conner,ARI,BUF,RB,0,0,0,0,0,16,50,1,4,3,33,0,19.3
2024,1,Kyler Murray,ARI,BUF,QB,31,21,162,1,0,5,57,0,0,0,0,0,14.18
2024,1,Marvin Harrison Jr.,ARI,BUF,WR,0,0,0,0,0,0,0,0,3,1,4,0,1.4
2024,1,Michael Wilson,ARI,BUF,WR,0,0,0,0,0,0,0,0,2,1,5,1,7.5
2024,1,Trey Benson,ARI,BUF,RB,0,0,0,0,0,3,13,0,1,1,5,0,2.8
2024,1,Trey McBride,ARI,BUF,TE,0,0,0,0,0,0,0,0,9,5,30,0,8.0
2024,1,Bijan Robinson,ATL,PIT,RB,0,0,0,0,0,18,68,0,5,5,43,0,16.1
2024,1,Charlie Woerner,ATL,PIT,TE,0,0,0,0,0,0,0,0,2,1,4,0,1.4
2024,1,Darnell Mooney,ATL,PIT,WR,0,0,0,0,0,0,0,0,3,1,15,0,2.5
2024,1,Drake London,ATL,PIT,WR,0,0,0,0,0,0,0,0,3,2,15,0,3.5
2024,1,Kirk Cousins,ATL,PIT,QB,26,16,155,1,2,1,0,0,0,0,0,0,6.2
2024,1,Kyle Pitts,ATL,PIT,TE,0,0,0,0,0,0,0,0,3,3,26,1,11.6
2024,1,Ray-Ray McCloud,ATL,PIT,WR,0,0,0,0,0,0,0,0,7,4,52,0,9.2
2024,1,Tyler Allgeier,ATL,PIT,RB,0,0,0,0,0,3,21,0,0,0,0,0,2.1
2024,1,Derrick Henry,BAL,KAN,RB,0,0,0,0,0,13,46,1,2,0,0,0,10.6
2024,1,Isaiah Likely,BAL,KAN,TE,0,0,0,0,0,0,0,0,12,9,111,1,26.1
2024,1,Justice Hill,BAL,KAN,RB,0,0,0,0,0,1,3,0,8,6,52,0,11.5
2024,1,Lamar Jackson,BAL,KAN,QB,41,26,273,1,0,16,122,0,0,0,0,0,25.12
2024,1,Mark Andrews,BAL,KAN,TE,0,0,0,0,0,0,0,0,2,2,14,0,3.4
2024,1,Nelson Agholor,BAL,KAN,WR,0,0,0,0,0,0,0,0,1,1,6,0,1.6
2024,1,Rashod Bateman,BAL,KAN,WR,0,0,0,0,0,0,0,0,5,2,53,0,7.3
2024,1,Zay Flowers,BAL,KAN,WR,0,0,0,0,0,2,14,0,10,6,37,0,11.1
2024,1,Curtis Samuel,BUF,ARI,WR,0,0,0,0,0,0,0,0,2,2,15,0,3.5
2024,1,Dalton Kincaid,BUF,ARI,TE,0,0,0,0,0,0,0,0,2,1,11,0,2.1
2024,1,Dawson Knox,BUF,ARI,TE,0,0,0,0,0,0,0,0,2,1,23,0,3.3
2024,1,James Cook,BUF,ARI,RB,0,0,0,0,0,19,71,0,3,3,32,0,13.3
2024,1,Josh Allen,BUF,ARI,QB,23,18,232,2,0,9,39,2,0,0,0,0,31.18
2024,1,Keon Coleman,BUF,ARI,WR,0,0,0,0,0,0,0,0,5,4,51,0,9.1
2024,1,Khalil Shakir,BUF,ARI,WR,0,0,0,0,0,0,0,0,3,3,42,1,13.2
2024,1,Mack Hollins,BUF,ARI,WR,0,0,0,0,0,0,0,0,2,2,25,1,10.5
2024,1,Marquez Valdes-Scantling,BUF,ARI,WR,0,0,0,0,0,0,0,0,2,1,19,0,2.9
2024,1,Ray Davis,BUF,ARI,RB,0,0,0,0,0,3,13,0,1,1,14,0,3.7
2024,1,Ty Johnson,BUF,ARI,RB,0,0,0,0,0,2,7,0,1,0,0,0,0.7
2024,1,Adam Thielen,CAR,NOR,WR,0,0,0,0,0,0,0,0,4,3,49,0,7.9
2024,1,Bryce Young,CAR,NOR,QB,30,13,161,0,2,4,12,1,0,0,0,0,9.64
2024,1,Chuba Hubbard,CAR,NOR,RB,0,0,0,0,0,6,14,0,0,0,0,0,1.4
2024,1,David Moore,CAR,NOR,WR,0,0,0,0,0,0,0,0,3,1,14,0,2.4
2024,1,Diontae Johnson,CAR,NOR,WR,0,0,0,0,0,0,0,0,6,2,19,0,3.9
2024,1,Ja'Tavion Sanders,CAR,NOR,TE,0,0,0,0,0,0,0,0,1,1,4,0,1.4
2024,1,Jonathan Mingo,CAR,NOR,WR,0,0,0,0,0,1,3,0,5,2,40,0,4.3
2024,1,Jordan Matthews,CAR,NOR,TE,0,0,0,0,0,0,0,0,1,0,0,0,0.0
2024,1,Mike Boone,CAR,NOR,RB,0,0,0,0,0,4,7,0,0,0,0,0,0.7
2024,1,Miles Sanders,CAR,NOR,RB,0,0,0,0,0,5,22,0,2,0,0,0,2.2
2024,1,Xavier Legette,CAR,NOR,WR,0,0,0,0,0,0,0,0,7,4,35,0,7.5
2024,1,Caleb Williams,CHI,TEN,QB,29,14,93,0,0,5,15,0,0,0,0,0,7.22
2024,1,Cole Kmet,CHI,TEN,TE,0,0,0,0,0,0,0,0,1,1,4,0,1.4
2024,1,D'Andre Swift,CHI,TEN,RB,0,0,0,0,0,10,30,0,1,0,0,0,5.0
2024,1,DJ Moore,CHI,TEN,WR,0,0,0,0,0,1,14,0,8,5,36,0,10.0
2024,1,DeAndre Carter,CHI,TEN,WR,0,0,0,0,0,0,0,0,2,1,6,0,1.6
2024,1,Gerald Everett,CHI,TEN,TE,0,0,0,0,0,0,0,0,1,1,-1,0,0.9
2024,1,Keenan Allen,CHI,TEN,WR,0,0,0,0,0,0,0,0,11,4,29,0,6.9
2024,1,Khalil Herbert,CHI,TEN,RB,0,0,0,0,0,2,4,0,0,0,0,0,0.4
2024,1,Rome Odunze,CHI,TEN,WR,0,0,0,0,0,0,0,0,4,1,11,0,2.1
2024,1,Travis Homer,CHI,TEN,RB,0,0,0,0,0,2,10,0,0,0,0,0,1.0
2024,1,Velus Jones Jr.,CHI,TEN,WR,0,0,0,0,0,2,11,0,1,1,8,0,2.9
2024,1,Andrei Iosivas,CIN,NWE,WR,0,0,0,0,0,0,0,0,6,3,26,0,5.6
2024,1,Charlie Jones,CIN,NWE,WR,0,0,0,0,0,0,0,0,1,1,5,0,1.5
2024,1,Chase Brown,CIN,NWE,RB,0,0,0,0,0,3,11,0,3,3,12,0,5.3
2024,1,Ja'Marr Chase,CIN,NWE,WR,0,0,0,0,0,0,0,0,6,6,62,0,12.2
2024,1,Joe Burrow,CIN,NWE,QB,29,21,164,0,0,4,15,0,0,0,0,0,8.06
2024,1,Mike Gesicki,CIN,NWE,TE,0,0,0,0,0,0,0,0,4,3,18,0,4.8
2024,1,Tanner Hudson,CIN,NWE,TE,0,0,0,0,0,0,0,0,3,2,18,0,1.8
2024,1,Trenton Irwin,CIN,NWE,WR,0,0,0,0,0,0,0,0,2,1,6,0,1.6
2024,1,Zack Moss,CIN,NWE,RB,0,0,0,0,0,9,44,1,4,2,17,0,14.1
2024,1,Amari Cooper,CLE,DAL,WR,0,0,0,0,0,0,0,0,9,2,16,0,3.6
2024,1,Cedric Tillman,CLE,DAL,WR,0,0,0,0,0,0,0,0,1,1,3,0,1.3
2024,1,David Njoku,CLE,DAL,TE,0,0,0,0,0,0,0,0,5,4,44,0,8.4
2024,1,Deshaun Watson,CLE,DAL,QB,45,24,169,1,2,5,39,0,0,0,0,0,10.66
2024,1,Elijah Moore,CLE,DAL,WR,0,0,0,0,0,0,0,0,6,3,9,0,3.9
2024,1,Jerome Ford,CLE,DAL,RB,0,0,0,0,0,12,44,1,7,6,25,0,18.9
2024,1,Jerry Jeudy,CLE,DAL,WR,0,0,0,0,0,0,0,0,8,3,25,1,11.5
2024,1,Jordan Akins,CLE,DAL,TE,0,0,0,0,0,0,0,0,4,3,27,0,5.7
2024,1,Pierre Strong,CLE,DAL,RB,0,0,0,0,0,2,10,0,3,2,20,0,5.0
2024,1,Brandin Cooks,DAL,CLE,WR,0,0,0,0,0,1,5,0,7,4,40,1,14.5
2024,1,CeeDee Lamb,DAL,CLE,WR,0,0,0,0,0,3,25,0,10,5,61,0,13.6
2024,1,Cooper Rush,DAL,CLE,QB,0,0,0,0,0,1,-1,0,0,0,0,0,-0.1
2024,1,Dak Prescott,DAL,CLE,QB,32,19,179,1,0,1,3,0,0,0,0,0,11.46
2024,1,Deuce Vaughn,DAL,CLE,RB,0,0,0,0,0,1,4,0,0,0,0,0,0.4
2024,1,Ezekiel Elliott,DAL,CLE,RB,0,0,0,0,0,10,40,1,2,2,9,0,12.9
2024,1,Hunter Luepke,DAL,CLE,RB,0,0,0,0,0,0,0,0,2,2,18,0,3.8
2024,1,Jake Ferguson,DAL,CLE,TE,0,0,0,0,0,0,0,0,5,3,15,0,4.5
2024,1,Jalen Brooks,DAL,CLE,WR,0,0,0,0,0,0,0,0,1,1,18,0,2.8
2024,1,Jalen Tolbert,DAL,CLE,WR,0,0,0,0,0,0,0,0,2,1,12,0,2.2
2024,1,KaVontae Turpin,DAL,CLE,WR,0,0,0,0,0,0,0,0,1,0,0,0,6.0
2024,1,Rico Dowdle,DAL,CLE,RB,0,0,0,0,0,8,26,0,1,1,6,0,4.2
2024,1,Adam Trautman,DEN,SEA,TE,0,0,0,0,0,0,0,0,1,0,0,0,0.0
2024,1,Audric Estimé,DEN,SEA,RB,0,0,0,0,0,2,14,0,0,0,0,0,1.4
2024,1,Bo Nix,DEN,SEA,QB,42,26,138,0,2,5,35,1,0,0,0,0,11.02
2024,1,Courtland Sutton,DEN,SEA,WR,0,0,0,0,0,0,0,0,12,4,38,0,7.8
2024,1,Devaughn Vele,DEN,SEA,WR,0,0,0,0,0,0,0,0,8,8,39,0,11.9
2024,1,Greg Dulcich,DEN,SEA,TE,0,0,0,0,0,0,0,0,3,2,12,0,3.2
2024,1,Jaleel McLaughlin,DEN,SEA,RB,0,0,0,0,0,10,27,0,5,5,1,0,5.8
2024,1,Javonte Williams,DEN,SEA,RB,0,0,0,0,0,8,23,0,2,1,0,0,3.3
2024,1,Josh Reynolds,DEN,SEA,WR,0,0,0,0,0,0,0,0,8,5,45,0,9.5
2024,1,Lil'Jordan Humphrey,DEN,SEA,WR,0,0,0,0,0,0,0,0,1,0,0,0,0.0
2024,1,Marvin Mims Jr.,DEN,SEA,WR,0,0,0,0,0,0,0,0,1,0,0,0,0.0
2024,1,Michael Burton,DEN,SEA,RB,0,0,0,0,0,0,0,0,1,1,3,0,1.3
2024,1,Amon-Ra St. Brown,DET,LAR,WR,0,0,0,0,0,0,0,0,6,3,13,0,4.3
2024,1,Brock Wright,DET,LAR,TE,0,0,0,0,0,0,0,0,1,1,2,0,1.2
2024,1,David Montgomery,DET,LAR,RB,0,0,0,0,0,17,91,1,1,1,2,0,16.3
2024,1,Jahmyr Gibbs,DET,LAR,RB,0,0,0,0,0,11,40,1,6,4,34,0,17.4
2024,1,Jameson Williams,DET,LAR,WR,0,0,0,0,0,1,13,0,9,5,121,1,24.4
2024,1,Jared Goff,DET,LAR,QB,28,18,217,1,1,1,7,0,0,0,0,0,11.38
2024,1,Kalif Raymond,DET,LAR,WR,0,0,0,0,0,1,12,0,0,0,0,0,1.2
2024,1,Sam LaPorta,DET,LAR,TE,0,0,0,0,0,0,0,0,5,4,45,0,8.5
2024,1,Christian Watson,GNB,PHI,WR,0,0,0,0,0,0,0,0,5,3,13,1,10.3
2024,1,Dontayvion Wicks,GNB,PHI,WR,0,0,0,0,0,0,0,0,3,0,0,0,0.0
2024,1,Emanuel Wilson,GNB,PHI,RB,0,0,0,0,0,4,46,0,3,2,2,0,6.8
2024,1,Jayden Reed,GNB,PHI,WR,0,0,0,0,0,1,33,1,6,4,138,1,33.1
2024,1,Jordan Love,GNB,PHI,QB,34,17,260,2,1,0,0,0,0,0,0,0,16.4
2024,1,Josh Jacobs,GNB,PHI,RB,0,0,0,0,0,16,84,0,3,2,20,0,12.4
2024,1,Luke Musgrave,GNB,PHI,TE,0,0,0,0,0,0,0,0,2,0,0,0,0.0
2024,1,Romeo Doubs,GNB,PHI,WR,0,0,0,0,0,0,0,0,7,4,50,0,9.0
2024,1,Tucker Kraft,GNB,PHI,TE,0,0,0,0,0,0,0,0,3,2,37,0,5.7
2024,1,Brevin Jordan,HOU,IND,TE,0,0,0,0,0,0,0,0,2,1,3,0,1.3
2024,1,C.J. Stroud,HOU,IND,QB,32,24,234,2,0,4,13,0,0,0,0,0,18.66
2024,1,Dalton Schultz,HOU,IND,TE,0,0,0,0,0,0,0,0,3,3,16,0,4.6
2024,1,Dameon Pierce,HOU,IND,RB,0,0,0,0,0,3,16,0,0,0,0,0,1.6
2024,1,Dare Ogunbowale,HOU,IND,RB,0,0,0,0,0,0,0,0,1,1,3,0,1.3
2024,1,Joe Mixon,HOU,IND,RB,0,0,0,0,0,30,159,1,3,3,19,0,26.8
2024,1,Nico Collins,HOU,IND,WR,0,0,0,0,0,0,0,0,8,6,117,0,17.7
2024,1,Stefon Diggs,HOU,IND,WR,0,0,0,0,0,1,6,0,6,6,33,2,21.9
2024,1,Tank Dell,HOU,IND,WR,0,0,0,0,0,2,19,0,7,3,40,0,8.9
2024,1,Xavier Hutchinson,HOU,IND,WR,0,0,0,0,0,0,0,0,1,1,3,0,1.3
2024,1,Adonai Mitchell,IND,HOU,WR,0,0,0,0,0,0,0,0,5,1,2,0,1.2
2024,1,Alec Pierce,IND,HOU,WR,0,0,0,0,0,0,0,0,3,3,125,1,21.5
2024,1,Anthony Richardson,IND,HOU,QB,19,9,212,2,1,6,56,1,0,0,0,0,26.08
2024,1,Ashton Dulin,IND,HOU,WR,0,0,0,0,0,0,0,0,1,1,54,1,12.4
2024,1,Jonathan Taylor,IND,HOU,RB,0,0,0,0,0,16,48,1,0,0,0,0,10.8
2024,1,Kylen Granson,IND,HOU,TE,0,0,0,0,0,0,0,0,1,0,0,0,0.0
2024,1,Michael Pittman,IND,HOU,WR,0,0,0,0,0,0,0,0,8,4,31,0,7.1
2024,1,Mo Alie-Cox,IND,HOU,TE,0,0,0,0,0,0,0,0,1,0,0,0,0.0
2024,1,Brian Thomas Jr.,JAX,MIA,WR,0,0,0,0,0,0,0,0,4,4,47,1,14.7
2024,1,Christian Kirk,JAX,MIA,WR,0,0,0,0,0,0,0,0,4,1,30,0,4.0
2024,1,Devin Duvernay,JAX,MIA,WR,0,0,0,0,0,1,3,0,0,0,0,0,0.3
2024,1,Evan Engram,JAX,MIA,TE,0,0,0,0,0,0,0,0,4,1,5,0,1.5
2024,1,Gabe Davis,JAX,MIA,WR,0,0,0,0,0,0,0,0,3,3,62,0,9.2
2024,1,Parker Washington,JAX,MIA,WR,0,0,0,0,0,0,0,0,1,1,3,0,1.3
2024,1,Tank Bigsby,JAX,MIA,RB,0,0,0,0,0,12,73,0,0,0,0,0,7.3
2024,1,Travis Etienne,JAX,MIA,RB,0,0,0,0,0,12,44,1,3,2,15,0,11.9
2024,1,Trevor Lawrence,JAX,MIA,QB,21,12,162,1,0,1,8,0,0,0,0,0,11.28
2024,1,Carson Steele,KAN,BAL,RB,0,0,0,0,0,2,3,0,0,0,0,0,0.3
2024,1,Isiah Pacheco,KAN,BAL,RB,0,0,0,0,0,15,45,1,3,2,33,0,15.8
2024,1,JuJu Smith-Schuster,KAN,BAL,WR,0,0,0,0,0,0,0,0,1,0,0,0,0.0
2024,1,Justin Watson,KAN,BAL,WR,0,0,0,0,0,0,0,0,1,1,25,0,3.5
2024,1,Noah Gray,KAN,BAL,TE,0,0,0,0,0,0,0,0,3,3,37,0,6.7
2024,1,Patrick Mahomes,KAN,BAL,QB,28,20,291,1,1,2,3,0,1,1,2,0,15.14
2024,1,Rashee Rice,KAN,BAL,WR,0,0,0,0,0,0,0,0,9,7,103,0,17.3
2024,1,Samaje Perine,KAN,BAL,RB,0,0,0,0,0,0,0,0,2,1,10,0,2.0
2024,1,Travis Kelce,KAN,BAL,TE,0,0,0,0,0,0,0,0,4,3,34,0,6.4
2024,1,Xavier Worthy,KAN,BAL,WR,0,0,0,0,0,1,21,1,3,2,47,1,20.8
2024,1,Derius Davis,LAC,LVR,WR,0,0,0,0,0,2,9,0,0,0,0,0,0.9
2024,1,Gus Edwards,LAC,LVR,RB,0,0,0,0,0,11,26,0,1,1,2,0,3.8
2024,1,Hayden Hurst,LAC,LVR,TE,0,0,0,0,0,0,0,0,3,2,33,0,5.3
2024,1,J.K. Dobbins,LAC,LVR,RB,0,0,0,0,0,10,135,1,3,3,4,0,22.9
2024,1,Josh Palmer,LAC,LVR,WR,0,0,0,0,0,0,0,0,4,2,15,0,3.5
2024,1,Justin Herbert,LAC,LVR,QB,26,17,144,1,0,4,6,0,0,0,0,0,10.36
2024,1,Ladd McConkey,LAC,LVR,WR,0,0,0,0,0,0,0,0,7,5,39,1,14.9
2024,1,Quentin Johnston,LAC,LVR,WR,0,0,0,0,0,0,0,0,5,3,38,0,6.8
2024,1,Will Dissly,LAC,LVR,TE,0,0,0,0,0,0,0,0,1,1,13,0,2.3
2024,1,Colby Parkinson,LAR,DET,TE,0,0,0,0,0,0,0,0,5,4,47,0,8.7
2024,1,Cooper Kupp,LAR,DET,WR,0,0,0,0,0,2,10,0,21,14,110,1,32.0
2024,1,Davis Allen,LAR,DET,TE,0,0,0,0,0,0,0,0,1,0,0,0,0.0
2024,1,Demarcus Robinson,LAR,DET,WR,0,0,0,0,0,0,0,0,7,4,42,0,8.2
2024,1,Kyren Williams,LAR,DET,RB,0,0,0,0,0,18,50,1,3,3,4,0,14.4
2024,1,Matthew Stafford,LAR,DET,QB,49,34,317,1,1,0,0,0,0,0,0,0,14.68
2024,1,Puka Nacua,LAR,DET,WR,0,0,0,0,0,1,7,0,4,4,35,0,8.2
2024,1,Ronnie Rivers,LAR,DET,RB,0,0,0,0,0,2,16,0,0,0,0,0,1.6
2024,1,Tyler Johnson,LAR,DET,WR,0,0,0,0,0,0,0,0,7,5,79,0,12.9
2024,1,Alexander Mattison,LVR,LAC,RB,0,0,0,0,0,5,19,0,6,4,43,1,16.2
2024,1,Brock Bowers,LVR,LAC,TE,0,0,0,0,0,0,0,0,8,6,58,0,11.8
2024,1,DJ Turner,LVR,LAC,WR,0,0,0,0,0,0,0,0,1,1,9,0,1.9
2024,1,Davante Adams,LVR,LAC,WR,0,0,0,0,0,0,0,0,6,5,59,0,10.9
2024,1,Gardner Minshew,LVR,LAC,QB,33,25,257,1,1,3,5,0,0,0,0,0,10.78
2024,1,Jakobi Meyers,LVR,LAC,WR,0,0,0,0,0,1,3,0,3,3,61,0,9.4
2024,1,Michael Mayer,LVR,LAC,TE,0,0,0,0,0,0,0,0,3,2,3,0,2.3
2024,1,Tre Tucker,LVR,LAC,WR,0,0,0,0,0,0,0,0,3,2,22,0,4.2
2024,1,Zamir White,LVR,LAC,RB,0,0,0,0,0,13,44,0,2,2,2,0,4.6
2024,1,Alec Ingold,MIA,JAX,RB,0,0,0,0,0,2,8,0,1,0,0,0,0.8
2024,1,Braxton Berrios,MIA,JAX,WR,0,0,0,0,0,0,0,0,2,0,0,0,0.0
2024,1,De'Von Achane,MIA,JAX,RB,0,0,0,0,0,10,24,1,7,7,76,0,23.0
2024,1,Durham Smythe,MIA,JAX,TE,0,0,0,0,0,0,0,0,3,0,0,0,0.0
2024,1,Jaylen Waddle,MIA,JAX,WR,0,0,0,0,0,1,3,0,5,5,109,0,16.2
2024,1,Jeff Wilson,MIA,JAX,RB,0,0,0,0,0,5,26,0,0,0,0,0,2.6
2024,1,Jonnu Smith,MIA,JAX,TE,0,0,0,0,0,0,0,0,2,1,7,0,1.7
2024,1,Julian Hill,MIA,JAX,TE,0,0,0,0,0,0,0,0,1,1,6,0,1.6
2024,1,Raheem Mostert,MIA,JAX,RB,0,0,0,0,0,6,9,0,3,2,10,0,3.9
2024,1,Tua Tagovailoa,MIA,JAX,QB,37,23,338,1,0,1,11,0,0,0,0,0,18.62
2024,1,Tyreek Hill,MIA,JAX,WR,0,0,0,0,0,0,0,0,12,7,130,1,26.0
2024,1,Aaron Jones,MIN,NYG,RB,0,0,0,0,0,14,94,1,2,2,15,0,18.9
2024,1,C.J. Ham,MIN,NYG,RB,0,0,0,0,0,0,0,0,2,2,11,0,1.1
2024,1,Jalen Nailor,MIN,NYG,WR,0,0,0,0,0,0,0,0,1,1,21,1,9.1
2024,1,Johnny Mundt,MIN,NYG,TE,0,0,0,0,0,0,0,0,3,2,15,0,3.5
2024,1,Jordan Addison,MIN,NYG,WR,0,0,0,0,0,0,0,0,4,3,35,0,6.5
2024,1,Josh Oliver,MIN,NYG,TE,0,0,0,0,0,0,0,0,2,2,27,0,4.7
2024,1,Justin Jefferson,MIN,NYG,WR,0,0,0,0,0,0,0,0,6,4,59,1,15.9
2024,1,Myles Gaskin,MIN,NYG,RB,0,0,0,0,0,1,-3,0,0,0,0,0,-0.3
2024,1,Sam Darnold,MIN,NYG,QB,24,19,208,2,1,3,3,0,0,0,0,0,14.62
2024,1,Ty Chandler,MIN,NYG,RB,0,0,0,0,0,8,17,0,3,3,25,0,7.2
2024,1,Alvin Kamara,NOR,CAR,RB,0,0,0,0,0,15,83,1,5,5,27,0,22.0
2024,1,Bub Means,NOR,CAR,WR,0,0,0,0,0,0,0,0,1,0,0,0,0.0
2024,1,Chris Olave,NOR,CAR,WR,0,0,0,0,0,0,0,0,2,2,11,0,3.1
2024,1,Derek Carr,NOR,CAR,QB,23,19,200,3,0,2,13,0,0,0,0,0,21.3
2024,1,Foster Moreau,NOR,CAR,TE,0,0,0,0,0,0,0,0,4,4,43,1,14.3
2024,1,Jamaal Williams,NOR,CAR,RB,0,0,0,0,0,11,38,1,1,1,13,0,12.1
2024,1,Jordan Mims,NOR,CAR,RB,0,0,0,0,0,4,11,0,0,0,0,0,1.1
2024,1,Juwan Johnson,NOR,CAR,TE,0,0,0,0,0,0,0,0,3,2,26,1,10.6
2024,1,Mason Tipton,NOR,CAR,WR,0,0,0,0,0,0,0,0,1,1,6,0,1.6
2024,1,Rashid Shaheed,NOR,CAR,WR,0,0,0,0,0,0,0,0,5,3,73,1,16.3
2024,1,Taysom Hill,NOR,CAR,TE,0,0,0,0,0,5,35,0,2,1,1,0,4.6
2024,1,Antonio Gibson,NWE,CIN,RB,0,0,0,0,0,7,18,0,0,0,0,0,1.8
2024,1,Austin Hooper,NWE,CIN,TE,0,0,0,0,0,0,0,0,4,2,31,0,5.1
2024,1,DeMario Douglas,NWE,CIN,WR,0,0,0,0,0,0,0,0,3,2,12,0,3.2
2024,1,Hunter Henry,NWE,CIN,TE,0,0,0,0,0,0,0,0,3,2,18,0,3.8
2024,1,Ja'Lynn Polk,NWE,CIN,WR,0,0,0,0,0,0,0,0,1,1,6,0,1.6
2024,1,Jacoby Brissett,NWE,CIN,QB,24,15,121,0,0,7,32,0,0,0,0,0,8.04
2024,1,K.J. Osborn,NWE,CIN,WR,0,0,0,0,0,0,0,0,6,3,21,0,5.1
2024,1,Rhamondre Stevenson,NWE,CIN,RB,0,0,0,0,0,25,120,1,3,3,6,0,21.6
2024,1,Tyquan Thornton,NWE,CIN,WR,0,0,0,0,0,0,0,0,3,2,27,0,4.7
2024,1,Daniel Bellinger,NYG,MIN,TE,0,0,0,0,0,0,0,0,1,1,3,0,1.3
2024,1,Daniel Jones,NYG,MIN,QB,42,22,186,0,2,6,15,0,0,0,0,0,4.94
2024,1,Darius Slayton,NYG,MIN,WR,0,0,0,0,0,0,0,0,4,3,26,0,5.6
2024,1,Devin Singletary,NYG,MIN,RB,0,0,0,0,0,10,37,0,5,4,15,0,9.2
2024,1,Eric Gray,NYG,MIN,RB,0,0,0,0,0,2,6,0,1,1,9,0,2.5
2024,1,Jalin Hyatt,NYG,MIN,WR,0,0,0,0,0,0,0,0,1,0,0,0,0.0
2024,1,Malik Nabers,NYG,MIN,WR,0,0,0,0,0,0,0,0,7,5,66,0,11.6
2024,1,Theo Johnson,NYG,MIN,TE,0,0,0,0,0,0,0,0,4,1,18,0,2.8
2024,1,Tyrone Tracy Jr.,NYG,MIN,RB,0,0,0,0,0,2,2,0,3,1,5,0,1.7
2024,1,Wan'Dale Robinson,NYG,MIN,WR,0,0,0,0,0,1,14,0,12,6,44,0,11.8
2024,1,Aaron Rodgers,NYJ,SFO,QB,21,13,167,1,1,1,-1,0,0,0,0,0,8.58
2024,1,Allen Lazard,NYJ,SFO,WR,0,0,0,0,0,0,0,0,9,6,89,2,26.9
2024,1,Braelon Allen,NYJ,SFO,RB,0,0,0,0,0,1,8,0,1,1,9,0,2.7
2024,1,Breece Hall,NYJ,SFO,RB,0,0,0,0,0,16,54,1,6,5,39,0,18.3
2024,1,Garrett Wilson,NYJ,SFO,WR,0,0,0,0,0,0,0,0,11,6,60,0,12.0
2024,1,Tyler Conklin,NYJ,SFO,TE,0,0,0,0,0,0,0,0,2,1,6,0,1.6
2024,1,Tyrod Taylor,NYJ,SFO,QB,8,6,36,1,0,1,7,0,0,0,0,0,6.14
2024,1,A.J. Brown,PHI,GNB,WR,0,0,0,0,0,0,0,0,10,5,119,1,22.9
2024,1,Dallas Goedert,PHI,GNB,TE,0,0,0,0,0,0,0,0,5,4,31,0,7.1
2024,1,DeVonta Smith,PHI,GNB,WR,0,0,0,0,0,0,0,0,8,7,84,0,15.4
2024,1,Grant Calcaterra,PHI,GNB,TE,0,0,0,0,0,0,0,0,1,1,11,0,2.1
2024,1,Jahan Dotson,PHI,GNB,WR,0,0,0,0,0,0,0,0,1,0,0,0,0.0
2024,1,Jalen Hurts,PHI,GNB,QB,34,20,278,2,2,13,33,0,0,0,0,0,16.42
2024,1,Johnny Wilson,PHI,GNB,WR,0,0,0,0,0,0,0,0,1,0,0,0,0.0
2024,1,Kenny Gainwell,PHI,GNB,RB,0,0,0,0,0,1,2,0,1,1,10,0,2.2
2024,1,Saquon Barkley,PHI,GNB,RB,0,0,0,0,0,24,109,2,2,2,23,1,33.2
2024,1,Calvin Austin III,PIT,ATL,WR,0,0,0,0,0,0,0,0,2,1,7,0,1.7
2024,1,Cordarrelle Patterson,PIT,ATL,RB,0,0,0,0,0,4,13,0,0,0,0,0,1.3
2024,1,Darnell Washington,PIT,ATL,TE,0,0,0,0,0,0,0,0,1,1,5,0,1.5
2024,1,George Pickens,PIT,ATL,WR,0,0,0,0,0,1,-10,0,7,6,85,0,13.5
2024,1,Jaylen Warren,PIT,ATL,RB,0,0,0,0,0,2,7,0,2,2,13,0,4.0
2024,1,Justin Fields,PIT,ATL,QB,23,17,156,0,0,14,57,0,0,0,0,0,11.94
2024,1,MyCole Pruitt,PIT,ATL,TE,0,0,0,0,0,0,0,0,2,1,9,0,1.9
2024,1,Najee Harris,PIT,ATL,RB,0,0,0,0,0,20,70,0,2,1,9,0,8.9
2024,1,Pat Freiermuth,PIT,ATL,TE,0,0,0,0,0,0,0,0,4,4,27,0,6.7
2024,1,Van Jefferson,PIT,ATL,WR,0,0,0,0,0,0,0,0,2,1,1,0,1.1
2024,1,DK Metcalf,SEA,DEN,WR,0,0,0,0,0,0,0,0,4,3,29,0,5.9
2024,1,Dareke Young,SEA,DEN,WR,0,0,0,0,0,0,0,0,1,0,0,0,0.0
2024,1,Geno Smith,SEA,DEN,QB,25,18,171,1,1,4,30,1,0,0,0,0,17.84
2024,1,Jaxon Smith-Njigba,SEA,DEN,WR,0,0,0,0,0,0,0,0,2,2,19,0,3.9
2024,1,Kenneth Walker III,SEA,DEN,RB,0,0,0,0,0,20,103,1,3,2,6,0,18.9
2024,1,Laviska Shenault Jr.,SEA,DEN,WR,0,0,0,0,0,1,1,0,1,1,0,0,1.1
2024,1,Noah Fant,SEA,DEN,TE,0,0,0,0,0,0,0,0,4,2,11,0,3.1
2024,1,Tyler Lockett,SEA,DEN,WR,0,0,0,0,0,0,0,0,7,6,77,0,13.7
2024,1,Zach Charbonnet,SEA,DEN,RB,0,0,0,0,0,8,12,0,3,2,29,1,12.1
2024,1,Brandon Aiyuk,SFO,NYJ,WR,0,0,0,0,0,0,0,0,5,2,28,0,4.8
2024,1,Brandon Allen,SFO,NYJ,QB,0,0,0,0,0,1,-1,0,0,0,0,0,-0.1
2024,1,Brock Purdy,SFO,NYJ,QB,29,19,231,0,0,1,11,0,0,0,0,0,10.34
2024,1,Deebo Samuel Sr.,SFO,NYJ,WR,0,0,0,0,0,8,23,1,9,5,54,0,18.7
2024,1,Eric Saubert,SFO,NYJ,TE,0,0,0,0,0,0,0,0,1,0,0,0,0.0
2024,1,George Kittle,SFO,NYJ,TE,0,0,0,0,0,0,0,0,5,4,40,0,8.0
2024,1,Jauan Jennings,SFO,NYJ,WR,0,0,0,0,0,0,0,0,5,5,64,0,11.4
2024,1,Jordan Mason,SFO,NYJ,RB,0,0,0,0,0,28,147,1,1,1,5,0,22.2
2024,1,Kyle Juszczyk,SFO,NYJ,RB,0,0,0,0,0,0,0,0,3,2,40,0,6.0
2024,1,Baker Mayfield,TAM,WAS,QB,30,24,289,4,0,3,21,0,0,0,0,0,29.66
2024,1,Bucky Irving,TAM,WAS,RB,0,0,0,0,0,9,62,0,3,2,14,0,9.6
2024,1,Cade Otton,TAM,WAS,TE,0,0,0,0,0,0,0,0,2,1,5,0,1.5
2024,1,Chris Godwin Jr.,TAM,WAS,WR,0,0,0,0,0,0,0,0,8,8,83,1,22.3
2024,1,Jalen McMillan,TAM,WAS,WR,0,0,0,0,0,0,0,0,3,1,32,1,10.2
2024,1,Kameron Johnson,TAM,WAS,WR,0,0,0,0,0,1,0,0,0,0,0,0,0.0
2024,1,Kyle Trask,TAM,WAS,QB,0,0,0,0,0,2,-2,0,0,0,0,0,-0.2
2024,1,Mike Evans,TAM,WAS,WR,0,0,0,0,0,0,0,0,6,5,61,2,23.1
2024,1,Rachaad White,TAM,WAS,RB,0,0,0,0,0,15,31,0,6,6,75,0,16.6
2024,1,Trey Palmer,TAM,WAS,WR,0,0,0,0,0,0,0,0,2,1,19,0,2.9
2024,1,Calvin Ridley,TEN,CHI,WR,0,0,0,0,0,0,0,0,7,3,50,0,8.0
2024,1,Chig Okonkwo,TEN,CHI,TE,0,0,0,0,0,0,0,0,2,2,15,1,9.5
2024,1,DeAndre Hopkins,TEN,CHI,WR,0,0,0,0,0,0,0,0,1,1,8,0,1.8
2024,1,Nick Vannett,TEN,CHI,TE,0,0,0,0,0,0,0,0,2,2,11,0,3.1
2024,1,Tony Pollard,TEN,CHI,RB,0,0,0,0,0,16,82,1,4,3,12,0,18.4
2024,1,Treylon Burks,TEN,CHI,WR,0,0,0,0,0,2,1,0,2,1,2,0,1.3
2024,1,Tyjae Spears,TEN,CHI,RB,0,0,0,0,0,4,21,0,4,4,11,0,7.2
2024,1,Tyler Boyd,TEN,CHI,WR,0,0,0,0,0,0,0,0,5,3,18,0,4.8
2024,1,Will Levis,TEN,CHI,QB,32,19,127,1,2,4,36,0,0,0,0,0,6.68
2024,1,Austin Ekeler,WAS,TAM,RB,0,0,0,0,0,2,10,0,4,4,52,0,10.2
2024,1,Brian Robinson,WAS,TAM,RB,0,0,0,0,0,12,40,1,4,3,49,0,17.9
2024,1,Jamison Crowder,WAS,TAM,WR,0,0,0,0,0,0,0,0,1,1,5,0,1.5
2024,1,Jayden Daniels,WAS,TAM,QB,24,17,184,0,0,16,88,2,0,0,0,0,28.16
2024,1,John Bates,WAS,TAM,TE,0,0,0,0,0,0,0,0,1,0,0,0,0.0
2024,1,Luke McCaffrey,WAS,TAM,WR,0,0,0,0,0,0,0,0,3,3,18,0,4.8
2024,1,Olamide Zaccheaus,WAS,TAM,WR,0,0,0,0,0,0,0,0,3,1,15,0,2.5
2024,1,Terry McLaurin,WAS,TAM,WR,0,0,0,0,0,0,0,0,4,2,17,0,3.7
2024,1,Zach Ertz,WAS,TAM,TE,0,0,0,0,0,0,0,0,4,3,28,0,5.8
2024,2,Clayton Tune,ARI,LAR,QB,0,0,0,0,0,1,-6,0,0,0,0,0,-2.6
2024,2,Elijah Higgins,ARI,LAR,TE,0,0,0,0,0,0,0,0,1,1,18,1,8.8
2024,2,Emari Demercado,ARI,LAR,RB,0,0,0,0,0,2,46,0,0,0,0,0,4.6
2024,2,Greg Dortch,ARI,LAR,WR,0,0,0,0,0,0,0,0,2,2,11,0,3.1
2024,2,James Conner,ARI,LAR,RB,0,0,0,0,0,21,122,1,1,1,2,0,19.4
2024,2,Kyler Murray,ARI,LAR,QB,21,17,266,3,0,5,59,0,0,0,0,0,28.54
2024,2,Marvin Harrison Jr.,ARI,LAR,WR,0,0,0,0,0,0,0,0,8,4,130,2,29.0
2024,2,Michael Wilson,ARI,LAR,WR,0,0,0,0,0,0,0,0,2,2,31,0,5.1
2024,2,Trey Benson,ARI,LAR,RB,0,0,0,0,0,11,10,0,1,1,7,0,2.7
2024,2,Trey McBride,ARI,LAR,TE,0,0,0,0,0,0,0,0,6,6,67,0,12.7
2024,2,Bijan Robinson,ATL,PHI,RB,0,0,0,0,0,14,97,0,5,4,25,0,16.2
2024,2,Darnell Mooney,ATL,PHI,WR,0,0,0,0,0,0,0,0,7,3,88,1,17.8
2024,2,Drake London,ATL,PHI,WR,0,0,0,0,0,0,0,0,7,6,54,1,17.4
2024,2,Kirk Cousins,ATL,PHI,QB,29,20,241,2,0,4,-1,0,0,0,0,0,17.54
2024,2,Kyle Pitts,ATL,PHI,TE,0,0,0,0,0,0,0,0,4,3,20,0,5.0
2024,2,Ray-Ray McCloud,ATL,PHI,WR,0,0,0,0,0,1,3,0,5,3,42,0,7.5
2024,2,Tyler Allgeier,ATL,PHI,RB,0,0,0,0,0,9,53,0,1,1,12,0,7.5
2024,2,Charlie Kolar,BAL,LVR,TE,0,0,0,0,0,0,0,0,1,1,4,0,1.4
2024,2,Derrick Henry,BAL,LVR,RB,0,0,0,0,0,18,84,1,1,1,12,0,16.6
2024,2,Isaiah Likely,BAL,LVR,TE,0,0,0,0,0,0,0,0,3,2,26,0,4.6
2024,2,Justice Hill,BAL,LVR,RB,0,0,0,0,0,4,22,0,2,2,10,0,5.2
2024,2,Lamar Jackson,BAL,LVR,QB,34,21,247,1,1,5,45,0,0,0,0,0,16.38
2024,2,Mark Andrews,BAL,LVR,TE,0,0,0,0,0,0,0,0,5,4,51,0,9.1
2024,2,Nelson Agholor,BAL,LVR,WR,0,0,0,0,0,0,0,0,3,1,13,0,2.3
2024,2,Patrick Ricard,BAL,LVR,RB,0,0,0,0,0,0,0,0,1,0,0,0,0.0
2024,2,Rashod Bateman,BAL,LVR,WR,0,0,0,0,0,0,0,0,4,3,40,0,7.0
2024,2,Zay Flowers,BAL,LVR,WR,0,0,0,0,0,0,0,0,11,7,91,1,22.1
2024,2,Curtis Samuel,BUF,MIA,WR,0,0,0,0,0,0,0,0,2,1,3,0,1.3
2024,2,Dalton Kincaid,BUF,MIA,TE,0,0,0,0,0,0,0,0,4,4,33,0,7.3
2024,2,James Cook,BUF,MIA,RB,0,0,0,0,0,11,78,2,1,1,17,1,28.5
2024,2,Josh Allen,BUF,MIA,QB,19,13,139,1,0,2,2,0,0,0,0,0,9.76
2024,2,Keon Coleman,BUF,MIA,WR,0,0,0,0,0,0,0,0,1,0,0,0,0.0
2024,2,Khalil Shakir,BUF,MIA,WR,0,0,0,0,0,1,2,0,5,5,54,0,10.6
2024,2,Mack Hollins,BUF,MIA,WR,0,0,0,0,0,0,0,0,1,0,0,0,0.0
2024,2,Marquez Valdes-Scantling,BUF,MIA,WR,0,0,0,0,0,0,0,0,1,0,0,0,0.0
2024,2,Mitchell Trubisky,BUF,MIA,QB,0,0,0,0,0,2,-2,0,0,0,0,0,-0.2
2024,2,Ray Davis,BUF,MIA,RB,0,0,0,0,0,9,29,0,1,1,-1,0,3.8
2024,2,Ty Johnson,BUF,MIA,RB,0,0,0,0,0,1,-1,0,2,1,33,0,4.2
2024,2,Adam Thielen,CAR,LAC,WR,0,0,0,0,0,0,0,0,3,2,20,0,4.0
2024,2,Bryce Young,CAR,LAC,QB,26,18,84,0,1,1,6,0,0,0,0,0,1.96
2024,2,Chuba Hubbard,CAR,LAC,RB,0,0,0,0,0,10,64,0,5,4,12,0,11.6
2024,2,David Moore,CAR,LAC,WR,0,0,0,0,0,0,0,0,1,0,0,0,0.0
2024,2,Diontae Johnson,CAR,LAC,WR,0,0,0,0,0,0,0,0,6,3,15,0,4.5
2024,2,Ja'Tavion Sanders,CAR,LAC,TE,0,0,0,0,0,0,0,0,2,2,8,0,2.8
2024,2,Jonathan Mingo,CAR,LAC,WR,0,0,0,0,0,0,0,0,2,1,1,0,1.1
2024,2,Miles Sanders,CAR,LAC,RB,0,0,0,0,0,7,20,0,3,3,5,0,5.5
2024,2,Tommy Tremble,CAR,LAC,TE,0,0,0,0,0,0,0,0,4,3,23,0,5.3
2024,2,Caleb Williams,CHI,HOU,QB,37,23,174,0,2,5,44,0,0,0,0,0,7.36
2024,2,Cole Kmet,CHI,HOU,TE,0,0,0,0,0,0,0,0,5,4,27,0,6.7
2024,2,D'Andre Swift,CHI,HOU,RB,0,0,0,0,0,14,18,0,5,4,24,0,8.2
2024,2,DJ Moore,CHI,HOU,WR,0,0,0,0,0,0,0,0,10,6,53,0,11.3
2024,2,DeAndre Carter,CHI,HOU,WR,0,0,0,0,0,0,0,0,4,3,32,0,6.2
2024,2,Gerald Everett,CHI,HOU,TE,0,0,0,0,0,0,0,0,3,2,1,0,2.1
2024,2,Khalil Herbert,CHI,HOU,RB,0,0,0,0,0,2,3,1,2,2,4,0,8.7
2024,2,Rome Odunze,CHI,HOU,WR,0,0,0,0,0,0,0,0,5,2,33,0,5.3
2024,2,Travis Homer,CHI,HOU,RB,0,0,0,0,0,1,6,0,0,0,0,0,0.6
2024,2,Andrei Iosivas,CIN,KAN,WR,0,0,0,0,0,0,0,0,4,2,7,2,14.7
2024,2,Chase Brown,CIN,KAN,RB,0,0,0,0,0,4,31,0,0,0,0,0,3.1
2024,2,Drew Sample,CIN,KAN,TE,0,0,0,0,0,0,0,0,3,3,28,0,5.8
2024,2,Erick All,CIN,KAN,TE,0,0,0,0,0,0,0,0,4,4,32,0,7.2
2024,2,Ja'Marr Chase,CIN,KAN,WR,0,0,0,0,0,0,0,0,5,4,35,0,7.5
2024,2,Jermaine Burton,CIN,KAN,WR,0,0,0,0,0,0,0,0,2,1,47,0,5.7
2024,2,Joe Burrow,CIN,KAN,QB,36,23,258,2,0,6,9,0,0,0,0,0,17.22
2024,2,Mike Gesicki,CIN,KAN,TE,0,0,0,0,0,0,0,0,9,7,91,0,16.1
2024,2,Trenton Irwin,CIN,KAN,WR,0,0,0,0,0,0,0,0,6,1,5,0,1.5
2024,2,Zack Moss,CIN,KAN,RB,0,0,0,0,0,12,34,0,1,1,13,0,5.7
2024,2,Amari Cooper,CLE,JAX,WR,0,0,0,0,0,0,0,0,8,3,11,0,4.1
2024,2,Cedric Tillman,CLE,JAX,WR,0,0,0,0,0,0,0,0,2,1,2,0,1.2
2024,2,D'Onta Foreman,CLE,JAX,RB,0,0,0,0,0,14,42,0,1,1,9,0,6.1
2024,2,David Bell,CLE,JAX,WR,0,0,0,0,0,0,0,0,3,3,27,0,5.7
2024,2,Deshaun Watson,CLE,JAX,QB,34,22,186,0,0,5,20,1,0,0,0,0,15.44
2024,2,Elijah Moore,CLE,JAX,WR,0,0,0,0,0,0,0,0,8,6,44,0,10.4
2024,2,Jameis Winston,CLE,JAX,QB,0,0,0,0,0,2,4,0,0,0,0,0,0.4
2024,2,Jerome Ford,CLE,JAX,RB,0,0,0,0,0,7,64,0,2,1,0,0,7.4
2024,2,Jerry Jeudy,CLE,JAX,WR,0,0,0,0,0,0,0,0,6,5,73,0,12.3
2024,2,Jordan Akins,CLE,JAX,TE,0,0,0,0,0,0,0,0,1,1,10,0,2.0
2024,2,Pierre Strong,CLE,JAX,RB,0,0,0,0,0,1,-5,0,2,1,10,0,1.5
2024,2,Brandin Cooks,DAL,NOR,WR,0,0,0,0,0,1,-3,0,2,2,19,0,3.6
2024,2,Brevyn Spann-Ford,DAL,NOR,TE,0,0,0,0,0,0,0,0,1,0,0,0,0.0
2024,2,CeeDee Lamb,DAL,NOR,WR,0,0,0,0,0,0,0,0,7,4,90,1,19.0
2024,2,Cooper Rush,DAL,NOR,QB,3,1,6,0,0,0,0,0,0,0,0,0,0.24
2024,2,Dak Prescott,DAL,NOR,QB,39,27,293,1,2,2,12,0,0,0,0,0,12.92
2024,2,Deuce Vaughn,DAL,NOR,RB,0,0,0,0,0,4,11,0,1,1,6,0,2.7
2024,2,Ezekiel Elliott,DAL,NOR,RB,0,0,0,0,0,6,16,0,3,2,16,0,5.2
2024,2,Jalen Brooks,DAL,NOR,WR,0,0,0,0,0,0,0,0,3,1,10,0,2.0
2024,2,Jalen Tolbert,DAL,NOR,WR,0,0,0,0,0,0,0,0,9,6,82,0,14.2
2024,2,KaVontae Turpin,DAL,NOR,WR,0,0,0,0,0,1,2,0,4,2,4,0,2.6
2024,2,Luke Schoonmaker,DAL,NOR,TE,0,0,0,0,0,0,0,0,6,6,43,0,10.3
2024,2,Rico Dowdle,DAL,NOR,RB,0,0,0,0,0,7,30,0,5,4,29,0,9.9
2024,2,Bo Nix,DEN,PIT,QB,35,20,246,0,2,4,25,0,0,0,0,0,8.34
2024,2,Courtland Sutton,DEN,PIT,WR,0,0,0,0,0,0,0,0,4,1,26,0,3.6
2024,2,Greg Dulcich,DEN,PIT,TE,0,0,0,0,0,0,0,0,8,3,16,0,4.6
2024,2,Jaleel McLaughlin,DEN,PIT,RB,0,0,0,0,0,3,6,0,0,0,0,0,0.6
2024,2,Javonte Williams,DEN,PIT,RB,0,0,0,0,0,11,17,0,5,5,48,0,11.5
2024,2,Josh Reynolds,DEN,PIT,WR,0,0,0,0,0,0,0,0,5,4,93,0,13.3
2024,2,Lil'Jordan Humphrey,DEN,PIT,WR,0,0,0,0,0,0,0,0,5,4,50,0,9.0
2024,2,Marvin Mims Jr.,DEN,PIT,WR,0,0,0,0,0,0,0,0,2,1,10,0,2.0
2024,2,Michael Burton,DEN,PIT,RB,0,0,0,0,0,0,0,0,1,1,1,0,1.1
2024,2,Nate Adkins,DEN,PIT,TE,0,0,0,0,0,0,0,0,1,0,0,0,0.0
2024,2,Troy Franklin,DEN,PIT,WR,0,0,0,0,0,0,0,0,1,0,0,0,0.0
2024,2,Tyler Badie,DEN,PIT,RB,0,0,0,0,0,1,16,0,1,1,2,0,2.8
2024,2,Amon-Ra St. Brown,DET,TAM,WR,0,0,0,0,0,0,0,0,18,11,119,0,22.9
2024,2,David Montgomery,DET,TAM,RB,0,0,0,0,0,11,35,1,4,4,35,0,17.0
2024,2,Jahmyr Gibbs,DET,TAM,RB,0,0,0,0,0,13,84,0,7,7,22,0,17.6
2024,2,Jameson Williams,DET,TAM,WR,0,0,0,0,0,1,15,0,11,5,79,0,14.4
2024,2,Jared Goff,DET,TAM,QB,55,34,307,0,2,2,5,0,0,0,0,0,8.78
2024,2,Kalif Raymond,DET,TAM,WR,0,0,0,0,0,0,0,0,4,3,27,0,5.7
2024,2,Sam LaPorta,DET,TAM,TE,0,0,0,0,0,0,0,0,3,2,13,0,3.3
2024,2,Sione Vaki,DET,TAM,RB,0,0,0,0,0,0,0,0,1,1,17,0,2.7
2024,2,Tim Patrick,DET,TAM,WR,0,0,0,0,0,0,0,0,4,2,12,0,3.2
2024,2,Tom Kennedy,DET,TAM,WR,0,0,0,0,0,0,0,0,1,0,0,0,0.0
2024,2,Bo Melton,GNB,IND,WR,0,0,0,0,0,2,8,0,0,0,0,0,0.8
2024,2,Dontayvion Wicks,GNB,IND,WR,0,0,0,0,0,0,0,0,4,3,26,1,11.6
2024,2,Emanuel Wilson,GNB,IND,RB,0,0,0,0,0,5,9,0,0,0,0,0,0.9
2024,2,Jayden Reed,GNB,IND,WR,0,0,0,0,0,2,37,0,2,2,9,0,6.6
2024,2,Josh Jacobs,GNB,IND,RB,0,0,0,0,0,32,151,0,0,0,0,0,13.1
2024,2,Luke Musgrave,GNB,IND,TE,0,0,0,0,0,0,0,0,1,1,6,0,1.6
2024,2,Malik Willis,GNB,IND,QB,14,12,122,1,0,6,41,0,0,0,0,0,12.98
2024,2,MarShawn Lloyd,GNB,IND,RB,0,0,0,0,0,6,15,0,1,1,3,0,2.8
2024,2,Romeo Doubs,GNB,IND,WR,0,0,0,0,0,0,0,0,3,3,62,0,9.2
2024,2,Tucker Kraft,GNB,IND,TE,0,0,0,0,0,0,0,0,2,2,16,0,3.6
2024,2,Brevin Jordan,HOU,CHI,TE,0,0,0,0,0,0,0,0,1,1,4,0,1.4
2024,2,C.J. Stroud,HOU,CHI,QB,36,23,260,1,0,1,-1,0,0,0,0,0,14.3
2024,2,Cade Stover,HOU,CHI,TE,0,0,0,0,0,0,0,0,1,1,18,0,2.8
2024,2,Cam Akers,HOU,CHI,RB,0,0,0,0,0,7,32,0,1,1,3,0,2.5
2024,2,Dalton Schultz,HOU,CHI,TE,0,0,0,0,0,0,0,0,3,2,21,0,4.1
2024,2,Dare Ogunbowale,HOU,CHI,RB,0,0,0,0,0,2,3,0,2,2,20,0,4.3
2024,2,Joe Mixon,HOU,CHI,RB,0,0,0,0,0,9,25,0,5,3,25,0,8.0
2024,2,Nico Collins,HOU,CHI,WR,0,0,0,0,0,0,0,0,10,8,135,1,27.5
2024,2,Stefon Diggs,HOU,CHI,WR,0,0,0,0,0,0,0,0,6,4,37,0,7.7
2024,2,Tank Dell,HOU,CHI,WR,0,0,0,0,0,3,16,0,4,1,-3,0,2.3
2024,2,Xavier Hutchinson,HOU,CHI,WR,0,0,0,0,0,0,0,0,1,0,0,0,0.0
2024,2,Adonai Mitchell,IND,GNB,WR,0,0,0,0,0,0,0,0,4,1,30,0,4.0
2024,2,Alec Pierce,IND,GNB,WR,0,0,0,0,0,0,0,0,7,5,56,1,16.6
2024,2,Andrew Ogletree,IND,GNB,TE,0,0,0,0,0,0,0,0,2,1,12,0,2.2
2024,2,Anthony Richardson,IND,GNB,QB,34,17,204,1,3,4,37,0,0,0,0,0,9.86
2024,2,Ashton Dulin,IND,GNB,WR,0,0,0,0,0,0,0,0,2,1,13,0,2.3
2024,2,Jonathan Taylor,IND,GNB,RB,0,0,0,0,0,12,103,0,4,2,32,0,15.5
2024,2,Kylen Granson,IND,GNB,TE,0,0,0,0,0,0,0,0,2,1,9,0,1.9
2024,2,Michael Pittman,IND,GNB,WR,0,0,0,0,0,0,0,0,7,3,21,0,5.1
2024,2,Mo Alie-Cox,IND,GNB,TE,0,0,0,0,0,0,0,0,1,1,22,0,3.2
2024,2,Trey Sermon,IND,GNB,RB,0,0,0,0,0,2,0,0,1,1,7,0,1.7
2024,2,Tyler Goodson,IND,GNB,RB,0,0,0,0,0,0,0,0,1,1,2,0,1.2
2024,2,Brenton Strange,JAX,CLE,TE,0,0,0,0,0,0,0,0,6,3,65,0,9.5
2024,2,Brian Thomas Jr.,JAX,CLE,WR,0,0,0,0,0,0,0,0,4,2,94,0,11.4
2024,2,Christian Kirk,JAX,CLE,WR,0,0,0,0,0,0,0,0,3,1,-1,0,0.9
2024,2,D'Ernest Johnson,JAX,CLE,RB,0,0,0,0,0,5,26,0,0,0,0,0,2.6
2024,2,Devin Duvernay,JAX,CLE,WR,0,0,0,0,0,1,4,0,0,0,0,0,0.4
2024,2,Gabe Davis,JAX,CLE,WR,0,0,0,0,0,0,0,0,7,3,43,0,7.3
2024,2,Luke Farrell,JAX,CLE,TE,0,0,0,0,0,0,0,0,2,2,13,0,3.3
2024,2,Parker Washington,JAX,CLE,WR,0,0,0,0,0,0,0,0,1,0,0,0,0.0
2024,2,Travis Etienne,JAX,CLE,RB,0,0,0,0,0,13,52,1,4,3,6,0,14.8
2024,2,Trevor Lawrence,JAX,CLE,QB,30,14,220,0,0,2,45,0,0,0,0,0,13.3
2024,2,Carson Steele,KAN,CIN,RB,0,0,0,0,0,7,24,0,0,0,0,0,0.4
2024,2,Isiah Pacheco,KAN,CIN,RB,0,0,0,0,0,19,90,0,5,5,21,0,16.1
2024,2,Jared Wiley,KAN,CIN,TE,0,0,0,0,0,0,0,0,1,1,7,0,1.7
2024,2,Justin Watson,KAN,CIN,WR,0,0,0,0,0,0,0,0,2,2,22,0,4.2
2024,2,Patrick Mahomes,KAN,CIN,QB,25,18,151,2,2,4,29,0,0,0,0,0,12.94
2024,2,Rashee Rice,KAN,CIN,WR,0,0,0,0,0,0,0,0,6,5,75,1,18.5
2024,2,Samaje Perine,KAN,CIN,RB,0,0,0,0,0,0,0,0,1,1,3,0,1.3
2024,2,Travis Kelce,KAN,CIN,TE,0,0,0,0,0,1,1,0,3,1,5,0,1.6
2024,2,Xavier Worthy,KAN,CIN,WR,0,0,0,0,0,1,5,0,4,2,17,0,4.2
2024,2,Eric Tomlinson,LAC,CAR,TE,0,0,0,0,0,0,0,0,1,0,0,0,0.0
2024,2,Gus Edwards,LAC,CAR,RB,0,0,0,0,0,18,59,0,0,0,0,0,5.9
2024,2,Hassan Haskins,LAC,CAR,RB,0,0,0,0,0,3,11,0,0,0,0,0,1.1
2024,2,Hayden Hurst,LAC,CAR,TE,0,0,0,0,0,0,0,0,2,1,5,0,1.5
2024,2,J.K. Dobbins,LAC,CAR,RB,0,0,0,0,0,17,131,1,1,1,0,0,20.1
2024,2,Josh Palmer,LAC,CAR,WR,0,0,0,0,0,0,0,0,2,2,19,0,3.9
2024,2,Justin Herbert,LAC,CAR,QB,20,14,130,2,1,6,18,0,0,0,0,0,11.0
2024,2,Ladd McConkey,LAC,CAR,WR,0,0,0,0,0,0,0,0,4,2,26,0,4.6
2024,2,Quentin Johnston,LAC,CAR,WR,0,0,0,0,0,0,0,0,6,5,51,2,22.1
2024,2,Will Dissly,LAC,CAR,TE,0,0,0,0,0,0,0,0,3,3,29,0,5.9
2024,2,Blake Corum,LAR,ARI,RB,0,0,0,0,0,8,28,0,0,0,0,0,2.8
2024,2,Colby Parkinson,LAR,ARI,TE,0,0,0,0,0,0,0,0,2,1,12,0,2.2
2024,2,Cooper Kupp,LAR,ARI,WR,0,0,0,0,0,0,0,0,6,4,37,0,7.7
2024,2,Demarcus Robinson,LAR,ARI,WR,0,0,0,0,0,0,0,0,4,2,50,0,7.0
2024,2,Jordan Whittington,LAR,ARI,WR,0,0,0,0,0,0,0,0,2,2,22,0,4.2
2024,2,Kyren Williams,LAR,ARI,RB,0,0,0,0,0,12,25,1,5,4,27,0,15.2
2024,2,Matthew Stafford,LAR,ARI,QB,27,19,216,0,0,0,0,0,0,0,0,0,6.64
2024,2,Ronnie Rivers,LAR,ARI,RB,0,0,0,0,0,0,0,0,1,1,0,0,1.0
2024,2,Tutu Atwell,LAR,ARI,WR,0,0,0,0,0,0,0,0,4,3,48,0,7.8
2024,2,Tyler Johnson,LAR,ARI,WR,0,0,0,0,0,0,0,0,3,2,20,0,4.0
2024,2,Alexander Mattison,LVR,BAL,RB,0,0,0,0,0,4,1,1,0,0,0,0,6.1
2024,2,Ameer Abdullah,LVR,BAL,RB,0,0,0,0,0,2,1,0,2,2,1,0,2.2
2024,2,Brock Bowers,LVR,BAL,TE,0,0,0,0,0,0,0,0,9,9,98,0,18.8
2024,2,DJ Turner,LVR,BAL,WR,0,0,0,0,0,1,2,0,0,0,0,0,0.2
2024,2,Davante Adams,LVR,BAL,WR,0,0,0,0,0,0,0,0,12,9,110,1,26.0
2024,2,Gardner Minshew,LVR,BAL,QB,38,30,276,1,1,1,-1,0,0,0,0,0,12.94
2024,2,Harrison Bryant,LVR,BAL,TE,0,0,0,0,0,0,0,0,1,0,0,0,0.0
2024,2,Jakobi Meyers,LVR,BAL,WR,0,0,0,0,0,0,0,0,5,4,29,0,6.9
2024,2,Michael Mayer,LVR,BAL,TE,0,0,0,0,0,0,0,0,1,1,11,0,2.1
2024,2,Tre Tucker,LVR,BAL,WR,0,0,0,0,0,0,0,0,2,2,13,0,3.3
2024,2,Zamir White,LVR,BAL,RB,0,0,0,0,0,9,24,0,4,3,14,0,6.8
2024,2,Alec Ingold,MIA,BUF,RB,0,0,0,0,0,2,2,0,0,0,0,0,0.2
2024,2,Braxton Berrios,MIA,BUF,WR,0,0,0,0,0,0,0,0,1,0,0,0,0.0
2024,2,De'Von Achane,MIA,BUF,RB,0,0,0,0,0,22,96,0,7,7,69,1,29.5
2024,2,Durham Smythe,MIA,BUF,TE,0,0,0,0,0,0,0,0,1,1,8,0,1.8
2024,2,Grant DuBose,MIA,BUF,WR,0,0,0,0,0,0,0,0,3,1,13,0,2.3
2024,2,Jaylen Waddle,MIA,BUF,WR,0,0,0,0,0,1,4,0,4,4,41,0,8.5
2024,2,Jaylen Wright,MIA,BUF,RB,0,0,0,0,0,5,4,0,0,0,0,0,0.4
2024,2,Jeff Wilson,MIA,BUF,RB,0,0,0,0,0,0,0,0,2,2,12,0,3.2
2024,2,Jonnu Smith,MIA,BUF,TE,0,0,0,0,0,0,0,0,7,6,53,0,11.3
2024,2,Julian Hill,MIA,BUF,TE,0,0,0,0,0,0,0,0,2,0,0,0,0.0
2024,2,Robbie Chosen,MIA,BUF,WR,0,0,0,0,0,0,0,0,4,1,5,0,1.5
2024,2,Skylar Thompson,MIA,BUF,QB,14,8,80,0,0,1,4,0,0,0,0,0,3.6
2024,2,Tua Tagovailoa,MIA,BUF,QB,25,17,145,1,3,2,17,0,0,0,0,0,5.5
2024,2,Tyreek Hill,MIA,BUF,WR,0,0,0,0,0,1,12,0,6,3,24,0,6.6
2024,2,Aaron Jones,MIN,SFO,RB,0,0,0,0,0,9,32,0,6,5,36,0,9.8
2024,2,Brandon Powell,MIN,SFO,WR,0,0,0,0,0,0,0,0,2,2,16,0,3.6
2024,2,Jalen Nailor,MIN,SFO,WR,0,0,0,0,0,0,0,0,4,3,54,1,14.4
2024,2,Johnny Mundt,MIN,SFO,TE,0,0,0,0,0,0,0,0,3,2,12,0,3.2
2024,2,Justin Jefferson,MIN,SFO,WR,0,0,0,0,0,0,0,0,7,4,133,1,23.3
2024,2,Sam Darnold,MIN,SFO,QB,26,17,268,2,1,5,32,0,0,0,0,0,19.92
2024,2,Trent Sherfield,MIN,SFO,WR,0,0,0,0,0,0,0,0,2,1,17,0,2.7
2024,2,Ty Chandler,MIN,SFO,RB,0,0,0,0,0,10,82,0,0,0,0,0,8.2
2024,2,Adam Prentice,NOR,DAL,RB,0,0,0,0,0,0,0,0,1,0,0,0,0.0
2024,2,Alvin Kamara,NOR,DAL,RB,0,0,0,0,0,20,115,3,3,2,65,1,44.0
2024,2,Chris Olave,NOR,DAL,WR,0,0,0,0,0,1,7,0,6,4,81,0,12.8
2024,2,Derek Carr,NOR,DAL,QB,16,11,243,2,1,1,1,1,0,0,0,0,21.82
2024,2,Jake Haener,NOR,DAL,QB,0,0,0,0,0,3,-3,0,0,0,0,0,-0.3
2024,2,Jamaal Williams,NOR,DAL,RB,0,0,0,0,0,8,39,0,0,0,0,0,3.9
2024,2,Rashid Shaheed,NOR,DAL,WR,0,0,0,0,0,3,13,0,4,4,96,1,20.9
2024,2,Taysom Hill,NOR,DAL,TE,0,0,0,0,0,3,18,0,1,1,1,0,2.9
2024,2,Antonio Gibson,NWE,SEA,RB,0,0,0,0,0,11,96,0,1,1,7,0,11.3
2024,2,Austin Hooper,NWE,SEA,TE,0,0,0,0,0,0,0,0,1,1,5,0,1.5
2024,2,Hunter Henry,NWE,SEA,TE,0,0,0,0,0,0,0,0,12,8,109,0,18.9
2024,2,Ja'Lynn Polk,NWE,SEA,WR,0,0,0,0,0,1,0,0,3,2,12,1,9.2
2024,2,JaMycal Hasty,NWE,SEA,RB,0,0,0,0,0,1,2,0,0,0,0,0,0.2
2024,2,Jacoby Brissett,NWE,SEA,QB,27,15,149,1,0,2,6,0,0,0,0,0,10.56
2024,2,K.J. Osborn,NWE,SEA,WR,0,0,0,0,0,0,0,0,2,1,7,0,1.7
2024,2,Rhamondre Stevenson,NWE,SEA,RB,0,0,0,0,0,21,81,1,5,2,9,0,17.0
2024,2,Daniel Jones,NYG,WAS,QB,28,16,178,2,0,5,32,0,0,0,0,0,18.32
2024,2,Darius Slayton,NYG,WAS,WR,0,0,0,0,0,0,0,0,4,3,33,0,6.3
2024,2,Devin Singletary,NYG,WAS,RB,0,0,0,0,0,16,95,1,1,1,0,0,14.5
2024,2,Malik Nabers,NYG,WAS,WR,0,0,0,0,0,0,0,0,18,10,127,1,28.7
2024,2,Tyrone Tracy Jr.,NYG,WAS,RB,0,0,0,0,0,1,2,0,0,0,0,0,0.2
2024,2,Wan'Dale Robinson,NYG,WAS,WR,0,0,0,0,0,0,0,0,4,2,18,1,9.8
2024,2,Aaron Rodgers,NYJ,TEN,QB,30,18,176,2,0,2,1,0,0,0,0,0,15.14
2024,2,Allen Lazard,NYJ,TEN,WR,0,0,0,0,0,0,0,0,4,2,11,0,3.1
2024,2,Braelon Allen,NYJ,TEN,RB,0,0,0,0,0,7,33,1,4,2,23,1,19.6
2024,2,Breece Hall,NYJ,TEN,RB,0,0,0,0,0,14,62,0,8,7,52,1,24.4
2024,2,Garrett Wilson,NYJ,TEN,WR,0,0,0,0,0,1,5,0,6,4,57,0,10.2
2024,2,Jeremy Ruckert,NYJ,TEN,TE,0,0,0,0,0,0,0,0,3,0,0,0,0.0
2024,2,Malachi Corley,NYJ,TEN,WR,0,0,0,0,0,0,0,0,1,1,4,0,1.4
2024,2,Mike Williams,NYJ,TEN,WR,0,0,0,0,0,0,0,0,1,1,19,0,2.9
2024,2,Tyler Conklin,NYJ,TEN,TE,0,0,0,0,0,0,0,0,2,1,10,0,2.0
2024,2,Britain Covey,PHI,ATL,WR,0,0,0,0,0,0,0,0,6,6,23,0,8.3
2024,2,Dallas Goedert,PHI,ATL,TE,0,0,0,0,0,0,0,0,4,3,38,0,6.8
2024,2,DeVonta Smith,PHI,ATL,WR,0,0,0,0,0,0,0,0,10,7,76,1,20.6
2024,2,Grant Calcaterra,PHI,ATL,TE,0,0,0,0,0,0,0,0,2,2,19,0,3.9
2024,2,Jahan Dotson,PHI,ATL,WR,0,0,0,0,0,0,0,0,1,1,6,0,1.6
2024,2,Jalen Hurts,PHI,ATL,QB,30,23,183,1,1,13,85,1,0,0,0,0,23.82
2024,2,Johnny Wilson,PHI,ATL,WR,0,0,0,0,0,0,0,0,1,0,0,0,0.0
2024,2,Kenny Gainwell,PHI,ATL,RB,0,0,0,0,0,2,6,0,0,0,0,0,0.6
2024,2,Saquon Barkley,PHI,ATL,RB,0,0,0,0,0,22,95,0,5,4,21,0,17.6
2024,2,Calvin Austin III,PIT,DEN,WR,0,0,0,0,0,0,0,0,2,1,6,0,1.6
2024,2,Cordarrelle Patterson,PIT,DEN,RB,0,0,0,0,0,2,3,0,0,0,0,0,0.3
2024,2,Darnell Washington,PIT,DEN,TE,0,0,0,0,0,0,0,0,1,1,5,1,7.5
2024,2,George Pickens,PIT,DEN,WR,0,0,0,0,0,0,0,0,4,2,29,0,4.9
2024,2,Jaylen Warren,PIT,DEN,RB,0,0,0,0,0,9,42,0,2,2,19,0,8.1
2024,2,Justin Fields,PIT,DEN,QB,20,13,117,1,0,8,27,0,0,0,0,0,11.38
2024,2,Najee Harris,PIT,DEN,RB,0,0,0,0,0,17,69,0,2,1,5,0,8.4
2024,2,Pat Freiermuth,PIT,DEN,TE,0,0,0,0,0,0,0,0,4,4,39,0,7.9
2024,2,Van Jefferson,PIT,DEN,WR,0,0,0,0,0,0,0,0,3,2,14,0,3.4
2024,2,DK Metcalf,SEA,NWE,WR,0,0,0,0,0,0,0,0,14,10,129,1,28.9
2024,2,Geno Smith,SEA,NWE,QB,44,33,327,1,0,5,8,0,0,0,0,0,17.88
2024,2,Jake Bobo,SEA,NWE,WR,0,0,0,0,0,0,0,0,2,2,15,0,3.5
2024,2,Jaxon Smith-Njigba,SEA,NWE,WR,0,0,0,0,0,0,0,0,16,12,117,0,23.7
2024,2,Laviska Shenault Jr.,SEA,NWE,WR,0,0,0,0,0,0,0,0,1,1,6,0,1.6
2024,2,Noah Fant,SEA,NWE,TE,0,0,0,0,0,0,0,0,3,1,14,0,2.4
2024,2,Tyler Lockett,SEA,NWE,WR,0,0,0,0,0,0,0,0,2,2,15,0,3.5
2024,2,Zach Charbonnet,SEA,NWE,RB,0,0,0,0,0,14,38,1,5,5,31,0,17.9
2024,2,Brandon Aiyuk,SFO,MIN,WR,0,0,0,0,0,0,0,0,5,4,43,0,8.3
2024,2,Brock Purdy,SFO,MIN,QB,36,28,319,1,1,2,12,0,0,0,0,0,13.96
2024,2,Chris Conley,SFO,MIN,WR,0,0,0,0,0,0,0,0,1,1,4,0,1.4
2024,2,Deebo Samuel Sr.,SFO,MIN,WR,0,0,0,0,0,2,-10,0,10,8,110,0,18.0
2024,2,Eric Saubert,SFO,MIN,TE,0,0,0,0,0,0,0,0,2,2,26,0,4.6
2024,2,George Kittle,SFO,MIN,TE,0,0,0,0,0,0,0,0,8,7,76,1,20.6
2024,2,Isaac Guerendo,SFO,MIN,RB,0,0,0,0,0,1,0,0,0,0,0,0,0.0
2024,2,Jauan Jennings,SFO,MIN,WR,0,0,0,0,0,0,0,0,4,2,37,0,5.7
2024,2,Jordan Mason,SFO,MIN,RB,0,0,0,0,0,20,100,1,1,1,4,0,17.4
2024,2,Kyle Juszczyk,SFO,MIN,RB,0,0,0,0,0,0,0,0,5,3,19,0,4.9
2024,2,Baker Mayfield,TAM,DET,QB,19,12,185,1,1,5,34,1,0,0,0,0,18.8
2024,2,Bucky Irving,TAM,DET,RB,0,0,0,0,0,7,22,0,0,0,0,0,2.2
2024,2,Cade Otton,TAM,DET,TE,0,0,0,0,0,1,-4,0,2,0,0,0,-0.4
2024,2,Chris Godwin Jr.,TAM,DET,WR,0,0,0,0,0,0,0,0,8,7,117,1,24.7
2024,2,Jalen McMillan,TAM,DET,WR,0,0,0,0,0,0,0,0,2,1,21,0,3.1
2024,2,Mike Evans,TAM,DET,WR,0,0,0,0,0,0,0,0,6,3,42,0,7.2
2024,2,Rachaad White,TAM,DET,RB,0,0,0,0,0,10,18,0,1,1,5,0,3.3
2024,2,Calvin Ridley,TEN,NYJ,WR,0,0,0,0,0,1,10,1,6,4,77,1,24.7
2024,2,Chig Okonkwo,TEN,NYJ,TE,0,0,0,0,0,0,0,0,3,3,16,0,4.6
2024,2,DeAndre Hopkins,TEN,NYJ,WR,0,0,0,0,0,0,0,0,2,1,9,0,1.9
2024,2,Josh Whyle,TEN,NYJ,TE,0,0,0,0,0,0,0,0,2,2,13,0,3.3
2024,2,Tony Pollard,TEN,NYJ,RB,0,0,0,0,0,17,62,0,6,5,40,0,15.2
2024,2,Treylon Burks,TEN,NYJ,WR,0,0,0,0,0,0,0,0,1,0,0,0,0.0
2024,2,Tyjae Spears,TEN,NYJ,RB,0,0,0,0,0,6,20,0,2,2,11,0,5.1
2024,2,Tyler Boyd,TEN,NYJ,WR,0,0,0,0,0,0,0,0,5,2,26,0,4.6
2024,2,Will Levis,TEN,NYJ,QB,28,19,192,1,1,4,38,0,0,0,0,0,11.48
2024,2,Austin Ekeler,WAS,NYG,RB,0,0,0,0,0,8,38,0,3,3,47,0,11.5
2024,2,Brian Robinson,WAS,NYG,RB,0,0,0,0,0,17,133,0,3,1,3,0,14.6
2024,2,Dyami Brown,WAS,NYG,WR,0,0,0,0,0,0,0,0,4,2,17,0,3.7
2024,2,Jayden Daniels,WAS,NYG,QB,29,23,226,0,0,10,44,0,0,0,0,0,13.44
2024,2,John Bates,WAS,NYG,TE,0,0,0,0,0,0,0,0,1,1,5,0,1.5
2024,2,Noah Brown,WAS,NYG,WR,0,0,0,0,0,0,0,0,3,3,56,0,8.6
2024,2,Olamide Zaccheaus,WAS,NYG,WR,0,0,0,0,0,0,0,0,3,3,14,0,4.4
2024,2,Terry McLaurin,WAS,NYG,WR,0,0,0,0,0,0,0,0,8,6,22,0,8.2
2024,2,Zach Ertz,WAS,NYG,TE,0,0,0,0,0,0,0,0,4,4,62,0,10.2
2024,3,Elijah Higgins,ARI,DET,TE,0,0,0,0,0,0,0,0,1,1,11,0,2.1
2024,3,Emari Demercado,ARI,DET,RB,0,0,0,0,0,2,7,0,0,0,0,0,0.7
2024,3,Greg Dortch,ARI,DET,WR,0,0,0,0,0,0,0,0,6,3,35,0,6.5
2024,3,James Conner,ARI,DET,RB,0,0,0,0,0,9,17,0,1,1,8,0,3.5
2024,3,Kyler Murray,ARI,DET,QB,34,21,207,1,1,5,45,0,0,0,0,0,14.78
2024,3,Marvin Harrison Jr.,ARI,DET,WR,0,0,0,0,0,0,0,0,11,5,64,1,17.4
2024,3,Michael Wilson,ARI,DET,WR,0,0,0,0,0,0,0,0,9,8,64,0,14.4
2024,3,Trey Benson,ARI,DET,RB,0,0,0,0,0,2,8,0,0,0,0,0,0.8
2024,3,Trey McBride,ARI,DET,TE,0,0,0,0,0,0,0,0,6,3,25,0,5.5
2024,3,Bijan Robinson,ATL,KAN,RB,0,0,0,0,0,16,31,1,2,2,21,0,13.2
2024,3,Darnell Mooney,ATL,KAN,WR,0,0,0,0,0,0,0,0,8,8,66,0,14.6
2024,3,Drake London,ATL,KAN,WR,0,0,0,0,0,0,0,0,9,6,67,1,18.7
2024,3,Kirk Cousins,ATL,KAN,QB,29,20,230,1,1,1,-1,0,0,0,0,0,11.1
2024,3,Kyle Pitts,ATL,KAN,TE,0,0,0,0,0,0,0,0,5,2,59,0,7.9
2024,3,Ray-Ray McCloud,ATL,KAN,WR,0,0,0,0,0,1,20,0,3,2,17,0,5.7
2024,3,Tyler Allgeier,ATL,KAN,RB,0,0,0,0,0,7,32,0,0,0,0,0,3.2
2024,3,Charlie Kolar,BAL,DAL,TE,0,0,0,0,0,0,0,0,1,1,30,0,4.0
2024,3,Derrick Henry,BAL,DAL,RB,0,0,0,0,0,25,151,2,1,1,23,0,30.4
2024,3,Isaiah Likely,BAL,DAL,TE,0,0,0,0,0,0,0,0,1,1,4,0,1.4
2024,3,Justice Hill,BAL,DAL,RB,0,0,0,0,0,5,33,0,2,2,21,0,7.4
2024,3,Lamar Jackson,BAL,DAL,QB,15,12,182,1,0,14,87,1,0,0,0,0,25.98
2024,3,Mark Andrews,BAL,DAL,TE,0,0,0,0,0,0,0,0,1,0,0,0,0.0
2024,3,Nelson Agholor,BAL,DAL,WR,0,0,0,0,0,0,0,0,1,1,56,0,6.6
2024,3,Rashod Bateman,BAL,DAL,WR,0,0,0,0,0,0,0,0,4,3,28,1,11.8
2024,3,Zay Flowers,BAL,DAL,WR,0,0,0,0,0,1,3,0,4,3,20,0,5.3
2024,3,Curtis Samuel,BUF,JAX,WR,0,0,0,0,0,1,0,0,3,3,22,0,5.2
2024,3,Dalton Kincaid,BUF,JAX,TE,0,0,0,0,0,0,0,0,5,3,41,1,13.1
2024,3,Dawson Knox,BUF,JAX,TE,0,0,0,0,0,0,0,0,2,1,7,0,1.7
2024,3,James Cook,BUF,JAX,RB,0,0,0,0,0,11,39,1,5,4,48,0,18.7
2024,3,Josh Allen,BUF,JAX,QB,30,23,263,4,0,6,44,0,0,0,0,0,30.92
2024,3,Keon Coleman,BUF,JAX,WR,0,0,0,0,0,0,0,0,1,1,24,1,9.4
2024,3,Khalil Shakir,BUF,JAX,WR,0,0,0,0,0,0,0,0,6,6,72,1,19.2
2024,3,Mack Hollins,BUF,JAX,WR,0,0,0,0,0,0,0,0,2,1,16,0,2.6
2024,3,Marquez Valdes-Scantling,BUF,JAX,WR,0,0,0,0,0,0,0,0,2,1,7,0,1.7
2024,3,Mitchell Trubisky,BUF,JAX,QB,1,1,3,0,0,1,-1,0,0,0,0,0,0.02
2024,3,Ray Davis,BUF,JAX,RB,0,0,0,0,0,7,22,1,1,1,1,0,9.3
2024,3,Ty Johnson,BUF,JAX,RB,0,0,0,0,0,3,18,0,3,3,28,1,13.6
2024,3,Adam Thielen,CAR,LVR,WR,0,0,0,0,0,0,0,0,5,3,40,1,13.0
2024,3,Andy Dalton,CAR,LVR,QB,37,26,319,3,0,2,-2,0,0,0,0,0,24.56
2024,3,Chuba Hubbard,CAR,LVR,RB,0,0,0,0,0,21,114,0,5,5,55,1,27.9
2024,3,Diontae Johnson,CAR,LVR,WR,0,0,0,0,0,0,0,0,14,8,122,1,26.2
2024,3,Ja'Tavion Sanders,CAR,LVR,TE,0,0,0,0,0,0,0,0,1,0,0,0,0.0
2024,3,Jonathan Mingo,CAR,LVR,WR,0,0,0,0,0,1,2,0,4,3,18,0,5.0
2024,3,Miles Sanders,CAR,LVR,RB,0,0,0,0,0,7,17,1,2,2,13,0,11.0
2024,3,Tommy Tremble,CAR,LVR,TE,0,0,0,0,0,0,0,0,3,3,29,0,5.9
2024,3,Xavier Legette,CAR,LVR,WR,0,0,0,0,0,0,0,0,3,2,42,0,6.2
2024,3,Caleb Williams,CHI,IND,QB,52,33,363,2,2,1,8,0,0,0,0,0,17.32
2024,3,Cole Kmet,CHI,IND,TE,0,0,0,0,0,0,0,0,11,10,97,1,25.7
2024,3,D'Andre Swift,CHI,IND,RB,0,0,0,0,0,13,20,0,4,2,22,0,6.2
2024,3,DJ Moore,CHI,IND,WR,0,0,0,0,0,1,-6,0,10,8,78,0,15.2
2024,3,DeAndre Carter,CHI,IND,WR,0,0,0,0,0,0,0,0,6,3,22,0,5.2
2024,3,Gerald Everett,CHI,IND,TE,0,0,0,0,0,0,0,0,1,0,0,0,0.0
2024,3,Khalil Herbert,CHI,IND,RB,0,0,0,0,0,4,9,0,0,0,0,0,0.9
2024,3,Rome Odunze,CHI,IND,WR,0,0,0,0,0,1,2,0,11,6,112,1,23.4
2024,3,Roschon Johnson,CHI,IND,RB,0,0,0,0,0,8,30,0,5,4,32,0,10.2
2024,3,Andrei Iosivas,CIN,WAS,WR,0,0,0,0,0,0,0,0,7,5,52,1,16.2
2024,3,Chase Brown,CIN,WAS,RB,0,0,0,0,0,7,62,0,3,2,7,0,8.9
2024,3,Erick All,CIN,WAS,TE,0,0,0,0,0,0,0,0,4,4,22,0,6.2
2024,3,Ja'Marr Chase,CIN,WAS,WR,0,0,0,0,0,0,0,0,7,6,118,2,29.8
2024,3,Joe Burrow,CIN,WAS,QB,38,29,324,3,0,1,4,0,0,0,0,0,25.36
2024,3,Mike Gesicki,CIN,WAS,TE,0,0,0,0,0,0,0,0,5,4,47,0,8.7
2024,3,Tee Higgins,CIN,WAS,WR,0,0,0,0,0,0,0,0,6,3,39,0,6.9
2024,3,Zack Moss,CIN,WAS,RB,0,0,0,0,0,12,58,1,6,5,39,0,20.7
2024,3,Amari Cooper,CLE,NYG,WR,0,0,0,0,0,0,0,0,12,7,86,2,27.6
2024,3,Cedric Tillman,CLE,NYG,WR,0,0,0,0,0,0,0,0,2,1,4,0,1.4
2024,3,D'Onta Foreman,CLE,NYG,RB,0,0,0,0,0,2,5,0,0,0,0,0,0.5
2024,3,Deshaun Watson,CLE,NYG,QB,37,21,196,2,0,4,26,0,0,0,0,0,16.44
2024,3,Elijah Moore,CLE,NYG,WR,0,0,0,0,0,0,0,0,3,2,17,0,3.7
2024,3,Jameis Winston,CLE,NYG,QB,0,0,0,0,0,2,1,0,0,0,0,0,0.1
2024,3,Jerome Ford,CLE,NYG,RB,0,0,0,0,0,10,37,0,4,3,33,0,10.0
2024,3,Jerry Jeudy,CLE,NYG,WR,0,0,0,0,0,0,0,0,7,4,27,0,8.7
2024,3,Jordan Akins,CLE,NYG,TE,0,0,0,0,0,0,0,0,7,4,29,0,6.9
2024,3,Brandin Cooks,DAL,BAL,WR,0,0,0,0,0,0,0,0,6,2,16,0,3.6
2024,3,CeeDee Lamb,DAL,BAL,WR,0,0,0,0,0,0,0,0,7,4,67,0,8.7
2024,3,Dak Prescott,DAL,BAL,QB,51,28,379,2,0,2,7,1,0,0,0,0,29.86
2024,3,Deuce Vaughn,DAL,BAL,RB,0,0,0,0,0,2,5,0,2,1,8,0,2.3
2024,3,Ezekiel Elliott,DAL,BAL,RB,0,0,0,0,0,3,6,0,2,1,6,0,2.2
2024,3,Hunter Luepke,DAL,BAL,RB,0,0,0,0,0,0,0,0,3,2,41,0,6.1
2024,3,Jake Ferguson,DAL,BAL,TE,0,0,0,0,0,0,0,0,11,6,95,0,15.5
2024,3,Jalen Brooks,DAL,BAL,WR,0,0,0,0,0,0,0,0,3,1,24,0,3.4
2024,3,Jalen Tolbert,DAL,BAL,WR,0,0,0,0,0,0,0,0,5,3,42,1,13.2
2024,3,KaVontae Turpin,DAL,BAL,WR,0,0,0,0,0,1,1,0,3,3,51,1,14.2
2024,3,Luke Schoonmaker,DAL,BAL,TE,0,0,0,0,0,0,0,0,2,1,5,0,1.5
2024,3,Rico Dowdle,DAL,BAL,RB,0,0,0,0,0,8,32,0,5,3,24,0,8.6
2024,3,Adam Trautman,DEN,TAM,TE,0,0,0,0,0,0,0,0,1,1,13,0,2.3
2024,3,Bo Nix,DEN,TAM,QB,36,25,216,0,0,9,47,1,0,0,0,0,19.34
2024,3,Courtland Sutton,DEN,TAM,WR,0,0,0,0,0,0,0,0,11,7,68,0,13.8
2024,3,Jaleel McLaughlin,DEN,TAM,RB,0,0,0,0,0,5,7,1,1,1,7,0,8.4
2024,3,Javonte Williams,DEN,TAM,RB,0,0,0,0,0,5,12,0,4,4,29,0,6.1
2024,3,Josh Reynolds,DEN,TAM,WR,0,0,0,0,0,0,0,0,2,2,36,0,5.6
2024,3,Lil'Jordan Humphrey,DEN,TAM,WR,0,0,0,0,0,0,0,0,8,6,37,0,9.7
2024,3,Marvin Mims Jr.,DEN,TAM,WR,0,0,0,0,0,0,0,0,1,1,9,0,1.9
2024,3,Nate Adkins,DEN,TAM,TE,0,0,0,0,0,0,0,0,1,1,6,0,1.6
2024,3,Troy Franklin,DEN,TAM,WR,0,0,0,0,0,0,0,0,5,2,11,0,3.1
2024,3,Tyler Badie,DEN,TAM,RB,0,0,0,0,0,9,70,0,0,0,0,0,7.0
2024,3,Amon-Ra St. Brown,DET,ARI,WR,0,0,0,0,0,0,0,0,8,7,75,1,20.5
2024,3,Brock Wright,DET,ARI,TE,0,0,0,0,0,0,0,0,5,4,34,0,7.4
2024,3,David Montgomery,DET,ARI,RB,0,0,0,0,0,23,105,1,3,3,17,0,21.2
2024,3,Jahmyr Gibbs,DET,ARI,RB,0,0,0,0,0,16,83,0,0,0,20,1,16.3
2024,3,Jameson Williams,DET,ARI,WR,0,0,0,0,0,1,-7,0,3,1,9,0,1.2
2024,3,Jared Goff,DET,ARI,QB,23,18,199,2,1,3,6,0,0,0,0,0,14.56
2024,3,Sam LaPorta,DET,ARI,TE,0,0,0,0,0,0,0,0,2,2,36,0,5.6
2024,3,Tim Patrick,DET,ARI,WR,0,0,0,0,0,0,0,0,1,1,8,0,1.8
2024,3,Chris Brooks,GNB,TEN,RB,0,0,0,0,0,3,3,0,0,0,0,0,0.3
2024,3,Christian Watson,GNB,TEN,WR,0,0,0,0,0,0,0,0,2,2,67,0,8.7
2024,3,Dontayvion Wicks,GNB,TEN,WR,0,0,0,0,0,0,0,0,2,0,0,0,0.0
2024,3,Emanuel Wilson,GNB,TEN,RB,0,0,0,0,0,12,50,0,2,2,35,1,16.5
2024,3,Jayden Reed,GNB,TEN,WR,0,0,0,0,0,2,19,0,6,4,50,0,10.9
2024,3,Josh Jacobs,GNB,TEN,RB,0,0,0,0,0,14,43,0,1,1,5,0,5.8
2024,3,Luke Musgrave,GNB,TEN,TE,0,0,0,0,0,0,0,0,1,1,3,0,1.3
2024,3,Malik Willis,GNB,TEN,QB,19,13,202,1,0,6,73,1,0,0,0,0,25.38
2024,3,Romeo Doubs,GNB,TEN,WR,0,0,0,0,0,0,0,0,2,1,18,0,2.8
2024,3,Tucker Kraft,GNB,TEN,TE,0,0,0,0,0,0,0,0,3,2,24,0,4.4
2024,3,British Brooks,HOU,MIN,RB,0,0,0,0,0,1,2,0,0,0,0,0,0.2
2024,3,C.J. Stroud,HOU,MIN,QB,31,20,215,1,2,3,12,0,0,0,0,0,9.8
2024,3,Cam Akers,HOU,MIN,RB,0,0,0,0,0,9,21,0,3,1,8,1,9.9
2024,3,Dalton Schultz,HOU,MIN,TE,0,0,0,0,0,0,0,0,5,2,11,0,3.1
2024,3,Dare Ogunbowale,HOU,MIN,RB,0,0,0,0,0,0,0,0,2,2,28,0,4.8
2024,3,Davis Mills,HOU,MIN,QB,12,7,79,0,0,0,0,0,0,0,0,0,3.16
2024,3,J.J. Taylor,HOU,MIN,RB,0,0,0,0,0,1,3,0,2,2,0,0,2.3
2024,3,Nico Collins,HOU,MIN,WR,0,0,0,0,0,0,0,0,10,4,86,0,12.6
2024,3,Robert Woods,HOU,MIN,WR,0,0,0,0,0,0,0,0,2,2,18,0,3.8
2024,3,Stefon Diggs,HOU,MIN,WR,1,1,13,0,0,0,0,0,12,10,94,0,19.92
2024,3,Tank Dell,HOU,MIN,WR,0,0,0,0,0,0,0,0,6,5,62,0,11.2
2024,3,Xavier Hutchinson,HOU,MIN,WR,0,0,0,0,0,0,0,0,1,0,0,0,0.0
2024,3,Adonai Mitchell,IND,CHI,WR,0,0,0,0,0,0,0,0,1,0,0,0,0.0
2024,3,Alec Pierce,IND,CHI,WR,0,0,0,0,0,0,0,0,2,1,44,0,5.4
2024,3,Anthony Richardson,IND,CHI,QB,20,10,167,0,2,8,24,0,0,0,0,0,5.08
2024,3,Ashton Dulin,IND,CHI,WR,0,0,0,0,0,0,0,0,1,0,0,0,0.0
2024,3,Jonathan Taylor,IND,CHI,RB,0,0,0,0,0,23,110,2,2,1,25,0,26.5
2024,3,Josh Downs,IND,CHI,WR,0,0,0,0,0,0,0,0,5,3,22,0,5.2
2024,3,Kylen Granson,IND,CHI,TE,0,0,0,0,0,0,0,0,1,1,40,0,5.0
2024,3,Michael Pittman,IND,CHI,WR,0,0,0,0,0,0,0,0,5,4,36,0,7.6
2024,3,Mo Alie-Cox,IND,CHI,TE,0,0,0,0,0,0,0,0,1,0,0,0,0.0
2024,3,Trey Sermon,IND,CHI,RB,0,0,0,0,0,2,16,1,0,0,0,0,7.6
2024,3,Brenton Strange,JAX,BUF,TE,0,0,0,0,0,0,0,0,5,2,12,1,9.2
2024,3,Brian Thomas Jr.,JAX,BUF,WR,0,0,0,0,0,0,0,0,9,5,48,0,9.8
2024,3,Christian Kirk,JAX,BUF,WR,0,0,0,0,0,0,0,0,10,8,79,0,15.9
2024,3,D'Ernest Johnson,JAX,BUF,RB,0,0,0,0,0,2,12,0,1,0,0,0,1.2
2024,3,Devin Duvernay,JAX,BUF,WR,0,0,0,0,0,0,0,0,1,1,-1,0,0.9
2024,3,Gabe Davis,JAX,BUF,WR,0,0,0,0,0,0,0,0,6,2,18,0,3.8
2024,3,Josiah Deguara,JAX,BUF,TE,0,0,0,0,0,0,0,0,1,1,8,0,1.8
2024,3,Luke Farrell,JAX,BUF,TE,0,0,0,0,0,0,0,0,2,1,1,0,1.1
2024,3,Mac Jones,JAX,BUF,QB,8,5,22,0,0,0,0,0,0,0,0,0,-1.12
2024,3,Parker Washington,JAX,BUF,WR,0,0,0,0,0,0,0,0,3,2,18,0,3.8
2024,3,Tank Bigsby,JAX,BUF,RB,0,0,0,0,0,2,9,0,0,0,0,0,0.9
2024,3,Travis Etienne,JAX,BUF,RB,0,0,0,0,0,11,68,0,6,4,17,0,12.5
2024,3,Trevor Lawrence,JAX,BUF,QB,38,21,178,1,1,2,3,0,0,0,0,0,9.42
2024,3,Carson Steele,KAN,ATL,RB,0,0,0,0,0,17,72,0,2,1,2,0,8.4
2024,3,JuJu Smith-Schuster,KAN,ATL,WR,0,0,0,0,0,0,0,0,3,2,17,1,9.7
2024,3,Justin Watson,KAN,ATL,WR,0,0,0,0,0,0,0,0,2,1,13,0,2.3
2024,3,Noah Gray,KAN,ATL,TE,0,0,0,0,0,0,0,0,2,1,13,0,2.3
2024,3,Patrick Mahomes,KAN,ATL,QB,39,26,217,2,1,6,17,0,0,0,0,0,16.38
2024,3,Rashee Rice,KAN,ATL,WR,0,0,0,0,0,1,1,0,14,12,110,1,29.1
2024,3,Samaje Perine,KAN,ATL,RB,0,0,0,0,0,6,25,0,4,3,15,0,7.0
2024,3,Travis Kelce,KAN,ATL,TE,0,0,0,0,0,0,0,0,5,4,30,0,7.0
2024,3,Xavier Worthy,KAN,ATL,WR,0,0,0,0,0,3,13,0,4,2,17,0,5.0
2024,3,Derius Davis,LAC,PIT,WR,0,0,0,0,0,1,8,0,0,0,0,0,0.8
2024,3,Gus Edwards,LAC,PIT,RB,0,0,0,0,0,3,9,0,0,0,0,0,0.9
2024,3,Hayden Hurst,LAC,PIT,TE,0,0,0,0,0,0,0,0,2,2,15,0,3.5
2024,3,J.K. Dobbins,LAC,PIT,RB,0,0,0,0,0,15,44,0,3,3,10,0,8.4
2024,3,Justin Herbert,LAC,PIT,QB,18,12,125,1,0,1,0,0,0,0,0,0,9.0
2024,3,Ladd McConkey,LAC,PIT,WR,0,0,0,0,0,0,0,0,6,3,44,0,7.4
2024,3,Quentin Johnston,LAC,PIT,WR,0,0,0,0,0,0,0,0,2,2,44,1,12.4
2024,3,Simi Fehoko,LAC,PIT,WR,0,0,0,0,0,0,0,0,3,1,17,0,2.7
2024,3,Will Dissly,LAC,PIT,TE,0,0,0,0,0,0,0,0,3,3,19,0,4.9
2024,3,Colby Parkinson,LAR,SFO,TE,0,0,0,0,0,0,0,0,5,3,21,0,5.1
2024,3,Demarcus Robinson,LAR,SFO,WR,0,0,0,0,0,0,0,0,4,1,32,0,4.2
2024,3,Jordan Whittington,LAR,SFO,WR,0,0,0,0,0,0,0,0,3,3,28,0,5.8
2024,3,Kyren Williams,LAR,SFO,RB,0,0,0,0,0,24,89,2,2,2,27,1,31.6
2024,3,Matthew Stafford,LAR,SFO,QB,25,16,221,1,0,0,0,0,0,0,0,0,12.84
2024,3,Ronnie Rivers,LAR,SFO,RB,0,0,0,0,0,2,9,0,0,0,0,0,0.9
2024,3,Tutu Atwell,LAR,SFO,WR,1,0,0,0,0,0,0,0,5,4,93,0,13.3
2024,3,Tyler Johnson,LAR,SFO,WR,0,0,0,0,0,0,0,0,4,3,20,0,5.0
2024,3,Aidan O'Connell,LVR,CAR,QB,12,9,82,1,0,0,0,0,0,0,0,0,7.28
2024,3,Alexander Mattison,LVR,CAR,RB,0,0,0,0,0,3,7,1,3,3,37,0,13.4
2024,3,Ameer Abdullah,LVR,CAR,RB,0,0,0,0,0,0,0,0,2,2,13,0,3.3
2024,3,Brock Bowers,LVR,CAR,TE,0,0,0,0,0,0,0,0,4,3,41,0,7.1
2024,3,Davante Adams,LVR,CAR,WR,0,0,0,0,0,0,0,0,9,4,40,0,8.0
2024,3,Gardner Minshew,LVR,CAR,QB,28,18,214,1,1,3,14,0,0,0,0,0,13.96
2024,3,Jakobi Meyers,LVR,CAR,WR,0,0,0,0,0,0,0,0,9,7,62,1,21.2
2024,3,Michael Mayer,LVR,CAR,TE,0,0,0,0,0,0,0,0,3,1,7,0,1.7
2024,3,Tre Tucker,LVR,CAR,WR,0,0,0,0,0,0,0,0,9,7,96,1,22.6
2024,3,Zamir White,LVR,CAR,RB,0,0,0,0,0,10,34,0,0,0,0,0,3.4
2024,3,Alec Ingold,MIA,SEA,RB,0,0,0,0,0,1,-2,0,3,3,16,0,4.4
2024,3,Braxton Berrios,MIA,SEA,WR,0,0,0,0,0,0,0,0,1,0,0,0,0.0
2024,3,De'Von Achane,MIA,SEA,RB,0,0,0,0,0,11,30,0,5,3,28,0,8.8
2024,3,Dee Eskridge,MIA,SEA,WR,0,0,0,0,0,0,0,0,1,1,30,0,4.0
2024,3,Durham Smythe,MIA,SEA,TE,0,0,0,0,0,0,0,0,2,1,3,0,1.3
2024,3,Erik Ezukanma,MIA,SEA,WR,0,0,0,0,0,0,0,0,2,0,0,0,0.0
2024,3,Jaylen Waddle,MIA,SEA,WR,0,0,0,0,0,0,0,0,5,4,26,0,6.6
2024,3,Jaylen Wright,MIA,SEA,RB,0,0,0,0,0,2,17,0,0,0,0,0,1.7
2024,3,Jeff Wilson,MIA,SEA,RB,0,0,0,0,0,3,14,0,0,0,0,0,1.4
2024,3,Jonnu Smith,MIA,SEA,TE,0,0,0,0,0,0,0,0,3,2,18,0,3.8
2024,3,Julian Hill,MIA,SEA,TE,0,0,0,0,0,0,0,0,2,2,24,0,4.4
2024,3,Skylar Thompson,MIA,SEA,QB,19,13,107,0,0,0,0,0,0,0,0,0,4.28
2024,3,Tanner Conner,MIA,SEA,TE,0,0,0,0,0,0,0,0,2,1,1,0,1.1
2024,3,Tim Boyle,MIA,SEA,QB,13,7,79,0,0,1,6,0,0,0,0,0,3.76
2024,3,Tyreek Hill,MIA,SEA,WR,0,0,0,0,0,0,0,0,5,3,40,0,7.0
2024,3,Aaron Jones,MIN,HOU,RB,0,0,0,0,0,19,102,0,6,5,46,1,25.8
2024,3,Brandon Powell,MIN,HOU,WR,0,0,0,0,0,0,0,0,2,1,13,0,2.3
2024,3,Jalen Nailor,MIN,HOU,WR,0,0,0,0,0,1,3,0,4,3,31,1,12.4
2024,3,Johnny Mundt,MIN,HOU,TE,0,0,0,0,0,0,0,0,3,1,2,1,7.2
2024,3,Josh Oliver,MIN,HOU,TE,0,0,0,0,0,0,0,0,1,0,0,0,0.0
2024,3,Justin Jefferson,MIN,HOU,WR,0,0,0,0,0,0,0,0,8,6,81,1,20.1
2024,3,Nick Mullens,MIN,HOU,QB,0,0,0,0,0,1,0,0,0,0,0,0,0.0
2024,3,Sam Darnold,MIN,HOU,QB,28,17,181,4,0,0,0,0,0,0,0,0,23.24
2024,3,Trent Sherfield,MIN,HOU,WR,0,0,0,0,0,0,0,0,1,1,8,0,1.8
2024,3,Ty Chandler,MIN,HOU,RB,0,0,0,0,0,7,13,0,0,0,0,0,1.3
2024,3,Alvin Kamara,NOR,PHI,RB,0,0,0,0,0,26,87,0,3,3,40,0,15.7
2024,3,Cedrick Wilson Jr.,NOR,PHI,WR,0,0,0,0,0,0,0,0,1,1,3,0,1.3
2024,3,Chris Olave,NOR,PHI,WR,0,0,0,0,0,0,0,0,6,6,86,1,20.6
2024,3,Derek Carr,NOR,PHI,QB,25,14,142,1,1,2,3,0,0,0,0,0,7.98
2024,3,Foster Moreau,NOR,PHI,TE,0,0,0,0,0,0,0,0,2,1,2,0,1.2
2024,3,Jamaal Williams,NOR,PHI,RB,0,0,0,0,0,1,-1,0,3,1,0,0,0.9
2024,3,Mason Tipton,NOR,PHI,WR,0,0,0,0,0,0,0,0,3,2,11,0,3.1
2024,3,Rashid Shaheed,NOR,PHI,WR,0,0,0,0,0,0,0,0,5,0,0,0,0.0
2024,3,Antonio Gibson,NWE,NYJ,RB,0,0,0,0,0,5,29,0,3,3,8,0,6.7
2024,3,Austin Hooper,NWE,NYJ,TE,0,0,0,0,0,0,0,0,4,1,19,0,2.9
2024,3,DeMario Douglas,NWE,NYJ,WR,0,0,0,0,0,1,9,0,9,7,69,0,14.8
2024,3,Drake Maye,NWE,NYJ,QB,8,4,22,0,0,2,12,0,0,0,0,0,2.08
2024,3,Hunter Henry,NWE,NYJ,TE,0,0,0,0,0,0,0,0,3,2,9,0,2.9
2024,3,Ja'Lynn Polk,NWE,NYJ,WR,0,0,0,0,0,0,0,0,2,2,13,0,3.3
2024,3,JaMycal Hasty,NWE,NYJ,RB,0,0,0,0,0,1,5,0,0,0,0,0,0.5
2024,3,Jacoby Brissett,NWE,NYJ,QB,18,12,98,0,0,0,0,0,0,0,0,0,3.92
2024,3,Kayshon Boutte,NWE,NYJ,WR,0,0,0,0,0,0,0,0,2,1,2,0,1.2
2024,3,Rhamondre Stevenson,NWE,NYJ,RB,0,0,0,0,0,6,23,0,0,0,0,0,0.3
2024,3,Tyquan Thornton,NWE,NYJ,WR,0,0,0,0,0,0,0,0,1,0,0,0,0.0
2024,3,Daniel Bellinger,NYG,CLE,TE,0,0,0,0,0,0,0,0,1,1,17,0,2.7
2024,3,Daniel Jones,NYG,CLE,QB,34,24,236,2,0,8,20,0,0,0,0,0,19.44
2024,3,Darius Slayton,NYG,CLE,WR,0,0,0,0,0,0,0,0,2,1,7,0,1.7
2024,3,Devin Singletary,NYG,CLE,RB,0,0,0,0,0,16,65,1,4,4,43,0,18.8
2024,3,Eric Gray,NYG,CLE,RB,0,0,0,0,0,1,0,0,0,0,0,0,0.0
2024,3,Jalin Hyatt,NYG,CLE,WR,0,0,0,0,0,0,0,0,1,0,0,0,0.0
2024,3,Malik Nabers,NYG,CLE,WR,1,0,0,0,0,2,4,0,12,8,78,2,28.2
2024,3,Theo Johnson,NYG,CLE,TE,0,0,0,0,0,0,0,0,3,1,13,0,2.3
2024,3,Tyrone Tracy Jr.,NYG,CLE,RB,0,0,0,0,0,5,23,0,2,2,17,0,6.0
2024,3,Wan'Dale Robinson,NYG,CLE,WR,0,0,0,0,0,0,0,0,8,7,61,0,13.1
2024,3,Aaron Rodgers,NYJ,NWE,QB,35,27,281,2,0,3,18,0,0,0,0,0,21.04
2024,3,Allen Lazard,NYJ,NWE,WR,0,0,0,0,0,0,0,0,3,3,48,1,13.8
2024,3,Braelon Allen,NYJ,NWE,RB,0,0,0,0,0,11,55,0,3,3,13,0,9.8
2024,3,Breece Hall,NYJ,NWE,RB,0,0,0,0,0,16,54,1,5,4,29,0,18.3
2024,3,Garrett Wilson,NYJ,NWE,WR,0,0,0,0,0,0,0,0,9,5,33,1,14.3
2024,3,Isaiah Davis,NYJ,NWE,RB,0,0,0,0,0,3,6,0,0,0,0,0,0.6
2024,3,Jeremy Ruckert,NYJ,NWE,TE,0,0,0,0,0,0,0,0,2,2,15,0,3.5
2024,3,Mike Williams,NYJ,NWE,WR,0,0,0,0,0,0,0,0,4,3,34,0,6.4
2024,3,Tyler Conklin,NYJ,NWE,TE,0,0,0,0,0,0,0,0,6,5,93,0,14.3
2024,3,Xavier Gipson,NYJ,NWE,WR,0,0,0,0,0,0,0,0,2,2,16,0,3.6
2024,3,Britain Covey,PHI,NOR,WR,0,0,0,0,0,0,0,0,1,1,11,0,2.1
2024,3,Dallas Goedert,PHI,NOR,TE,0,0,0,0,0,0,0,0,11,10,170,0,27.0
2024,3,DeVonta Smith,PHI,NOR,WR,0,0,0,0,0,0,0,0,10,7,79,0,14.9
2024,3,Jahan Dotson,PHI,NOR,WR,0,0,0,0,0,0,0,0,3,2,8,0,2.8
2024,3,Jalen Hurts,PHI,NOR,QB,38,29,311,0,1,8,25,0,0,0,0,0,10.94
2024,3,Johnny Wilson,PHI,NOR,WR,0,0,0,0,0,0,0,0,2,1,9,0,1.9
2024,3,Kenny Gainwell,PHI,NOR,RB,0,0,0,0,0,0,0,0,3,2,12,0,3.2
2024,3,Parris Campbell,PHI,NOR,WR,0,0,0,0,0,0,0,0,2,2,13,0,3.3
2024,3,Saquon Barkley,PHI,NOR,RB,0,0,0,0,0,17,147,2,4,4,9,0,33.6
2024,3,Calvin Austin III,PIT,LAC,WR,0,0,0,0,0,0,0,0,5,4,95,1,19.5
2024,3,Connor Heyward,PIT,LAC,RB,0,0,0,0,0,0,0,0,1,1,2,0,1.2
2024,3,Cordarrelle Patterson,PIT,LAC,RB,0,0,0,0,0,4,33,0,5,3,15,0,7.8
2024,3,George Pickens,PIT,LAC,WR,0,0,0,0,0,0,0,0,7,5,57,0,10.7
2024,3,Jaylen Warren,PIT,LAC,RB,0,0,0,0,0,3,5,0,1,1,-4,0,1.1
2024,3,Justin Fields,PIT,LAC,QB,32,25,245,1,1,6,6,1,0,0,0,0,18.4
2024,3,Najee Harris,PIT,LAC,RB,0,0,0,0,0,18,70,0,5,5,16,0,13.6
2024,3,Pat Freiermuth,PIT,LAC,TE,0,0,0,0,0,0,0,0,5,4,33,0,7.3
2024,3,Scott Miller,PIT,LAC,WR,0,0,0,0,0,0,0,0,2,2,31,0,5.1
2024,3,AJ Barner,SEA,MIA,TE,0,0,0,0,0,0,0,0,3,3,13,0,4.3
2024,3,DK Metcalf,SEA,MIA,WR,0,0,0,0,0,0,0,0,6,4,104,1,20.4
2024,3,Geno Smith,SEA,MIA,QB,34,26,289,1,2,2,-2,0,0,0,0,0,11.36
2024,3,Jaxon Smith-Njigba,SEA,MIA,WR,0,0,0,0,0,0,0,0,3,3,39,0,6.9
2024,3,Kenny McIntosh,SEA,MIA,RB,0,0,0,0,0,3,11,0,0,0,0,0,1.1
2024,3,Laviska Shenault Jr.,SEA,MIA,WR,0,0,0,0,0,0,0,0,1,1,2,0,1.2
2024,3,Noah Fant,SEA,MIA,TE,0,0,0,0,0,0,0,0,6,6,60,0,12.0
2024,3,Pharaoh Brown,SEA,MIA,TE,0,0,0,0,0,0,0,0,2,1,9,0,1.9
2024,3,Tyler Lockett,SEA,MIA,WR,0,0,0,0,0,0,0,0,8,5,46,0,9.6
2024,3,Zach Charbonnet,SEA,MIA,RB,0,0,0,0,0,18,91,2,4,3,16,0,25.7
2024,3,Brandon Aiyuk,SFO,LAR,WR,0,0,0,0,0,0,0,0,10,5,48,0,9.8
2024,3,Brock Purdy,SFO,LAR,QB,30,22,292,3,0,10,41,0,0,0,0,0,25.78
2024,3,Eric Saubert,SFO,LAR,TE,0,0,0,0,0,0,0,0,2,2,41,0,6.1
2024,3,Isaac Guerendo,SFO,LAR,RB,0,0,0,0,0,5,19,0,0,0,0,0,1.9
2024,3,Jauan Jennings,SFO,LAR,WR,0,0,0,0,0,0,0,0,12,11,175,3,46.5
2024,3,Jordan Mason,SFO,LAR,RB,0,0,0,0,0,19,77,0,2,2,11,0,10.8
2024,3,Kyle Juszczyk,SFO,LAR,RB,0,0,0,0,0,0,0,0,1,1,6,0,1.6
2024,3,Ronnie Bell,SFO,LAR,WR,0,0,0,0,0,0,0,0,3,1,12,0,2.2
2024,3,Baker Mayfield,TAM,DEN,QB,33,25,163,1,1,0,0,0,0,0,0,0,8.52
2024,3,Bucky Irving,TAM,DEN,RB,0,0,0,0,0,9,70,0,3,3,14,0,11.4
2024,3,Cade Otton,TAM,DEN,TE,0,0,0,0,0,0,0,0,8,7,47,0,9.7
2024,3,Chris Godwin Jr.,TAM,DEN,WR,0,0,0,0,0,0,0,0,9,6,53,1,17.3
2024,3,Jalen McMillan,TAM,DEN,WR,0,0,0,0,0,0,0,0,1,1,6,0,1.6
2024,3,Mike Evans,TAM,DEN,WR,0,0,0,0,0,0,0,0,3,2,17,0,3.7
2024,3,Payne Durham,TAM,DEN,TE,0,0,0,0,0,0,0,0,1,1,8,0,1.8
2024,3,Rachaad White,TAM,DEN,RB,0,0,0,0,0,6,17,0,6,5,18,0,8.5
2024,3,Sean Tucker,TAM,DEN,RB,0,0,0,0,0,1,4,0,0,0,0,0,0.4
2024,3,Trey Palmer,TAM,DEN,WR,0,0,0,0,0,0,0,0,1,0,0,0,0.0
2024,3,Calvin Ridley,TEN,GNB,WR,0,0,0,0,0,0,0,0,3,1,9,0,1.9
2024,3,Chig Okonkwo,TEN,GNB,TE,0,0,0,0,0,0,0,0,2,2,15,0,3.5
2024,3,DeAndre Hopkins,TEN,GNB,WR,0,0,0,0,0,0,0,0,7,6,73,1,19.3
2024,3,Josh Whyle,TEN,GNB,TE,0,0,0,0,0,0,0,0,5,4,43,0,8.3
2024,3,Nick Vannett,TEN,GNB,TE,0,0,0,0,0,0,0,0,2,2,9,1,8.9
2024,3,Tony Pollard,TEN,GNB,RB,0,0,0,0,0,6,14,0,4,3,15,0,5.9
2024,3,Treylon Burks,TEN,GNB,WR,0,0,0,0,0,0,0,0,3,1,9,0,1.9
2024,3,Tyjae Spears,TEN,GNB,RB,0,0,0,0,0,2,7,0,4,4,54,0,10.1
2024,3,Tyler Boyd,TEN,GNB,WR,0,0,0,0,0,0,0,0,4,3,33,0,6.3
2024,3,Will Levis,TEN,GNB,QB,34,26,260,2,2,3,12,0,0,0,0,0,13.6
2024,3,Austin Ekeler,WAS,CIN,RB,0,0,0,0,0,3,35,1,2,2,22,0,13.7
2024,3,Brian Robinson,WAS,CIN,RB,0,0,0,0,0,16,33,1,1,1,4,0,10.7
2024,3,Dyami Brown,WAS,CIN,WR,0,0,0,0,0,0,0,0,2,2,16,0,3.6
2024,3,Jayden Daniels,WAS,CIN,QB,23,21,254,2,0,12,39,1,0,0,0,0,28.06
2024,3,Jeremy McNichols,WAS,CIN,RB,0,0,0,0,0,1,1,0,0,0,0,0,0.1
2024,3,Luke McCaffrey,WAS,CIN,WR,0,0,0,0,0,0,0,0,3,3,44,0,7.4
2024,3,Noah Brown,WAS,CIN,WR,0,0,0,0,0,0,0,0,3,3,29,0,5.9
2024,3,Terry McLaurin,WAS,CIN,WR,0,0,0,0,0,0,0,0,6,4,100,1,20.0
2024,3,Zach Ertz,WAS,CIN,TE,0,0,0,0,0,0,0,0,5,5,38,0,8.8
2024,4,Elijah Higgins,ARI,WAS,TE,0,0,0,0,0,0,0,0,3,2,12,0,3.2
2024,4,Emari Demercado,ARI,WAS,RB,0,0,0,0,0,4,24,0,1,1,0,0,3.4
2024,4,Greg Dortch,ARI,WAS,WR,0,0,0,0,0,0,0,0,4,4,38,0,7.8
2024,4,James Conner,ARI,WAS,RB,0,0,0,0,0,18,104,1,1,1,9,0,18.3
2024,4,Kyler Murray,ARI,WAS,QB,22,16,142,1,0,1,3,0,0,0,0,0,9.98
2024,4,Marvin Harrison Jr.,ARI,WAS,WR,0,0,0,0,0,0,0,0,6,5,45,1,15.5
2024,4,Michael Wilson,ARI,WAS,WR,0,0,0,0,0,0,0,0,7,3,38,0,4.8
2024,4,Trey Benson,ARI,WAS,RB,0,0,0,0,0,9,50,0,0,0,0,0,5.0
2024,4,Bijan Robinson,ATL,NOR,RB,0,0,0,0,0,7,28,0,4,4,46,0,11.4
2024,4,Darnell Mooney,ATL,NOR,WR,0,0,0,0,0,0,0,0,6,3,56,0,8.6
2024,4,Drake London,ATL,NOR,WR,0,0,0,0,0,0,0,0,12,6,64,0,12.4
2024,4,Kirk Cousins,ATL,NOR,QB,35,21,238,0,1,0,0,0,0,0,0,0,7.52
2024,4,Kyle Pitts,ATL,NOR,TE,0,0,0,0,0,0,0,0,3,0,0,0,0.0
2024,4,Ray-Ray McCloud,ATL,NOR,WR,0,0,0,0,0,0,0,0,7,6,52,0,11.2
2024,4,Tyler Allgeier,ATL,NOR,RB,0,0,0,0,0,8,60,0,2,2,20,0,10.0
2024,4,Derrick Henry,BAL,BUF,RB,0,0,0,0,0,24,199,1,3,3,10,1,35.9
2024,4,Isaiah Likely,BAL,BUF,TE,0,0,0,0,0,0,0,0,2,1,26,0,3.6
2024,4,Justice Hill,BAL,BUF,RB,0,0,0,0,0,4,18,0,6,6,78,1,21.6
2024,4,Lamar Jackson,BAL,BUF,QB,18,13,156,2,0,6,54,1,0,0,0,0,23.64
2024,4,Mark Andrews,BAL,BUF,TE,0,0,0,0,0,0,0,0,1,0,0,0,0.0
2024,4,Nelson Agholor,BAL,BUF,WR,0,0,0,0,0,0,0,0,3,2,10,0,3.0
2024,4,Rashod Bateman,BAL,BUF,WR,0,0,0,0,0,0,0,0,1,1,23,0,3.3
2024,4,Zay Flowers,BAL,BUF,WR,0,0,0,0,0,0,0,0,2,1,10,0,2.0
2024,4,Curtis Samuel,BUF,BAL,WR,0,0,0,0,0,1,7,0,2,2,8,0,3.5
2024,4,Dalton Kincaid,BUF,BAL,TE,0,0,0,0,0,0,0,0,7,5,47,0,9.7
2024,4,Dawson Knox,BUF,BAL,TE,0,0,0,0,0,0,0,0,1,1,0,0,1.0
2024,4,James Cook,BUF,BAL,RB,0,0,0,0,0,9,39,0,1,1,9,0,5.8
2024,4,Josh Allen,BUF,BAL,QB,29,16,180,0,0,5,21,0,0,0,0,0,7.3
2024,4,Keon Coleman,BUF,BAL,WR,0,0,0,0,0,0,0,0,4,3,51,0,8.1
2024,4,Khalil Shakir,BUF,BAL,WR,0,0,0,0,0,0,0,0,5,4,62,0,10.2
2024,4,Mack Hollins,BUF,BAL,WR,0,0,0,0,0,0,0,0,6,1,5,0,1.5
2024,4,Marquez Valdes-Scantling,BUF,BAL,WR,0,0,0,0,0,0,0,0,1,0,0,0,0.0
2024,4,Ray Davis,BUF,BAL,RB,0,0,0,0,0,7,11,0,0,0,0,0,1.1
2024,4,Ty Johnson,BUF,BAL,RB,0,0,0,0,0,1,3,1,0,0,0,0,6.3
2024,4,Andy Dalton,CAR,CIN,QB,40,25,220,2,1,3,9,0,0,0,0,0,15.7
2024,4,Chuba Hubbard,CAR,CIN,RB,0,0,0,0,0,18,104,1,4,4,17,0,22.1
2024,4,Diontae Johnson,CAR,CIN,WR,0,0,0,0,0,0,0,0,13,7,83,1,21.3
2024,4,Feleipe Franks,CAR,CIN,TE,0,0,0,0,0,0,0,0,1,0,0,0,0.0
2024,4,Ja'Tavion Sanders,CAR,CIN,TE,0,0,0,0,0,0,0,0,2,2,16,0,3.6
2024,4,Jalen Coker,CAR,CIN,WR,0,0,0,0,0,0,0,0,1,0,0,0,0.0
2024,4,Jonathan Mingo,CAR,CIN,WR,0,0,0,0,0,0,0,0,5,3,24,0,5.4
2024,4,Miles Sanders,CAR,CIN,RB,0,0,0,0,0,6,32,0,4,3,14,0,7.6
2024,4,Xavier Legette,CAR,CIN,WR,0,0,0,0,0,2,10,0,10,6,66,1,19.6
2024,4,Caleb Williams,CHI,LAR,QB,23,17,157,1,0,5,12,0,0,0,0,0,11.48
2024,4,Cole Kmet,CHI,LAR,TE,0,0,0,0,0,0,0,0,3,3,34,0,6.4
2024,4,D'Andre Swift,CHI,LAR,RB,0,0,0,0,0,16,93,1,7,7,72,0,29.5
2024,4,DJ Moore,CHI,LAR,WR,0,0,0,0,0,0,0,0,6,3,22,1,11.2
2024,4,Keenan Allen,CHI,LAR,WR,0,0,0,0,0,0,0,0,3,3,19,0,4.9
2024,4,Rome Odunze,CHI,LAR,WR,0,0,0,0,0,0,0,0,3,1,10,0,2.0
2024,4,Roschon Johnson,CHI,LAR,RB,0,0,0,0,0,7,26,1,0,0,0,0,8.6
2024,4,Andrei Iosivas,CIN,CAR,WR,0,0,0,0,0,0,0,0,1,1,29,0,3.9
2024,4,Chase Brown,CIN,CAR,RB,0,0,0,0,0,15,80,2,3,2,12,0,23.2
2024,4,Drew Sample,CIN,CAR,TE,0,0,0,0,0,0,0,0,1,1,0,0,1.0
2024,4,Erick All,CIN,CAR,TE,0,0,0,0,0,0,0,0,4,4,28,0,6.8
2024,4,Ja'Marr Chase,CIN,CAR,WR,0,0,0,0,0,0,0,0,6,3,85,1,17.5
2024,4,Joe Burrow,CIN,CAR,QB,31,22,232,2,1,1,10,0,0,0,0,0,16.28
2024,4,Mike Gesicki,CIN,CAR,TE,0,0,0,0,0,0,0,0,1,1,-9,0,0.1
2024,4,Tee Higgins,CIN,CAR,WR,0,0,0,0,0,0,0,0,10,6,60,0,12.0
2024,4,Zack Moss,CIN,CAR,RB,0,0,0,0,0,15,51,0,4,4,27,1,17.8
2024,4,Amari Cooper,CLE,LVR,WR,0,0,0,0,0,0,0,0,8,4,35,0,7.5
2024,4,Blake Whiteheart,CLE,LVR,TE,0,0,0,0,0,0,0,0,3,3,13,1,10.3
2024,4,D'Onta Foreman,CLE,LVR,RB,0,0,0,0,0,4,2,0,1,1,5,0,1.7
2024,4,Deshaun Watson,CLE,LVR,QB,32,24,176,1,1,8,32,0,0,0,0,0,12.24
2024,4,Elijah Moore,CLE,LVR,WR,0,0,0,0,0,0,0,0,1,1,11,0,2.1
2024,4,James Proche,CLE,LVR,WR,0,0,0,0,0,0,0,0,1,1,3,0,1.3
2024,4,Jerome Ford,CLE,LVR,RB,0,0,0,0,0,10,58,0,7,7,27,0,15.5
2024,4,Jerry Jeudy,CLE,LVR,WR,0,0,0,0,0,0,0,0,9,6,72,0,13.2
2024,4,Jordan Akins,CLE,LVR,TE,0,0,0,0,0,0,0,0,2,1,10,0,2.0
2024,4,Brandin Cooks,DAL,NYG,WR,0,0,0,0,0,0,0,0,4,1,16,0,2.6
2024,4,CeeDee Lamb,DAL,NYG,WR,0,0,0,0,0,3,8,0,8,7,98,1,23.6
2024,4,Dak Prescott,DAL,NYG,QB,27,22,221,2,0,2,-1,0,0,0,0,0,16.74
2024,4,Ezekiel Elliott,DAL,NYG,RB,0,0,0,0,0,5,19,0,1,1,5,0,3.4
2024,4,Hunter Luepke,DAL,NYG,RB,0,0,0,0,0,2,8,0,2,2,14,0,4.2
2024,4,Jake Ferguson,DAL,NYG,TE,0,0,0,0,0,0,0,0,7,7,49,0,11.9
2024,4,Jalen Tolbert,DAL,NYG,WR,0,0,0,0,0,0,0,0,3,3,24,0,5.4
2024,4,Rico Dowdle,DAL,NYG,RB,0,0,0,0,0,11,46,0,1,1,15,1,13.1
2024,4,Bo Nix,DEN,NYJ,QB,25,12,60,1,0,5,3,0,0,0,0,0,6.7
2024,4,Courtland Sutton,DEN,NYJ,WR,0,0,0,0,0,0,0,0,9,3,60,1,15.0
2024,4,Greg Dulcich,DEN,NYJ,TE,0,0,0,0,0,0,0,0,1,0,0,0,0.0
2024,4,Jaleel McLaughlin,DEN,NYJ,RB,0,0,0,0,0,9,46,0,1,1,0,0,5.6
2024,4,Javonte Williams,DEN,NYJ,RB,0,0,0,0,0,16,77,0,3,2,3,0,10.0
2024,4,Josh Reynolds,DEN,NYJ,WR,0,0,0,0,0,0,0,0,2,0,0,0,0.0
2024,4,Lil'Jordan Humphrey,DEN,NYJ,WR,0,0,0,0,0,0,0,0,1,0,0,0,0.0
2024,4,Michael Burton,DEN,NYJ,RB,0,0,0,0,0,0,0,0,1,1,3,0,1.3
2024,4,Nate Adkins,DEN,NYJ,TE,0,0,0,0,0,0,0,0,1,1,0,0,1.0
2024,4,Troy Franklin,DEN,NYJ,WR,0,0,0,0,0,0,0,0,4,2,-2,0,1.8
2024,4,Tyler Badie,DEN,NYJ,RB,0,0,0,0,0,1,0,0,2,2,-4,0,-0.4
2024,4,Amon-Ra St. Brown,DET,SEA,WR,1,1,7,1,0,0,0,0,6,6,45,1,20.78
2024,4,Brock Wright,DET,SEA,TE,0,0,0,0,0,0,0,0,2,2,13,0,3.3
2024,4,David Montgomery,DET,SEA,RB,0,0,0,0,0,12,40,1,1,1,40,0,15.0
2024,4,Jahmyr Gibbs,DET,SEA,RB,0,0,0,0,0,14,78,2,0,0,0,0,19.8
2024,4,Jameson Williams,DET,SEA,WR,0,0,0,0,0,0,0,0,2,2,80,1,16.0
2024,4,Jared Goff,DET,SEA,QB,18,18,292,2,0,2,-2,0,1,1,7,1,27.18
2024,4,Kalif Raymond,DET,SEA,WR,0,0,0,0,0,0,0,0,1,1,9,0,1.9
2024,4,Sam LaPorta,DET,SEA,TE,0,0,0,0,0,0,0,0,4,4,53,0,9.3
2024,4,Tim Patrick,DET,SEA,WR,0,0,0,0,0,0,0,0,2,2,52,0,7.2
2024,4,Bo Melton,GNB,MIN,WR,0,0,0,0,0,0,0,0,3,1,28,0,3.8
2024,4,Christian Watson,GNB,MIN,WR,0,0,0,0,0,0,0,0,1,0,0,0,0.0
2024,4,Dontayvion Wicks,GNB,MIN,WR,0,0,0,0,0,0,0,0,13,5,78,2,24.8
2024,4,Emanuel Wilson,GNB,MIN,RB,0,0,0,0,0,8,27,0,1,0,0,0,2.7
2024,4,Jayden Reed,GNB,MIN,WR,0,0,0,0,0,1,2,0,8,7,139,1,27.1
2024,4,Jordan Love,GNB,MIN,QB,54,32,389,4,3,1,6,0,0,0,0,0,28.16
2024,4,Josh Jacobs,GNB,MIN,RB,0,0,0,0,0,9,51,0,6,4,27,0,11.8
2024,4,Luke Musgrave,GNB,MIN,TE,0,0,0,0,0,0,0,0,3,3,13,0,4.3
2024,4,Malik Heath,GNB,MIN,WR,0,0,0,0,0,0,0,0,2,2,12,0,3.2
2024,4,Romeo Doubs,GNB,MIN,WR,0,0,0,0,0,0,0,0,8,4,39,0,7.9
2024,4,Tucker Kraft,GNB,MIN,TE,0,0,0,0,0,0,0,0,9,6,53,1,17.3
2024,4,C.J. Stroud,HOU,JAX,QB,40,27,345,2,0,3,17,0,0,0,0,0,23.5
2024,4,Cade Stover,HOU,JAX,TE,0,0,0,0,0,0,0,0,1,1,27,0,3.7
2024,4,Cam Akers,HOU,JAX,RB,0,0,0,0,0,13,53,0,0,0,0,0,5.3
2024,4,Dalton Schultz,HOU,JAX,TE,0,0,0,0,0,0,0,0,5,3,34,0,6.4
2024,4,Dare Ogunbowale,HOU,JAX,RB,0,0,0,0,0,2,7,0,4,4,47,1,15.4
2024,4,J.J. Taylor,HOU,JAX,RB,0,0,0,0,0,6,18,0,1,0,0,0,1.8
2024,4,John Metchie III,HOU,JAX,WR,0,0,0,0,0,0,0,0,1,1,7,0,1.7
2024,4,Nico Collins,HOU,JAX,WR,0,0,0,0,0,0,0,0,15,12,151,1,33.1
2024,4,Robert Woods,HOU,JAX,WR,0,0,0,0,0,0,0,0,3,1,10,0,2.0
2024,4,Stefon Diggs,HOU,JAX,WR,0,0,0,0,0,1,6,1,9,5,69,0,18.5
2024,4,Steven Sims,HOU,JAX,WR,0,0,0,0,0,1,0,0,0,0,0,0,0.0
2024,4,Adonai Mitchell,IND,PIT,WR,0,0,0,0,0,1,10,0,3,0,0,0,1.0
2024,4,Alec Pierce,IND,PIT,WR,0,0,0,0,0,0,0,0,2,1,9,0,1.9
2024,4,Andrew Ogletree,IND,PIT,TE,0,0,0,0,0,0,0,0,1,1,15,1,8.5
2024,4,Anthony Richardson,IND,PIT,QB,4,3,71,0,0,3,24,0,0,0,0,0,5.24
2024,4,Joe Flacco,IND,PIT,QB,26,16,168,2,0,2,3,0,0,0,0,0,15.02
2024,4,Jonathan Taylor,IND,PIT,RB,0,0,0,0,0,21,88,1,4,3,20,0,19.8
2024,4,Josh Downs,IND,PIT,WR,0,0,0,0,0,0,0,0,9,8,82,1,22.2
2024,4,Michael Pittman,IND,PIT,WR,0,0,0,0,0,0,0,0,9,6,113,0,17.3
2024,4,Trey Sermon,IND,PIT,RB,0,0,0,0,0,5,8,0,0,0,0,0,0.8
2024,4,Brenton Strange,JAX,HOU,TE,0,0,0,0,0,0,0,0,3,3,19,0,4.9
2024,4,Brian Thomas Jr.,JAX,HOU,WR,0,0,0,0,0,1,13,0,9,6,86,1,21.9
2024,4,Christian Kirk,JAX,HOU,WR,0,0,0,0,0,0,0,0,12,7,61,1,19.1
2024,4,D'Ernest Johnson,JAX,HOU,RB,0,0,0,0,0,2,0,0,0,0,0,0,0.0
2024,4,Gabe Davis,JAX,HOU,WR,0,0,0,0,0,0,0,0,5,1,-2,0,0.8
2024,4,Luke Farrell,JAX,HOU,TE,0,0,0,0,0,0,0,0,1,0,0,0,0.0
2024,4,Tank Bigsby,JAX,HOU,RB,0,0,0,0,0,7,90,0,0,0,0,0,9.0
2024,4,Travis Etienne,JAX,HOU,RB,0,0,0,0,0,11,50,0,2,1,10,0,7.0
2024,4,Trevor Lawrence,JAX,HOU,QB,33,18,169,2,0,3,5,0,0,0,-5,0,14.76
2024,4,Carson Steele,KAN,LAC,RB,0,0,0,0,0,2,6,0,3,1,0,0,-0.4
2024,4,Justin Watson,KAN,LAC,WR,0,0,0,0,0,0,0,0,3,2,27,0,4.7
2024,4,Kareem Hunt,KAN,LAC,RB,0,0,0,0,0,14,69,0,3,2,16,0,10.5
2024,4,Noah Gray,KAN,LAC,TE,0,0,0,0,0,0,0,0,4,4,40,0,8.0
2024,4,Patrick Mahomes,KAN,LAC,QB,29,19,245,1,1,5,12,0,0,0,0,0,13.0
2024,4,Samaje Perine,KAN,LAC,RB,0,0,0,0,0,5,14,1,0,0,0,0,7.4
2024,4,Skyy Moore,KAN,LAC,WR,0,0,0,0,0,0,0,0,2,0,0,0,0.0
2024,4,Travis Kelce,KAN,LAC,TE,0,0,0,0,0,0,0,0,9,7,89,0,15.9
2024,4,Xavier Worthy,KAN,LAC,WR,0,0,0,0,0,0,0,0,4,3,73,1,16.3
2024,4,Gus Edwards,LAC,KAN,RB,0,0,0,0,0,6,19,0,0,0,0,0,1.9
2024,4,Hayden Hurst,LAC,KAN,TE,0,0,0,0,0,0,0,0,3,1,6,0,1.6
2024,4,J.K. Dobbins,LAC,KAN,RB,0,0,0,0,0,14,32,0,4,3,30,0,9.2
2024,4,Josh Palmer,LAC,KAN,WR,0,0,0,0,0,0,0,0,4,3,36,0,6.6
2024,4,Justin Herbert,LAC,KAN,QB,27,16,179,1,0,3,0,0,0,0,0,0,11.16
2024,4,Ladd McConkey,LAC,KAN,WR,0,0,0,0,0,0,0,0,7,5,67,1,17.7
2024,4,Quentin Johnston,LAC,KAN,WR,0,0,0,0,0,1,4,0,5,1,9,0,2.3
2024,4,Will Dissly,LAC,KAN,TE,0,0,0,0,0,0,0,0,3,2,24,0,4.4
2024,4,Colby Parkinson,LAR,CHI,TE,0,0,0,0,0,0,0,0,7,4,33,0,7.3
2024,4,Demarcus Robinson,LAR,CHI,WR,0,0,0,0,0,0,0,0,3,2,37,0,5.7
2024,4,Jordan Whittington,LAR,CHI,WR,0,0,0,0,0,0,0,0,8,6,62,0,12.2
2024,4,Kyren Williams,LAR,CHI,RB,0,0,0,0,0,19,94,1,4,4,10,0,20.4
2024,4,Matthew Stafford,LAR,CHI,QB,29,20,224,0,1,1,-1,0,0,0,0,0,4.86
2024,4,Ronnie Rivers,LAR,CHI,RB,0,0,0,0,0,6,26,0,0,0,0,0,2.6
2024,4,Tutu Atwell,LAR,CHI,WR,0,0,0,0,0,0,0,0,6,4,82,0,12.2
2024,4,Tyler Johnson,LAR,CHI,WR,0,0,0,0,0,0,0,0,1,0,0,0,0.0
2024,4,Alexander Mattison,LVR,CLE,RB,0,0,0,0,0,5,60,0,1,0,0,0,6.0
2024,4,Brock Bowers,LVR,CLE,TE,0,0,0,0,0,1,12,0,3,2,19,0,5.1
2024,4,DJ Turner,LVR,CLE,WR,0,0,0,0,0,1,18,1,1,0,0,0,7.8
2024,4,Gardner Minshew,LVR,CLE,QB,24,14,130,0,0,2,-2,0,0,0,0,0,5.0
2024,4,Harrison Bryant,LVR,CLE,TE,0,0,0,0,0,0,0,0,2,2,21,0,4.1
2024,4,Jakobi Meyers,LVR,CLE,WR,0,0,0,0,0,0,0,0,10,5,49,0,9.9
2024,4,Tre Tucker,LVR,CLE,WR,0,0,0,0,0,1,3,1,6,5,41,0,15.4
2024,4,Tyreik McAllister,LVR,CLE,WR,0,0,0,0,0,2,11,0,0,0,0,0,1.1
2024,4,Zamir White,LVR,CLE,RB,0,0,0,0,0,17,50,0,1,0,0,0,3.0
2024,4,De'Von Achane,MIA,TEN,RB,0,0,0,0,0,10,15,0,3,3,14,0,5.9
2024,4,Jaylen Waddle,MIA,TEN,WR,0,0,0,0,0,0,0,0,6,4,36,0,7.6
2024,4,Jaylen Wright,MIA,TEN,RB,0,0,0,0,0,9,32,0,1,0,0,0,3.2
2024,4,Jonnu Smith,MIA,TEN,TE,0,0,0,0,0,0,0,0,1,0,0,0,0.0
2024,4,Malik Washington,MIA,TEN,WR,0,0,0,0,0,0,0,0,1,1,8,0,1.8
2024,4,Tanner Conner,MIA,TEN,TE,0,0,0,0,0,0,0,0,2,2,15,0,3.5
2024,4,Tyler Huntley,MIA,TEN,QB,22,14,96,0,0,8,40,1,0,0,0,0,11.84
2024,4,Tyreek Hill,MIA,TEN,WR,0,0,0,0,0,3,19,0,7,4,23,0,8.2
2024,4,Aaron Jones,MIN,GNB,RB,0,0,0,0,0,22,93,0,5,4,46,0,17.9
2024,4,Brandon Powell,MIN,GNB,WR,0,0,0,0,0,0,0,0,2,0,0,0,0.0
2024,4,Jalen Nailor,MIN,GNB,WR,0,0,0,0,0,1,0,0,2,1,31,0,4.1
2024,4,Johnny Mundt,MIN,GNB,TE,0,0,0,0,0,0,0,0,2,2,15,0,3.5
2024,4,Jordan Addison,MIN,GNB,WR,0,0,0,0,0,1,7,1,4,3,72,1,22.9
2024,4,Josh Oliver,MIN,GNB,TE,0,0,0,0,0,0,0,0,2,2,10,1,9.0
2024,4,Justin Jefferson,MIN,GNB,WR,0,0,0,0,0,0,0,0,8,6,85,1,20.5
2024,4,Sam Darnold,MIN,GNB,QB,28,20,275,3,1,7,15,0,0,0,0,0,20.5
2024,4,Trent Sherfield,MIN,GNB,WR,0,0,0,0,0,0,0,0,1,1,8,0,1.8
2024,4,Ty Chandler,MIN,GNB,RB,0,0,0,0,0,3,5,0,1,1,8,0,2.3
2024,4,Alvin Kamara,NOR,ATL,RB,0,0,0,0,0,19,77,1,9,7,42,0,24.9
2024,4,Chris Olave,NOR,ATL,WR,0,0,0,0,0,0,0,0,10,8,87,0,16.7
2024,4,Derek Carr,NOR,ATL,QB,36,28,239,0,1,3,5,0,0,0,0,0,8.06
2024,4,Jamaal Williams,NOR,ATL,RB,0,0,0,0,0,3,11,0,2,2,8,0,3.9
2024,4,Juwan Johnson,NOR,ATL,TE,0,0,0,0,0,0,0,0,3,2,13,0,3.3
2024,4,Mason Tipton,NOR,ATL,WR,0,0,0,0,0,0,0,0,1,1,6,0,1.6
2024,4,Rashid Shaheed,NOR,ATL,WR,0,0,0,0,0,2,14,0,11,8,83,0,17.7
2024,4,Taysom Hill,NOR,ATL,TE,0,0,0,0,0,6,24,2,0,0,0,0,14.4
2024,4,Antonio Gibson,NWE,SFO,RB,0,0,0,0,0,6,12,0,4,3,67,0,10.9
2024,4,Austin Hooper,NWE,SFO,TE,0,0,0,0,0,0,0,0,2,2,13,1,9.3
2024,4,DeMario Douglas,NWE,SFO,WR,0,0,0,0,0,0,0,0,3,3,13,0,4.3
2024,4,Hunter Henry,NWE,SFO,TE,0,0,0,0,0,0,0,0,3,2,12,0,3.2
2024,4,Ja'Lynn Polk,NWE,SFO,WR,0,0,0,0,0,0,0,0,7,3,30,0,6.0
2024,4,JaMycal Hasty,NWE,SFO,RB,0,0,0,0,0,3,15,0,1,0,0,0,1.5
2024,4,Jacoby Brissett,NWE,SFO,QB,32,19,168,1,1,2,3,0,0,0,0,0,7.02
2024,4,K.J. Osborn,NWE,SFO,WR,0,0,0,0,0,0,0,0,5,1,3,0,1.3
2024,4,Kayshon Boutte,NWE,SFO,WR,0,0,0,0,0,0,0,0,1,1,11,0,2.1
2024,4,Rhamondre Stevenson,NWE,SFO,RB,0,0,0,0,0,13,43,0,5,4,19,0,8.2
2024,4,Tyquan Thornton,NWE,SFO,WR,0,0,0,0,0,0,0,0,1,0,0,0,0.0
2024,4,Daniel Jones,NYG,DAL,QB,40,29,281,0,1,4,3,0,0,0,0,0,9.54
2024,4,Darius Slayton,NYG,DAL,WR,0,0,0,0,0,0,0,0,5,3,56,0,8.6
2024,4,Devin Singletary,NYG,DAL,RB,0,0,0,0,0,14,24,0,1,1,14,0,4.8
2024,4,Eric Gray,NYG,DAL,RB,0,0,0,0,0,1,1,0,0,0,0,0,0.1
2024,4,Jalin Hyatt,NYG,DAL,WR,0,0,0,0,0,0,0,0,1,0,0,0,0.0
2024,4,Malik Nabers,NYG,DAL,WR,0,0,0,0,0,1,-4,0,15,12,115,0,23.1
2024,4,Theo Johnson,NYG,DAL,TE,0,0,0,0,0,0,0,0,1,1,6,0,1.6
2024,4,Tyrone Tracy Jr.,NYG,DAL,RB,0,0,0,0,0,4,2,0,1,1,19,0,3.1
2024,4,Wan'Dale Robinson,NYG,DAL,WR,0,0,0,0,0,0,0,0,14,11,71,0,18.1
2024,4,Aaron Rodgers,NYJ,DEN,QB,42,24,225,0,0,5,26,0,0,0,0,0,11.6
2024,4,Allen Lazard,NYJ,DEN,WR,0,0,0,0,0,0,0,0,8,5,58,0,10.8
2024,4,Braelon Allen,NYJ,DEN,RB,0,0,0,0,0,8,34,0,1,1,12,0,5.6
2024,4,Breece Hall,NYJ,DEN,RB,0,0,0,0,0,10,4,0,5,2,14,0,3.8
2024,4,Garrett Wilson,NYJ,DEN,WR,0,0,0,0,0,0,0,0,8,5,41,0,7.1
2024,4,Jeremy Ruckert,NYJ,DEN,TE,0,0,0,0,0,0,0,0,2,2,10,0,3.0
2024,4,Mike Williams,NYJ,DEN,WR,0,0,0,0,0,0,0,0,5,4,67,0,10.7
2024,4,Tyler Conklin,NYJ,DEN,TE,0,0,0,0,0,0,0,0,8,4,17,0,5.7
2024,4,Xavier Gipson,NYJ,DEN,WR,0,0,0,0,0,0,0,0,4,1,6,0,1.6
2024,4,Dallas Goedert,PHI,TAM,TE,0,0,0,0,0,0,0,0,8,7,62,0,13.2
2024,4,Grant Calcaterra,PHI,TAM,TE,0,0,0,0,0,0,0,0,2,1,26,0,3.6
2024,4,Jack Stoll,PHI,TAM,TE,0,0,0,0,0,0,0,0,2,1,4,0,1.4
2024,4,Jahan Dotson,PHI,TAM,WR,0,0,0,0,0,0,0,0,4,2,11,0,3.1
2024,4,Jalen Hurts,PHI,TAM,QB,30,18,158,1,0,8,20,1,0,0,0,0,16.32
2024,4,John Ross,PHI,TAM,WR,0,0,0,0,0,0,0,0,2,1,6,0,1.6
2024,4,Johnny Wilson,PHI,TAM,WR,0,0,0,0,0,0,0,0,2,0,0,0,0.0
2024,4,Kenny Gainwell,PHI,TAM,RB,0,0,0,0,0,2,9,0,1,0,0,0,0.9
2024,4,Parris Campbell,PHI,TAM,WR,0,0,0,0,0,0,0,0,4,4,17,1,11.7
2024,4,Saquon Barkley,PHI,TAM,RB,0,0,0,0,0,10,84,0,4,2,32,0,13.6
2024,4,Aaron Shampklin,PIT,IND,RB,0,0,0,0,0,1,5,0,0,0,0,0,0.5
2024,4,Calvin Austin III,PIT,IND,WR,0,0,0,0,0,0,0,0,1,1,17,0,2.7
2024,4,Cordarrelle Patterson,PIT,IND,RB,0,0,0,0,0,6,43,0,2,2,19,0,8.2
2024,4,Darnell Washington,PIT,IND,TE,0,0,0,0,0,0,0,0,2,2,31,0,5.1
2024,4,George Pickens,PIT,IND,WR,0,0,0,0,0,0,0,0,11,7,113,0,16.3
2024,4,Justin Fields,PIT,IND,QB,34,22,312,1,0,10,55,2,0,0,0,0,31.98
2024,4,Najee Harris,PIT,IND,RB,0,0,0,0,0,13,19,0,6,3,54,0,10.3
2024,4,Pat Freiermuth,PIT,IND,TE,0,0,0,0,0,0,0,0,7,5,57,1,16.7
2024,4,Van Jefferson,PIT,IND,WR,0,0,0,0,0,0,0,0,3,2,21,0,4.1
2024,4,AJ Barner,SEA,DET,TE,0,0,0,0,0,0,0,0,2,2,27,1,10.7
2024,4,DK Metcalf,SEA,DET,WR,0,0,0,0,0,0,0,0,12,7,104,0,15.4
2024,4,Geno Smith,SEA,DET,QB,56,38,395,1,1,5,38,0,0,0,0,0,21.6
2024,4,Jake Bobo,SEA,DET,WR,0,0,0,0,0,0,0,0,3,3,30,0,6.0
2024,4,Jaxon Smith-Njigba,SEA,DET,WR,0,0,0,0,0,0,0,0,12,8,51,0,13.1
2024,4,Kenneth Walker III,SEA,DET,RB,0,0,0,0,0,12,80,3,5,4,36,0,33.6
2024,4,Laviska Shenault Jr.,SEA,DET,WR,0,0,0,0,0,0,0,0,1,1,18,0,2.8
2024,4,Noah Fant,SEA,DET,TE,0,0,0,0,0,0,0,0,2,2,26,0,4.6
2024,4,Pharaoh Brown,SEA,DET,TE,0,0,0,0,0,0,0,0,2,1,3,0,1.3
2024,4,Tyler Lockett,SEA,DET,WR,0,0,0,0,0,0,0,0,9,5,61,0,11.1
2024,4,Zach Charbonnet,SEA,DET,RB,0,0,0,0,0,2,15,0,5,5,39,0,10.4
2024,4,Brandon Aiyuk,SFO,NWE,WR,0,0,0,0,0,0,0,0,5,2,48,0,6.8
2024,4,Brock Purdy,SFO,NWE,QB,27,15,288,1,1,5,11,0,0,0,0,0,14.62
2024,4,Chris Conley,SFO,NWE,WR,0,0,0,0,0,0,0,0,2,0,0,0,0.0
2024,4,Deebo Samuel Sr.,SFO,NWE,WR,0,0,0,0,0,2,14,0,5,3,58,0,10.2
2024,4,George Kittle,SFO,NWE,TE,0,0,0,0,0,0,0,0,4,4,45,1,14.5
2024,4,Isaac Guerendo,SFO,NWE,RB,0,0,0,0,0,1,0,0,0,0,0,0,0.0
2024,4,Jauan Jennings,SFO,NWE,WR,0,0,0,0,0,0,0,0,6,3,88,0,11.8
2024,4,Jordan Mason,SFO,NWE,RB,0,0,0,0,0,24,123,1,3,2,37,0,24.0
2024,4,Kyle Juszczyk,SFO,NWE,RB,0,0,0,0,0,0,0,0,1,1,12,0,2.2
2024,4,Baker Mayfield,TAM,PHI,QB,47,30,347,2,0,4,10,1,0,0,0,0,28.88
2024,4,Bucky Irving,TAM,PHI,RB,0,0,0,0,0,10,49,1,2,1,6,0,12.5
2024,4,Cade Otton,TAM,PHI,TE,0,0,0,0,0,0,0,0,9,6,52,0,11.2
2024,4,Chris Godwin Jr.,TAM,PHI,WR,0,0,0,0,0,0,0,0,9,6,69,0,12.9
2024,4,Kameron Johnson,TAM,PHI,WR,0,0,0,0,0,0,0,0,1,0,0,0,0.0
2024,4,Mike Evans,TAM,PHI,WR,0,0,0,0,0,0,0,0,14,8,94,1,23.4
2024,4,Rachaad White,TAM,PHI,RB,0,0,0,0,0,10,49,0,3,2,35,0,10.4
2024,4,Sean Tucker,TAM,PHI,RB,0,0,0,0,0,1,3,0,1,1,14,0,2.7
2024,4,Sterling Shepard,TAM,PHI,WR,0,0,0,0,0,0,0,0,5,3,51,0,8.1
2024,4,Trey Palmer,TAM,PHI,WR,0,0,0,0,0,0,0,0,3,3,26,1,11.6
2024,4,Calvin Ridley,TEN,MIA,WR,0,0,0,0,0,1,10,0,3,1,5,0,2.5
2024,4,Chig Okonkwo,TEN,MIA,TE,0,0,0,0,0,0,0,0,3,1,5,0,1.5
2024,4,DeAndre Hopkins,TEN,MIA,WR,0,0,0,0,0,0,0,0,4,2,31,0,5.1
2024,4,Josh Whyle,TEN,MIA,TE,0,0,0,0,0,0,0,0,1,1,5,0,1.5
2024,4,Mason Rudolph,TEN,MIA,QB,17,9,85,0,0,0,0,0,0,0,0,0,3.4
2024,4,Tony Pollard,TEN,MIA,RB,0,0,0,0,0,22,88,1,2,2,20,0,18.8
2024,4,Treylon Burks,TEN,MIA,WR,0,0,0,0,0,0,0,0,1,1,13,0,2.3
2024,4,Tyjae Spears,TEN,MIA,RB,0,0,0,0,0,15,39,1,2,2,0,0,11.9
2024,4,Tyler Boyd,TEN,MIA,WR,0,0,0,0,0,0,0,0,2,2,31,0,5.1
2024,4,Will Levis,TEN,MIA,QB,4,3,25,0,1,2,5,0,0,0,0,0,-0.5
2024,4,Brian Robinson,WAS,ARI,RB,0,0,0,0,0,21,101,1,3,3,12,0,20.3
2024,4,Dyami Brown,WAS,ARI,WR,0,0,0,0,0,0,0,0,1,1,4,0,1.4
2024,4,Jayden Daniels,WAS,ARI,QB,30,26,233,1,1,8,47,1,0,0,0,0,24.02
2024,4,Jeremy McNichols,WAS,ARI,RB,0,0,0,0,0,8,68,2,1,1,6,0,20.4
2024,4,John Bates,WAS,ARI,TE,0,0,0,0,0,0,0,0,1,1,9,0,1.9
2024,4,Luke McCaffrey,WAS,ARI,WR,0,0,0,0,0,0,0,0,1,1,17,0,2.7
2024,4,Noah Brown,WAS,ARI,WR,0,0,0,0,0,0,0,0,4,3,26,0,5.6
2024,4,Olamide Zaccheaus,WAS,ARI,WR,0,0,0,0,0,0,0,0,6,6,85,0,14.5
2024,4,Terry McLaurin,WAS,ARI,WR,0,0,0,0,0,0,0,0,10,7,52,1,18.2
2024,4,Zach Ertz,WAS,ARI,TE,0,0,0,0,0,0,0,0,3,3,22,0,7.2
2024,5,Elijah Higgins,ARI,SFO,TE,0,0,0,0,0,0,0,0,1,1,2,1,7.2
2024,5,Emari Demercado,ARI,SFO,RB,0,0,0,0,0,0,0,0,1,1,0,0,1.0
2024,5,Greg Dortch,ARI,SFO,WR,0,0,0,0,0,0,0,0,2,1,7,0,1.7
2024,5,James Conner,ARI,SFO,RB,0,0,0,0,0,19,86,0,3,2,14,0,14.0
2024,5,Kyler Murray,ARI,SFO,QB,30,19,195,1,1,7,83,1,0,0,0,0,24.1
2024,5,Marvin Harrison Jr.,ARI,SFO,WR,0,0,0,0,0,0,0,0,7,2,36,0,5.6
2024,5,Michael Wilson,ARI,SFO,WR,0,0,0,0,0,0,0,0,6,5,78,0,12.8
2024,5,Tip Reiman,ARI,SFO,TE,0,0,0,0,0,0,0,0,1,1,5,0,1.5
2024,5,Trey McBride,ARI,SFO,TE,0,0,0,0,0,0,0,0,9,6,53,0,11.3
2024,5,Bijan Robinson,ATL,TAM,RB,0,0,0,0,0,12,61,0,3,3,16,0,10.7
2024,5,Darnell Mooney,ATL,TAM,WR,1,0,0,0,0,0,0,0,16,9,105,2,31.5
2024,5,Drake London,ATL,TAM,WR,0,0,0,0,0,0,0,0,13,12,154,1,33.4
2024,5,KhaDarel Hodge,ATL,TAM,WR,0,0,0,0,0,0,0,0,2,2,67,1,14.7
2024,5,Kirk Cousins,ATL,TAM,QB,58,42,509,4,1,0,0,0,0,0,0,0,34.36
2024,5,Kyle Pitts,ATL,TAM,TE,0,0,0,0,0,0,0,0,8,7,88,0,15.8
2024,5,Ray-Ray McCloud,ATL,TAM,WR,0,0,0,0,0,0,0,0,9,6,66,0,12.6
2024,5,Tyler Allgeier,ATL,TAM,RB,0,0,0,0,0,6,12,0,3,3,13,0,5.5
2024,5,Charlie Kolar,BAL,CIN,TE,0,0,0,0,0,1,2,0,4,3,64,1,15.6
2024,5,Derrick Henry,BAL,CIN,RB,0,0,0,0,0,15,92,1,1,1,4,0,16.6
2024,5,Isaiah Likely,BAL,CIN,TE,0,0,0,0,0,0,0,0,3,3,13,2,16.3
2024,5,Justice Hill,BAL,CIN,RB,0,0,0,0,0,5,17,0,2,1,8,0,3.5
2024,5,Lamar Jackson,BAL,CIN,QB,42,26,348,4,0,12,55,0,0,0,0,0,33.42
2024,5,Mark Andrews,BAL,CIN,TE,0,0,0,0,0,0,0,0,5,4,55,0,9.5
2024,5,Nelson Agholor,BAL,CIN,WR,0,0,0,0,0,0,0,0,4,1,4,0,1.4
2024,5,Rashod Bateman,BAL,CIN,WR,0,0,0,0,0,0,0,0,8,4,58,1,15.8
2024,5,Tylan Wallace,BAL,CIN,WR,0,0,0,0,0,0,0,0,2,2,31,0,5.1
2024,5,Zay Flowers,BAL,CIN,WR,0,0,0,0,0,1,9,0,12,7,111,0,19.0
2024,5,Curtis Samuel,BUF,HOU,WR,0,0,0,0,0,1,-1,0,4,1,0,0,0.9
2024,5,Dalton Kincaid,BUF,HOU,TE,0,0,0,0,0,0,0,0,6,2,34,0,5.4
2024,5,James Cook,BUF,HOU,RB,0,0,0,0,0,20,82,1,3,2,17,0,17.9
2024,5,Josh Allen,BUF,HOU,QB,30,9,131,1,0,4,54,0,0,0,0,0,14.64
2024,5,Keon Coleman,BUF,HOU,WR,0,0,0,0,0,0,0,0,5,1,49,1,11.9
2024,5,Mack Hollins,BUF,HOU,WR,0,0,0,0,0,0,0,0,6,2,27,0,4.7
2024,5,Marquez Valdes-Scantling,BUF,HOU,WR,0,0,0,0,0,0,0,0,3,0,0,0,0.0
2024,5,Ray Davis,BUF,HOU,RB,0,0,0,0,0,0,0,0,2,1,4,0,1.4
2024,5,Ty Johnson,BUF,HOU,RB,0,0,0,0,0,3,15,0,0,0,0,0,1.5
2024,5,Andy Dalton,CAR,CHI,QB,28,18,136,0,1,1,3,0,0,0,0,0,3.74
2024,5,Bryce Young,CAR,CHI,QB,7,4,58,0,0,1,8,0,0,0,0,0,3.12
2024,5,Chuba Hubbard,CAR,CHI,RB,0,0,0,0,0,13,97,1,4,4,-2,0,17.5
2024,5,David Moore,CAR,CHI,WR,0,0,0,0,0,0,0,0,3,2,13,0,3.3
2024,5,Diontae Johnson,CAR,CHI,WR,0,0,0,0,0,2,6,0,6,3,23,0,5.9
2024,5,Ja'Tavion Sanders,CAR,CHI,TE,0,0,0,0,0,0,0,0,5,3,13,0,4.3
2024,5,Jalen Coker,CAR,CHI,WR,0,0,0,0,0,0,0,0,4,4,68,0,10.8
2024,5,Jonathan Mingo,CAR,CHI,WR,0,0,0,0,0,0,0,0,5,2,37,0,5.7
2024,5,Miles Sanders,CAR,CHI,RB,0,0,0,0,0,2,6,0,3,2,27,0,5.3
2024,5,Tommy Tremble,CAR,CHI,TE,0,0,0,0,0,0,0,0,2,1,7,0,-0.3
2024,5,Xavier Legette,CAR,CHI,WR,0,0,0,0,0,0,0,0,1,1,8,0,1.8
2024,5,Caleb Williams,CHI,CAR,QB,29,20,304,2,0,5,34,0,0,0,0,0,23.56
2024,5,Cole Kmet,CHI,CAR,TE,0,0,0,0,0,0,0,0,4,3,57,0,8.7
2024,5,D'Andre Swift,CHI,CAR,RB,0,0,0,0,0,21,73,1,2,2,47,0,20.0
2024,5,DJ Moore,CHI,CAR,WR,0,0,0,0,0,0,0,0,8,5,105,2,27.5
2024,5,Gerald Everett,CHI,CAR,TE,0,0,0,0,0,0,0,0,2,2,22,0,4.2
2024,5,Keenan Allen,CHI,CAR,WR,0,0,0,0,0,0,0,0,6,3,33,0,6.3
2024,5,Rome Odunze,CHI,CAR,WR,0,0,0,0,0,0,0,0,6,5,40,0,9.0
2024,5,Roschon Johnson,CHI,CAR,RB,0,0,0,0,0,10,25,2,0,0,0,0,14.5
2024,5,Tyson Bagent,CHI,CAR,QB,0,0,0,0,0,3,-4,0,0,0,0,0,-0.4
2024,5,Andrei Iosivas,CIN,BAL,WR,0,0,0,0,0,0,0,0,2,1,39,0,4.9
2024,5,Chase Brown,CIN,BAL,RB,0,0,0,0,0,12,46,0,3,3,8,1,16.4
2024,5,Erick All,CIN,BAL,TE,0,0,0,0,0,0,0,0,2,2,10,0,3.0
2024,5,Ja'Marr Chase,CIN,BAL,WR,0,0,0,0,0,0,0,0,12,10,193,2,41.3
2024,5,Joe Burrow,CIN,BAL,QB,39,30,392,5,1,2,1,0,0,0,0,0,33.78
2024,5,Mike Gesicki,CIN,BAL,TE,0,0,0,0,0,0,0,0,2,2,31,0,5.1
2024,5,Tee Higgins,CIN,BAL,WR,0,0,0,0,0,0,0,0,14,9,83,2,29.3
2024,5,Zack Moss,CIN,BAL,RB,0,0,0,0,0,9,24,0,4,3,28,0,8.2
2024,5,Amari Cooper,CLE,WAS,WR,0,0,0,0,0,0,0,0,10,4,60,0,10.0
2024,5,D'Onta Foreman,CLE,WAS,RB,0,0,0,0,0,9,44,0,1,1,16,0,7.0
2024,5,David Njoku,CLE,WAS,TE,0,0,0,0,0,0,0,0,3,1,14,0,2.4
2024,5,Deshaun Watson,CLE,WAS,QB,28,15,125,1,0,3,14,0,0,0,0,0,8.4
2024,5,Elijah Moore,CLE,WAS,WR,0,0,0,0,0,0,0,0,4,3,11,0,4.1
2024,5,Jameis Winston,CLE,WAS,QB,1,1,16,0,0,1,-3,0,0,0,0,0,0.34
2024,5,Jerome Ford,CLE,WAS,RB,0,0,0,0,0,9,47,0,3,3,2,0,7.9
2024,5,Jerry Jeudy,CLE,WAS,WR,0,0,0,0,0,0,0,0,3,1,16,0,2.6
2024,5,Jordan Akins,CLE,WAS,TE,0,0,0,0,0,0,0,0,3,3,22,1,11.2
2024,5,Pierre Strong,CLE,WAS,RB,0,0,0,0,0,1,2,0,1,0,0,0,0.2
2024,5,Brevyn Spann-Ford,DAL,PIT,TE,0,0,0,0,0,0,0,0,3,2,20,0,4.0
2024,5,CeeDee Lamb,DAL,PIT,WR,0,0,0,0,0,1,2,0,9,5,62,0,11.4
2024,5,Dak Prescott,DAL,PIT,QB,42,29,352,2,2,1,3,0,0,0,0,0,16.38
2024,5,Ezekiel Elliott,DAL,PIT,RB,0,0,0,0,0,6,17,0,1,0,0,0,1.7
2024,5,Hunter Luepke,DAL,PIT,RB,0,0,0,0,0,2,6,0,1,1,18,0,3.4
2024,5,Jake Ferguson,DAL,PIT,TE,0,0,0,0,0,0,0,0,7,6,70,0,13.0
2024,5,Jalen Brooks,DAL,PIT,WR,0,0,0,0,0,0,0,0,1,1,10,0,2.0
2024,5,Jalen Tolbert,DAL,PIT,WR,0,0,0,0,0,0,0,0,10,7,87,1,21.7
2024,5,KaVontae Turpin,DAL,PIT,WR,0,0,0,0,0,1,-6,0,5,4,50,0,8.4
2024,5,Luke Schoonmaker,DAL,PIT,TE,0,0,0,0,0,0,0,0,2,1,8,0,1.8
2024,5,Rico Dowdle,DAL,PIT,RB,0,0,0,0,0,20,87,0,2,2,27,1,19.4
2024,5,Adam Trautman,DEN,LVR,TE,0,0,0,0,0,0,0,0,1,1,19,0,2.9
2024,5,Bo Nix,DEN,LVR,QB,27,19,206,2,0,8,9,1,0,0,0,0,23.14
2024,5,Courtland Sutton,DEN,LVR,WR,0,0,0,0,0,0,0,0,5,2,32,0,5.2
2024,5,Jaleel McLaughlin,DEN,LVR,RB,0,0,0,0,0,6,22,0,4,3,3,1,11.5
2024,5,Javonte Williams,DEN,LVR,RB,0,0,0,0,0,13,61,0,6,5,50,0,16.1
2024,5,Josh Reynolds,DEN,LVR,WR,0,0,0,0,0,0,0,0,2,1,9,1,7.9
2024,5,Lil'Jordan Humphrey,DEN,LVR,WR,0,0,0,0,0,0,0,0,2,2,48,0,6.8
2024,5,Lucas Krull,DEN,LVR,TE,0,0,0,0,0,0,0,0,1,1,5,0,1.5
2024,5,Marvin Mims Jr.,DEN,LVR,WR,0,0,0,0,0,1,17,0,1,1,7,0,3.4
2024,5,Michael Burton,DEN,LVR,RB,0,0,0,0,0,0,0,0,1,1,5,0,1.5
2024,5,Nate Adkins,DEN,LVR,TE,0,0,0,0,0,0,0,0,1,1,8,0,1.8
2024,5,Troy Franklin,DEN,LVR,WR,0,0,0,0,0,0,0,0,2,1,20,0,3.0
2024,5,Bo Melton,GNB,LAR,WR,0,0,0,0,0,0,0,0,2,1,12,0,2.2
2024,5,Dontayvion Wicks,GNB,LAR,WR,0,0,0,0,0,0,0,0,7,2,20,0,4.0
2024,5,Emanuel Wilson,GNB,LAR,RB,0,0,0,0,0,6,24,0,1,1,-9,0,2.5
2024,5,Jayden Reed,GNB,LAR,WR,0,0,0,0,0,2,19,0,6,4,78,0,13.7
2024,5,Jordan Love,GNB,LAR,QB,26,15,224,2,1,3,10,0,0,0,0,0,15.96
2024,5,Josh Jacobs,GNB,LAR,RB,0,0,0,0,0,19,73,1,1,1,21,0,16.4
2024,5,Malik Heath,GNB,LAR,WR,0,0,0,0,0,0,0,0,3,2,14,0,3.4
2024,5,Tucker Kraft,GNB,LAR,TE,0,0,0,0,0,0,0,0,5,4,88,2,24.8
2024,5,C.J. Stroud,HOU,BUF,QB,38,28,331,1,1,3,27,0,0,0,0,0,15.94
2024,5,Cade Stover,HOU,BUF,TE,0,0,0,0,0,0,0,0,2,2,6,0,2.6
2024,5,Cam Akers,HOU,BUF,RB,0,0,0,0,0,9,42,1,3,2,5,0,12.7
2024,5,Dalton Schultz,HOU,BUF,TE,0,0,0,0,0,0,0,0,6,4,34,0,7.4
2024,5,Dare Ogunbowale,HOU,BUF,RB,0,0,0,0,0,15,30,0,7,6,57,0,14.7
2024,5,Nico Collins,HOU,BUF,WR,0,0,0,0,0,0,0,0,2,2,78,1,15.8
2024,5,Stefon Diggs,HOU,BUF,WR,0,0,0,0,0,0,0,0,8,6,82,0,14.2
2024,5,Tank Dell,HOU,BUF,WR,0,0,0,0,0,1,-5,0,4,4,38,0,7.3
2024,5,Xavier Hutchinson,HOU,BUF,WR,0,0,0,0,0,0,0,0,3,2,31,0,5.1
2024,5,Adonai Mitchell,IND,JAX,WR,1,1,24,0,0,1,4,0,7,4,38,0,9.16
2024,5,Alec Pierce,IND,JAX,WR,0,0,0,0,0,0,0,0,3,3,134,1,22.4
2024,5,Andrew Ogletree,IND,JAX,TE,0,0,0,0,0,0,0,0,1,1,5,0,1.5
2024,5,Ashton Dulin,IND,JAX,WR,0,0,0,0,0,1,9,0,0,0,0,0,0.9
2024,5,Joe Flacco,IND,JAX,QB,44,33,359,3,0,3,22,0,0,0,0,0,26.56
2024,5,Josh Downs,IND,JAX,WR,0,0,0,0,0,0,0,0,12,9,69,0,15.9
2024,5,Michael Pittman,IND,JAX,WR,0,0,0,0,0,0,0,0,8,5,37,1,14.7
2024,5,Mo Alie-Cox,IND,JAX,TE,0,0,0,0,0,0,0,0,4,2,37,1,11.7
2024,5,Trey Sermon,IND,JAX,RB,0,0,0,0,0,10,38,1,6,6,25,0,18.3
2024,5,Tyler Goodson,IND,JAX,RB,0,0,0,0,0,5,26,0,3,3,31,0,8.7
2024,5,Will Mallory,IND,JAX,TE,0,0,0,0,0,0,0,0,1,1,7,0,1.7
2024,5,Brenton Strange,JAX,IND,TE,0,0,0,0,0,0,0,0,4,4,24,1,12.4
2024,5,Brian Thomas Jr.,JAX,IND,WR,0,0,0,0,0,0,0,0,8,5,122,1,23.2
2024,5,Christian Kirk,JAX,IND,WR,0,0,0,0,0,0,0,0,4,4,88,0,12.8
2024,5,D'Ernest Johnson,JAX,IND,RB,0,0,0,0,0,1,1,0,3,2,9,0,3.0
2024,5,Devin Duvernay,JAX,IND,WR,0,0,0,0,0,1,3,0,0,0,0,0,0.3
2024,5,Gabe Davis,JAX,IND,WR,0,0,0,0,0,0,0,0,4,3,38,0,4.8
2024,5,Josiah Deguara,JAX,IND,TE,0,0,0,0,0,0,0,0,1,1,2,0,1.2
2024,5,Luke Farrell,JAX,IND,TE,0,0,0,0,0,0,0,0,2,2,17,0,3.7
2024,5,Tank Bigsby,JAX,IND,RB,0,0,0,0,0,13,101,2,1,1,28,0,25.9
2024,5,Travis Etienne,JAX,IND,RB,0,0,0,0,0,6,17,0,7,6,43,0,12.0
2024,5,Trevor Lawrence,JAX,IND,QB,34,28,371,2,1,2,4,0,0,0,0,0,21.24
2024,5,Carson Steele,KAN,NOR,RB,0,0,0,0,0,5,12,0,0,0,0,0,1.2
2024,5,Joseph Fortson,KAN,NOR,TE,0,0,0,0,0,0,0,0,1,1,5,0,1.5
2024,5,JuJu Smith-Schuster,KAN,NOR,WR,0,0,0,0,0,0,0,0,8,7,130,0,20.0
2024,5,Kareem Hunt,KAN,NOR,RB,0,0,0,0,0,27,102,1,1,1,15,0,18.7
2024,5,Mecole Hardman,KAN,NOR,WR,0,0,0,0,0,0,0,0,4,4,33,0,7.3
2024,5,Noah Gray,KAN,NOR,TE,0,0,0,0,0,0,0,0,2,2,29,0,4.9
2024,5,Patrick Mahomes,KAN,NOR,QB,39,28,331,0,1,6,22,0,0,0,0,0,13.44
2024,5,Samaje Perine,KAN,NOR,RB,0,0,0,0,0,0,0,0,2,1,24,0,3.4
2024,5,Travis Kelce,KAN,NOR,TE,0,0,0,0,0,0,0,0,10,9,70,0,16.0
2024,5,Xavier Worthy,KAN,NOR,WR,0,0,0,0,0,1,3,1,6,3,25,0,11.8
2024,5,Blake Corum,LAR,GNB,RB,0,0,0,0,0,5,25,0,1,1,8,0,4.3
2024,5,Colby Parkinson,LAR,GNB,TE,0,0,0,0,0,0,0,0,13,7,52,0,12.2
2024,5,Davis Allen,LAR,GNB,TE,0,0,0,0,0,0,0,0,1,0,0,0,0.0
2024,5,Demarcus Robinson,LAR,GNB,WR,0,0,0,0,0,0,0,0,5,3,28,1,11.8
2024,5,Hunter Long,LAR,GNB,TE,0,0,0,0,0,0,0,0,2,2,16,0,3.6
2024,5,Jordan Whittington,LAR,GNB,WR,0,0,0,0,0,0,0,0,10,7,89,0,15.9
2024,5,Kyren Williams,LAR,GNB,RB,0,0,0,0,0,22,102,1,1,1,3,0,15.5
2024,5,Matthew Stafford,LAR,GNB,QB,45,29,260,1,1,0,0,0,0,0,0,0,12.4
2024,5,Tutu Atwell,LAR,GNB,WR,0,0,0,0,0,1,7,0,10,6,58,0,12.5
2024,5,Xavier Smith,LAR,GNB,WR,0,0,0,0,0,0,0,0,2,2,6,0,2.6
2024,5,Aidan O'Connell,LVR,DEN,QB,20,10,94,0,1,0,0,0,0,0,0,0,1.76
2024,5,Alexander Mattison,LVR,DEN,RB,0,0,0,0,0,15,38,0,3,2,23,0,10.1
2024,5,Ameer Abdullah,LVR,DEN,RB,0,0,0,0,0,5,42,1,3,3,9,0,14.1
2024,5,Brock Bowers,LVR,DEN,TE,0,0,0,0,0,0,0,0,12,8,97,1,23.7
2024,5,DJ Turner,LVR,DEN,WR,0,0,0,0,0,1,5,0,4,1,12,0,2.7
2024,5,Gardner Minshew,LVR,DEN,QB,17,12,137,1,2,2,22,0,0,0,0,0,7.68
2024,5,Jakobi Meyers,LVR,DEN,WR,0,0,0,0,0,0,0,0,9,6,72,0,13.2
2024,5,Tre Tucker,LVR,DEN,WR,0,0,0,0,0,2,8,0,5,2,18,0,4.6
2024,5,Alec Ingold,MIA,NWE,RB,0,0,0,0,0,1,3,1,0,0,0,0,6.3
2024,5,De'Von Achane,MIA,NWE,RB,0,0,0,0,0,3,18,0,1,1,-1,0,2.7
2024,5,Durham Smythe,MIA,NWE,TE,0,0,0,0,0,0,0,0,1,0,0,0,0.0
2024,5,Jaylen Waddle,MIA,NWE,WR,0,0,0,0,0,0,0,0,8,4,46,0,8.6
2024,5,Jaylen Wright,MIA,NWE,RB,0,0,0,0,0,13,86,0,0,0,0,0,8.6
2024,5,Jonnu Smith,MIA,NWE,TE,0,0,0,0,0,1,-1,0,8,5,62,0,11.1
2024,5,Odell Beckham Jr.,MIA,NWE,WR,0,0,0,0,0,0,0,0,1,0,0,0,0.0
2024,5,Raheem Mostert,MIA,NWE,RB,0,0,0,0,0,19,80,0,2,2,18,0,11.8
2024,5,Tyler Huntley,MIA,NWE,QB,31,18,194,0,1,3,7,0,0,0,0,0,6.46
2024,5,Tyreek Hill,MIA,NWE,WR,0,0,0,0,0,0,0,0,10,6,69,0,12.9
2024,5,Aaron Jones,MIN,NYJ,RB,0,0,0,0,0,7,29,0,1,1,24,0,6.3
2024,5,C.J. Ham,MIN,NYJ,RB,0,0,0,0,0,2,10,1,0,0,0,0,7.0
2024,5,Johnny Mundt,MIN,NYJ,TE,0,0,0,0,0,0,0,0,2,2,31,0,5.1
2024,5,Jordan Addison,MIN,NYJ,WR,0,0,0,0,0,0,0,0,8,3,36,0,6.6
2024,5,Justin Jefferson,MIN,NYJ,WR,0,0,0,0,0,0,0,0,14,6,92,0,15.2
2024,5,Myles Gaskin,MIN,NYJ,RB,0,0,0,0,0,2,2,0,1,1,11,0,2.3
2024,5,Sam Darnold,MIN,NYJ,QB,31,14,179,0,1,5,11,0,0,0,0,0,4.26
2024,5,Ty Chandler,MIN,NYJ,RB,0,0,0,0,0,14,30,0,2,2,9,0,5.9
2024,5,Alvin Kamara,NOR,KAN,RB,0,0,0,0,0,11,26,0,8,6,40,0,12.6
2024,5,Chris Olave,NOR,KAN,WR,0,0,0,0,0,0,0,0,4,2,10,0,3.0
2024,5,Derek Carr,NOR,KAN,QB,28,18,165,2,1,0,0,0,0,0,0,0,12.6
2024,5,Foster Moreau,NOR,KAN,TE,0,0,0,0,0,0,0,0,2,2,13,1,9.3
2024,5,Jake Haener,NOR,KAN,QB,7,2,17,0,0,2,11,0,0,0,0,0,1.78
2024,5,Jamaal Williams,NOR,KAN,RB,0,0,0,0,0,2,9,0,0,0,0,0,0.9
2024,5,Juwan Johnson,NOR,KAN,TE,0,0,0,0,0,0,0,0,5,5,31,0,8.1
2024,5,Mason Tipton,NOR,KAN,WR,0,0,0,0,0,0,0,0,4,1,2,0,1.2
2024,5,Rashid Shaheed,NOR,KAN,WR,0,0,0,0,0,0,0,0,9,4,86,1,18.6
2024,5,Antonio Gibson,NWE,MIA,RB,0,0,0,0,0,6,52,0,1,1,4,0,6.6
2024,5,Austin Hooper,NWE,MIA,TE,0,0,0,0,0,0,0,0,3,1,9,0,1.9
2024,5,DeMario Douglas,NWE,MIA,WR,0,0,0,0,0,0,0,0,9,6,59,0,11.9
2024,5,Hunter Henry,NWE,MIA,TE,0,0,0,0,0,0,0,0,4,2,32,0,5.2
2024,5,Ja'Lynn Polk,NWE,MIA,WR,0,0,0,0,0,0,0,0,6,1,13,0,2.3
2024,5,Jacoby Brissett,NWE,MIA,QB,34,18,160,0,0,1,10,0,0,0,0,0,7.4
2024,5,Kayshon Boutte,NWE,MIA,WR,0,0,0,0,0,0,0,0,2,2,34,0,5.4
2024,5,Kendrick Bourne,NWE,MIA,WR,0,0,0,0,0,0,0,0,1,1,6,0,1.6
2024,5,Rhamondre Stevenson,NWE,MIA,RB,0,0,0,0,0,12,89,1,4,4,3,0,19.2
2024,5,Daniel Jones,NYG,SEA,QB,34,23,257,2,0,11,38,0,0,0,0,0,22.08
2024,5,Darius Slayton,NYG,SEA,WR,0,0,0,0,0,0,0,0,11,8,122,1,26.2
2024,5,Eric Gray,NYG,SEA,RB,0,0,0,0,0,4,4,0,4,3,50,0,6.4
2024,5,Theo Johnson,NYG,SEA,TE,0,0,0,0,0,0,0,0,5,5,48,0,9.8
2024,5,Tyrone Tracy Jr.,NYG,SEA,RB,0,0,0,0,0,18,129,0,2,1,1,0,14.0
2024,5,Wan'Dale Robinson,NYG,SEA,WR,0,0,0,0,0,1,4,0,9,6,36,1,16.0
2024,5,Aaron Rodgers,NYJ,MIN,QB,54,29,244,2,3,0,0,0,0,0,0,0,11.76
2024,5,Allen Lazard,NYJ,MIN,WR,0,0,0,0,0,0,0,0,9,4,34,1,13.4
2024,5,Braelon Allen,NYJ,MIN,RB,0,0,0,0,0,5,13,0,2,1,15,0,3.8
2024,5,Breece Hall,NYJ,MIN,RB,0,0,0,0,0,9,23,0,4,3,14,0,6.7
2024,5,Garrett Wilson,NYJ,MIN,WR,0,0,0,0,0,0,0,0,23,13,101,1,29.1
2024,5,Mike Williams,NYJ,MIN,WR,0,0,0,0,0,0,0,0,4,2,25,0,4.5
2024,5,Tyler Conklin,NYJ,MIN,TE,0,0,0,0,0,0,0,0,9,6,55,0,11.5
2024,5,Aaron Shampklin,PIT,DAL,RB,0,0,0,0,0,4,14,0,0,0,0,0,1.4
2024,5,Brandon Johnson,PIT,DAL,WR,0,0,0,0,0,0,0,0,1,1,9,0,1.9
2024,5,Calvin Austin III,PIT,DAL,WR,0,0,0,0,0,0,0,0,2,1,6,0,1.6
2024,5,Connor Heyward,PIT,DAL,RB,0,0,0,0,0,0,0,0,4,2,23,1,10.3
2024,5,Darnell Washington,PIT,DAL,TE,0,0,0,0,0,0,0,0,2,1,5,0,1.5
2024,5,George Pickens,PIT,DAL,WR,0,0,0,0,0,0,0,0,7,3,26,0,5.6
2024,5,Jonathan Ward,PIT,DAL,RB,0,0,0,0,0,2,9,0,0,0,0,0,0.9
2024,5,Justin Fields,PIT,DAL,QB,27,15,131,2,0,6,27,0,0,0,0,0,15.94
2024,5,Najee Harris,PIT,DAL,RB,0,0,0,0,0,14,42,0,2,2,35,0,9.7
2024,5,Pat Freiermuth,PIT,DAL,TE,0,0,0,0,0,0,0,0,3,3,22,1,11.2
2024,5,Van Jefferson,PIT,DAL,WR,0,0,0,0,0,0,0,0,5,3,26,0,5.6
2024,5,AJ Barner,SEA,NYG,TE,0,0,0,0,0,0,0,0,1,1,13,0,2.3
2024,5,DK Metcalf,SEA,NYG,WR,0,0,0,0,0,0,0,0,7,4,55,0,7.5
2024,5,Geno Smith,SEA,NYG,QB,40,28,284,1,0,4,72,0,0,0,0,0,22.56
2024,5,Jake Bobo,SEA,NYG,WR,0,0,0,0,0,0,0,0,1,1,3,0,1.3
2024,5,Jaxon Smith-Njigba,SEA,NYG,WR,0,0,0,0,0,0,0,0,7,4,31,1,13.1
2024,5,Kenneth Walker III,SEA,NYG,RB,0,0,0,0,0,5,19,0,8,7,57,0,14.6
2024,5,Noah Fant,SEA,NYG,TE,0,0,0,0,0,0,0,0,3,3,24,0,5.4
2024,5,Pharaoh Brown,SEA,NYG,TE,0,0,0,0,0,0,0,0,1,1,7,0,1.7
2024,5,Tyler Lockett,SEA,NYG,WR,0,0,0,0,0,0,0,0,6,4,75,0,11.5
2024,5,Zach Charbonnet,SEA,NYG,RB,0,0,0,0,0,2,11,0,5,3,19,0,6.0
2024,5,Brandon Aiyuk,SFO,ARI,WR,0,0,0,0,0,0,0,0,12,8,147,0,22.7
2024,5,Brock Purdy,SFO,ARI,QB,35,19,244,1,2,4,33,0,0,0,0,0,13.06
2024,5,Deebo Samuel Sr.,SFO,ARI,WR,0,0,0,0,0,3,9,0,3,1,11,0,3.0
2024,5,George Kittle,SFO,ARI,TE,0,0,0,0,0,0,0,0,12,8,64,1,20.4
2024,5,Isaac Guerendo,SFO,ARI,RB,0,0,0,0,0,5,22,0,0,0,0,0,2.2
2024,5,Jauan Jennings,SFO,ARI,WR,0,0,0,0,0,0,0,0,4,1,13,0,2.3
2024,5,Jordan Mason,SFO,ARI,RB,0,0,0,0,0,14,89,0,1,1,9,0,8.8
2024,5,Baker Mayfield,TAM,ATL,QB,24,19,180,3,0,6,42,0,0,0,0,0,23.4
2024,5,Bucky Irving,TAM,ATL,RB,0,0,0,0,0,9,44,0,2,2,12,0,5.6
2024,5,Cade Otton,TAM,ATL,TE,0,0,0,0,0,0,0,0,4,3,44,0,7.4
2024,5,Chris Godwin Jr.,TAM,ATL,WR,0,0,0,0,0,1,2,0,6,5,64,0,11.6
2024,5,Mike Evans,TAM,ATL,WR,0,0,0,0,0,0,0,0,7,5,62,2,23.2
2024,5,Rachaad White,TAM,ATL,RB,0,0,0,0,0,10,72,0,3,3,-6,0,9.6
2024,5,Sterling Shepard,TAM,ATL,WR,0,0,0,0,0,0,0,0,2,1,4,1,7.4
2024,5,Austin Ekeler,WAS,CLE,RB,0,0,0,0,0,6,67,0,2,2,30,0,11.7
2024,5,Brian Robinson,WAS,CLE,RB,0,0,0,0,0,7,18,2,0,0,0,0,13.8
2024,5,Brycen Tremayne,WAS,CLE,WR,0,0,0,0,0,0,0,0,1,1,-2,0,0.8
2024,5,Dyami Brown,WAS,CLE,WR,0,0,0,0,0,0,0,0,2,2,57,1,13.7
2024,5,Jayden Daniels,WAS,CLE,QB,25,14,238,1,1,11,82,0,0,0,0,0,19.72
2024,5,Jeremy McNichols,WAS,CLE,RB,0,0,0,0,0,7,44,1,0,0,0,0,10.4
2024,5,Luke McCaffrey,WAS,CLE,WR,0,0,0,0,0,0,0,0,3,3,19,0,4.9
2024,5,Marcus Mariota,WAS,CLE,QB,3,1,-2,0,0,2,2,0,0,0,0,0,0.12
2024,5,Olamide Zaccheaus,WAS,CLE,WR,0,0,0,0,0,0,0,0,3,1,10,0,2.0
2024,5,Terry McLaurin,WAS,CLE,WR,0,0,0,0,0,1,2,0,8,4,112,0,13.4
2024,5,Zach Ertz,WAS,CLE,TE,0,0,0,0,0,0,0,0,8,2,10,0,3.0
2024,6,Emari Demercado,ARI,GNB,RB,0,0,0,0,0,4,25,0,7,5,39,0,11.4
2024,6,Greg Dortch,ARI,GNB,WR,0,0,0,0,0,0,0,0,5,3,36,0,4.6
2024,6,James Conner,ARI,GNB,RB,0,0,0,0,0,7,24,0,5,4,22,0,6.6
2024,6,Kyler Murray,ARI,GNB,QB,32,22,214,1,0,7,14,0,0,0,0,0,11.96
2024,6,Marvin Harrison Jr.,ARI,GNB,WR,0,0,0,0,0,0,0,0,2,0,0,0,0.0
2024,6,Michael Wilson,ARI,GNB,WR,0,0,0,0,0,0,0,0,4,2,21,1,10.1
2024,6,Trey Benson,ARI,GNB,RB,0,0,0,0,0,5,26,0,0,0,0,0,2.6
2024,6,Trey McBride,ARI,GNB,TE,0,0,0,0,0,0,0,0,8,8,96,0,17.6
2024,6,Xavier Weaver,ARI,GNB,WR,0,0,0,0,0,0,0,0,1,0,0,0,0.0
2024,6,Bijan Robinson,ATL,CAR,RB,0,0,0,0,0,15,95,2,4,3,10,0,25.5
2024,6,Darnell Mooney,ATL,CAR,WR,0,0,0,0,0,0,0,0,5,3,38,0,6.8
2024,6,Drake London,ATL,CAR,WR,0,0,0,0,0,0,0,0,10,6,74,1,19.4
2024,6,Kirk Cousins,ATL,CAR,QB,30,19,225,1,0,4,-5,0,0,0,0,0,12.5
2024,6,Kyle Pitts,ATL,CAR,TE,0,0,0,0,0,0,0,0,5,3,70,0,10.0
2024,6,Ray-Ray McCloud,ATL,CAR,WR,0,0,0,0,0,1,3,0,4,3,30,0,4.3
2024,6,Tyler Allgeier,ATL,CAR,RB,0,0,0,0,0,18,105,1,1,1,3,0,19.8
2024,6,Derrick Henry,BAL,WAS,RB,0,0,0,0,0,24,132,2,0,0,0,0,25.2
2024,6,Isaiah Likely,BAL,WAS,TE,0,0,0,0,0,0,0,0,4,2,27,0,4.7
2024,6,Justice Hill,BAL,WAS,RB,0,0,0,0,0,1,2,0,1,1,2,0,1.4
2024,6,Lamar Jackson,BAL,WAS,QB,26,20,323,1,1,11,40,0,0,0,0,0,18.92
2024,6,Mark Andrews,BAL,WAS,TE,0,0,0,0,0,0,0,0,4,3,66,1,15.6
2024,6,Nelson Agholor,BAL,WAS,WR,0,0,0,0,0,0,0,0,3,1,25,0,3.5
2024,6,Rashod Bateman,BAL,WAS,WR,0,0,0,0,0,0,0,0,4,4,71,0,11.1
2024,6,Zay Flowers,BAL,WAS,WR,0,0,0,0,0,1,2,0,9,9,132,0,22.4
2024,6,Curtis Samuel,BUF,NYJ,WR,0,0,0,0,0,0,0,0,4,3,44,0,7.4
2024,6,Dalton Kincaid,BUF,NYJ,TE,0,0,0,0,0,0,0,0,7,6,51,0,11.1
2024,6,Dawson Knox,BUF,NYJ,TE,0,0,0,0,0,0,0,0,1,1,12,1,8.2
2024,6,Josh Allen,BUF,NYJ,QB,25,19,215,2,0,9,18,1,0,0,0,0,24.4
2024,6,Keon Coleman,BUF,NYJ,WR,0,0,0,0,0,0,0,0,4,3,26,0,5.6
2024,6,Khalil Shakir,BUF,NYJ,WR,0,0,0,0,0,0,0,0,2,2,19,0,3.9
2024,6,Mack Hollins,BUF,NYJ,WR,0,0,0,0,0,0,0,0,2,1,8,1,7.8
2024,6,Ray Davis,BUF,NYJ,RB,0,0,0,0,0,20,97,0,3,3,55,0,18.2
2024,6,Ty Johnson,BUF,NYJ,RB,0,0,0,0,0,4,34,0,0,0,0,0,3.4
2024,6,Andy Dalton,CAR,ATL,QB,38,26,221,2,2,3,21,0,0,0,0,0,14.94
2024,6,Chuba Hubbard,CAR,ATL,RB,0,0,0,0,0,18,92,0,6,5,11,0,15.3
2024,6,David Moore,CAR,ATL,WR,0,0,0,0,0,0,0,0,2,2,17,0,3.7
2024,6,Diontae Johnson,CAR,ATL,WR,0,0,0,0,0,0,0,0,10,6,78,1,19.8
2024,6,Ian Thomas,CAR,ATL,TE,0,0,0,0,0,0,0,0,3,0,0,0,0.0
2024,6,Ja'Tavion Sanders,CAR,ATL,TE,0,0,0,0,0,0,0,0,7,5,49,0,9.9
2024,6,Jalen Coker,CAR,ATL,WR,0,0,0,0,0,0,0,0,3,3,30,0,6.0
2024,6,Jonathan Mingo,CAR,ATL,WR,0,0,0,0,0,0,0,0,1,1,1,0,1.1
2024,6,Miles Sanders,CAR,ATL,RB,0,0,0,0,0,3,1,0,1,1,12,0,2.3
2024,6,Xavier Legette,CAR,ATL,WR,0,0,0,0,0,0,0,0,4,3,23,1,11.3
2024,6,Caleb Williams,CHI,JAX,QB,29,23,226,4,1,4,56,0,0,0,0,0,28.64
2024,6,Cole Kmet,CHI,JAX,TE,0,0,0,0,0,0,0,0,5,5,70,2,24.0
2024,6,D'Andre Swift,CHI,JAX,RB,0,0,0,0,0,17,91,1,4,4,28,0,21.9
2024,6,DJ Moore,CHI,JAX,WR,0,0,0,0,0,0,0,0,5,4,20,0,6.0
2024,6,Gerald Everett,CHI,JAX,TE,0,0,0,0,0,0,0,0,1,0,0,0,0.0
2024,6,Keenan Allen,CHI,JAX,WR,0,0,0,0,0,0,0,0,5,5,41,2,21.1
2024,6,Marcedes Lewis,CHI,JAX,TE,0,0,0,0,0,0,0,0,1,1,2,0,1.2
2024,6,Rome Odunze,CHI,JAX,WR,0,0,0,0,0,0,0,0,2,2,40,0,6.0
2024,6,Roschon Johnson,CHI,JAX,RB,0,0,0,0,0,5,8,0,3,2,25,0,5.3
2024,6,Tyson Bagent,CHI,JAX,QB,0,0,0,0,0,3,-3,0,0,0,0,0,-0.3
2024,6,Andrei Iosivas,CIN,NYG,WR,0,0,0,0,0,0,0,0,3,2,36,0,5.6
2024,6,Chase Brown,CIN,NYG,RB,0,0,0,0,0,10,53,1,3,2,11,0,14.4
2024,6,Erick All,CIN,NYG,TE,0,0,0,0,0,0,0,0,3,2,10,0,3.0
2024,6,Ja'Marr Chase,CIN,NYG,WR,0,0,0,0,0,0,0,0,6,5,72,0,12.2
2024,6,Joe Burrow,CIN,NYG,QB,28,19,208,0,0,4,55,1,0,0,0,0,19.82
2024,6,Tee Higgins,CIN,NYG,WR,0,0,0,0,0,0,0,0,7,7,77,0,14.7
2024,6,Zack Moss,CIN,NYG,RB,0,0,0,0,0,6,13,0,1,1,2,0,0.5
2024,6,Amari Cooper,CLE,PHI,WR,0,0,0,0,0,0,0,0,6,4,42,0,8.2
2024,6,Cedric Tillman,CLE,PHI,WR,0,0,0,0,0,1,-5,0,0,0,0,0,-0.5
2024,6,D'Onta Foreman,CLE,PHI,RB,0,0,0,0,0,10,31,0,2,2,16,0,6.7
2024,6,David Njoku,CLE,PHI,TE,0,0,0,0,0,0,0,0,7,5,31,0,8.1
2024,6,Deshaun Watson,CLE,PHI,QB,23,16,168,0,0,4,17,0,0,0,0,0,8.42
2024,6,Elijah Moore,CLE,PHI,WR,0,0,0,0,0,0,0,0,1,1,3,0,1.3
2024,6,Jaelon Darden,CLE,PHI,WR,0,0,0,0,0,0,0,0,1,1,6,0,1.6
2024,6,Jerome Ford,CLE,PHI,RB,0,0,0,0,0,2,14,0,0,0,0,0,1.4
2024,6,Jerry Jeudy,CLE,PHI,WR,0,0,0,0,0,0,0,0,3,1,35,0,4.5
2024,6,Pierre Strong,CLE,PHI,RB,0,0,0,0,0,8,43,0,3,2,35,0,9.8
2024,6,CeeDee Lamb,DAL,DET,WR,0,0,0,0,0,1,2,0,14,7,89,0,16.1
2024,6,Cooper Rush,DAL,DET,QB,11,8,46,0,1,1,2,0,0,0,0,0,0.04
2024,6,Dak Prescott,DAL,DET,QB,33,17,178,0,2,1,1,0,0,0,0,0,3.22
2024,6,Ezekiel Elliott,DAL,DET,RB,0,0,0,0,0,8,17,0,0,0,0,0,1.7
2024,6,Jake Ferguson,DAL,DET,TE,0,0,0,0,0,0,0,0,4,3,11,0,4.1
2024,6,Jalen Brooks,DAL,DET,WR,0,0,0,0,0,0,0,0,6,1,15,0,2.5
2024,6,Jalen Tolbert,DAL,DET,WR,0,0,0,0,0,0,0,0,5,4,43,0,8.3
2024,6,KaVontae Turpin,DAL,DET,WR,0,0,0,0,0,1,6,0,7,4,24,0,5.0
2024,6,Rico Dowdle,DAL,DET,RB,0,0,0,0,0,5,25,0,6,5,30,0,10.5
2024,6,Ryan Flournoy,DAL,DET,WR,0,0,0,0,0,0,0,0,1,1,12,0,0.2
2024,6,Audric Estimé,DEN,LAC,RB,0,0,0,0,0,2,13,0,0,0,0,0,1.3
2024,6,Bo Nix,DEN,LAC,QB,33,19,216,2,1,6,61,0,0,0,0,0,20.74
2024,6,Courtland Sutton,DEN,LAC,WR,0,0,0,0,0,0,0,0,6,4,53,1,15.3
2024,6,Devaughn Vele,DEN,LAC,WR,0,0,0,0,0,0,0,0,6,4,78,0,11.8
2024,6,Jaleel McLaughlin,DEN,LAC,RB,0,0,0,0,0,3,8,0,2,2,17,0,4.5
2024,6,Javonte Williams,DEN,LAC,RB,0,0,0,0,0,6,23,0,6,3,13,0,4.6
2024,6,Lil'Jordan Humphrey,DEN,LAC,WR,0,0,0,0,0,0,0,0,1,1,8,0,1.8
2024,6,Lucas Krull,DEN,LAC,TE,0,0,0,0,0,0,0,0,4,2,11,0,3.1
2024,6,Marvin Mims Jr.,DEN,LAC,WR,0,0,0,0,0,0,0,0,3,0,0,0,0.0
2024,6,Nate Adkins,DEN,LAC,TE,0,0,0,0,0,0,0,0,1,1,5,0,1.5
2024,6,Troy Franklin,DEN,LAC,WR,0,0,0,0,0,1,5,0,3,2,31,1,11.6
2024,6,Allen Robinson,DET,DAL,WR,0,0,0,0,0,0,0,0,1,0,0,0,0.0
2024,6,Amon-Ra St. Brown,DET,DAL,WR,0,0,0,0,0,0,0,0,4,4,37,1,13.7
2024,6,Brock Wright,DET,DAL,TE,0,0,0,0,0,0,0,0,1,0,0,0,0.0
2024,6,Craig Reynolds,DET,DAL,RB,0,0,0,0,0,6,21,0,0,0,0,0,2.1
2024,6,David Montgomery,DET,DAL,RB,0,0,0,0,0,12,80,2,1,1,0,0,21.0
2024,6,Hendon Hooker,DET,DAL,QB,2,1,19,0,0,1,-1,0,0,0,0,0,0.66
2024,6,Jahmyr Gibbs,DET,DAL,RB,0,0,0,0,0,12,63,0,5,3,28,0,12.1
2024,6,Jameson Williams,DET,DAL,WR,0,0,0,0,0,1,11,0,4,3,76,1,17.7
2024,6,Jared Goff,DET,DAL,QB,25,18,315,3,0,3,5,0,0,0,0,0,25.1
2024,6,Kalif Raymond,DET,DAL,WR,0,0,0,0,0,0,0,0,6,4,73,0,11.3
2024,6,Sam LaPorta,DET,DAL,TE,0,0,0,0,0,0,0,0,1,1,52,1,12.2
2024,6,Sione Vaki,DET,DAL,RB,0,0,0,0,0,1,5,0,0,0,0,0,0.5
2024,6,Tim Patrick,DET,DAL,WR,0,0,0,0,0,0,0,0,3,3,68,0,9.8
2024,6,Andrew Beck,GNB,ARI,RB,0,0,0,0,0,0,0,0,1,0,0,0,0.0
2024,6,Ben Sims,GNB,ARI,TE,0,0,0,0,0,0,0,0,2,2,38,0,5.8
2024,6,Bo Melton,GNB,ARI,WR,0,0,0,0,0,2,27,0,2,1,6,0,4.3
2024,6,Chris Brooks,GNB,ARI,RB,0,0,0,0,0,4,21,0,0,0,0,0,2.1
2024,6,Christian Watson,GNB,ARI,WR,0,0,0,0,0,0,0,0,4,3,68,1,15.8
2024,6,Dontayvion Wicks,GNB,ARI,WR,0,0,0,0,0,0,0,0,3,1,9,0,1.9
2024,6,Emanuel Wilson,GNB,ARI,RB,0,0,0,0,0,7,54,0,2,1,19,0,8.3
2024,6,Jayden Reed,GNB,ARI,WR,0,0,0,0,0,1,0,0,6,6,28,1,14.8
2024,6,Jordan Love,GNB,ARI,QB,32,22,258,4,1,5,13,0,0,0,0,0,25.62
2024,6,Josh Jacobs,GNB,ARI,RB,0,0,0,0,0,18,62,0,3,3,28,0,12.0
2024,6,Romeo Doubs,GNB,ARI,WR,0,0,0,0,0,0,0,0,4,3,49,2,19.9
2024,6,Tucker Kraft,GNB,ARI,TE,0,0,0,0,0,1,2,0,4,2,13,0,3.5
2024,6,C.J. Stroud,HOU,NWE,QB,31,20,192,3,1,3,7,0,0,0,0,0,18.38
2024,6,Cade Stover,HOU,NWE,TE,0,0,0,0,0,0,0,0,1,0,0,0,0.0
2024,6,Cam Akers,HOU,NWE,RB,0,0,0,0,0,2,-1,0,0,0,0,0,-0.1
2024,6,Dalton Schultz,HOU,NWE,TE,0,0,0,0,0,0,0,0,8,4,27,0,6.7
2024,6,Dameon Pierce,HOU,NWE,RB,0,0,0,0,0,8,76,1,1,1,1,0,14.7
2024,6,Dare Ogunbowale,HOU,NWE,RB,0,0,0,0,0,2,8,0,0,0,0,0,0.8
2024,6,Joe Mixon,HOU,NWE,RB,0,0,0,0,0,13,102,1,3,2,30,1,27.2
2024,6,Stefon Diggs,HOU,NWE,WR,0,0,0,0,0,0,0,0,7,6,77,1,19.7
2024,6,Tank Dell,HOU,NWE,WR,0,0,0,0,0,0,0,0,9,7,57,1,18.7
2024,6,Xavier Hutchinson,HOU,NWE,WR,0,0,0,0,0,0,0,0,2,0,0,0,0.0
2024,6,Adonai Mitchell,IND,TEN,WR,0,0,0,0,0,0,0,0,4,2,9,0,2.9
2024,6,Alec Pierce,IND,TEN,WR,0,0,0,0,0,0,0,0,4,0,0,0,0.0
2024,6,Andrew Ogletree,IND,TEN,TE,0,0,0,0,0,0,0,0,2,2,24,0,4.4
2024,6,Ashton Dulin,IND,TEN,WR,0,0,0,0,0,0,0,0,1,0,0,0,0.0
2024,6,Joe Flacco,IND,TEN,QB,38,22,189,2,1,1,1,0,0,0,0,0,13.66
2024,6,Josh Downs,IND,TEN,WR,0,0,0,0,0,1,-1,0,9,7,66,1,19.5
2024,6,Kylen Granson,IND,TEN,TE,0,0,0,0,0,0,0,0,1,0,0,0,0.0
2024,6,Michael Pittman,IND,TEN,WR,0,0,0,0,0,0,0,0,5,3,35,1,12.5
2024,6,Mo Alie-Cox,IND,TEN,TE,0,0,0,0,0,0,0,0,4,4,41,0,8.1
2024,6,Trey Sermon,IND,TEN,RB,0,0,0,0,0,18,29,0,0,0,0,0,2.9
2024,6,Tyler Goodson,IND,TEN,RB,0,0,0,0,0,8,51,0,5,4,14,0,10.5
2024,6,Will Mallory,IND,TEN,TE,0,0,0,0,0,0,0,0,1,0,0,0,0.0
2024,6,Brenton Strange,JAX,CHI,TE,0,0,0,0,0,0,0,0,2,1,11,0,2.1
2024,6,Brian Thomas Jr.,JAX,CHI,WR,0,0,0,0,0,0,0,0,6,3,27,0,5.7
2024,6,Christian Kirk,JAX,CHI,WR,0,0,0,0,0,0,0,0,6,3,39,0,6.9
2024,6,D'Ernest Johnson,JAX,CHI,RB,0,0,0,0,0,6,28,0,2,2,16,0,6.4
2024,6,Evan Engram,JAX,CHI,TE,0,0,0,0,0,0,0,0,10,10,102,0,18.2
2024,6,Gabe Davis,JAX,CHI,WR,0,0,0,0,0,0,0,0,8,5,45,2,21.5
2024,6,Tank Bigsby,JAX,CHI,RB,0,0,0,0,0,7,24,0,0,0,0,0,2.4
2024,6,Travis Etienne,JAX,CHI,RB,0,0,0,0,0,3,-1,0,1,0,0,0,-0.1
2024,6,Trevor Lawrence,JAX,CHI,QB,35,23,234,2,1,4,17,0,0,0,0,0,17.06
2024,6,Derius Davis,LAC,DEN,WR,0,0,0,0,0,2,14,0,2,1,8,0,3.2
2024,6,Hassan Haskins,LAC,DEN,RB,0,0,0,0,0,2,5,0,0,0,0,0,0.5
2024,6,J.K. Dobbins,LAC,DEN,RB,0,0,0,0,0,25,96,1,2,2,6,0,18.2
2024,6,Josh Palmer,LAC,DEN,WR,0,0,0,0,0,0,0,0,3,2,38,0,5.8
2024,6,Justin Herbert,LAC,DEN,QB,34,21,237,1,0,4,2,0,0,0,0,0,13.68
2024,6,Kimani Vidal,LAC,DEN,RB,0,0,0,0,0,4,11,0,2,2,40,1,13.1
2024,6,Ladd McConkey,LAC,DEN,WR,0,0,0,0,0,0,0,0,8,4,43,0,8.3
2024,6,Quentin Johnston,LAC,DEN,WR,0,0,0,0,0,1,0,0,4,3,22,0,5.2
2024,6,Simi Fehoko,LAC,DEN,WR,0,0,0,0,0,0,0,0,4,2,44,0,6.4
2024,6,Stone Smartt,LAC,DEN,TE,0,0,0,0,0,0,0,0,1,1,10,0,2.0
2024,6,Will Dissly,LAC,DEN,TE,0,0,0,0,0,0,0,0,5,4,26,0,6.6
2024,6,Aidan O'Connell,LVR,PIT,QB,40,27,227,1,1,0,0,0,0,0,0,0,11.08
2024,6,Alex Bachman,LVR,PIT,WR,0,0,0,0,0,0,0,0,3,3,31,0,6.1
2024,6,Alexander Mattison,LVR,PIT,RB,0,0,0,0,0,14,33,1,5,5,32,0,17.5
2024,6,Ameer Abdullah,LVR,PIT,RB,0,0,0,0,0,4,24,0,5,3,14,0,4.8
2024,6,Brock Bowers,LVR,PIT,TE,0,0,0,0,0,0,0,0,10,9,71,0,16.1
2024,6,DJ Turner,LVR,PIT,WR,0,0,0,0,0,0,0,0,4,2,37,0,5.7
2024,6,Dylan Laube,LVR,PIT,RB,0,0,0,0,0,1,0,0,0,0,0,0,-2.0
2024,6,Harrison Bryant,LVR,PIT,TE,0,0,0,0,0,0,0,0,5,3,24,0,5.4
2024,6,Kristian Wilkerson,LVR,PIT,WR,0,0,0,0,0,0,0,0,3,2,18,1,9.8
2024,6,Tre Tucker,LVR,PIT,WR,0,0,0,0,0,0,0,0,2,0,0,0,0.0
2024,6,Alvin Kamara,NOR,TAM,RB,0,0,0,0,0,13,40,1,8,5,24,0,17.4
2024,6,Bub Means,NOR,TAM,WR,0,0,0,0,0,0,0,0,8,5,45,1,15.5
2024,6,Cedrick Wilson Jr.,NOR,TAM,WR,0,0,0,0,0,0,0,0,3,2,28,0,4.8
2024,6,Chris Olave,NOR,TAM,WR,0,0,0,0,0,0,0,0,1,1,5,0,-0.5
2024,6,Foster Moreau,NOR,TAM,TE,0,0,0,0,0,0,0,0,2,2,54,0,7.4
2024,6,Jamaal Williams,NOR,TAM,RB,0,0,0,0,0,2,7,0,0,0,0,0,0.7
2024,6,Jordan Mims,NOR,TAM,RB,0,0,0,0,0,1,5,0,4,2,13,0,3.8
2024,6,Juwan Johnson,NOR,TAM,TE,0,0,0,0,0,0,0,0,3,3,48,0,7.8
2024,6,Mason Tipton,NOR,TAM,WR,0,0,0,0,0,0,0,0,2,1,15,0,2.5
2024,6,Rashid Shaheed,NOR,TAM,WR,0,0,0,0,0,1,2,0,7,1,11,0,8.3
2024,6,Spencer Rattler,NOR,TAM,QB,40,22,243,1,2,4,27,0,0,0,0,0,12.42
2024,6,Antonio Gibson,NWE,HOU,RB,0,0,0,0,0,13,19,0,4,3,24,0,7.3
2024,6,Austin Hooper,NWE,HOU,TE,0,0,0,0,0,0,0,0,2,1,5,0,-0.5
2024,6,DeMario Douglas,NWE,HOU,WR,0,0,0,0,0,0,0,0,9,6,92,1,21.2
2024,6,Drake Maye,NWE,HOU,QB,33,20,243,3,2,5,38,0,0,0,0,0,19.52
2024,6,Hunter Henry,NWE,HOU,TE,0,0,0,0,0,0,0,0,5,3,41,1,13.1
2024,6,Ja'Lynn Polk,NWE,HOU,WR,0,0,0,0,0,0,0,0,4,1,4,0,1.4
2024,6,JaMycal Hasty,NWE,HOU,RB,0,0,0,0,0,3,12,0,2,1,9,0,3.1
2024,6,Kayshon Boutte,NWE,HOU,WR,0,0,0,0,0,0,0,0,3,3,59,1,14.9
2024,6,Kendrick Bourne,NWE,HOU,WR,0,0,0,0,0,0,0,0,2,2,9,0,2.9
2024,6,Terrell Jennings,NWE,HOU,RB,0,0,0,0,0,5,13,0,0,0,0,0,1.3
2024,6,Daniel Jones,NYG,CIN,QB,41,22,205,0,1,11,56,0,0,0,0,0,11.8
2024,6,Darius Slayton,NYG,CIN,WR,0,0,0,0,0,0,0,0,11,6,57,0,11.7
2024,6,Eric Gray,NYG,CIN,RB,0,0,0,0,0,3,13,0,0,0,0,0,1.3
2024,6,Isaiah Hodgins,NYG,CIN,WR,0,0,0,0,0,0,0,0,1,1,5,0,1.5
2024,6,Jalin Hyatt,NYG,CIN,WR,0,0,0,0,0,0,0,0,4,1,6,0,1.6
2024,6,Theo Johnson,NYG,CIN,TE,0,0,0,0,0,0,0,0,3,3,30,0,6.0
2024,6,Tyrone Tracy Jr.,NYG,CIN,RB,0,0,0,0,0,17,50,1,6,6,57,0,22.7
2024,6,Wan'Dale Robinson,NYG,CIN,WR,0,0,0,0,0,0,0,0,11,5,50,0,10.0
2024,6,Aaron Rodgers,NYJ,BUF,QB,35,23,294,2,1,0,0,0,0,0,0,0,17.76
2024,6,Allen Lazard,NYJ,BUF,WR,0,0,0,0,0,0,0,0,7,6,114,1,23.4
2024,6,Braelon Allen,NYJ,BUF,RB,0,0,0,0,0,3,8,0,2,0,0,0,0.8
2024,6,Breece Hall,NYJ,BUF,RB,0,0,0,0,0,18,113,0,6,5,56,0,21.9
2024,6,Garrett Wilson,NYJ,BUF,WR,0,0,0,0,0,0,0,0,10,8,107,1,24.7
2024,6,Jeremy Ruckert,NYJ,BUF,TE,0,0,0,0,0,0,0,0,3,2,7,0,2.7
2024,6,Mike Williams,NYJ,BUF,WR,0,0,0,0,0,0,0,0,3,0,0,0,0.0
2024,6,Tyler Conklin,NYJ,BUF,TE,0,0,0,0,0,0,0,0,3,2,10,0,3.0
2024,6,A.J. Brown,PHI,CLE,WR,0,0,0,0,0,0,0,0,9,6,116,1,23.6
2024,6,Dallas Goedert,PHI,CLE,TE,0,0,0,0,0,0,0,0,1,0,0,0,0.0
2024,6,DeVonta Smith,PHI,CLE,WR,0,0,0,0,0,0,0,0,4,3,64,1,15.4
2024,6,Grant Calcaterra,PHI,CLE,TE,0,0,0,0,0,0,0,0,4,4,67,0,10.7
2024,6,Jahan Dotson,PHI,CLE,WR,0,0,0,0,0,1,13,0,3,1,10,0,3.3
2024,6,Jalen Hurts,PHI,CLE,QB,25,16,264,2,0,14,33,0,0,0,0,0,21.86
2024,6,Kenny Gainwell,PHI,CLE,RB,0,0,0,0,0,3,23,0,1,0,0,0,2.3
2024,6,Saquon Barkley,PHI,CLE,RB,0,0,0,0,0,18,47,0,2,2,7,0,7.4
2024,6,Aaron Shampklin,PIT,LVR,RB,0,0,0,0,0,1,-2,0,0,0,0,0,-0.2
2024,6,Calvin Austin III,PIT,LVR,WR,0,0,0,0,0,0,0,0,5,2,36,0,5.6
2024,6,Connor Heyward,PIT,LVR,RB,0,0,0,0,0,0,0,0,1,1,4,0,1.4
2024,6,Darnell Washington,PIT,LVR,TE,0,0,0,0,0,0,0,0,1,1,9,0,1.9
2024,6,George Pickens,PIT,LVR,WR,0,0,0,0,0,0,0,0,8,3,53,0,8.3
2024,6,Jaylen Warren,PIT,LVR,RB,0,0,0,0,0,6,7,0,3,3,11,0,4.8
2024,6,Jonathan Ward,PIT,LVR,RB,0,0,0,0,0,3,13,0,0,0,0,0,1.3
2024,6,Justin Fields,PIT,LVR,QB,24,14,145,0,0,11,59,2,0,0,0,0,23.7
2024,6,Najee Harris,PIT,LVR,RB,0,0,0,0,0,14,106,1,2,2,16,0,20.2
2024,6,Pat Freiermuth,PIT,LVR,TE,0,0,0,0,0,0,0,0,3,2,16,0,3.6
2024,6,AJ Barner,SEA,SFO,TE,0,0,0,0,0,0,0,0,1,1,13,0,2.3
2024,6,DK Metcalf,SEA,SFO,WR,0,0,0,0,0,0,0,0,11,3,48,0,7.8
2024,6,Geno Smith,SEA,SFO,QB,52,30,312,1,2,1,0,0,0,0,0,0,12.48
2024,6,Jake Bobo,SEA,SFO,WR,0,0,0,0,0,0,0,0,4,2,18,0,3.8
2024,6,Jaxon Smith-Njigba,SEA,SFO,WR,0,0,0,0,0,0,0,0,9,5,53,0,10.3
2024,6,Kenneth Walker III,SEA,SFO,RB,0,0,0,0,0,14,32,1,8,8,37,0,20.9
2024,6,Noah Fant,SEA,SFO,TE,0,0,0,0,0,0,0,0,6,6,63,0,12.3
2024,6,Tyler Lockett,SEA,SFO,WR,0,0,0,0,0,0,0,0,8,4,65,1,16.5
2024,6,Zach Charbonnet,SEA,SFO,RB,0,0,0,0,0,5,20,0,1,1,15,0,4.5
2024,6,Brandon Aiyuk,SFO,SEA,WR,0,0,0,0,0,0,0,0,4,2,37,0,5.7
2024,6,Brock Purdy,SFO,SEA,QB,28,18,255,3,0,4,19,0,0,0,0,0,24.1
2024,6,Deebo Samuel Sr.,SFO,SEA,WR,0,0,0,0,0,4,15,0,5,3,102,1,20.7
2024,6,George Kittle,SFO,SEA,TE,0,0,0,0,0,0,0,0,6,5,58,2,22.8
2024,6,Isaac Guerendo,SFO,SEA,RB,0,0,0,0,0,10,99,0,0,0,0,0,9.9
2024,6,Jauan Jennings,SFO,SEA,WR,0,0,0,0,0,0,0,0,5,3,27,0,5.7
2024,6,Jordan Mason,SFO,SEA,RB,0,0,0,0,0,9,73,0,2,1,9,0,9.2
2024,6,Kyle Juszczyk,SFO,SEA,RB,0,0,0,0,0,1,6,1,4,3,10,0,10.6
2024,6,Patrick Taylor,SFO,SEA,RB,0,0,0,0,0,5,16,0,1,1,12,0,3.8
2024,6,Baker Mayfield,TAM,NOR,QB,36,24,325,4,3,3,29,0,0,0,0,0,25.9
2024,6,Bucky Irving,TAM,NOR,RB,0,0,0,0,0,14,81,1,2,2,24,0,18.5
2024,6,Cade Otton,TAM,NOR,TE,0,0,0,0,0,0,0,0,6,2,15,1,9.5
2024,6,Chris Godwin Jr.,TAM,NOR,WR,0,0,0,0,0,0,0,0,13,11,125,2,35.5
2024,6,Jalen McMillan,TAM,NOR,WR,0,0,0,0,0,0,0,0,1,0,0,0,0.0
2024,6,Mike Evans,TAM,NOR,WR,0,0,0,0,0,0,0,0,6,2,34,0,5.4
2024,6,Ryan Miller,TAM,NOR,WR,0,0,0,0,0,0,0,0,1,1,39,0,4.9
2024,6,Sean Tucker,TAM,NOR,RB,0,0,0,0,0,14,136,1,3,3,56,1,34.2
2024,6,Sterling Shepard,TAM,NOR,WR,0,0,0,0,0,4,31,0,4,3,23,0,8.4
2024,6,Calvin Ridley,TEN,IND,WR,0,0,0,0,0,1,9,0,8,0,0,0,0.9
2024,6,Chig Okonkwo,TEN,IND,TE,0,0,0,0,0,0,0,0,3,3,6,0,3.6
2024,6,DeAndre Hopkins,TEN,IND,WR,0,0,0,0,0,0,0,0,6,4,54,0,9.4
2024,6,Josh Whyle,TEN,IND,TE,0,0,0,0,0,0,0,0,1,1,2,0,1.2
2024,6,Julius Chestnut,TEN,IND,RB,0,0,0,0,0,1,2,0,0,0,0,0,0.2
2024,6,Nick Westbrook-Ikhine,TEN,IND,WR,0,0,0,0,0,0,0,0,2,1,9,1,7.9
2024,6,Tony Pollard,TEN,IND,RB,0,0,0,0,0,17,93,1,3,3,-5,0,17.8
2024,6,Treylon Burks,TEN,IND,WR,0,0,0,0,0,0,0,0,1,1,10,0,2.0
2024,6,Tyjae Spears,TEN,IND,RB,0,0,0,0,0,6,27,0,0,0,0,0,2.7
2024,6,Tyler Boyd,TEN,IND,WR,0,0,0,0,0,0,0,0,3,3,19,0,4.9
2024,6,Will Levis,TEN,IND,QB,27,16,95,1,1,3,15,0,0,0,0,0,7.3
2024,6,Austin Ekeler,WAS,BAL,RB,0,0,0,0,0,9,21,0,5,4,47,0,10.8
2024,6,Dyami Brown,WAS,BAL,WR,0,0,0,0,0,0,0,0,1,1,11,0,2.1
2024,6,Jayden Daniels,WAS,BAL,QB,35,24,269,2,0,6,22,0,0,0,0,0,20.96
2024,6,Jeremy McNichols,WAS,BAL,RB,0,0,0,0,0,2,9,0,0,0,0,0,0.9
2024,6,Luke McCaffrey,WAS,BAL,WR,0,0,0,0,0,0,0,0,1,1,5,0,1.5
2024,6,Noah Brown,WAS,BAL,WR,0,0,0,0,0,0,0,0,8,4,58,0,9.8
2024,6,Olamide Zaccheaus,WAS,BAL,WR,0,0,0,0,0,0,0,0,6,4,27,0,6.7
2024,6,Terry McLaurin,WAS,BAL,WR,0,0,0,0,0,1,0,0,7,6,53,2,23.3
2024,6,Zach Ertz,WAS,BAL,TE,0,0,0,0,0,0,0,0,5,4,68,0,10.8
2024,7,Clayton Tune,ARI,LAC,QB,0,0,0,0,0,3,2,0,0,0,0,0,0.2
2024,7,Elijah Higgins,ARI,LAC,TE,0,0,0,0,0,0,0,0,1,1,1,0,1.1
2024,7,Emari Demercado,ARI,LAC,RB,0,0,0,0,0,1,14,0,0,0,0,0,1.4
2024,7,Greg Dortch,ARI,LAC,WR,0,0,0,0,0,0,0,0,2,1,5,1,7.5
2024,7,James Conner,ARI,LAC,RB,0,0,0,0,0,19,101,0,4,2,51,0,17.2
2024,7,Kyler Murray,ARI,LAC,QB,26,14,145,1,1,6,64,1,0,0,0,0,20.2
2024,7,Marvin Harrison Jr.,ARI,LAC,WR,0,0,0,0,0,0,0,0,6,3,21,0,5.1
2024,7,Michael Wilson,ARI,LAC,WR,0,0,0,0,0,0,0,0,3,1,15,0,2.5
2024,7,Tip Reiman,ARI,LAC,TE,0,0,0,0,0,0,0,0,1,1,1,0,1.1
2024,7,Trey McBride,ARI,LAC,TE,0,0,0,0,0,0,0,0,7,5,51,0,10.1
2024,7,Zay Jones,ARI,LAC,WR,0,0,0,0,0,0,0,0,1,0,0,0,0.0
2024,7,Bijan Robinson,ATL,SEA,RB,0,0,0,0,0,21,103,1,5,3,40,0,23.3
2024,7,Casey Washington,ATL,SEA,WR,0,0,0,0,0,0,0,0,1,1,14,0,2.4
2024,7,Darnell Mooney,ATL,SEA,WR,0,0,0,0,0,0,0,0,8,5,46,0,9.6
2024,7,Drake London,ATL,SEA,WR,0,0,0,0,0,0,0,0,8,6,63,1,18.3
2024,7,Jase McClellan,ATL,SEA,RB,0,0,0,0,0,5,17,0,0,0,0,0,1.7
2024,7,Kirk Cousins,ATL,SEA,QB,35,24,232,1,2,1,-1,0,0,0,0,0,7.18
2024,7,Kyle Pitts,ATL,SEA,TE,0,0,0,0,0,0,0,0,9,7,65,0,13.5
2024,7,Ray-Ray McCloud,ATL,SEA,WR,0,0,0,0,0,0,0,0,4,2,9,0,2.9
2024,7,Tyler Allgeier,ATL,SEA,RB,0,0,0,0,0,5,36,0,1,1,9,0,5.5
2024,7,Charlie Kolar,BAL,TAM,TE,0,0,0,0,0,0,0,0,1,1,14,0,2.4
2024,7,Derrick Henry,BAL,TAM,RB,0,0,0,0,0,15,169,0,1,1,13,1,25.2
2024,7,Isaiah Likely,BAL,TAM,TE,0,0,0,0,0,0,0,0,4,2,17,0,3.7
2024,7,Justice Hill,BAL,TAM,RB,0,0,0,0,0,5,4,0,3,3,44,1,13.8
2024,7,Lamar Jackson,BAL,TAM,QB,22,17,281,5,0,9,52,0,0,0,0,0,34.44
2024,7,Mark Andrews,BAL,TAM,TE,0,0,0,0,0,0,0,0,4,4,41,2,20.1
2024,7,Nelson Agholor,BAL,TAM,WR,0,0,0,0,0,0,0,0,2,1,20,0,3.0
2024,7,Patrick Ricard,BAL,TAM,RB,0,0,0,0,0,0,0,0,1,0,0,0,0.0
2024,7,Rashod Bateman,BAL,TAM,WR,0,0,0,0,0,0,0,0,4,4,121,1,22.1
2024,7,Zay Flowers,BAL,TAM,WR,0,0,0,0,0,1,19,0,1,1,11,0,4.0
2024,7,Amari Cooper,BUF,TEN,WR,0,0,0,0,0,0,0,0,5,4,66,1,16.6
2024,7,Curtis Samuel,BUF,TEN,WR,0,0,0,0,0,0,0,0,1,0,0,0,0.0
2024,7,Dalton Kincaid,BUF,TEN,TE,0,0,0,0,0,0,0,0,6,3,52,0,8.2
2024,7,Dawson Knox,BUF,TEN,TE,0,0,0,0,0,0,0,0,3,1,5,0,1.5
2024,7,James Cook,BUF,TEN,RB,0,0,0,0,0,12,32,1,0,0,0,0,9.2
2024,7,Josh Allen,BUF,TEN,QB,33,21,323,2,0,3,1,0,0,0,0,0,21.02
2024,7,Keon Coleman,BUF,TEN,WR,0,0,0,0,0,0,0,0,7,4,125,0,16.5
2024,7,Khalil Shakir,BUF,TEN,WR,0,0,0,0,0,0,0,0,7,7,65,0,13.5
2024,7,Mack Hollins,BUF,TEN,WR,0,0,0,0,0,0,0,0,1,0,0,0,0.0
2024,7,Ray Davis,BUF,TEN,RB,0,0,0,0,0,5,41,1,1,1,6,0,11.7
2024,7,Ty Johnson,BUF,TEN,RB,0,0,0,0,0,0,0,0,1,1,4,1,7.4
2024,7,Andy Dalton,CAR,WAS,QB,16,11,93,0,2,2,3,0,0,0,0,0,0.02
2024,7,Chuba Hubbard,CAR,WAS,RB,0,0,0,0,0,17,52,1,0,0,0,0,11.2
2024,7,Diontae Johnson,CAR,WAS,WR,0,0,0,0,0,0,0,0,3,1,17,0,2.7
2024,7,Ian Thomas,CAR,WAS,TE,0,0,0,0,0,0,0,0,2,2,4,0,2.4
2024,7,Ja'Tavion Sanders,CAR,WAS,TE,0,0,0,0,0,0,0,0,6,6,61,0,12.1
2024,7,Jalen Coker,CAR,WAS,WR,0,0,0,0,0,0,0,0,1,1,10,0,2.0
2024,7,Miles Sanders,CAR,WAS,RB,0,0,0,0,0,3,34,0,2,1,-6,0,3.8
2024,7,Xavier Legette,CAR,WAS,WR,0,0,0,0,0,1,6,0,3,2,3,0,2.9
2024,7,Andrei Iosivas,CIN,CLE,WR,0,0,0,0,0,0,0,0,1,0,0,0,0.0
2024,7,Chase Brown,CIN,CLE,RB,0,0,0,0,0,15,44,0,2,2,9,0,7.3
2024,7,Drew Sample,CIN,CLE,TE,0,0,0,0,0,0,0,0,1,0,0,0,0.0
2024,7,Erick All,CIN,CLE,TE,0,0,0,0,0,0,0,0,1,0,0,0,0.0
2024,7,Ja'Marr Chase,CIN,CLE,WR,0,0,0,0,0,1,11,0,6,5,55,1,17.6
2024,7,Joe Burrow,CIN,CLE,QB,25,15,181,2,0,3,-3,0,0,0,0,0,14.94
2024,7,Mike Gesicki,CIN,CLE,TE,0,0,0,0,0,0,0,0,1,1,2,0,1.2
2024,7,Tanner Hudson,CIN,CLE,TE,0,0,0,0,0,0,0,0,1,0,0,0,0.0
2024,7,Tee Higgins,CIN,CLE,WR,0,0,0,0,0,0,0,0,8,4,82,1,18.2
2024,7,Zack Moss,CIN,CLE,RB,0,0,0,0,0,6,7,0,3,3,33,0,7.0
2024,7,Cedric Tillman,CLE,CIN,WR,0,0,0,0,0,0,0,0,12,8,81,0,18.1
2024,7,D'Onta Foreman,CLE,CIN,RB,0,0,0,0,0,2,5,0,0,0,0,0,0.5
2024,7,David Njoku,CLE,CIN,TE,0,0,0,0,0,0,0,0,14,10,76,1,23.6
2024,7,Deshaun Watson,CLE,CIN,QB,17,15,128,0,0,2,0,0,0,0,0,0,5.12
2024,7,Dorian Thompson-Robinson,CLE,CIN,QB,24,11,82,0,2,3,44,0,0,0,0,0,3.68
2024,7,Elijah Moore,CLE,CIN,WR,0,0,0,0,0,0,0,0,6,6,41,0,10.1
2024,7,Jameis Winston,CLE,CIN,QB,11,5,67,1,0,0,0,0,0,0,0,0,8.68
2024,7,Jerry Jeudy,CLE,CIN,WR,0,0,0,0,0,0,0,0,6,1,18,0,2.8
2024,7,Jordan Akins,CLE,CIN,TE,0,0,0,0,0,0,0,0,4,4,42,0,8.2
2024,7,Nick Chubb,CLE,CIN,RB,0,0,0,0,0,11,22,1,3,1,10,0,10.2
2024,7,Pierre Strong,CLE,CIN,RB,0,0,0,0,0,3,6,0,3,1,9,0,2.5
2024,7,Adam Trautman,DEN,NOR,TE,0,0,0,0,0,0,0,0,3,0,0,0,0.0
2024,7,Audric Estimé,DEN,NOR,RB,0,0,0,0,0,5,29,0,0,0,0,0,0.9
2024,7,Bo Nix,DEN,NOR,QB,26,16,164,0,0,10,75,0,0,0,0,0,14.06
2024,7,Devaughn Vele,DEN,NOR,WR,0,0,0,0,0,0,0,0,3,1,20,0,3.0
2024,7,Jaleel McLaughlin,DEN,NOR,RB,0,0,0,0,0,4,35,0,0,0,0,0,3.5
2024,7,Jarrett Stidham,DEN,NOR,QB,0,0,0,0,0,2,-2,0,0,0,0,0,-0.2
2024,7,Javonte Williams,DEN,NOR,RB,0,0,0,0,0,14,88,2,3,3,23,0,26.1
2024,7,Lil'Jordan Humphrey,DEN,NOR,WR,0,0,0,0,0,0,0,0,3,2,12,0,3.2
2024,7,Lucas Krull,DEN,NOR,TE,0,0,0,0,0,0,0,0,4,3,41,0,7.1
2024,7,Marvin Mims Jr.,DEN,NOR,WR,0,0,0,0,0,0,0,0,3,2,18,0,3.8
2024,7,Troy Franklin,DEN,NOR,WR,0,0,0,0,0,0,0,0,6,5,50,0,10.0
2024,7,Amon-Ra St. Brown,DET,MIN,WR,0,0,0,0,0,0,0,0,8,8,112,1,25.2
2024,7,David Montgomery,DET,MIN,RB,0,0,0,0,0,9,31,0,4,3,39,0,8.0
2024,7,Jahmyr Gibbs,DET,MIN,RB,0,0,0,0,0,15,116,2,4,4,44,0,32.0
2024,7,Jameson Williams,DET,MIN,WR,0,0,0,0,0,0,0,0,1,1,-4,0,0.6
2024,7,Jared Goff,DET,MIN,QB,25,22,280,2,0,2,-4,0,0,0,0,0,18.8
2024,7,Kalif Raymond,DET,MIN,WR,0,0,0,0,0,0,0,0,4,3,39,1,12.9
2024,7,Sam LaPorta,DET,MIN,TE,0,0,0,0,0,0,0,0,2,1,25,0,3.5
2024,7,Tim Patrick,DET,MIN,WR,0,0,0,0,0,0,0,0,2,2,25,0,4.5
2024,7,Ben Sims,GNB,HOU,TE,0,0,0,0,0,0,0,0,1,1,2,0,1.2
2024,7,Bo Melton,GNB,HOU,WR,0,0,0,0,0,1,-1,0,1,1,8,0,1.7
2024,7,Christian Watson,GNB,HOU,WR,0,0,0,0,0,1,-4,0,2,1,9,0,1.5
2024,7,Dontayvion Wicks,GNB,HOU,WR,0,0,0,0,0,0,0,0,6,3,48,1,13.8
2024,7,Emanuel Wilson,GNB,HOU,RB,0,0,0,0,0,5,11,0,0,0,0,0,1.1
2024,7,Jayden Reed,GNB,HOU,WR,0,0,0,0,0,1,0,0,4,2,10,0,3.0
2024,7,Jordan Love,GNB,HOU,QB,33,24,220,3,2,0,0,0,0,0,0,0,16.8
2024,7,Josh Jacobs,GNB,HOU,RB,0,0,0,0,0,12,76,0,5,5,16,1,20.2
2024,7,Romeo Doubs,GNB,HOU,WR,0,0,0,0,0,0,0,0,10,8,94,0,17.4
2024,7,Tucker Kraft,GNB,HOU,TE,0,0,0,0,0,0,0,0,4,3,33,1,12.3
2024,7,C.J. Stroud,HOU,GNB,QB,21,10,86,0,0,5,19,0,0,0,0,0,5.34
2024,7,Cade Stover,HOU,GNB,TE,0,0,0,0,0,0,0,0,1,1,15,0,2.5
2024,7,Dalton Schultz,HOU,GNB,TE,0,0,0,0,0,0,0,0,2,1,28,0,3.8
2024,7,Dameon Pierce,HOU,GNB,RB,0,0,0,0,0,2,2,0,0,0,0,0,0.2
2024,7,Dare Ogunbowale,HOU,GNB,RB,0,0,0,0,0,1,6,0,1,0,0,0,0.6
2024,7,Joe Mixon,HOU,GNB,RB,0,0,0,0,0,25,115,2,3,2,9,0,26.4
2024,7,Stefon Diggs,HOU,GNB,WR,0,0,0,0,0,0,0,0,7,5,23,0,7.3
2024,7,Tank Dell,HOU,GNB,WR,0,0,0,0,0,0,0,0,4,0,0,0,0.0
2024,7,Xavier Hutchinson,HOU,GNB,WR,0,0,0,0,0,0,0,0,1,1,11,0,2.1
2024,7,Adonai Mitchell,IND,MIA,WR,0,0,0,0,0,0,0,0,3,2,30,0,5.0
2024,7,Alec Pierce,IND,MIA,WR,0,0,0,0,0,0,0,0,5,2,15,0,3.5
2024,7,Andrew Ogletree,IND,MIA,TE,0,0,0,0,0,0,0,0,1,0,0,0,0.0
2024,7,Anthony Richardson,IND,MIA,QB,24,10,129,0,0,14,56,0,0,0,0,0,8.76
2024,7,Ashton Dulin,IND,MIA,WR,0,0,0,0,0,1,12,0,0,0,0,0,1.2
2024,7,Josh Downs,IND,MIA,WR,0,0,0,0,0,0,0,0,3,1,3,0,1.3
2024,7,Kylen Granson,IND,MIA,TE,0,0,0,0,0,0,0,0,2,0,0,0,0.0
2024,7,Michael Pittman,IND,MIA,WR,0,0,0,0,0,0,0,0,5,3,63,0,9.3
2024,7,Mo Alie-Cox,IND,MIA,TE,0,0,0,0,0,0,0,0,1,0,0,0,0.0
2024,7,Trey Sermon,IND,MIA,RB,0,0,0,0,0,8,36,0,1,1,13,0,5.9
2024,7,Tyler Goodson,IND,MIA,RB,0,0,0,0,0,14,51,1,0,0,0,0,11.1
2024,7,Will Mallory,IND,MIA,TE,0,0,0,0,0,0,0,0,1,1,5,0,1.5
2024,7,Brian Thomas Jr.,JAX,NWE,WR,0,0,0,0,0,2,2,0,5,5,89,1,22.1
2024,7,Christian Kirk,JAX,NWE,WR,0,0,0,0,0,0,0,0,3,1,24,0,3.4
2024,7,D'Ernest Johnson,JAX,NWE,RB,0,0,0,0,0,9,38,0,4,3,32,0,10.0
2024,7,Evan Engram,JAX,NWE,TE,0,0,0,0,0,0,0,0,5,5,35,0,8.5
2024,7,Gabe Davis,JAX,NWE,WR,0,0,0,0,0,0,0,0,2,1,13,0,2.3
2024,7,Tank Bigsby,JAX,NWE,RB,0,0,0,0,0,26,118,2,1,0,0,0,23.8
2024,7,Trevor Lawrence,JAX,NWE,QB,20,15,193,1,0,2,13,0,0,0,0,0,15.02
2024,7,Carson Steele,KAN,SFO,RB,0,0,0,0,0,6,17,0,0,0,0,0,1.7
2024,7,Joseph Fortson,KAN,SFO,TE,0,0,0,0,0,0,0,0,1,0,0,0,0.0
2024,7,Justin Watson,KAN,SFO,WR,0,0,0,0,0,0,0,0,1,1,8,0,1.8
2024,7,Kareem Hunt,KAN,SFO,RB,0,0,0,0,0,22,78,2,2,2,5,0,22.3
2024,7,Mecole Hardman,KAN,SFO,WR,0,0,0,0,0,2,38,1,2,1,17,0,12.5
2024,7,Noah Gray,KAN,SFO,TE,0,0,0,0,0,0,0,0,4,4,66,0,10.6
2024,7,Patrick Mahomes,KAN,SFO,QB,27,16,154,0,2,5,39,1,0,0,0,0,12.06
2024,7,Samaje Perine,KAN,SFO,RB,0,0,0,0,0,2,6,0,1,1,22,0,3.8
2024,7,Skyy Moore,KAN,SFO,WR,0,0,0,0,0,0,0,0,1,0,0,0,0.0
2024,7,Travis Kelce,KAN,SFO,TE,0,0,0,0,0,0,0,0,5,4,17,0,5.7
2024,7,Xavier Worthy,KAN,SFO,WR,0,0,0,0,0,1,5,0,8,3,19,0,5.4
2024,7,Eric Tomlinson,LAC,ARI,TE,0,0,0,0,0,0,0,0,1,1,7,0,1.7
2024,7,Hassan Haskins,LAC,ARI,RB,0,0,0,0,0,2,2,0,0,0,0,0,0.2
2024,7,J.K. Dobbins,LAC,ARI,RB,0,0,0,0,0,14,40,0,3,3,26,0,9.6
2024,7,Jalen Reagor,LAC,ARI,WR,0,0,0,0,0,1,-1,0,1,1,41,0,3.0
2024,7,Josh Palmer,LAC,ARI,WR,0,0,0,0,0,0,0,0,5,4,63,0,10.3
2024,7,Justin Herbert,LAC,ARI,QB,39,27,349,0,0,2,8,0,0,0,0,0,14.76
2024,7,Kimani Vidal,LAC,ARI,RB,0,0,0,0,0,3,10,0,1,1,9,0,2.9
2024,7,Ladd McConkey,LAC,ARI,WR,0,0,0,0,0,0,0,0,7,5,46,0,9.6
2024,7,Simi Fehoko,LAC,ARI,WR,0,0,0,0,0,0,0,0,6,3,45,0,7.5
2024,7,Stone Smartt,LAC,ARI,TE,0,0,0,0,0,0,0,0,2,1,31,0,4.1
2024,7,Will Dissly,LAC,ARI,TE,0,0,0,0,0,0,0,0,11,8,81,0,16.1
2024,7,Blake Corum,LAR,LVR,RB,0,0,0,0,0,3,11,0,0,0,0,0,1.1
2024,7,Colby Parkinson,LAR,LVR,TE,0,0,0,0,0,0,0,0,2,2,32,0,5.2
2024,7,Demarcus Robinson,LAR,LVR,WR,0,0,0,0,0,0,0,0,3,1,9,0,1.9
2024,7,Hunter Long,LAR,LVR,TE,0,0,0,0,0,0,0,0,1,1,5,0,1.5
2024,7,Kyren Williams,LAR,LVR,RB,0,0,0,0,0,21,76,2,0,0,0,0,19.6
2024,7,Matthew Stafford,LAR,LVR,QB,23,14,154,0,1,2,-2,0,0,0,0,0,3.96
2024,7,Tutu Atwell,LAR,LVR,WR,0,0,0,0,0,0,0,0,9,6,51,0,11.1
2024,7,Tyler Johnson,LAR,LVR,WR,0,0,0,0,0,0,0,0,7,4,57,0,9.7
2024,7,Xavier Smith,LAR,LVR,WR,0,0,0,0,0,2,30,0,0,0,0,0,3.0
2024,7,Aidan O'Connell,LVR,LAR,QB,10,6,52,0,0,0,0,0,0,0,0,0,2.08
2024,7,Alexander Mattison,LVR,LAR,RB,0,0,0,0,0,23,92,0,3,3,31,0,15.3
2024,7,Brock Bowers,LVR,LAR,TE,0,0,0,0,0,0,0,0,14,10,93,0,19.3
2024,7,DJ Turner,LVR,LAR,WR,0,0,0,0,0,1,4,0,7,2,13,0,3.7
2024,7,Gardner Minshew,LVR,LAR,QB,34,15,154,0,3,1,2,0,0,0,0,0,-1.64
2024,7,Harrison Bryant,LVR,LAR,TE,0,0,0,0,0,0,0,0,2,2,19,0,3.9
2024,7,Tre Tucker,LVR,LAR,WR,0,0,0,0,0,1,11,0,8,3,36,0,7.7
2024,7,Zamir White,LVR,LAR,RB,0,0,0,0,0,3,13,0,1,1,14,0,3.7
2024,7,Alec Ingold,MIA,IND,RB,0,0,0,0,0,2,-1,0,1,1,25,0,1.4
2024,7,De'Von Achane,MIA,IND,RB,0,0,0,0,0,15,77,0,3,2,8,0,10.5
2024,7,Jaylen Waddle,MIA,IND,WR,0,0,0,0,0,0,0,0,2,1,11,0,2.1
2024,7,Jaylen Wright,MIA,IND,RB,0,0,0,0,0,5,33,0,0,0,0,0,3.3
2024,7,Jonnu Smith,MIA,IND,TE,0,0,0,0,0,0,0,0,7,7,96,1,22.6
2024,7,Julian Hill,MIA,IND,TE,0,0,0,0,0,0,0,0,2,1,4,0,1.4
2024,7,Malik Washington,MIA,IND,WR,0,0,0,0,0,0,0,0,3,2,9,0,2.9
2024,7,Odell Beckham Jr.,MIA,IND,WR,0,0,0,0,0,0,0,0,2,0,0,0,0.0
2024,7,Raheem Mostert,MIA,IND,RB,0,0,0,0,0,11,50,0,0,0,0,0,3.0
2024,7,Tim Boyle,MIA,IND,QB,13,8,74,0,0,1,4,0,0,0,0,0,3.36
2024,7,Tyler Huntley,MIA,IND,QB,13,7,87,1,0,5,20,0,0,0,0,0,9.48
2024,7,Tyreek Hill,MIA,IND,WR,0,0,0,0,0,1,5,0,2,1,8,0,2.3
2024,7,Aaron Jones,MIN,DET,RB,0,0,0,0,0,14,93,1,3,3,23,0,20.6
2024,7,Jalen Nailor,MIN,DET,WR,0,0,0,0,0,0,0,0,5,4,76,0,11.6
2024,7,Johnny Mundt,MIN,DET,TE,0,0,0,0,0,0,0,0,5,4,8,0,4.8
2024,7,Jordan Addison,MIN,DET,WR,0,0,0,0,0,0,0,0,4,3,66,0,9.6
2024,7,Josh Oliver,MIN,DET,TE,0,0,0,0,0,0,0,0,1,1,5,0,1.5
2024,7,Justin Jefferson,MIN,DET,WR,0,0,0,0,0,1,3,0,8,7,81,1,21.4
2024,7,Sam Darnold,MIN,DET,QB,27,22,259,1,1,4,39,0,0,0,0,0,16.26
2024,7,Ty Chandler,MIN,DET,RB,0,0,0,0,0,2,4,0,0,0,0,0,0.4
2024,7,Alvin Kamara,NOR,DEN,RB,0,0,0,0,0,7,10,0,7,6,14,0,8.4
2024,7,Bub Means,NOR,DEN,WR,0,0,0,0,0,0,0,0,5,3,37,0,6.7
2024,7,Cedrick Wilson Jr.,NOR,DEN,WR,0,0,0,0,0,0,0,0,7,6,57,1,17.7
2024,7,Foster Moreau,NOR,DEN,TE,0,0,0,0,0,0,0,0,2,2,38,0,5.8
2024,7,Jake Haener,NOR,DEN,QB,4,3,38,1,0,0,0,0,0,0,0,0,5.52
2024,7,Jamaal Williams,NOR,DEN,RB,0,0,0,0,0,3,17,0,0,0,0,0,1.7
2024,7,Juwan Johnson,NOR,DEN,TE,0,0,0,0,0,0,0,0,6,3,18,0,4.8
2024,7,Kendre Miller,NOR,DEN,RB,0,0,0,0,0,6,36,0,3,2,1,0,5.7
2024,7,Mason Tipton,NOR,DEN,WR,0,0,0,0,0,0,0,0,9,6,45,0,10.5
2024,7,Spencer Rattler,NOR,DEN,QB,35,25,172,0,0,5,34,0,0,0,0,0,6.28
2024,7,Antonio Gibson,NWE,JAX,RB,0,0,0,0,0,3,4,0,1,1,9,0,2.3
2024,7,Austin Hooper,NWE,JAX,TE,0,0,0,0,0,0,0,0,5,4,32,0,7.2
2024,7,DeMario Douglas,NWE,JAX,WR,0,0,0,0,0,0,0,0,3,2,14,0,3.4
2024,7,Drake Maye,NWE,JAX,QB,37,26,276,2,0,3,18,0,0,0,0,0,20.84
2024,7,Hunter Henry,NWE,JAX,TE,0,0,0,0,0,0,0,0,9,8,92,0,17.2
2024,7,Ja'Lynn Polk,NWE,JAX,WR,0,0,0,0,0,0,0,0,3,0,0,0,0.0
2024,7,JaMycal Hasty,NWE,JAX,RB,0,0,0,0,0,2,-2,0,5,5,49,1,15.7
2024,7,K.J. Osborn,NWE,JAX,WR,0,0,0,0,0,0,0,0,3,2,26,1,10.6
2024,7,Kayshon Boutte,NWE,JAX,WR,0,0,0,0,0,0,0,0,2,1,33,0,4.3
2024,7,Kendrick Bourne,NWE,JAX,WR,0,0,0,0,0,0,0,0,2,1,14,0,2.4
2024,7,Rhamondre Stevenson,NWE,JAX,RB,0,0,0,0,0,7,18,0,3,2,7,0,4.5
2024,7,Daniel Bellinger,NYG,PHI,TE,0,0,0,0,0,0,0,0,1,1,11,0,2.1
2024,7,Daniel Jones,NYG,PHI,QB,21,14,99,0,0,5,20,0,0,0,0,0,5.96
2024,7,Darius Slayton,NYG,PHI,WR,0,0,0,0,0,0,0,0,3,1,11,0,2.1
2024,7,Devin Singletary,NYG,PHI,RB,0,0,0,0,0,5,18,0,1,1,3,0,3.1
2024,7,Drew Lock,NYG,PHI,QB,8,3,6,0,0,1,13,0,0,0,0,0,1.54
2024,7,Eric Gray,NYG,PHI,RB,0,0,0,0,0,1,2,0,1,1,7,0,1.9
2024,7,Jalin Hyatt,NYG,PHI,WR,0,0,0,0,0,0,0,0,1,0,0,0,0.0
2024,7,Malik Nabers,NYG,PHI,WR,0,0,0,0,0,0,0,0,8,4,41,0,8.1
2024,7,Tyrone Tracy Jr.,NYG,PHI,RB,0,0,0,0,0,6,23,0,3,3,9,0,6.2
2024,7,Wan'Dale Robinson,NYG,PHI,WR,0,0,0,0,0,0,0,0,9,6,23,0,8.3
2024,7,Aaron Rodgers,NYJ,PIT,QB,39,24,276,1,2,0,0,0,0,0,0,0,13.04
2024,7,Allen Lazard,NYJ,PIT,WR,0,0,0,0,0,0,0,0,4,4,58,0,9.8
2024,7,Braelon Allen,NYJ,PIT,RB,0,0,0,0,0,2,4,0,1,1,2,0,1.6
2024,7,Breece Hall,NYJ,PIT,RB,0,0,0,0,0,12,38,1,9,6,103,0,26.1
2024,7,Davante Adams,NYJ,PIT,WR,0,0,0,0,0,0,0,0,9,3,30,0,6.0
2024,7,Garrett Wilson,NYJ,PIT,WR,0,0,0,0,0,0,0,0,9,5,61,0,13.1
2024,7,Irvin Charles,NYJ,PIT,WR,0,0,0,0,0,0,0,0,1,0,0,0,0.0
2024,7,Isaiah Davis,NYJ,PIT,RB,0,0,0,0,0,1,12,0,0,0,0,0,1.2
2024,7,Mike Williams,NYJ,PIT,WR,0,0,0,0,0,0,0,0,2,1,15,0,2.5
2024,7,Tyler Conklin,NYJ,PIT,TE,0,0,0,0,0,0,0,0,4,4,7,1,10.7
2024,7,A.J. Brown,PHI,NYG,WR,0,0,0,0,0,0,0,0,5,5,89,1,19.9
2024,7,DeVonta Smith,PHI,NYG,WR,0,0,0,0,0,0,0,0,2,1,-2,0,0.8
2024,7,Grant Calcaterra,PHI,NYG,TE,0,0,0,0,0,0,0,0,1,1,5,0,1.5
2024,7,Jahan Dotson,PHI,NYG,WR,0,0,0,0,0,0,0,0,1,0,0,0,0.0
2024,7,Jalen Hurts,PHI,NYG,QB,14,10,114,1,0,7,22,2,0,0,0,0,22.76
2024,7,Kenny Gainwell,PHI,NYG,RB,0,0,0,0,0,13,56,0,1,1,11,0,7.7
2024,7,Parris Campbell,PHI,NYG,WR,0,0,0,0,0,0,0,0,1,0,0,0,0.0
2024,7,Saquon Barkley,PHI,NYG,RB,0,0,0,0,0,17,176,1,3,2,11,0,26.7
2024,7,Will Shipley,PHI,NYG,RB,0,0,0,0,0,8,15,0,0,0,0,0,1.5
2024,7,Calvin Austin III,PIT,NYJ,WR,0,0,0,0,0,0,0,0,4,1,36,0,4.6
2024,7,Darnell Washington,PIT,NYJ,TE,0,0,0,0,0,0,0,0,4,4,36,0,7.6
2024,7,George Pickens,PIT,NYJ,WR,0,0,0,0,0,0,0,0,9,5,111,1,22.1
2024,7,Jaylen Warren,PIT,NYJ,RB,0,0,0,0,0,12,44,0,3,2,15,0,7.9
2024,7,Najee Harris,PIT,NYJ,RB,0,0,0,0,0,21,102,1,1,0,0,0,16.2
2024,7,Pat Freiermuth,PIT,NYJ,TE,0,0,0,0,0,0,0,0,3,2,51,0,7.1
2024,7,Russell Wilson,PIT,NYJ,QB,29,16,264,2,0,3,3,1,0,0,0,0,24.86
2024,7,Van Jefferson,PIT,NYJ,WR,0,0,0,0,0,0,0,0,3,2,15,1,9.5
2024,7,AJ Barner,SEA,ATL,TE,0,0,0,0,0,0,0,0,1,1,5,0,1.5
2024,7,DK Metcalf,SEA,ATL,WR,0,0,0,0,0,0,0,0,7,4,99,1,19.9
2024,7,Geno Smith,SEA,ATL,QB,28,18,207,2,0,4,15,0,0,0,0,0,17.78
2024,7,Jake Bobo,SEA,ATL,WR,0,0,0,0,0,0,0,0,1,0,0,0,0.0
2024,7,Jaxon Smith-Njigba,SEA,ATL,WR,1,1,35,0,0,0,0,0,6,3,9,0,5.3
2024,7,Kenneth Walker III,SEA,ATL,RB,0,0,0,0,0,14,69,1,2,2,24,1,23.3
2024,7,Kenny McIntosh,SEA,ATL,RB,0,0,0,0,0,1,5,0,0,0,0,0,0.5
2024,7,Noah Fant,SEA,ATL,TE,0,0,0,0,0,0,0,0,4,4,65,0,10.5
2024,7,Tyler Lockett,SEA,ATL,WR,0,0,0,0,0,0,0,0,6,4,45,0,8.5
2024,7,Zach Charbonnet,SEA,ATL,RB,0,0,0,0,0,7,14,0,1,1,-5,0,1.9
2024,7,Brandon Aiyuk,SFO,KAN,WR,0,0,0,0,0,0,0,0,6,2,23,0,4.3
2024,7,Brock Purdy,SFO,KAN,QB,31,17,212,0,3,8,27,2,0,0,0,0,17.18
2024,7,Chris Conley,SFO,KAN,WR,0,0,0,0,0,0,0,0,2,0,0,0,0.0
2024,7,George Kittle,SFO,KAN,TE,0,0,0,0,0,0,0,0,7,6,92,0,15.2
2024,7,Isaac Guerendo,SFO,KAN,RB,0,0,0,0,0,1,2,0,1,1,5,0,1.7
2024,7,Jacob Cowing,SFO,KAN,WR,0,0,0,0,0,0,0,0,3,2,50,0,7.0
2024,7,Jordan Mason,SFO,KAN,RB,0,0,0,0,0,14,58,0,2,2,11,0,8.9
2024,7,Kyle Juszczyk,SFO,KAN,RB,0,0,0,0,0,1,14,0,3,0,0,0,1.4
2024,7,Ricky Pearsall,SFO,KAN,WR,0,0,0,0,0,0,0,0,5,3,21,0,5.1
2024,7,Ronnie Bell,SFO,KAN,WR,0,0,0,0,0,0,0,0,2,1,10,0,2.0
2024,7,Baker Mayfield,TAM,BAL,QB,45,31,370,3,2,5,22,0,0,0,0,0,27.0
2024,7,Bucky Irving,TAM,BAL,RB,0,0,0,0,0,9,23,1,3,3,54,0,16.7
2024,7,Cade Otton,TAM,BAL,TE,0,0,0,0,0,0,0,0,10,8,100,0,18.0
2024,7,Chris Godwin Jr.,TAM,BAL,WR,0,0,0,0,0,0,0,0,9,7,65,0,13.5
2024,7,Jalen McMillan,TAM,BAL,WR,0,0,0,0,0,1,11,0,8,3,15,0,5.6
2024,7,Mike Evans,TAM,BAL,WR,0,0,0,0,0,0,0,0,3,1,25,1,9.5
2024,7,Rachaad White,TAM,BAL,RB,0,0,0,0,0,10,40,0,6,6,71,2,29.1
2024,7,Sean Tucker,TAM,BAL,RB,0,0,0,0,0,5,29,0,2,1,9,0,4.8
2024,7,Sterling Shepard,TAM,BAL,WR,0,0,0,0,0,0,0,0,1,1,15,0,4.5
2024,7,Trey Palmer,TAM,BAL,WR,0,0,0,0,0,0,0,0,3,1,16,0,2.6
2024,7,Calvin Ridley,TEN,BUF,WR,0,0,0,0,0,0,0,0,9,3,42,0,7.2
2024,7,Chig Okonkwo,TEN,BUF,TE,0,0,0,0,0,0,0,0,4,4,50,0,9.0
2024,7,DeAndre Hopkins,TEN,BUF,WR,0,0,0,0,0,0,0,0,1,1,-2,0,0.8
2024,7,Josh Whyle,TEN,BUF,TE,0,0,0,0,0,0,0,0,4,3,34,0,6.4
2024,7,Julius Chestnut,TEN,BUF,RB,0,0,0,0,0,3,15,0,1,1,9,0,3.4
2024,7,Mason Rudolph,TEN,BUF,QB,40,25,215,1,1,5,13,0,0,0,0,0,9.9
2024,7,Nick Vannett,TEN,BUF,TE,0,0,0,0,0,0,0,0,4,4,25,0,6.5
2024,7,Nick Westbrook-Ikhine,TEN,BUF,WR,0,0,0,0,0,0,0,0,4,2,10,1,9.0
2024,7,Tony Pollard,TEN,BUF,RB,0,0,0,0,0,16,61,0,6,2,4,0,8.5
2024,7,Tyler Boyd,TEN,BUF,WR,0,0,0,0,0,0,0,0,5,5,43,0,9.3
2024,7,Austin Ekeler,WAS,CAR,RB,0,0,0,0,0,4,17,0,2,2,3,0,4.0
2024,7,Ben Sinnott,WAS,CAR,TE,0,0,0,0,0,0,0,0,2,2,6,1,8.6
2024,7,Brian Robinson,WAS,CAR,RB,0,0,0,0,0,12,71,1,0,0,0,0,13.1
2024,7,Dyami Brown,WAS,CAR,WR,0,0,0,0,0,0,0,0,3,1,23,0,3.3
2024,7,Jayden Daniels,WAS,CAR,QB,2,2,6,0,0,3,50,0,0,0,0,0,5.24
2024,7,Jeremy McNichols,WAS,CAR,RB,0,0,0,0,0,7,42,0,0,0,0,0,4.2
2024,7,Marcus Mariota,WAS,CAR,QB,23,18,205,2,0,11,34,0,0,0,0,0,19.6
2024,7,Noah Brown,WAS,CAR,WR,0,0,0,0,0,0,0,0,1,1,16,0,2.6
2024,7,Olamide Zaccheaus,WAS,CAR,WR,0,0,0,0,0,0,0,0,6,4,25,0,6.5
2024,7,Terry McLaurin,WAS,CAR,WR,0,0,0,0,0,0,0,0,6,6,98,0,15.8
2024,7,Zach Ertz,WAS,CAR,TE,0,0,0,0,0,0,0,0,5,4,40,1,14.0
2024,8,Elijah Higgins,ARI,MIA,TE,0,0,0,0,0,0,0,0,2,2,13,0,3.3
2024,8,Emari Demercado,ARI,MIA,RB,0,0,0,0,0,0,0,0,1,0,0,0,0.0
2024,8,Greg Dortch,ARI,MIA,WR,0,0,0,0,0,0,0,0,2,1,9,0,1.9
2024,8,James Conner,ARI,MIA,RB,0,0,0,0,0,20,53,1,3,2,16,0,14.9
2024,8,Kyler Murray,ARI,MIA,QB,36,26,307,2,0,5,19,0,0,0,0,0,22.18
2024,8,Marvin Harrison Jr.,ARI,MIA,WR,0,0,0,0,0,0,0,0,7,6,111,1,23.1
2024,8,Michael Wilson,ARI,MIA,WR,0,0,0,0,0,0,0,0,6,5,31,1,14.1
2024,8,Trey Benson,ARI,MIA,RB,0,0,0,0,0,1,10,0,0,0,0,0,1.0
2024,8,Trey McBride,ARI,MIA,TE,0,0,0,0,0,0,0,0,11,9,124,0,21.4
2024,8,Zay Jones,ARI,MIA,WR,0,0,0,0,0,0,0,0,1,1,3,0,1.3
2024,8,Bijan Robinson,ATL,TAM,RB,0,0,0,0,0,13,63,0,7,7,43,1,23.6
2024,8,Charlie Woerner,ATL,TAM,TE,0,0,0,0,0,0,0,0,1,1,13,0,2.3
2024,8,Darnell Mooney,ATL,TAM,WR,0,0,0,0,0,0,0,0,6,4,86,1,18.6
2024,8,Drake London,ATL,TAM,WR,0,0,0,0,0,0,0,0,6,4,34,0,7.4
2024,8,Kirk Cousins,ATL,TAM,QB,29,23,276,4,0,3,16,0,0,0,0,0,28.64
2024,8,Kyle Pitts,ATL,TAM,TE,0,0,0,0,0,0,0,0,5,4,91,2,25.1
2024,8,Ray-Ray McCloud,ATL,TAM,WR,0,0,0,0,0,1,17,0,3,3,9,0,5.6
2024,8,Tyler Allgeier,ATL,TAM,RB,0,0,0,0,0,12,33,0,0,0,0,0,3.3
2024,8,Charlie Kolar,BAL,CLE,TE,0,0,0,0,0,0,0,0,2,1,9,0,1.9
2024,8,Derrick Henry,BAL,CLE,RB,0,0,0,0,0,11,73,1,1,1,4,0,14.7
2024,8,Isaiah Likely,BAL,CLE,TE,0,0,0,0,0,0,0,0,4,4,47,0,8.7
2024,8,Justice Hill,BAL,CLE,RB,0,0,0,0,0,2,5,0,1,1,14,0,2.9
2024,8,Lamar Jackson,BAL,CLE,QB,38,23,289,2,0,8,46,0,0,0,0,0,24.16
2024,8,Mark Andrews,BAL,CLE,TE,0,0,0,0,0,0,0,0,5,5,36,1,14.6
2024,8,Nelson Agholor,BAL,CLE,WR,0,0,0,0,0,0,0,0,5,3,36,1,12.6
2024,8,Rashod Bateman,BAL,CLE,WR,0,0,0,0,0,0,0,0,5,1,28,0,3.8
2024,8,Zay Flowers,BAL,CLE,WR,0,0,0,0,0,0,0,0,12,7,115,0,18.5
2024,8,Amari Cooper,BUF,SEA,WR,0,0,0,0,0,0,0,0,2,1,3,0,1.3
2024,8,Dalton Kincaid,BUF,SEA,TE,0,0,0,0,0,0,0,0,7,4,31,1,13.1
2024,8,Dawson Knox,BUF,SEA,TE,0,0,0,0,0,0,0,0,2,2,50,0,7.0
2024,8,James Cook,BUF,SEA,RB,0,0,0,0,0,17,111,2,3,3,22,0,28.3
2024,8,Josh Allen,BUF,SEA,QB,34,24,283,2,1,7,25,0,0,0,0,0,19.82
2024,8,Keon Coleman,BUF,SEA,WR,0,0,0,0,0,0,0,0,7,5,70,1,18.0
2024,8,Khalil Shakir,BUF,SEA,WR,0,0,0,0,0,1,2,0,10,9,107,0,19.9
2024,8,Mitchell Trubisky,BUF,SEA,QB,0,0,0,0,0,3,-3,0,0,0,0,0,-0.3
2024,8,Ray Davis,BUF,SEA,RB,0,0,0,0,0,6,29,0,0,0,0,0,2.9
2024,8,Ty Johnson,BUF,SEA,RB,0,0,0,0,0,0,0,0,1,0,0,0,0.0
2024,8,Bryce Young,CAR,DEN,QB,37,24,224,2,2,3,6,0,0,0,0,0,13.56
2024,8,Chuba Hubbard,CAR,DEN,RB,0,0,0,0,0,15,56,0,2,2,15,0,9.1
2024,8,David Moore,CAR,DEN,WR,0,0,0,0,0,0,0,0,5,4,39,0,7.9
2024,8,Ja'Tavion Sanders,CAR,DEN,TE,0,0,0,0,0,0,0,0,1,1,7,0,1.7
2024,8,Jalen Coker,CAR,DEN,WR,0,0,0,0,0,0,0,0,6,4,78,1,17.8
2024,8,Jonathan Mingo,CAR,DEN,WR,0,0,0,0,0,0,0,0,3,0,0,0,0.0
2024,8,Miles Sanders,CAR,DEN,RB,0,0,0,0,0,1,7,0,7,7,38,0,11.5
2024,8,Tommy Tremble,CAR,DEN,TE,0,0,0,0,0,0,0,0,3,2,13,0,3.3
2024,8,Xavier Legette,CAR,DEN,WR,0,0,0,0,0,1,0,0,7,4,34,1,13.4
2024,8,Caleb Williams,CHI,WAS,QB,24,10,131,0,0,9,47,0,0,0,0,0,9.94
2024,8,Cole Kmet,CHI,WAS,TE,0,0,0,0,0,0,0,0,1,1,14,0,4.4
2024,8,D'Andre Swift,CHI,WAS,RB,0,0,0,0,0,18,129,1,0,0,0,0,18.9
2024,8,DJ Moore,CHI,WAS,WR,0,0,0,0,0,2,7,0,4,2,27,0,5.4
2024,8,DeAndre Carter,CHI,WAS,WR,0,0,0,0,0,0,0,0,1,1,7,0,1.7
2024,8,Gerald Everett,CHI,WAS,TE,0,0,0,0,0,0,0,0,2,1,3,0,1.3
2024,8,Keenan Allen,CHI,WAS,WR,0,0,0,0,0,0,0,0,7,2,39,0,5.9
2024,8,Rome Odunze,CHI,WAS,WR,0,0,0,0,0,2,13,0,6,3,41,0,8.4
2024,8,Roschon Johnson,CHI,WAS,RB,0,0,0,0,0,2,6,1,0,0,0,0,6.6
2024,8,Andrei Iosivas,CIN,PHI,WR,0,0,0,0,0,0,0,0,3,0,0,0,0.0
2024,8,Chase Brown,CIN,PHI,RB,0,0,0,0,0,12,32,1,4,2,2,0,11.4
2024,8,Erick All,CIN,PHI,TE,0,0,0,0,0,0,0,0,2,2,32,0,5.2
2024,8,Ja'Marr Chase,CIN,PHI,WR,0,0,0,0,0,0,0,0,11,9,54,1,20.4
2024,8,Jermaine Burton,CIN,PHI,WR,0,0,0,0,0,0,0,0,3,1,41,0,5.1
2024,8,Joe Burrow,CIN,PHI,QB,37,26,234,1,1,3,15,0,0,0,0,0,12.86
2024,8,Mike Gesicki,CIN,PHI,TE,0,0,0,0,0,0,0,0,8,7,73,0,12.3
2024,8,Trenton Irwin,CIN,PHI,WR,0,0,0,0,0,0,0,0,1,1,4,0,1.4
2024,8,Zack Moss,CIN,PHI,RB,0,0,0,0,0,5,11,0,4,4,28,0,7.9
2024,8,Cedric Tillman,CLE,BAL,WR,0,0,0,0,0,0,0,0,9,7,99,2,28.9
2024,8,D'Onta Foreman,CLE,BAL,RB,0,0,0,0,0,5,26,0,0,0,0,0,2.6
2024,8,David Njoku,CLE,BAL,TE,0,0,0,0,0,0,0,0,7,5,61,1,17.1
2024,8,Elijah Moore,CLE,BAL,WR,0,0,0,0,0,0,0,0,12,8,85,0,16.5
2024,8,Geoff Swaim,CLE,BAL,TE,0,0,0,0,0,0,0,0,1,1,7,0,1.7
2024,8,Jameis Winston,CLE,BAL,QB,41,27,334,3,0,2,2,0,0,0,0,0,23.56
2024,8,Jerry Jeudy,CLE,BAL,WR,0,0,0,0,0,0,0,0,8,5,79,0,12.9
2024,8,Jordan Akins,CLE,BAL,TE,0,0,0,0,0,0,0,0,1,0,0,0,0.0
2024,8,Nick Chubb,CLE,BAL,RB,0,0,0,0,0,16,52,0,2,0,0,0,5.2
2024,8,Pierre Strong,CLE,BAL,RB,0,0,0,0,0,0,0,0,1,1,3,0,1.3
2024,8,Brevyn Spann-Ford,DAL,SFO,TE,0,0,0,0,0,0,0,0,2,0,0,0,0.0
2024,8,CeeDee Lamb,DAL,SFO,WR,0,0,0,0,0,0,0,0,17,13,146,2,39.6
2024,8,Dak Prescott,DAL,SFO,QB,38,25,243,2,2,1,-1,0,0,0,0,0,13.62
2024,8,Dalvin Cook,DAL,SFO,RB,0,0,0,0,0,6,12,0,1,1,10,0,3.2
2024,8,Ezekiel Elliott,DAL,SFO,RB,0,0,0,0,0,10,34,1,1,1,4,0,10.8
2024,8,Hunter Luepke,DAL,SFO,RB,0,0,0,0,0,1,0,0,0,0,0,0,0.0
2024,8,Jake Ferguson,DAL,SFO,TE,0,0,0,0,0,0,0,0,8,6,23,0,8.3
2024,8,Jalen Brooks,DAL,SFO,WR,0,0,0,0,0,0,0,0,1,0,0,0,0.0
2024,8,Jalen Tolbert,DAL,SFO,WR,0,0,0,0,0,0,0,0,3,3,44,0,7.4
2024,8,KaVontae Turpin,DAL,SFO,WR,0,0,0,0,0,1,11,0,4,1,16,0,3.7
2024,8,Adam Trautman,DEN,CAR,TE,0,0,0,0,0,0,0,0,4,4,85,1,18.5
2024,8,Audric Estimé,DEN,CAR,RB,0,0,0,0,0,1,4,0,0,0,0,0,0.4
2024,8,Bo Nix,DEN,CAR,QB,37,28,284,3,0,5,4,1,0,0,0,0,29.76
2024,8,Courtland Sutton,DEN,CAR,WR,1,1,28,0,0,0,0,0,11,8,100,0,17.12
2024,8,Devaughn Vele,DEN,CAR,WR,0,0,0,0,0,0,0,0,3,3,28,0,5.8
2024,8,Jaleel McLaughlin,DEN,CAR,RB,0,0,0,0,0,8,47,0,1,1,9,1,12.6
2024,8,Javonte Williams,DEN,CAR,RB,0,0,0,0,0,17,44,0,5,4,8,0,9.2
2024,8,Lil'Jordan Humphrey,DEN,CAR,WR,0,0,0,0,0,0,0,0,6,4,22,0,4.2
2024,8,Lucas Krull,DEN,CAR,TE,0,0,0,0,0,0,0,0,2,2,18,0,3.8
2024,8,Marvin Mims Jr.,DEN,CAR,WR,0,0,0,0,0,0,0,0,2,1,8,0,1.8
2024,8,Michael Burton,DEN,CAR,RB,0,0,0,0,0,0,0,0,1,1,28,0,3.8
2024,8,Nate Adkins,DEN,CAR,TE,0,0,0,0,0,0,0,0,1,1,3,1,7.3
2024,8,Troy Franklin,DEN,CAR,WR,0,0,0,0,0,1,3,0,2,1,6,0,1.9
2024,8,Allen Robinson,DET,TEN,WR,0,0,0,0,0,0,0,0,1,0,0,0,0.0
2024,8,Amon-Ra St. Brown,DET,TEN,WR,0,0,0,0,0,0,0,0,2,2,7,1,8.7
2024,8,Brock Wright,DET,TEN,TE,0,0,0,0,0,0,0,0,1,1,8,1,7.8
2024,8,Craig Reynolds,DET,TEN,RB,0,0,0,0,0,3,3,0,0,0,0,0,0.3
2024,8,David Montgomery,DET,TEN,RB,1,1,3,1,0,9,33,1,1,1,5,0,14.92
2024,8,Hendon Hooker,DET,TEN,QB,3,2,6,0,0,0,0,0,0,0,0,0,0.24
2024,8,Isaiah Williams,DET,TEN,WR,0,0,0,0,0,0,0,0,3,2,6,0,2.6
2024,8,Jahmyr Gibbs,DET,TEN,RB,0,0,0,0,0,11,127,1,1,1,6,0,20.3
2024,8,Jared Goff,DET,TEN,QB,15,12,85,3,0,1,1,0,0,0,0,0,15.5
2024,8,Kalif Raymond,DET,TEN,WR,0,0,0,0,0,0,0,0,2,2,14,1,15.4
2024,8,Sam LaPorta,DET,TEN,TE,0,0,0,0,0,0,0,0,6,6,48,1,16.8
2024,8,Tim Patrick,DET,TEN,WR,0,0,0,0,0,0,0,0,1,0,0,0,0.0
2024,8,Ben Sims,GNB,JAX,TE,0,0,0,0,0,0,0,0,1,0,0,0,0.0
2024,8,Bo Melton,GNB,JAX,WR,0,0,0,0,0,0,0,0,1,0,0,0,0.0
2024,8,Chris Brooks,GNB,JAX,RB,0,0,0,0,0,4,16,0,1,1,1,0,2.7
2024,8,Christian Watson,GNB,JAX,WR,0,0,0,0,0,0,0,0,6,4,39,0,7.9
2024,8,Dontayvion Wicks,GNB,JAX,WR,0,0,0,0,0,0,0,0,2,2,11,0,3.1
2024,8,Emanuel Wilson,GNB,JAX,RB,0,0,0,0,0,4,5,0,2,2,-2,0,2.3
2024,8,Jayden Reed,GNB,JAX,WR,0,0,0,0,0,1,0,0,3,2,55,0,7.5
2024,8,Jordan Love,GNB,JAX,QB,22,14,196,0,1,1,-1,0,0,0,0,0,5.74
2024,8,Josh Jacobs,GNB,JAX,RB,0,0,0,0,0,25,127,2,2,1,-2,0,25.5
2024,8,Malik Willis,GNB,JAX,QB,5,4,56,1,0,4,23,0,0,0,0,0,8.54
2024,8,Romeo Doubs,GNB,JAX,WR,0,0,0,0,0,0,0,0,6,3,72,0,10.2
2024,8,Tucker Kraft,GNB,JAX,TE,0,0,0,0,0,0,0,0,3,3,78,1,16.8
2024,8,C.J. Stroud,HOU,IND,QB,37,25,285,1,0,1,-10,0,0,0,0,0,12.4
2024,8,Cade Stover,HOU,IND,TE,0,0,0,0,0,0,0,0,3,2,19,0,3.9
2024,8,Dalton Schultz,HOU,IND,TE,0,0,0,0,0,0,0,0,6,4,52,0,9.2
2024,8,Dameon Pierce,HOU,IND,RB,0,0,0,0,0,1,4,0,0,0,0,0,0.4
2024,8,Dare Ogunbowale,HOU,IND,RB,0,0,0,0,0,1,4,0,1,0,0,0,0.4
2024,8,Joe Mixon,HOU,IND,RB,0,0,0,0,0,25,102,1,6,4,32,0,23.4
2024,8,John Metchie III,HOU,IND,WR,0,0,0,0,0,0,0,0,4,3,29,0,5.9
2024,8,Robert Woods,HOU,IND,WR,0,0,0,0,0,0,0,0,2,2,18,0,3.8
2024,8,Stefon Diggs,HOU,IND,WR,0,0,0,0,0,1,-4,0,9,5,81,0,12.7
2024,8,Tank Dell,HOU,IND,WR,0,0,0,0,0,0,0,0,4,4,35,1,13.5
2024,8,Xavier Hutchinson,HOU,IND,WR,0,0,0,0,0,0,0,0,1,1,19,0,2.9
2024,8,Adonai Mitchell,IND,HOU,WR,0,0,0,0,0,0,0,0,4,1,9,0,1.9
2024,8,Alec Pierce,IND,HOU,WR,0,0,0,0,0,0,0,0,4,1,11,0,2.1
2024,8,Anthony Richardson,IND,HOU,QB,32,10,175,1,1,6,45,0,0,0,0,0,11.5
2024,8,Jonathan Taylor,IND,HOU,RB,0,0,0,0,0,20,105,1,1,1,12,0,18.7
2024,8,Josh Downs,IND,HOU,WR,0,0,0,0,0,0,13,0,9,4,109,1,22.2
2024,8,Kylen Granson,IND,HOU,TE,0,0,0,0,0,0,0,0,2,1,4,0,1.4
2024,8,Michael Pittman,IND,HOU,WR,0,0,0,0,0,0,0,0,6,1,16,0,2.6
2024,8,Mo Alie-Cox,IND,HOU,TE,0,0,0,0,0,0,0,0,1,0,0,0,0.0
2024,8,Trey Sermon,IND,HOU,RB,0,0,0,0,0,0,0,0,1,1,14,0,2.4
2024,8,Tyler Goodson,IND,HOU,RB,0,0,0,0,0,0,0,0,1,0,0,0,0.0
2024,8,Will Mallory,IND,HOU,TE,0,0,0,0,0,0,0,0,2,0,0,0,0.0
2024,8,Brenton Strange,JAX,GNB,TE,0,0,0,0,0,0,0,0,5,5,59,0,10.9
2024,8,Brian Thomas Jr.,JAX,GNB,WR,0,0,0,0,0,0,0,0,4,3,60,1,15.0
2024,8,Christian Kirk,JAX,GNB,WR,0,0,0,0,0,0,0,0,5,2,59,0,7.9
2024,8,D'Ernest Johnson,JAX,GNB,RB,0,0,0,0,0,1,3,0,2,1,20,0,3.3
2024,8,Evan Engram,JAX,GNB,TE,0,0,0,0,0,0,0,0,5,4,36,1,13.6
2024,8,Parker Washington,JAX,GNB,WR,0,0,0,0,0,0,0,0,4,3,46,0,7.6
2024,8,Tank Bigsby,JAX,GNB,RB,0,0,0,0,0,18,78,0,3,2,8,0,10.6
2024,8,Tim Jones,JAX,GNB,WR,0,0,0,0,0,0,0,0,2,1,20,0,3.0
2024,8,Trevor Lawrence,JAX,GNB,QB,32,21,308,2,1,4,10,1,0,0,0,0,23.32
2024,8,Carson Steele,KAN,LVR,RB,0,0,0,0,0,2,6,0,1,1,8,0,2.4
2024,8,DeAndre Hopkins,KAN,LVR,WR,0,0,0,0,0,0,0,0,3,2,29,0,4.9
2024,8,Joseph Fortson,KAN,LVR,TE,0,0,0,0,0,0,0,0,1,0,0,0,0.0
2024,8,Justin Watson,KAN,LVR,WR,0,0,0,0,0,0,0,0,3,3,33,0,6.3
2024,8,Kareem Hunt,KAN,LVR,RB,0,0,0,0,0,21,59,1,1,1,4,0,13.3
2024,8,Mecole Hardman,KAN,LVR,WR,0,0,0,0,0,0,0,0,1,1,8,0,1.8
2024,8,Noah Gray,KAN,LVR,TE,0,0,0,0,0,0,0,0,3,3,23,0,5.3
2024,8,Patrick Mahomes,KAN,LVR,QB,38,27,262,2,1,6,17,0,0,0,0,0,18.18
2024,8,Samaje Perine,KAN,LVR,RB,0,0,0,0,0,0,0,0,2,2,30,0,5.0
2024,8,Travis Kelce,KAN,LVR,TE,0,0,0,0,0,0,0,0,12,10,90,1,25.0
2024,8,Xavier Worthy,KAN,LVR,WR,0,0,0,0,0,0,0,0,8,4,37,1,13.7
2024,8,Eric Tomlinson,LAC,NOR,TE,0,0,0,0,0,0,0,0,1,0,0,0,0.0
2024,8,Hassan Haskins,LAC,NOR,RB,0,0,0,0,0,1,0,0,0,0,0,0,0.0
2024,8,J.K. Dobbins,LAC,NOR,RB,0,0,0,0,0,17,57,1,7,4,11,0,16.8
2024,8,Jalen Reagor,LAC,NOR,WR,0,0,0,0,0,0,0,0,2,2,35,0,5.5
2024,8,Josh Palmer,LAC,NOR,WR,0,0,0,0,0,0,0,0,4,2,72,0,9.2
2024,8,Justin Herbert,LAC,NOR,QB,32,20,279,2,0,4,49,0,0,0,0,0,24.06
2024,8,Kimani Vidal,LAC,NOR,RB,0,0,0,0,0,6,16,0,0,0,0,0,1.6
2024,8,Ladd McConkey,LAC,NOR,WR,0,0,0,0,0,0,0,0,6,6,111,2,29.1
2024,8,Simi Fehoko,LAC,NOR,WR,0,0,0,0,0,0,0,0,2,0,0,0,0.0
2024,8,Will Dissly,LAC,NOR,TE,0,0,0,0,0,0,0,0,7,5,41,0,9.1
2024,8,Blake Corum,LAR,MIN,RB,0,0,0,0,0,4,9,0,1,1,9,0,2.8
2024,8,Colby Parkinson,LAR,MIN,TE,0,0,0,0,0,0,0,0,2,2,17,0,3.7
2024,8,Cooper Kupp,LAR,MIN,WR,0,0,0,0,0,0,0,0,8,5,51,1,16.1
2024,8,Demarcus Robinson,LAR,MIN,WR,0,0,0,0,0,0,0,0,3,2,35,2,17.5
2024,8,Hunter Long,LAR,MIN,TE,0,0,0,0,0,0,0,0,1,1,18,0,2.8
2024,8,Kyren Williams,LAR,MIN,RB,0,0,0,0,0,23,97,0,7,5,19,1,22.6
2024,8,Matthew Stafford,LAR,MIN,QB,34,25,279,4,1,3,-4,0,0,0,0,0,24.76
2024,8,Puka Nacua,LAR,MIN,WR,0,0,0,0,0,2,5,0,9,7,106,0,18.1
2024,8,Tutu Atwell,LAR,MIN,WR,0,0,0,0,0,0,0,0,2,1,18,0,2.8
2024,8,Tyler Johnson,LAR,MIN,WR,0,0,0,0,0,0,0,0,1,1,6,0,1.6
2024,8,Alexander Mattison,LVR,KAN,RB,0,0,0,0,0,14,15,0,5,5,29,0,9.4
2024,8,Ameer Abdullah,LVR,KAN,RB,0,0,0,0,0,1,2,0,2,1,9,0,2.1
2024,8,Brock Bowers,LVR,KAN,TE,0,0,0,0,0,0,0,0,5,5,58,0,10.8
2024,8,DJ Turner,LVR,KAN,WR,0,0,0,0,0,1,4,0,4,4,28,1,13.2
2024,8,Gardner Minshew,LVR,KAN,QB,30,24,209,2,0,2,6,0,0,0,0,0,14.96
2024,8,Jakobi Meyers,LVR,KAN,WR,0,0,0,0,0,0,0,0,7,6,52,1,17.2
2024,8,John Shenker,LVR,KAN,TE,0,0,0,0,0,0,0,0,1,1,7,0,1.7
2024,8,Tre Tucker,LVR,KAN,WR,0,0,0,0,0,1,7,0,3,2,26,0,5.3
2024,8,Zamir White,LVR,KAN,RB,0,0,0,0,0,2,-1,0,0,0,0,0,-0.1
2024,8,Alec Ingold,MIA,ARI,RB,0,0,0,0,0,1,3,0,3,3,19,0,5.2
2024,8,De'Von Achane,MIA,ARI,RB,0,0,0,0,0,10,97,0,8,6,50,1,26.7
2024,8,Dee Eskridge,MIA,ARI,WR,0,0,0,0,0,0,0,0,1,1,6,0,1.6
2024,8,Jaylen Waddle,MIA,ARI,WR,0,0,0,0,0,0,0,0,6,4,45,0,8.5
2024,8,Jaylen Wright,MIA,ARI,RB,0,0,0,0,0,2,18,0,0,0,0,0,1.8
2024,8,Jonnu Smith,MIA,ARI,TE,0,0,0,0,0,0,0,0,6,4,20,0,6.0
2024,8,Julian Hill,MIA,ARI,TE,0,0,0,0,0,0,0,0,3,3,11,0,4.1
2024,8,Raheem Mostert,MIA,ARI,RB,0,0,0,0,0,9,19,2,2,1,11,0,16.0
2024,8,Tua Tagovailoa,MIA,ARI,QB,38,28,234,1,0,3,13,0,0,0,0,0,14.66
2024,8,Tyreek Hill,MIA,ARI,WR,0,0,0,0,0,0,0,0,9,6,72,0,13.2
2024,8,Aaron Jones,MIN,LAR,RB,0,0,0,0,0,19,58,0,2,2,37,0,11.5
2024,8,Jalen Nailor,MIN,LAR,WR,0,0,0,0,0,0,0,0,4,2,16,0,3.6
2024,8,Johnny Mundt,MIN,LAR,TE,0,0,0,0,0,0,0,0,2,1,10,0,2.0
2024,8,Jordan Addison,MIN,LAR,WR,0,0,0,0,0,0,0,0,3,2,22,0,4.2
2024,8,Josh Oliver,MIN,LAR,TE,0,0,0,0,0,0,0,0,2,2,30,1,11.0
2024,8,Justin Jefferson,MIN,LAR,WR,0,0,0,0,0,0,0,0,9,8,115,0,19.5
2024,8,Sam Darnold,MIN,LAR,QB,25,18,240,2,0,3,6,0,0,0,0,0,18.2
2024,8,Trent Sherfield,MIN,LAR,WR,0,0,0,0,0,0,0,0,1,1,10,1,8.0
2024,8,Adam Prentice,NOR,LAC,RB,0,0,0,0,0,0,0,0,1,0,0,0,0.0
2024,8,Alvin Kamara,NOR,LAC,RB,0,0,0,0,0,10,67,0,11,6,55,0,18.2
2024,8,Bub Means,NOR,LAC,WR,0,0,0,0,0,0,0,0,1,1,36,0,4.6
2024,8,Chris Olave,NOR,LAC,WR,0,0,0,0,0,0,0,0,14,8,107,0,18.7
2024,8,Foster Moreau,NOR,LAC,TE,0,0,0,0,0,0,0,0,1,0,0,0,0.0
2024,8,Jake Haener,NOR,LAC,QB,17,9,122,0,0,2,10,0,0,0,0,0,5.88
2024,8,Jamaal Williams,NOR,LAC,RB,0,0,0,0,0,2,4,0,0,0,0,0,0.4
2024,8,Juwan Johnson,NOR,LAC,TE,0,0,0,0,0,0,0,0,4,3,48,0,7.8
2024,8,Kendre Miller,NOR,LAC,RB,0,0,0,0,0,3,16,0,0,0,0,0,1.6
2024,8,Mason Tipton,NOR,LAC,WR,0,0,0,0,0,0,0,0,2,2,14,0,3.4
2024,8,Spencer Rattler,NOR,LAC,QB,24,12,156,0,0,0,0,0,0,0,0,0,6.24
2024,8,Taysom Hill,NOR,LAC,TE,1,1,3,0,0,4,20,0,4,2,21,0,6.22
2024,8,Antonio Gibson,NWE,NYJ,RB,0,0,0,0,0,5,7,0,0,0,0,0,0.7
2024,8,Austin Hooper,NWE,NYJ,TE,0,0,0,0,0,0,0,0,4,3,15,0,4.5
2024,8,DeMario Douglas,NWE,NYJ,WR,0,0,0,0,0,0,0,0,3,2,12,0,3.2
2024,8,Drake Maye,NWE,NYJ,QB,6,3,23,0,0,3,46,1,0,0,0,0,11.52
2024,8,Hunter Henry,NWE,NYJ,TE,0,0,0,0,0,0,0,0,6,5,45,0,9.5
2024,8,Jacoby Brissett,NWE,NYJ,QB,24,15,132,0,0,3,11,0,0,0,0,0,8.38
2024,8,K.J. Osborn,NWE,NYJ,WR,0,0,0,0,0,0,0,0,1,0,0,0,0.0
2024,8,Kayshon Boutte,NWE,NYJ,WR,0,0,0,0,0,0,0,0,6,3,46,0,7.6
2024,8,Kendrick Bourne,NWE,NYJ,WR,0,0,0,0,0,0,0,0,3,0,0,0,0.0
2024,8,Rhamondre Stevenson,NWE,NYJ,RB,0,0,0,0,0,20,48,2,3,3,17,0,23.5
2024,8,Tyquan Thornton,NWE,NYJ,WR,0,0,0,0,0,0,0,0,3,2,20,0,4.0
2024,8,Chris Manhertz,NYG,PIT,TE,0,0,0,0,0,0,0,0,1,0,0,0,0.0
2024,8,Daniel Jones,NYG,PIT,QB,38,24,264,0,1,3,1,0,0,0,0,0,6.66
2024,8,Darius Slayton,NYG,PIT,WR,0,0,0,0,0,0,0,0,7,4,108,0,14.8
2024,8,Devin Singletary,NYG,PIT,RB,0,0,0,0,0,2,11,0,3,2,12,0,4.3
2024,8,Eric Gray,NYG,PIT,RB,0,0,0,0,0,0,0,0,1,1,3,0,1.3
2024,8,Malik Nabers,NYG,PIT,WR,0,0,0,0,0,0,0,0,13,7,71,0,14.1
2024,8,Theo Johnson,NYG,PIT,TE,0,0,0,0,0,0,0,0,4,3,35,0,6.5
2024,8,Tyrone Tracy Jr.,NYG,PIT,RB,0,0,0,0,0,20,145,1,3,2,5,0,23.0
2024,8,Wan'Dale Robinson,NYG,PIT,WR,0,0,0,0,0,0,0,0,5,5,30,0,8.0
2024,8,Aaron Rodgers,NYJ,NWE,QB,28,17,233,2,0,0,0,0,0,0,0,0,17.32
2024,8,Braelon Allen,NYJ,NWE,RB,0,0,0,0,0,12,32,1,0,0,0,0,9.2
2024,8,Breece Hall,NYJ,NWE,RB,0,0,0,0,0,16,80,0,3,1,9,0,9.9
2024,8,Davante Adams,NYJ,NWE,WR,0,0,0,0,0,0,0,0,6,4,54,0,9.4
2024,8,Garrett Wilson,NYJ,NWE,WR,0,0,0,0,0,0,0,0,8,5,113,0,16.3
2024,8,Jeremy Ruckert,NYJ,NWE,TE,0,0,0,0,0,0,0,0,3,3,14,0,4.4
2024,8,Tyler Conklin,NYJ,NWE,TE,0,0,0,0,0,0,0,0,4,3,42,1,13.2
2024,8,Xavier Gipson,NYJ,NWE,WR,0,0,0,0,0,0,0,0,1,1,1,1,7.1
2024,8,A.J. Brown,PHI,CIN,WR,0,0,0,0,0,0,0,0,6,5,84,0,13.4
2024,8,DeVonta Smith,PHI,CIN,WR,0,0,0,0,0,0,0,0,7,6,85,1,20.5
2024,8,Grant Calcaterra,PHI,CIN,TE,0,0,0,0,0,0,0,0,3,3,58,0,8.8
2024,8,Jack Stoll,PHI,CIN,TE,0,0,0,0,0,0,0,0,1,1,6,0,1.6
2024,8,Jalen Hurts,PHI,CIN,QB,20,16,236,1,0,10,37,3,0,0,0,0,35.14
2024,8,Kenny Gainwell,PHI,CIN,RB,0,0,0,0,0,5,19,0,1,0,0,0,1.9
2024,8,Saquon Barkley,PHI,CIN,RB,0,0,0,0,0,22,108,0,1,1,3,0,12.1
2024,8,Will Shipley,PHI,CIN,RB,0,0,0,0,0,2,-3,0,0,0,0,0,-0.3
2024,8,Calvin Austin III,PIT,NYG,WR,0,0,0,0,0,0,0,0,4,3,54,1,20.4
2024,8,Darnell Washington,PIT,NYG,TE,0,0,0,0,0,0,0,0,1,1,29,0,3.9
2024,8,George Pickens,PIT,NYG,WR,0,0,0,0,0,0,0,0,5,4,74,0,11.4
2024,8,Jaylen Warren,PIT,NYG,RB,0,0,0,0,0,9,46,0,3,2,13,0,7.9
2024,8,MyCole Pruitt,PIT,NYG,TE,0,0,0,0,0,0,0,0,1,1,10,0,2.0
2024,8,Najee Harris,PIT,NYG,RB,0,0,0,0,0,19,114,0,4,3,17,0,16.1
2024,8,Pat Freiermuth,PIT,NYG,TE,0,0,0,0,0,0,0,0,2,2,19,0,3.9
2024,8,Russell Wilson,PIT,NYG,QB,28,20,278,1,0,3,7,0,0,0,0,0,13.82
2024,8,Scott Miller,PIT,NYG,WR,0,0,0,0,0,0,0,0,2,0,0,0,0.0
2024,8,Van Jefferson,PIT,NYG,WR,0,0,0,0,0,0,0,0,5,4,62,0,10.2
2024,8,AJ Barner,SEA,BUF,TE,0,0,0,0,0,0,0,0,2,2,34,0,5.4
2024,8,Geno Smith,SEA,BUF,QB,29,21,212,0,1,5,16,0,0,0,0,0,8.08
2024,8,Jake Bobo,SEA,BUF,WR,0,0,0,0,0,0,0,0,1,1,15,0,2.5
2024,8,Jaxon Smith-Njigba,SEA,BUF,WR,0,0,0,0,0,0,0,0,7,6,69,0,12.9
2024,8,Kenneth Walker III,SEA,BUF,RB,0,0,0,0,0,9,12,0,5,4,33,0,8.5
2024,8,Laviska Shenault Jr.,SEA,BUF,WR,0,0,0,0,0,0,0,0,1,1,10,0,2.0
2024,8,Noah Fant,SEA,BUF,TE,0,0,0,0,0,0,0,0,4,3,22,0,5.2
2024,8,Tyler Lockett,SEA,BUF,WR,0,0,0,0,0,0,0,0,3,1,9,0,1.9
2024,8,Zach Charbonnet,SEA,BUF,RB,0,0,0,0,0,3,4,1,4,3,20,0,11.4
2024,8,Brock Purdy,SFO,DAL,QB,26,18,260,1,0,8,56,1,0,0,0,0,26.0
2024,8,Chris Conley,SFO,DAL,WR,0,0,0,0,0,0,0,0,1,0,0,0,0.0
2024,8,Deebo Samuel Sr.,SFO,DAL,WR,0,0,0,0,0,4,15,0,7,4,71,0,12.6
2024,8,George Kittle,SFO,DAL,TE,0,0,0,0,0,0,0,0,7,6,128,1,24.8
2024,8,Isaac Guerendo,SFO,DAL,RB,0,0,0,0,0,14,85,1,4,3,17,0,19.2
2024,8,Jordan Mason,SFO,DAL,RB,0,0,0,0,0,6,18,0,0,0,0,0,1.8
2024,8,Kyle Juszczyk,SFO,DAL,RB,0,0,0,0,0,1,1,0,1,1,6,0,1.7
2024,8,Patrick Taylor,SFO,DAL,RB,0,0,0,0,0,2,9,0,0,0,0,0,0.9
2024,8,Ricky Pearsall,SFO,DAL,WR,0,0,0,0,0,1,39,0,4,4,38,0,11.7
2024,8,Ronnie Bell,SFO,DAL,WR,0,0,0,0,0,0,0,0,1,0,0,0,0.0
2024,8,Baker Mayfield,TAM,ATL,QB,50,37,330,3,2,3,11,0,0,0,0,0,22.3
2024,8,Bucky Irving,TAM,ATL,RB,0,0,0,0,0,9,44,0,7,7,40,0,15.4
2024,8,Cade Otton,TAM,ATL,TE,0,0,0,0,0,0,0,0,10,9,81,2,29.1
2024,8,Jalen McMillan,TAM,ATL,WR,0,0,0,0,0,1,17,0,7,4,35,0,9.2
2024,8,Rachaad White,TAM,ATL,RB,0,0,0,0,0,6,29,0,6,5,38,1,15.7
2024,8,Rakim Jarrett,TAM,ATL,WR,0,0,0,0,0,0,0,0,3,3,58,0,8.8
2024,8,Ryan Miller,TAM,ATL,WR,0,0,0,0,0,0,0,0,5,3,19,0,4.9
2024,8,Sean Tucker,TAM,ATL,RB,0,0,0,0,0,2,3,0,1,1,12,0,2.5
2024,8,Sterling Shepard,TAM,ATL,WR,0,0,0,0,0,0,0,0,5,3,18,0,4.8
2024,8,Trey Palmer,TAM,ATL,WR,0,0,0,0,0,0,0,0,2,2,29,0,4.9
2024,8,Calvin Ridley,TEN,DET,WR,0,0,0,0,0,1,3,0,15,10,143,0,22.6
2024,8,Chig Okonkwo,TEN,DET,TE,0,0,0,0,0,0,0,0,5,2,14,0,1.4
2024,8,Jha'Quan Jackson,TEN,DET,WR,0,0,0,0,0,0,0,0,1,0,0,0,0.0
2024,8,Josh Whyle,TEN,DET,TE,0,0,0,0,0,0,0,0,2,2,33,0,5.3
2024,8,Julius Chestnut,TEN,DET,RB,0,0,0,0,0,7,32,0,0,0,0,0,3.2
2024,8,Mason Rudolph,TEN,DET,QB,38,22,266,1,2,4,29,1,0,0,0,0,19.54
2024,8,Nick Vannett,TEN,DET,TE,0,0,0,0,0,0,0,0,1,0,0,0,0.0
2024,8,Nick Westbrook-Ikhine,TEN,DET,WR,0,0,0,0,0,0,0,0,4,2,39,1,11.9
2024,8,Tony Pollard,TEN,DET,RB,0,0,0,0,0,20,94,0,4,3,23,0,14.7
2024,8,Tyler Boyd,TEN,DET,WR,0,0,0,0,0,0,0,0,6,3,14,0,4.4
2024,8,Austin Ekeler,WAS,CHI,RB,0,0,0,0,0,7,52,0,3,2,6,0,7.8
2024,8,Brian Robinson,WAS,CHI,RB,0,0,0,0,0,16,65,0,1,1,11,0,8.6
2024,8,Dyami Brown,WAS,CHI,WR,0,0,0,0,0,0,0,0,1,1,6,0,1.6
2024,8,Jayden Daniels,WAS,CHI,QB,38,21,326,1,0,8,52,0,0,0,0,0,22.24
2024,8,Jeremy McNichols,WAS,CHI,RB,0,0,0,0,0,1,-1,0,0,0,0,0,-0.1
2024,8,John Bates,WAS,CHI,TE,0,0,0,0,0,0,0,0,2,1,20,0,3.0
2024,8,Luke McCaffrey,WAS,CHI,WR,0,0,0,0,0,0,0,0,2,1,8,0,1.8
2024,8,Noah Brown,WAS,CHI,WR,0,0,0,0,0,0,0,0,6,3,73,1,16.3
2024,8,Terry McLaurin,WAS,CHI,WR,0,0,0,0,0,0,0,0,8,5,125,0,17.5
2024,8,Zach Ertz,WAS,CHI,TE,0,0,0,0,0,0,0,0,11,7,77,0,14.7
2024,9,DeeJay Dallas,ARI,CHI,RB,0,0,0,0,0,1,2,0,0,0,0,0,0.2
2024,9,Elijah Higgins,ARI,CHI,TE,0,0,0,0,0,0,0,0,2,2,34,0,5.4
2024,9,Emari Demercado,ARI,CHI,RB,0,0,0,0,0,4,59,1,2,2,21,0,16.0
2024,9,Greg Dortch,ARI,CHI,WR,0,0,0,0,0,0,0,0,1,0,0,0,0.0
2024,9,James Conner,ARI,CHI,RB,0,0,0,0,0,18,107,0,3,3,12,0,14.9
2024,9,Kyler Murray,ARI,CHI,QB,20,13,154,0,0,2,6,0,0,0,0,0,4.76
2024,9,Marvin Harrison Jr.,ARI,CHI,WR,0,0,0,0,0,0,0,0,5,2,34,0,3.4
2024,9,Michael Wilson,ARI,CHI,WR,0,0,0,0,0,0,0,0,1,0,0,0,0.0
2024,9,Trey Benson,ARI,CHI,RB,0,0,0,0,0,8,37,1,1,1,18,0,12.5
2024,9,Trey McBride,ARI,CHI,TE,0,0,0,0,0,1,2,1,4,3,35,0,12.7
2024,9,Bijan Robinson,ATL,DAL,RB,0,0,0,0,0,19,86,0,7,7,59,0,21.5
2024,9,Darnell Mooney,ATL,DAL,WR,0,0,0,0,0,0,0,0,9,5,88,1,19.8
2024,9,Drake London,ATL,DAL,WR,0,0,0,0,0,0,0,0,2,2,27,1,10.7
2024,9,KhaDarel Hodge,ATL,DAL,WR,0,0,0,0,0,0,0,0,2,1,9,0,1.9
2024,9,Kirk Cousins,ATL,DAL,QB,24,19,222,3,0,4,-11,0,0,0,0,0,17.78
2024,9,Kyle Pitts,ATL,DAL,TE,0,0,0,0,0,0,0,0,1,1,11,0,2.1
2024,9,Ray-Ray McCloud,ATL,DAL,WR,0,0,0,0,0,1,7,0,3,3,28,1,12.5
2024,9,Tyler Allgeier,ATL,DAL,RB,0,0,0,0,0,6,18,1,0,0,0,0,7.8
2024,9,Derrick Henry,BAL,DEN,RB,0,0,0,0,0,23,106,2,1,1,27,0,26.3
2024,9,Isaiah Likely,BAL,DEN,TE,0,0,0,0,0,0,0,0,1,0,0,0,0.0
2024,9,Josh Johnson,BAL,DEN,QB,0,0,0,0,0,3,2,0,0,0,0,0,0.2
2024,9,Justice Hill,BAL,DEN,RB,0,0,0,0,0,5,15,0,3,3,43,0,8.8
2024,9,Lamar Jackson,BAL,DEN,QB,19,16,280,3,0,3,4,0,0,0,0,0,23.6
2024,9,Mark Andrews,BAL,DEN,TE,0,0,0,0,0,0,0,0,2,2,26,0,4.6
2024,9,Nelson Agholor,BAL,DEN,WR,0,0,0,0,0,0,0,0,1,1,29,0,3.9
2024,9,Patrick Ricard,BAL,DEN,RB,0,0,0,0,0,0,0,0,1,1,3,1,7.3
2024,9,Rashod Bateman,BAL,DEN,WR,0,0,0,0,0,0,0,0,4,3,25,0,5.5
2024,9,Zay Flowers,BAL,DEN,WR,0,0,0,0,0,0,0,0,6,5,127,2,29.7
2024,9,Curtis Samuel,BUF,MIA,WR,0,0,0,0,0,0,0,0,1,0,0,0,0.0
2024,9,Dalton Kincaid,BUF,MIA,TE,0,0,0,0,0,0,0,0,10,4,32,0,7.2
2024,9,Dawson Knox,BUF,MIA,TE,0,0,0,0,0,0,0,0,2,1,5,0,1.5
2024,9,James Cook,BUF,MIA,RB,0,0,0,0,0,10,44,0,6,5,25,0,11.9
2024,9,Josh Allen,BUF,MIA,QB,39,25,235,3,1,2,7,0,0,0,0,0,22.1
2024,9,Keon Coleman,BUF,MIA,WR,0,0,0,0,0,0,0,0,2,1,21,0,5.1
2024,9,Khalil Shakir,BUF,MIA,WR,0,0,0,0,0,0,0,0,7,6,50,0,11.0
2024,9,Mack Hollins,BUF,MIA,WR,0,0,0,0,0,0,0,0,5,5,30,1,14.0
2024,9,Quintin Morris,BUF,MIA,TE,0,0,0,0,0,0,0,0,1,1,2,1,7.2
2024,9,Ray Davis,BUF,MIA,RB,0,0,0,0,0,4,20,0,2,2,70,1,17.0
2024,9,Ty Johnson,BUF,MIA,RB,0,0,0,0,0,3,23,0,0,0,0,0,2.3
2024,9,Bryce Young,CAR,NOR,QB,26,16,171,1,1,4,9,0,0,0,0,0,9.74
2024,9,Chuba Hubbard,CAR,NOR,RB,0,0,0,0,0,15,72,2,3,2,0,0,21.2
2024,9,David Moore,CAR,NOR,WR,0,0,0,0,0,0,0,0,4,2,20,0,4.0
2024,9,Deven Thompkins,CAR,NOR,WR,0,0,0,0,0,1,-2,0,0,0,0,0,-0.2
2024,9,Ja'Tavion Sanders,CAR,NOR,TE,0,0,0,0,0,0,0,0,5,4,87,0,12.7
2024,9,Jalen Coker,CAR,NOR,WR,0,0,0,0,0,0,0,0,3,2,36,0,5.6
2024,9,Jonathan Mingo,CAR,NOR,WR,0,0,0,0,0,0,0,0,1,0,0,0,0.0
2024,9,Miles Sanders,CAR,NOR,RB,0,0,0,0,0,2,-5,0,2,2,-5,0,1.0
2024,9,Xavier Legette,CAR,NOR,WR,0,0,0,0,0,1,6,0,6,4,33,1,13.9
2024,9,Caleb Williams,CHI,ARI,QB,41,22,217,0,0,4,5,0,0,0,0,0,9.18
2024,9,D'Andre Swift,CHI,ARI,RB,0,0,0,0,0,16,51,0,6,6,31,0,14.2
2024,9,DJ Moore,CHI,ARI,WR,0,0,0,0,0,0,0,0,9,4,33,0,7.3
2024,9,Gerald Everett,CHI,ARI,TE,0,0,0,0,0,0,0,0,1,1,5,0,1.5
2024,9,Keenan Allen,CHI,ARI,WR,0,0,0,0,0,0,0,0,10,4,36,0,7.6
2024,9,Rome Odunze,CHI,ARI,WR,0,0,0,0,0,0,0,0,7,5,104,0,15.4
2024,9,Roschon Johnson,CHI,ARI,RB,0,0,0,0,0,3,13,0,3,2,8,0,4.1
2024,9,Andrei Iosivas,CIN,LVR,WR,0,0,0,0,0,0,0,0,4,1,10,1,8.0
2024,9,Chase Brown,CIN,LVR,RB,0,0,0,0,0,27,120,0,5,5,37,1,26.7
2024,9,Drew Sample,CIN,LVR,TE,0,0,0,0,0,0,0,0,4,4,14,1,11.4
2024,9,Erick All,CIN,LVR,TE,0,0,0,0,0,0,0,0,2,2,24,0,4.4
2024,9,Ja'Marr Chase,CIN,LVR,WR,0,0,0,0,0,0,0,0,11,7,43,0,11.3
2024,9,Jake Browning,CIN,LVR,QB,0,0,0,0,0,1,-1,0,0,0,0,0,-0.1
2024,9,Joe Burrow,CIN,LVR,QB,39,27,251,5,1,3,11,0,0,0,0,0,29.14
2024,9,Kendric Pryor,CIN,LVR,WR,0,0,0,0,0,0,0,0,1,1,9,0,1.9
2024,9,Mike Gesicki,CIN,LVR,TE,0,0,0,0,0,0,0,0,6,5,100,2,27.0
2024,9,Tanner Hudson,CIN,LVR,TE,0,0,0,0,0,0,0,0,3,2,14,0,3.4
2024,9,Trenton Irwin,CIN,LVR,WR,0,0,0,0,0,0,0,0,1,0,0,0,0.0
2024,9,Cedric Tillman,CLE,LAC,WR,0,0,0,0,0,0,0,0,11,6,75,1,19.5
2024,9,David Njoku,CLE,LAC,TE,0,0,0,0,0,0,0,0,7,5,29,0,7.9
2024,9,Elijah Moore,CLE,LAC,WR,0,0,0,0,0,0,0,0,9,3,28,0,5.8
2024,9,Jameis Winston,CLE,LAC,QB,46,26,235,1,3,5,27,0,0,0,0,0,10.1
2024,9,Jerome Ford,CLE,LAC,RB,0,0,0,0,0,2,5,0,3,1,2,0,1.7
2024,9,Jerry Jeudy,CLE,LAC,WR,0,0,0,0,0,0,0,0,11,7,73,0,14.3
2024,9,Jordan Akins,CLE,LAC,TE,0,0,0,0,0,0,0,0,4,3,32,0,6.2
2024,9,Nick Chubb,CLE,LAC,RB,0,0,0,0,0,15,39,0,1,1,-4,0,4.5
2024,9,Pierre Strong,CLE,LAC,RB,0,0,0,0,0,2,8,0,0,0,0,0,0.8
2024,9,CeeDee Lamb,DAL,ATL,WR,0,0,0,0,0,2,15,0,12,8,47,0,16.2
2024,9,Cooper Rush,DAL,ATL,QB,25,13,115,1,0,1,4,0,0,0,0,0,11.0
2024,9,Dak Prescott,DAL,ATL,QB,24,18,133,1,0,3,30,0,0,0,0,0,12.32
2024,9,Dalvin Cook,DAL,ATL,RB,0,0,0,0,0,2,8,0,0,0,0,0,0.8
2024,9,Hunter Luepke,DAL,ATL,RB,0,0,0,0,0,1,5,0,2,2,4,0,2.9
2024,9,Jake Ferguson,DAL,ATL,TE,0,0,0,0,0,0,0,0,10,7,71,0,14.1
2024,9,Jalen Brooks,DAL,ATL,WR,0,0,0,0,0,0,0,0,5,2,26,0,4.6
2024,9,Jalen Tolbert,DAL,ATL,WR,0,0,0,0,0,0,0,0,6,3,19,1,10.9
2024,9,KaVontae Turpin,DAL,ATL,WR,0,0,0,0,0,0,0,0,4,3,36,0,6.6
2024,9,Rico Dowdle,DAL,ATL,RB,0,0,0,0,0,12,75,0,6,5,32,1,21.7
2024,9,Ryan Flournoy,DAL,ATL,WR,0,0,0,0,0,0,0,0,2,1,13,0,2.3
2024,9,Adam Trautman,DEN,BAL,TE,0,0,0,0,0,0,0,0,1,1,4,0,1.4
2024,9,Audric Estimé,DEN,BAL,RB,0,0,0,0,0,5,35,0,0,0,0,0,3.5
2024,9,Bo Nix,DEN,BAL,QB,33,19,223,0,1,6,36,0,1,1,2,1,17.72
2024,9,Courtland Sutton,DEN,BAL,WR,1,1,2,1,0,0,0,0,10,7,122,0,23.28
2024,9,Devaughn Vele,DEN,BAL,WR,0,0,0,0,0,0,0,0,3,2,11,0,3.1
2024,9,Jaleel McLaughlin,DEN,BAL,RB,0,0,0,0,0,5,10,0,3,3,10,0,5.0
2024,9,Javonte Williams,DEN,BAL,RB,0,0,0,0,0,12,42,0,3,2,42,0,10.4
2024,9,Lil'Jordan Humphrey,DEN,BAL,WR,0,0,0,0,0,0,0,0,5,2,11,0,3.1
2024,9,Lucas Krull,DEN,BAL,TE,0,0,0,0,0,0,0,0,1,0,0,0,0.0
2024,9,Marvin Mims Jr.,DEN,BAL,WR,0,0,0,0,0,0,0,0,2,1,4,0,1.4
2024,9,Michael Burton,DEN,BAL,RB,0,0,0,0,0,2,-1,0,0,0,0,0,-0.1
2024,9,Troy Franklin,DEN,BAL,WR,0,0,0,0,0,0,0,0,4,1,19,0,2.9
2024,9,Allen Robinson,DET,GNB,WR,0,0,0,0,0,0,0,0,1,1,2,0,1.2
2024,9,Amon-Ra St. Brown,DET,GNB,WR,0,0,0,0,0,0,0,0,7,7,56,1,18.6
2024,9,Brock Wright,DET,GNB,TE,0,0,0,0,0,0,0,0,1,1,1,0,1.1
2024,9,David Montgomery,DET,GNB,RB,0,0,0,0,0,17,73,0,3,3,23,0,12.6
2024,9,Jahmyr Gibbs,DET,GNB,RB,0,0,0,0,0,11,65,1,2,1,11,0,14.6
2024,9,Jared Goff,DET,GNB,QB,22,18,145,1,0,3,-2,0,0,0,0,0,9.6
2024,9,Kalif Raymond,DET,GNB,WR,0,0,0,0,0,1,-12,0,1,1,12,0,1.0
2024,9,Sam LaPorta,DET,GNB,TE,0,0,0,0,0,0,0,0,3,2,28,0,4.8
2024,9,Tim Patrick,DET,GNB,WR,0,0,0,0,0,0,0,0,2,2,12,0,3.2
2024,9,Bo Melton,GNB,DET,WR,0,0,0,0,0,0,0,0,2,1,19,0,2.9
2024,9,Chris Brooks,GNB,DET,RB,0,0,0,0,0,2,13,0,4,3,28,0,7.1
2024,9,Christian Watson,GNB,DET,WR,0,0,0,0,0,0,0,0,7,3,37,0,8.7
2024,9,Dontayvion Wicks,GNB,DET,WR,0,0,0,0,0,0,0,0,3,0,0,0,0.0
2024,9,Emanuel Wilson,GNB,DET,RB,0,0,0,0,0,4,28,1,1,1,1,0,9.9
2024,9,Jayden Reed,GNB,DET,WR,0,0,0,0,0,0,0,0,6,5,113,0,16.3
2024,9,Jordan Love,GNB,DET,QB,39,23,273,0,1,3,0,0,0,0,0,0,10.92
2024,9,Josh Jacobs,GNB,DET,RB,0,0,0,0,0,13,95,0,3,2,13,0,12.8
2024,9,Romeo Doubs,GNB,DET,WR,0,0,0,0,0,0,0,0,5,4,28,0,6.8
2024,9,Tucker Kraft,GNB,DET,TE,0,0,0,0,0,1,2,0,6,4,34,0,7.6
2024,9,C.J. Stroud,HOU,NYJ,QB,30,11,191,0,0,8,59,0,1,0,0,0,11.54
2024,9,Cade Stover,HOU,NYJ,TE,0,0,0,0,0,0,0,0,2,0,0,0,0.0
2024,9,Dalton Schultz,HOU,NYJ,TE,0,0,0,0,0,0,0,0,6,3,21,0,5.1
2024,9,Dare Ogunbowale,HOU,NYJ,RB,0,0,0,0,0,1,-1,0,3,0,0,0,-0.1
2024,9,J.J. Taylor,HOU,NYJ,RB,0,0,0,0,0,3,23,0,0,0,0,0,2.3
2024,9,Joe Mixon,HOU,NYJ,RB,1,0,0,0,0,24,106,1,0,0,0,0,16.6
2024,9,John Metchie III,HOU,NYJ,WR,0,0,0,0,0,0,0,0,2,0,0,0,0.0
2024,9,Robert Woods,HOU,NYJ,WR,0,0,0,0,0,0,0,0,3,2,44,0,6.4
2024,9,Tank Dell,HOU,NYJ,WR,0,0,0,0,0,0,0,0,9,6,126,0,18.6
2024,9,Xavier Hutchinson,HOU,NYJ,WR,0,0,0,0,0,0,0,0,3,0,0,0,0.0
2024,9,Adonai Mitchell,IND,MIN,WR,0,0,0,0,0,0,0,0,1,1,22,0,3.2
2024,9,Alec Pierce,IND,MIN,WR,0,0,0,0,0,0,0,0,3,3,41,0,7.1
2024,9,Ashton Dulin,IND,MIN,WR,0,0,0,0,0,2,17,0,2,0,0,0,1.7
2024,9,Joe Flacco,IND,MIN,QB,27,16,179,0,1,2,-1,0,0,0,0,0,3.06
2024,9,Jonathan Taylor,IND,MIN,RB,0,0,0,0,0,13,48,0,5,3,11,0,8.9
2024,9,Josh Downs,IND,MIN,WR,0,0,0,0,0,0,0,0,9,6,60,0,12.0
2024,9,Kylen Granson,IND,MIN,TE,0,0,0,0,0,0,0,0,1,1,22,0,3.2
2024,9,Michael Pittman,IND,MIN,WR,0,0,0,0,0,0,0,0,4,1,14,0,2.4
2024,9,Trey Sermon,IND,MIN,RB,0,0,0,0,0,2,4,0,2,1,9,0,2.3
2024,9,Austin Trammell,JAX,PHI,WR,0,0,0,0,0,0,0,0,3,2,40,0,6.0
2024,9,Brian Thomas Jr.,JAX,PHI,WR,0,0,0,0,0,0,0,0,4,2,22,0,6.2
2024,9,D'Ernest Johnson,JAX,PHI,RB,0,0,0,0,0,2,6,0,1,0,0,0,0.6
2024,9,Evan Engram,JAX,PHI,TE,0,0,0,0,0,0,0,0,10,5,45,0,11.5
2024,9,Luke Farrell,JAX,PHI,TE,0,0,0,0,0,0,0,0,1,1,5,0,1.5
2024,9,Parker Washington,JAX,PHI,WR,0,0,0,0,0,0,0,0,6,3,41,0,7.1
2024,9,Tank Bigsby,JAX,PHI,RB,0,0,0,0,0,8,22,0,0,0,0,0,2.2
2024,9,Tim Jones,JAX,PHI,WR,0,0,0,0,0,0,0,0,2,1,10,0,2.0
2024,9,Travis Etienne,JAX,PHI,RB,0,0,0,0,0,3,24,0,3,2,6,0,5.0
2024,9,Trevor Lawrence,JAX,PHI,QB,31,16,169,0,2,5,8,2,0,0,0,0,19.56
2024,9,Carson Steele,KAN,TAM,RB,0,0,0,0,0,3,9,0,0,0,0,0,0.9
2024,9,DeAndre Hopkins,KAN,TAM,WR,0,0,0,0,0,0,0,0,9,8,86,2,28.6
2024,9,Justin Watson,KAN,TAM,WR,0,0,0,0,0,0,0,0,4,3,43,0,7.3
2024,9,Kareem Hunt,KAN,TAM,RB,0,0,0,0,0,27,106,1,1,1,11,0,18.7
2024,9,Mecole Hardman,KAN,TAM,WR,0,0,0,0,0,0,0,0,3,3,17,0,4.7
2024,9,Noah Gray,KAN,TAM,TE,0,0,0,0,0,0,0,0,1,0,0,0,0.0
2024,9,Patrick Mahomes,KAN,TAM,QB,44,34,291,3,0,2,9,0,0,0,0,0,24.54
2024,9,Peyton Hendershot,KAN,TAM,TE,0,0,0,0,0,0,0,0,1,1,9,0,1.9
2024,9,Samaje Perine,KAN,TAM,RB,0,0,0,0,0,1,10,0,5,4,25,1,13.5
2024,9,Travis Kelce,KAN,TAM,TE,0,0,0,0,0,0,0,0,16,14,100,0,22.0
2024,9,Xavier Worthy,KAN,TAM,WR,0,0,0,0,0,2,-10,0,2,0,0,0,-1.0
2024,9,Eric Tomlinson,LAC,CLE,TE,0,0,0,0,0,0,0,0,1,1,2,0,1.2
2024,9,Hayden Hurst,LAC,CLE,TE,0,0,0,0,0,0,0,0,1,1,6,0,1.6
2024,9,J.K. Dobbins,LAC,CLE,RB,0,0,0,0,0,14,85,2,2,2,20,0,24.5
2024,9,Jalen Reagor,LAC,CLE,WR,0,0,0,0,0,0,0,0,2,1,0,0,1.0
2024,9,Josh Palmer,LAC,CLE,WR,0,0,0,0,0,0,0,0,4,2,63,1,14.3
2024,9,Justin Herbert,LAC,CLE,QB,27,18,282,2,0,3,2,0,0,0,0,0,19.48
2024,9,Kimani Vidal,LAC,CLE,RB,0,0,0,0,0,5,7,0,0,0,0,0,0.7
2024,9,Ladd McConkey,LAC,CLE,WR,0,0,0,0,0,0,0,0,7,5,64,0,11.4
2024,9,Quentin Johnston,LAC,CLE,WR,0,0,0,0,0,1,2,0,5,4,118,1,22.0
2024,9,Simi Fehoko,LAC,CLE,WR,0,0,0,0,0,0,0,0,1,0,0,0,0.0
2024,9,Will Dissly,LAC,CLE,TE,0,0,0,0,0,0,0,0,3,2,9,0,2.9
2024,9,Blake Corum,LAR,SEA,RB,0,0,0,0,0,1,-1,0,0,0,0,0,-0.1
2024,9,Cooper Kupp,LAR,SEA,WR,0,0,0,0,0,0,0,0,14,11,104,0,21.4
2024,9,Davis Allen,LAR,SEA,TE,0,0,0,0,0,0,0,0,3,1,5,0,1.5
2024,9,Demarcus Robinson,LAR,SEA,WR,0,0,0,0,0,0,0,0,9,6,94,2,27.4
2024,9,Hunter Long,LAR,SEA,TE,0,0,0,0,0,0,0,0,1,1,4,0,1.4
2024,9,Kyren Williams,LAR,SEA,RB,0,0,0,0,0,22,69,0,3,1,26,0,10.5
2024,9,Matthew Stafford,LAR,SEA,QB,44,25,298,2,1,1,0,0,0,0,0,0,17.92
2024,9,Puka Nacua,LAR,SEA,WR,0,0,0,0,0,0,0,0,4,1,11,0,2.1
2024,9,Tutu Atwell,LAR,SEA,WR,0,0,0,0,0,0,0,0,3,1,16,0,2.6
2024,9,Tyler Johnson,LAR,SEA,WR,0,0,0,0,0,0,0,0,5,3,38,0,6.8
2024,9,Alexander Mattison,LVR,CIN,RB,0,0,0,0,0,9,36,0,0,0,0,0,3.6
2024,9,Ameer Abdullah,LVR,CIN,RB,0,0,0,0,0,4,12,0,3,3,14,0,5.6
2024,9,Brock Bowers,LVR,CIN,TE,0,0,0,0,0,0,0,0,8,5,45,1,15.5
2024,9,Desmond Ridder,LVR,CIN,QB,16,11,74,1,0,1,2,0,0,0,0,0,5.16
2024,9,Gardner Minshew,LVR,CIN,QB,17,10,124,0,0,1,0,0,0,0,0,0,2.96
2024,9,Harrison Bryant,LVR,CIN,TE,0,0,0,0,0,0,0,0,2,2,22,0,4.2
2024,9,Jakobi Meyers,LVR,CIN,WR,0,0,0,0,0,0,0,0,11,8,105,0,18.5
2024,9,Ramel Keyton,LVR,CIN,WR,0,0,0,0,0,0,0,0,2,1,7,0,1.7
2024,9,Tre Tucker,LVR,CIN,WR,0,0,0,0,0,0,0,0,6,2,5,0,2.5
2024,9,Zamir White,LVR,CIN,RB,0,0,0,0,0,6,10,1,0,0,0,0,7.0
2024,9,De'Von Achane,MIA,BUF,RB,0,0,0,0,0,12,63,1,8,8,58,1,32.1
2024,9,Durham Smythe,MIA,BUF,TE,0,0,0,0,0,0,0,0,1,1,4,0,1.4
2024,9,Jaylen Waddle,MIA,BUF,WR,0,0,0,0,0,0,0,0,2,2,-4,1,7.6
2024,9,Jaylen Wright,MIA,BUF,RB,0,0,0,0,0,6,18,0,0,0,0,0,1.8
2024,9,Jonnu Smith,MIA,BUF,TE,0,0,0,0,0,0,0,0,6,5,46,0,9.6
2024,9,Malik Washington,MIA,BUF,WR,0,0,0,0,0,1,9,0,0,0,0,0,0.9
2024,9,Odell Beckham Jr.,MIA,BUF,WR,0,0,0,0,0,0,0,0,3,3,15,0,4.5
2024,9,Raheem Mostert,MIA,BUF,RB,0,0,0,0,0,10,56,0,2,2,32,0,8.8
2024,9,Tua Tagovailoa,MIA,BUF,QB,28,25,231,2,0,2,3,0,0,0,0,0,17.54
2024,9,Tyreek Hill,MIA,BUF,WR,0,0,0,0,0,0,0,0,5,4,80,0,12.0
2024,9,Aaron Jones,MIN,IND,RB,0,0,0,0,0,21,64,0,4,4,18,0,12.2
2024,9,Brandon Powell,MIN,IND,WR,0,0,0,0,0,0,0,0,1,1,9,0,1.9
2024,9,Cam Akers,MIN,IND,RB,0,0,0,0,0,6,46,0,2,2,7,0,7.3
2024,9,Jalen Nailor,MIN,IND,WR,0,0,0,0,0,0,0,0,1,1,7,1,7.7
2024,9,Johnny Mundt,MIN,IND,TE,0,0,0,0,0,0,0,0,1,0,0,0,0.0
2024,9,Jordan Addison,MIN,IND,WR,0,0,0,0,0,1,9,0,5,5,42,1,16.1
2024,9,Josh Oliver,MIN,IND,TE,0,0,0,0,0,0,0,0,5,5,58,1,16.8
2024,9,Justin Jefferson,MIN,IND,WR,1,1,22,0,0,0,0,0,9,7,137,0,21.58
2024,9,Sam Darnold,MIN,IND,QB,34,28,290,3,2,4,14,0,0,0,0,0,19.0
2024,9,T.J. Hockenson,MIN,IND,TE,0,0,0,0,0,0,0,0,4,3,27,0,5.7
2024,9,Trent Sherfield,MIN,IND,WR,0,0,0,0,0,0,0,0,1,1,7,0,1.7
2024,9,Adam Prentice,NOR,CAR,RB,0,0,0,0,0,0,0,0,1,0,0,0,0.0
2024,9,Alvin Kamara,NOR,CAR,RB,0,0,0,0,0,29,155,0,9,6,60,0,27.5
2024,9,Cedrick Wilson Jr.,NOR,CAR,WR,0,0,0,0,0,0,0,0,3,2,34,0,5.4
2024,9,Chris Olave,NOR,CAR,WR,0,0,0,0,0,0,0,0,1,1,13,0,2.3
2024,9,Derek Carr,NOR,CAR,QB,31,18,236,1,0,0,0,0,0,0,0,0,13.44
2024,9,Foster Moreau,NOR,CAR,TE,0,0,0,0,0,0,0,0,2,1,17,1,8.7
2024,9,Jermaine Jackson,NOR,CAR,WR,0,0,0,0,0,1,-1,0,0,0,0,0,-0.1
2024,9,Jordan Mims,NOR,CAR,RB,0,0,0,0,0,5,13,0,1,1,25,0,4.8
2024,9,Juwan Johnson,NOR,CAR,TE,0,0,0,0,0,0,0,0,2,2,41,0,6.1
2024,9,Marquez Valdes-Scantling,NOR,CAR,WR,0,0,0,0,0,0,0,0,1,1,5,0,1.5
2024,9,Mason Tipton,NOR,CAR,WR,0,0,0,0,0,0,0,0,3,0,0,0,0.0
2024,9,Taysom Hill,NOR,CAR,TE,1,0,0,0,0,5,19,1,5,4,41,0,16.0
2024,9,Antonio Gibson,NWE,TEN,RB,0,0,0,0,0,1,-1,0,1,1,12,0,2.1
2024,9,Austin Hooper,NWE,TEN,TE,0,0,0,0,0,0,0,0,1,1,8,0,1.8
2024,9,DeMario Douglas,NWE,TEN,WR,0,0,0,0,0,0,0,0,9,7,35,0,10.5
2024,9,Drake Maye,NWE,TEN,QB,41,29,206,1,2,8,95,0,0,0,0,0,15.74
2024,9,Hunter Henry,NWE,TEN,TE,0,0,0,0,0,0,0,0,8,7,56,0,12.6
2024,9,Ja'Lynn Polk,NWE,TEN,WR,0,0,0,0,0,0,0,0,1,0,0,0,0.0
2024,9,JaMycal Hasty,NWE,TEN,RB,0,0,0,0,0,1,0,0,1,1,-3,0,0.7
2024,9,Jaheim Bell,NWE,TEN,TE,0,0,0,0,0,0,0,0,1,1,1,0,1.1
2024,9,Kayshon Boutte,NWE,TEN,WR,0,0,0,0,0,0,0,0,6,2,18,0,3.8
2024,9,Kendrick Bourne,NWE,TEN,WR,0,0,0,0,0,0,0,0,6,4,41,0,8.1
2024,9,Rhamondre Stevenson,NWE,TEN,RB,0,0,0,0,0,10,16,1,5,5,38,1,22.4
2024,9,Chris Manhertz,NYG,WAS,TE,0,0,0,0,0,0,0,0,1,1,2,1,7.2
2024,9,Daniel Jones,NYG,WAS,QB,26,20,174,2,0,7,54,1,0,0,0,0,24.36
2024,9,Darius Slayton,NYG,WAS,WR,0,0,0,0,0,1,11,0,3,3,49,0,9.0
2024,9,Devin Singletary,NYG,WAS,RB,0,0,0,0,0,7,33,0,0,0,0,0,3.3
2024,9,Malik Nabers,NYG,WAS,WR,0,0,0,0,0,0,0,0,11,9,59,0,14.9
2024,9,Theo Johnson,NYG,WAS,TE,0,0,0,0,0,0,0,0,6,3,51,1,14.1
2024,9,Tyrone Tracy Jr.,NYG,WAS,RB,0,0,0,0,0,16,66,0,1,1,3,0,7.9
2024,9,Wan'Dale Robinson,NYG,WAS,WR,0,0,0,0,0,0,0,0,4,3,10,0,4.0
2024,9,Aaron Rodgers,NYJ,HOU,QB,32,22,211,3,0,1,-1,0,0,0,0,0,20.34
2024,9,Braelon Allen,NYJ,HOU,RB,0,0,0,0,0,4,9,0,1,0,0,0,0.9
2024,9,Breece Hall,NYJ,HOU,RB,0,0,0,0,0,15,74,0,4,2,11,0,10.5
2024,9,Davante Adams,NYJ,HOU,WR,0,0,0,0,0,0,0,0,11,7,91,1,22.1
2024,9,Garrett Wilson,NYJ,HOU,WR,0,0,0,0,0,0,0,0,10,9,90,2,30.0
2024,9,Jeremy Ruckert,NYJ,HOU,TE,0,0,0,0,0,0,0,0,1,1,4,0,1.4
2024,9,Kenny Yeboah,NYJ,HOU,TE,0,0,0,0,0,0,0,0,1,1,12,0,2.2
2024,9,Malachi Corley,NYJ,HOU,WR,0,0,0,0,0,1,18,0,0,0,0,0,-0.2
2024,9,Mike Williams,NYJ,HOU,WR,0,0,0,0,0,0,0,0,2,1,6,0,1.6
2024,9,Tyler Conklin,NYJ,HOU,TE,0,0,0,0,0,0,0,0,2,1,-3,0,0.7
2024,9,A.J. Brown,PHI,JAX,WR,0,0,0,0,0,0,0,0,4,2,36,0,5.6
2024,9,Ainias Smith,PHI,JAX,WR,0,0,0,0,0,1,2,0,1,1,0,0,1.2
2024,9,Ben VanSumeren,PHI,JAX,RB,0,0,0,0,0,0,0,0,1,1,0,0,1.0
2024,9,DeVonta Smith,PHI,JAX,WR,0,0,0,0,0,0,0,0,6,4,87,1,18.7
2024,9,Grant Calcaterra,PHI,JAX,TE,0,0,0,0,0,0,0,0,5,5,30,0,8.0
2024,9,Jahan Dotson,PHI,JAX,WR,0,0,0,0,0,0,0,0,1,1,36,0,4.6
2024,9,Jalen Hurts,PHI,JAX,QB,24,18,230,2,0,13,67,1,0,0,0,0,29.9
2024,9,Kenny Gainwell,PHI,JAX,RB,0,0,0,0,0,5,9,0,1,1,1,0,2.0
2024,9,Saquon Barkley,PHI,JAX,RB,0,0,0,0,0,27,159,1,4,3,40,1,32.9
2024,9,AJ Barner,SEA,LAR,TE,0,0,0,0,0,0,0,0,7,4,27,0,6.7
2024,9,Cody White,SEA,LAR,WR,0,0,0,0,0,0,0,0,3,2,44,0,6.4
2024,9,Geno Smith,SEA,LAR,QB,34,21,363,3,3,6,16,0,0,0,0,0,22.12
2024,9,Jake Bobo,SEA,LAR,WR,0,0,0,0,0,0,0,0,1,0,0,0,0.0
2024,9,Jaxon Smith-Njigba,SEA,LAR,WR,0,0,0,0,0,0,0,0,13,7,180,2,37.0
2024,9,Kenneth Walker III,SEA,LAR,RB,0,0,0,0,0,25,83,0,3,3,24,0,13.7
2024,9,Tyler Lockett,SEA,LAR,WR,0,0,0,0,0,0,0,0,4,3,63,1,15.3
2024,9,Zach Charbonnet,SEA,LAR,RB,0,0,0,0,0,2,8,0,3,2,25,0,5.3
2024,9,Baker Mayfield,TAM,KAN,QB,31,23,200,2,0,4,20,0,0,0,0,0,18.0
2024,9,Bucky Irving,TAM,KAN,RB,0,0,0,0,0,7,24,0,3,3,10,0,6.4
2024,9,Cade Otton,TAM,KAN,TE,0,0,0,0,0,0,0,0,11,8,77,1,21.7
2024,9,Rachaad White,TAM,KAN,RB,0,0,0,0,0,3,19,1,3,3,16,0,12.5
2024,9,Rakim Jarrett,TAM,KAN,WR,0,0,0,0,0,0,0,0,1,1,9,0,1.9
2024,9,Ryan Miller,TAM,KAN,WR,0,0,0,0,0,0,0,0,3,1,1,1,7.1
2024,9,Sean Tucker,TAM,KAN,RB,0,0,0,0,0,3,11,0,1,1,6,0,2.7
2024,9,Sterling Shepard,TAM,KAN,WR,0,0,0,0,0,2,21,0,5,4,48,0,10.9
2024,9,Trey Palmer,TAM,KAN,WR,0,0,0,0,0,0,0,0,4,2,33,0,5.3
2024,9,Calvin Ridley,TEN,NWE,WR,0,0,0,0,0,0,0,0,8,5,73,0,12.3
2024,9,Chig Okonkwo,TEN,NWE,TE,0,0,0,0,0,0,0,0,4,3,38,0,6.8
2024,9,Jha'Quan Jackson,TEN,NWE,WR,0,0,0,0,0,1,-5,0,2,1,8,0,1.3
2024,9,Josh Whyle,TEN,NWE,TE,0,0,0,0,0,0,0,0,2,1,12,0,2.2
2024,9,Julius Chestnut,TEN,NWE,RB,0,0,0,0,0,5,22,0,0,0,0,0,2.2
2024,9,Mason Rudolph,TEN,NWE,QB,33,20,240,2,1,4,19,0,0,0,0,0,17.5
2024,9,Nick Vannett,TEN,NWE,TE,0,0,0,0,0,0,0,0,2,2,33,1,11.3
2024,9,Nick Westbrook-Ikhine,TEN,NWE,WR,0,0,0,0,0,0,0,0,6,5,50,1,16.0
2024,9,Tony Pollard,TEN,NWE,RB,0,0,0,0,0,28,128,0,3,3,26,0,18.4
2024,9,Tyler Boyd,TEN,NWE,WR,0,0,0,0,0,1,3,0,0,0,0,0,0.3
2024,9,Austin Ekeler,WAS,NYG,RB,0,0,0,0,0,11,42,1,4,3,41,0,17.3
2024,9,Ben Sinnott,WAS,NYG,TE,0,0,0,0,0,0,0,0,1,1,12,0,2.2
2024,9,Chris Rodriguez Jr.,WAS,NYG,RB,0,0,0,0,0,11,52,0,0,0,0,0,5.2
2024,9,Dyami Brown,WAS,NYG,WR,0,0,0,0,0,0,0,0,1,1,24,0,3.4
2024,9,Jayden Daniels,WAS,NYG,QB,22,15,209,2,0,8,35,0,0,0,0,0,19.86
2024,9,Jeremy McNichols,WAS,NYG,RB,0,0,0,0,0,8,20,0,1,0,0,0,2.0
2024,9,Noah Brown,WAS,NYG,WR,0,0,0,0,0,0,0,0,6,5,60,0,11.0
2024,9,Olamide Zaccheaus,WAS,NYG,WR,0,0,0,0,0,0,0,0,2,2,48,0,6.8
2024,9,Terry McLaurin,WAS,NYG,WR,0,0,0,0,0,0,0,0,3,2,19,2,15.9
2024,9,Zach Ertz,WAS,NYG,TE,0,0,0,0,0,0,0,0,1,1,5,0,1.5
2024,10,Clayton Tune,ARI,NYJ,QB,0,0,0,0,0,1,-1,0,0,0,0,0,-0.1
2024,10,DeeJay Dallas,ARI,NYJ,RB,0,0,0,0,0,3,10,0,0,0,0,0,1.0
2024,10,Elijah Higgins,ARI,NYJ,TE,0,0,0,0,0,0,0,0,2,2,13,0,3.3
2024,10,Emari Demercado,ARI,NYJ,RB,0,0,0,0,0,3,22,0,0,0,0,0,2.2
2024,10,Greg Dortch,ARI,NYJ,WR,0,0,0,0,0,0,0,0,1,1,-1,0,0.9
2024,10,James Conner,ARI,NYJ,RB,0,0,0,0,0,12,33,1,5,5,80,0,22.3
2024,10,Kyler Murray,ARI,NYJ,QB,24,22,266,1,0,3,21,2,0,0,0,0,28.74
2024,10,Marvin Harrison Jr.,ARI,NYJ,WR,0,0,0,0,0,0,0,0,5,5,54,1,16.4
2024,10,Michael Wilson,ARI,NYJ,WR,0,0,0,0,0,0,0,0,4,3,24,0,5.4
2024,10,Trey Benson,ARI,NYJ,RB,0,0,0,0,0,10,62,0,2,2,25,0,10.7
2024,10,Trey McBride,ARI,NYJ,TE,0,0,0,0,0,0,0,0,5,4,71,0,11.1
2024,10,Bijan Robinson,ATL,NOR,RB,0,0,0,0,0,20,116,2,4,3,28,0,29.4
2024,10,Charlie Woerner,ATL,NOR,TE,0,0,0,0,0,0,0,0,1,0,0,0,0.0
2024,10,Darnell Mooney,ATL,NOR,WR,0,0,0,0,0,0,0,0,9,5,96,0,14.6
2024,10,Drake London,ATL,NOR,WR,0,0,0,0,0,0,0,0,13,8,97,0,17.7
2024,10,Kirk Cousins,ATL,NOR,QB,38,23,306,0,1,0,0,0,0,0,0,0,10.24
2024,10,Kyle Pitts,ATL,NOR,TE,0,0,0,0,0,0,0,0,6,4,55,0,9.5
2024,10,Ray-Ray McCloud,ATL,NOR,WR,0,0,0,0,0,1,6,0,4,3,30,0,6.6
2024,10,Tyler Allgeier,ATL,NOR,RB,0,0,0,0,0,11,59,0,0,0,0,0,5.9
2024,10,Charlie Kolar,BAL,CIN,TE,0,0,0,0,0,0,0,0,1,1,4,0,1.4
2024,10,Derrick Henry,BAL,CIN,RB,0,0,0,0,0,16,68,1,1,1,3,0,14.1
2024,10,Diontae Johnson,BAL,CIN,WR,0,0,0,0,0,0,0,0,2,1,6,0,1.6
2024,10,Justice Hill,BAL,CIN,RB,0,0,0,0,0,2,-2,0,2,2,0,0,1.8
2024,10,Lamar Jackson,BAL,CIN,QB,33,25,290,4,0,7,33,0,0,0,0,0,32.9
2024,10,Mark Andrews,BAL,CIN,TE,0,0,0,0,0,0,0,0,7,6,68,1,18.8
2024,10,Nelson Agholor,BAL,CIN,WR,0,0,0,0,0,0,0,0,2,1,6,1,7.6
2024,10,Rashod Bateman,BAL,CIN,WR,0,0,0,0,0,0,0,0,8,6,54,1,17.4
2024,10,Tylan Wallace,BAL,CIN,WR,0,0,0,0,0,0,0,0,3,3,115,1,20.5
2024,10,Zay Flowers,BAL,CIN,WR,0,0,0,0,0,0,0,0,6,4,34,0,7.4
2024,10,Curtis Samuel,BUF,IND,WR,0,0,0,0,0,0,0,0,8,4,35,0,7.5
2024,10,Dalton Kincaid,BUF,IND,TE,0,0,0,0,0,0,0,0,5,2,24,0,4.4
2024,10,Dawson Knox,BUF,IND,TE,0,0,0,0,0,0,0,0,3,2,40,0,6.0
2024,10,James Cook,BUF,IND,RB,0,0,0,0,0,19,80,1,3,1,5,0,15.5
2024,10,Josh Allen,BUF,IND,QB,37,22,280,0,2,8,50,1,0,0,0,0,18.2
2024,10,Khalil Shakir,BUF,IND,WR,0,0,0,0,0,0,0,0,9,6,58,0,11.8
2024,10,Mack Hollins,BUF,IND,WR,0,0,0,0,0,0,0,0,4,4,86,0,12.6
2024,10,Mitchell Trubisky,BUF,IND,QB,0,0,0,0,0,1,-1,0,0,0,0,0,-0.1
2024,10,Ray Davis,BUF,IND,RB,0,0,0,0,0,3,6,0,0,0,0,0,0.6
2024,10,Ty Johnson,BUF,IND,RB,0,0,0,0,0,0,0,0,3,3,32,0,6.2
2024,10,Bryce Young,CAR,NYG,QB,25,15,126,1,0,2,30,0,0,0,0,0,12.04
2024,10,Chuba Hubbard,CAR,NYG,RB,0,0,0,0,0,28,153,1,6,4,16,0,24.9
2024,10,David Moore,CAR,NYG,WR,0,0,0,0,0,0,0,0,4,2,18,0,3.8
2024,10,Ian Thomas,CAR,NYG,TE,0,0,0,0,0,0,0,0,1,1,3,0,1.3
2024,10,Ja'Tavion Sanders,CAR,NYG,TE,0,0,0,0,0,0,0,0,2,2,8,1,8.8
2024,10,Jalen Coker,CAR,NYG,WR,0,0,0,0,0,0,0,0,8,3,41,0,7.1
2024,10,Miles Sanders,CAR,NYG,RB,0,0,0,0,0,2,5,0,0,0,0,0,0.5
2024,10,Xavier Legette,CAR,NYG,WR,0,0,0,0,0,0,0,0,4,3,40,0,7.0
2024,10,Caleb Williams,CHI,NWE,QB,30,16,120,0,0,2,15,0,0,0,0,0,6.3
2024,10,Cole Kmet,CHI,NWE,TE,0,0,0,0,0,0,0,0,4,2,13,0,3.3
2024,10,D'Andre Swift,CHI,NWE,RB,0,0,0,0,0,16,59,0,1,1,6,0,7.5
2024,10,DJ Moore,CHI,NWE,WR,0,0,0,0,0,1,3,0,6,3,24,0,5.7
2024,10,DeAndre Carter,CHI,NWE,WR,0,0,0,0,0,0,0,0,1,1,5,0,1.5
2024,10,Keenan Allen,CHI,NWE,WR,0,0,0,0,0,0,0,0,6,5,44,0,9.4
2024,10,Rome Odunze,CHI,NWE,WR,0,0,0,0,0,0,0,0,6,3,23,0,5.3
2024,10,Roschon Johnson,CHI,NWE,RB,0,0,0,0,0,1,-4,0,2,1,5,0,1.1
2024,10,Andrei Iosivas,CIN,BAL,WR,0,0,0,0,0,0,0,0,4,2,29,0,4.9
2024,10,Cam Grandy,CIN,BAL,TE,0,0,0,0,0,0,0,0,1,1,0,0,1.0
2024,10,Chase Brown,CIN,BAL,RB,0,0,0,0,0,13,42,1,11,9,52,0,22.4
2024,10,Ja'Marr Chase,CIN,BAL,WR,0,0,0,0,0,0,0,0,17,11,264,3,55.4
2024,10,Jermaine Burton,CIN,BAL,WR,0,0,0,0,0,0,0,0,5,1,11,0,2.1
2024,10,Joe Burrow,CIN,BAL,QB,56,34,428,4,0,2,6,0,0,0,0,0,33.72
2024,10,Mike Gesicki,CIN,BAL,TE,0,0,0,0,0,0,0,0,9,4,30,0,7.0
2024,10,Tanner Hudson,CIN,BAL,TE,0,0,0,0,0,1,1,0,7,6,42,1,16.3
2024,10,CeeDee Lamb,DAL,PHI,WR,0,0,0,0,0,1,3,0,10,6,21,0,8.4
2024,10,Cooper Rush,DAL,PHI,QB,23,13,45,0,0,2,2,0,0,0,0,0,-2.0
2024,10,Ezekiel Elliott,DAL,PHI,RB,0,0,0,0,0,6,22,0,0,0,0,0,0.2
2024,10,Hunter Luepke,DAL,PHI,RB,0,0,0,0,0,0,0,0,1,0,0,0,0.0
2024,10,Jake Ferguson,DAL,PHI,TE,0,0,0,0,0,0,0,0,5,4,24,0,4.4
2024,10,Jalen Brooks,DAL,PHI,WR,0,0,0,0,0,0,0,0,4,1,4,0,1.4
2024,10,Jalen Tolbert,DAL,PHI,WR,0,0,0,0,0,0,0,0,5,3,14,0,4.4
2024,10,Luke Schoonmaker,DAL,PHI,TE,0,0,0,0,0,0,0,0,1,0,0,0,0.0
2024,10,Rico Dowdle,DAL,PHI,RB,0,0,0,0,0,12,53,0,3,3,3,0,8.6
2024,10,Trey Lance,DAL,PHI,QB,6,4,21,0,1,3,17,0,0,0,0,0,0.54
2024,10,Adam Trautman,DEN,KAN,TE,0,0,0,0,0,0,0,0,1,1,34,0,4.4
2024,10,Audric Estimé,DEN,KAN,RB,0,0,0,0,0,14,53,0,0,0,0,0,5.3
2024,10,Bo Nix,DEN,KAN,QB,30,22,215,2,0,3,-5,0,0,0,0,0,16.1
2024,10,Courtland Sutton,DEN,KAN,WR,0,0,0,0,0,0,0,0,9,6,70,1,19.0
2024,10,Devaughn Vele,DEN,KAN,WR,0,0,0,0,0,0,0,0,4,4,39,1,13.9
2024,10,Jaleel McLaughlin,DEN,KAN,RB,0,0,0,0,0,2,12,0,0,0,0,0,1.2
2024,10,Javonte Williams,DEN,KAN,RB,0,0,0,0,0,1,1,0,2,2,6,0,2.7
2024,10,Lil'Jordan Humphrey,DEN,KAN,WR,0,0,0,0,0,0,0,0,3,2,23,0,4.3
2024,10,Lucas Krull,DEN,KAN,TE,0,0,0,0,0,0,0,0,2,2,21,0,4.1
2024,10,Marvin Mims Jr.,DEN,KAN,WR,0,0,0,0,0,3,17,0,4,4,13,0,7.0
2024,10,Troy Franklin,DEN,KAN,WR,0,0,0,0,0,0,0,0,3,1,9,0,1.9
2024,10,Amon-Ra St. Brown,DET,HOU,WR,0,0,0,0,0,0,0,0,8,6,60,1,18.0
2024,10,David Montgomery,DET,HOU,RB,0,0,0,0,0,12,32,1,2,1,24,0,12.6
2024,10,Jahmyr Gibbs,DET,HOU,RB,0,0,0,0,0,19,71,0,3,2,37,0,12.8
2024,10,Jameson Williams,DET,HOU,WR,0,0,0,0,0,0,0,0,5,3,53,0,8.3
2024,10,Jared Goff,DET,HOU,QB,30,15,240,2,5,1,2,0,0,0,0,0,7.8
2024,10,Sam LaPorta,DET,HOU,TE,0,0,0,0,0,0,0,0,6,3,66,1,15.6
2024,10,C.J. Stroud,HOU,DET,QB,33,19,232,1,2,1,5,0,0,0,0,0,9.78
2024,10,Cade Stover,HOU,DET,TE,0,0,0,0,0,0,0,0,2,1,2,0,1.2
2024,10,Dalton Schultz,HOU,DET,TE,0,0,0,0,0,0,0,0,4,3,66,0,9.6
2024,10,Dare Ogunbowale,HOU,DET,RB,0,0,0,0,0,1,11,0,0,0,0,0,1.1
2024,10,Joe Mixon,HOU,DET,RB,0,0,0,0,0,25,46,1,4,2,44,0,17.0
2024,10,John Metchie III,HOU,DET,WR,0,0,0,0,0,0,0,0,6,5,74,1,18.4
2024,10,Robert Woods,HOU,DET,WR,0,0,0,0,0,0,0,0,3,1,1,0,1.1
2024,10,Tank Dell,HOU,DET,WR,0,0,0,0,0,1,-6,0,9,5,39,0,8.3
2024,10,Xavier Hutchinson,HOU,DET,WR,0,0,0,0,0,0,0,0,4,2,6,0,2.6
2024,10,Adonai Mitchell,IND,BUF,WR,0,0,0,0,0,0,0,0,6,6,71,0,13.1
2024,10,Alec Pierce,IND,BUF,WR,0,0,0,0,0,0,0,0,7,4,81,1,18.1
2024,10,Andrew Ogletree,IND,BUF,TE,0,0,0,0,0,0,0,0,1,1,2,0,1.2
2024,10,Ashton Dulin,IND,BUF,WR,0,0,0,0,0,1,7,0,0,0,0,0,0.7
2024,10,Joe Flacco,IND,BUF,QB,35,26,272,2,3,0,0,0,0,0,0,0,10.88
2024,10,Jonathan Taylor,IND,BUF,RB,0,0,0,0,0,21,114,0,4,2,8,0,14.2
2024,10,Josh Downs,IND,BUF,WR,0,0,0,0,0,0,0,0,10,7,72,0,14.2
2024,10,Kylen Granson,IND,BUF,TE,0,0,0,0,0,0,0,0,2,2,15,0,3.5
2024,10,Trey Sermon,IND,BUF,RB,0,0,0,0,0,0,0,0,1,1,4,0,1.4
2024,10,Tyler Goodson,IND,BUF,RB,0,0,0,0,0,0,0,0,3,2,9,1,8.9
2024,10,Will Mallory,IND,BUF,TE,0,0,0,0,0,0,0,0,1,1,10,0,2.0
2024,10,Brenton Strange,JAX,MIN,TE,0,0,0,0,0,0,0,0,3,2,25,0,4.5
2024,10,Brian Thomas Jr.,JAX,MIN,WR,0,0,0,0,0,0,0,0,3,2,12,0,3.2
2024,10,Evan Engram,JAX,MIN,TE,0,0,0,0,0,0,0,0,8,6,40,0,10.0
2024,10,Gabe Davis,JAX,MIN,WR,0,0,0,0,0,0,0,0,4,1,19,0,2.9
2024,10,Luke Farrell,JAX,MIN,TE,0,0,0,0,0,0,0,0,2,2,16,0,3.6
2024,10,Mac Jones,JAX,MIN,QB,22,14,111,0,2,5,8,1,0,0,0,0,5.24
2024,10,Tank Bigsby,JAX,MIN,RB,0,0,0,0,0,2,4,0,0,0,0,0,0.4
2024,10,Travis Etienne,JAX,MIN,RB,0,0,0,0,0,11,44,0,1,1,-1,0,5.3
2024,10,Carson Steele,KAN,DEN,RB,0,0,0,0,0,2,3,0,0,0,0,0,0.3
2024,10,DeAndre Hopkins,KAN,DEN,WR,0,0,0,0,0,0,0,0,5,4,56,0,9.6
2024,10,Justin Watson,KAN,DEN,WR,0,0,0,0,0,0,0,0,2,2,6,0,2.6
2024,10,Justyn Ross,KAN,DEN,WR,0,0,0,0,0,0,0,0,1,0,0,0,0.0
2024,10,Kareem Hunt,KAN,DEN,RB,0,0,0,0,0,14,35,0,10,7,65,0,17.0
2024,10,Mecole Hardman,KAN,DEN,WR,0,0,0,0,0,0,0,0,1,1,3,0,1.3
2024,10,Noah Gray,KAN,DEN,TE,0,0,0,0,0,0,0,0,2,2,18,0,3.8
2024,10,Patrick Mahomes,KAN,DEN,QB,42,28,266,1,0,3,19,0,0,0,0,0,16.54
2024,10,Peyton Hendershot,KAN,DEN,TE,0,0,0,0,0,0,0,0,1,1,6,0,1.6
2024,10,Samaje Perine,KAN,DEN,RB,0,0,0,0,0,0,0,0,2,2,37,0,5.7
2024,10,Travis Kelce,KAN,DEN,TE,0,0,0,0,0,0,0,0,12,8,64,1,20.4
2024,10,Xavier Worthy,KAN,DEN,WR,0,0,0,0,0,0,0,0,4,1,11,0,2.1
2024,10,Derius Davis,LAC,TEN,WR,0,0,0,0,0,1,6,0,1,1,17,0,3.3
2024,10,Gus Edwards,LAC,TEN,RB,0,0,0,0,0,10,55,0,0,0,0,0,5.5
2024,10,Hassan Haskins,LAC,TEN,RB,0,0,0,0,0,2,4,1,0,0,0,0,6.4
2024,10,Hayden Hurst,LAC,TEN,TE,0,0,0,0,0,0,0,0,1,0,0,0,0.0
2024,10,J.K. Dobbins,LAC,TEN,RB,0,0,0,0,0,15,50,0,3,3,5,0,8.5
2024,10,Jalen Reagor,LAC,TEN,WR,0,0,0,0,0,2,-2,0,1,0,0,0,-0.2
2024,10,Josh Palmer,LAC,TEN,WR,0,0,0,0,0,0,0,0,2,1,36,0,4.6
2024,10,Justin Herbert,LAC,TEN,QB,18,14,164,1,0,9,32,1,0,0,0,0,19.76
2024,10,Ladd McConkey,LAC,TEN,WR,0,0,0,0,0,0,0,0,2,2,52,0,7.2
2024,10,Quentin Johnston,LAC,TEN,WR,0,0,0,0,0,0,0,0,2,2,24,1,10.4
2024,10,Will Dissly,LAC,TEN,TE,0,0,0,0,0,0,0,0,6,5,30,0,8.0
2024,10,Blake Corum,LAR,MIA,RB,0,0,0,0,0,2,8,0,1,1,7,0,2.5
2024,10,Cooper Kupp,LAR,MIA,WR,0,0,0,0,0,0,0,0,7,7,80,0,15.0
2024,10,Davis Allen,LAR,MIA,TE,0,0,0,0,0,0,0,0,6,5,34,0,8.4
2024,10,Demarcus Robinson,LAR,MIA,WR,0,0,0,0,0,0,0,0,5,1,23,0,3.3
2024,10,Kyren Williams,LAR,MIA,RB,0,0,0,0,0,15,62,0,6,5,20,0,11.2
2024,10,Matthew Stafford,LAR,MIA,QB,46,32,293,0,1,1,0,0,0,0,0,0,9.72
2024,10,Puka Nacua,LAR,MIA,WR,0,0,0,0,0,0,0,0,14,9,98,0,18.8
2024,10,Tutu Atwell,LAR,MIA,WR,0,0,0,0,0,0,0,0,1,1,6,0,1.6
2024,10,Tyler Johnson,LAR,MIA,WR,0,0,0,0,0,0,0,0,4,3,25,0,5.5
2024,10,De'Von Achane,MIA,LAR,RB,0,0,0,0,0,12,37,0,5,5,15,0,10.2
2024,10,Durham Smythe,MIA,LAR,TE,0,0,0,0,0,0,0,0,1,1,6,0,1.6
2024,10,Jaylen Waddle,MIA,LAR,WR,0,0,0,0,0,1,-1,0,6,3,57,0,8.6
2024,10,Jaylen Wright,MIA,LAR,RB,0,0,0,0,0,5,3,0,0,0,0,0,0.3
2024,10,Jonnu Smith,MIA,LAR,TE,0,0,0,0,0,0,0,0,4,3,45,0,7.5
2024,10,Julian Hill,MIA,LAR,TE,0,0,0,0,0,0,0,0,1,0,0,0,0.0
2024,10,Malik Washington,MIA,LAR,WR,0,0,0,0,0,1,18,1,2,1,17,0,10.5
2024,10,Odell Beckham Jr.,MIA,LAR,WR,0,0,0,0,0,0,0,0,2,2,17,0,3.7
2024,10,Raheem Mostert,MIA,LAR,RB,0,0,0,0,0,0,0,0,3,2,34,0,5.4
2024,10,Tua Tagovailoa,MIA,LAR,QB,28,20,207,1,1,1,-1,0,0,0,0,0,8.18
2024,10,Tyreek Hill,MIA,LAR,WR,0,0,0,0,0,2,11,0,4,3,16,1,11.7
2024,10,Aaron Jones,MIN,JAX,RB,0,0,0,0,0,17,88,0,3,2,13,0,12.1
2024,10,Cam Akers,MIN,JAX,RB,0,0,0,0,0,13,38,0,1,1,9,0,5.7
2024,10,Jalen Nailor,MIN,JAX,WR,0,0,0,0,0,1,-7,0,3,1,11,0,1.4
2024,10,Jordan Addison,MIN,JAX,WR,0,0,0,0,0,1,4,0,5,2,25,0,4.9
2024,10,Josh Oliver,MIN,JAX,TE,0,0,0,0,0,0,0,0,6,4,52,0,9.2
2024,10,Justin Jefferson,MIN,JAX,WR,0,0,0,0,0,0,0,0,9,5,48,0,9.8
2024,10,Sam Darnold,MIN,JAX,QB,38,24,241,0,3,7,28,0,0,0,0,0,6.44
2024,10,T.J. Hockenson,MIN,JAX,TE,0,0,0,0,0,0,0,0,9,8,72,0,15.2
2024,10,Trent Sherfield,MIN,JAX,WR,0,0,0,0,0,0,0,0,1,1,11,0,2.1
2024,10,Ty Chandler,MIN,JAX,RB,0,0,0,0,0,4,18,0,0,0,0,0,1.8
2024,10,Alvin Kamara,NOR,ATL,RB,0,0,0,0,0,17,55,0,6,5,54,0,15.9
2024,10,Dante Pettis,NOR,ATL,WR,0,0,0,0,0,0,0,0,1,1,8,0,1.8
2024,10,Derek Carr,NOR,ATL,QB,25,16,269,2,0,4,17,0,0,0,0,0,20.46
2024,10,Foster Moreau,NOR,ATL,TE,0,0,0,0,0,0,0,0,2,0,0,0,0.0
2024,10,Jordan Mims,NOR,ATL,RB,0,0,0,0,0,2,10,0,2,1,4,0,2.4
2024,10,Juwan Johnson,NOR,ATL,TE,0,0,0,0,0,0,0,0,3,2,22,0,4.2
2024,10,Kevin Austin Jr.,NOR,ATL,WR,0,0,0,0,0,0,0,0,2,2,36,0,5.6
2024,10,Marquez Valdes-Scantling,NOR,ATL,WR,0,0,0,0,0,0,0,0,3,3,109,2,25.9
2024,10,Taysom Hill,NOR,ATL,TE,0,0,0,0,0,4,14,0,2,2,36,0,7.0
2024,10,Antonio Gibson,NWE,CHI,RB,0,0,0,0,0,5,26,0,0,0,0,0,2.6
2024,10,Austin Hooper,NWE,CHI,TE,0,0,0,0,0,0,0,0,4,3,64,0,9.4
2024,10,DeMario Douglas,NWE,CHI,WR,0,0,0,0,0,0,0,0,5,4,50,0,9.0
2024,10,Drake Maye,NWE,CHI,QB,25,15,184,1,1,4,24,0,0,0,0,0,11.76
2024,10,Hunter Henry,NWE,CHI,TE,0,0,0,0,0,0,0,0,4,1,14,0,2.4
2024,10,Ja'Lynn Polk,NWE,CHI,WR,0,0,0,0,0,0,0,0,1,1,2,1,7.2
2024,10,JaMycal Hasty,NWE,CHI,RB,0,0,0,0,0,6,20,0,1,1,4,0,3.4
2024,10,K.J. Osborn,NWE,CHI,WR,0,0,0,0,0,0,0,0,1,0,0,0,0.0
2024,10,Kayshon Boutte,NWE,CHI,WR,0,0,0,0,0,0,0,0,6,4,47,0,8.7
2024,10,Rhamondre Stevenson,NWE,CHI,RB,0,0,0,0,0,20,74,0,1,1,3,0,8.7
2024,10,Daniel Jones,NYG,CAR,QB,37,22,190,0,2,7,26,1,0,0,0,0,12.2
2024,10,Devin Singletary,NYG,CAR,RB,0,0,0,0,0,8,40,0,1,1,5,0,5.5
2024,10,Isaiah Hodgins,NYG,CAR,WR,0,0,0,0,0,0,0,0,1,1,7,0,1.7
2024,10,Jalin Hyatt,NYG,CAR,WR,0,0,0,0,0,0,0,0,4,4,39,0,7.9
2024,10,Malik Nabers,NYG,CAR,WR,0,0,0,0,0,1,-2,0,10,6,50,0,10.8
2024,10,Theo Johnson,NYG,CAR,TE,0,0,0,0,0,0,0,0,6,4,37,0,7.7
2024,10,Tyrone Tracy Jr.,NYG,CAR,RB,0,0,0,0,0,18,103,1,2,1,1,0,15.4
2024,10,Wan'Dale Robinson,NYG,CAR,WR,0,0,0,0,0,0,0,0,8,5,51,0,10.1
2024,10,Aaron Rodgers,NYJ,ARI,QB,35,22,151,0,0,0,0,0,0,0,0,0,4.04
2024,10,Braelon Allen,NYJ,ARI,RB,0,0,0,0,0,7,27,0,1,1,7,0,4.4
2024,10,Breece Hall,NYJ,ARI,RB,0,0,0,0,0,10,52,0,4,4,31,0,12.3
2024,10,Davante Adams,NYJ,ARI,WR,0,0,0,0,0,0,0,0,13,6,31,0,9.1
2024,10,Garrett Wilson,NYJ,ARI,WR,0,0,0,0,0,0,0,0,6,5,41,0,9.1
2024,10,Isaiah Davis,NYJ,ARI,RB,0,0,0,0,0,0,0,0,1,1,10,0,2.0
2024,10,Jeremy Ruckert,NYJ,ARI,TE,0,0,0,0,0,0,0,0,2,2,17,0,3.7
2024,10,Kenny Yeboah,NYJ,ARI,TE,0,0,0,0,0,0,0,0,1,1,4,0,1.4
2024,10,Malachi Corley,NYJ,ARI,WR,0,0,0,0,0,0,0,0,2,1,2,0,1.2
2024,10,Tyler Conklin,NYJ,ARI,TE,0,0,0,0,0,0,0,0,2,1,8,0,1.8
2024,10,Xavier Gipson,NYJ,ARI,WR,0,0,0,0,0,0,0,0,1,0,0,0,0.0
2024,10,A.J. Brown,PHI,DAL,WR,0,0,0,0,0,0,0,0,7,5,109,0,15.9
2024,10,Ainias Smith,PHI,DAL,WR,0,0,0,0,0,0,0,0,2,2,6,0,2.6
2024,10,Dallas Goedert,PHI,DAL,TE,0,0,0,0,0,0,0,0,3,2,25,1,10.5
2024,10,DeVonta Smith,PHI,DAL,WR,0,0,0,0,0,0,0,0,3,2,14,0,3.4
2024,10,Grant Calcaterra,PHI,DAL,TE,0,0,0,0,0,0,0,0,1,0,0,0,0.0
2024,10,Jahan Dotson,PHI,DAL,WR,0,0,0,0,0,0,0,0,1,1,27,0,3.7
2024,10,Jalen Hurts,PHI,DAL,QB,20,14,202,2,1,7,56,2,0,0,0,0,29.68
2024,10,Johnny Wilson,PHI,DAL,WR,0,0,0,0,0,0,0,0,1,1,5,1,7.5
2024,10,Kenny Gainwell,PHI,DAL,RB,0,0,0,0,0,7,30,0,1,1,9,0,4.9
2024,10,Kenny Pickett,PHI,DAL,QB,2,1,5,0,0,1,1,0,0,0,0,0,0.3
2024,10,Saquon Barkley,PHI,DAL,RB,0,0,0,0,0,14,66,0,1,1,12,0,8.8
2024,10,Will Shipley,PHI,DAL,RB,0,0,0,0,0,9,34,0,0,0,0,0,3.4
2024,10,Calvin Austin III,PIT,WAS,WR,0,0,0,0,0,0,0,0,6,2,20,0,4.0
2024,10,Cordarrelle Patterson,PIT,WAS,RB,0,0,0,0,0,3,14,0,0,0,0,0,1.4
2024,10,Darnell Washington,PIT,WAS,TE,0,0,0,0,0,0,0,0,3,1,6,0,1.6
2024,10,George Pickens,PIT,WAS,WR,0,0,0,0,0,1,4,0,7,5,91,1,20.5
2024,10,Jaylen Warren,PIT,WAS,RB,0,0,0,0,0,14,66,0,2,2,29,0,9.5
2024,10,Mike Williams,PIT,WAS,WR,0,0,0,0,0,0,0,0,1,1,32,1,10.2
2024,10,MyCole Pruitt,PIT,WAS,TE,0,0,0,0,0,0,0,0,1,0,0,0,0.0
2024,10,Najee Harris,PIT,WAS,RB,0,0,0,0,0,21,53,1,0,0,0,0,11.3
2024,10,Pat Freiermuth,PIT,WAS,TE,0,0,0,0,0,0,0,0,3,3,17,1,10.7
2024,10,Russell Wilson,PIT,WAS,QB,28,14,195,3,1,4,3,0,0,0,0,0,18.1
2024,10,Van Jefferson,PIT,WAS,WR,0,0,0,0,0,0,0,0,2,0,0,0,0.0
2024,10,Brock Purdy,SFO,TAM,QB,36,25,353,2,0,4,17,0,0,0,0,0,23.82
2024,10,Christian McCaffrey,SFO,TAM,RB,0,0,0,0,0,13,39,0,7,6,68,0,16.7
2024,10,Deebo Samuel Sr.,SFO,TAM,WR,0,0,0,0,0,3,14,0,6,5,62,0,12.6
2024,10,George Kittle,SFO,TAM,TE,0,0,0,0,0,0,0,0,4,3,57,1,14.7
2024,10,Isaac Guerendo,SFO,TAM,RB,0,0,0,0,0,1,0,0,0,0,0,0,0.0
2024,10,Jauan Jennings,SFO,TAM,WR,0,0,0,0,0,0,0,0,11,7,93,0,16.3
2024,10,Jordan Mason,SFO,TAM,RB,0,0,0,0,0,1,5,0,0,0,0,0,0.5
2024,10,Ricky Pearsall,SFO,TAM,WR,0,0,0,0,0,0,0,0,6,4,73,1,17.3
2024,10,Baker Mayfield,TAM,SFO,QB,29,18,116,1,0,3,3,0,0,0,0,0,8.94
2024,10,Bucky Irving,TAM,SFO,RB,0,0,0,0,0,13,73,1,3,3,14,0,17.7
2024,10,Cade Otton,TAM,SFO,TE,0,0,0,0,0,0,0,0,8,5,35,0,8.5
2024,10,Rachaad White,TAM,SFO,RB,0,0,0,0,0,10,31,0,7,6,39,1,19.0
2024,10,Rakim Jarrett,TAM,SFO,WR,0,0,0,0,0,0,0,0,4,2,10,0,3.0
2024,10,Ryan Miller,TAM,SFO,WR,0,0,0,0,0,0,0,0,3,1,11,0,2.1
2024,10,Sterling Shepard,TAM,SFO,WR,0,0,0,0,0,1,3,0,3,1,7,0,2.0
2024,10,Trey Palmer,TAM,SFO,WR,0,0,0,0,0,0,0,0,1,0,0,0,0.0
2024,10,Bryce Oliver,TEN,LAC,WR,0,0,0,0,0,0,0,0,2,2,23,0,4.3
2024,10,Calvin Ridley,TEN,LAC,WR,0,0,0,0,0,0,0,0,9,5,84,2,25.4
2024,10,Chig Okonkwo,TEN,LAC,TE,0,0,0,0,0,0,0,0,1,1,14,0,2.4
2024,10,Josh Whyle,TEN,LAC,TE,0,0,0,0,0,0,0,0,1,0,0,0,0.0
2024,10,Nick Westbrook-Ikhine,TEN,LAC,WR,0,0,0,0,0,0,0,0,3,3,31,0,6.1
2024,10,Tony Pollard,TEN,LAC,RB,0,0,0,0,0,9,44,0,4,4,19,0,10.3
2024,10,Tyjae Spears,TEN,LAC,RB,0,0,0,0,0,7,47,0,3,3,4,0,8.1
2024,10,Will Levis,TEN,LAC,QB,23,18,175,2,0,5,41,0,0,0,0,0,19.1
2024,10,Austin Ekeler,WAS,PIT,RB,0,0,0,0,0,13,44,2,2,1,7,0,18.1
2024,10,Chris Rodriguez Jr.,WAS,PIT,RB,0,0,0,0,0,2,4,0,0,0,0,0,0.4
2024,10,Dyami Brown,WAS,PIT,WR,0,0,0,0,0,0,0,0,3,2,-13,0,0.7
2024,10,Jayden Daniels,WAS,PIT,QB,34,17,202,0,0,3,5,0,0,0,0,0,8.58
2024,10,Jeremy McNichols,WAS,PIT,RB,0,0,0,0,0,4,7,1,0,0,0,0,6.7
2024,10,Luke McCaffrey,WAS,PIT,WR,0,0,0,0,0,0,0,0,3,1,23,0,3.3
2024,10,Noah Brown,WAS,PIT,WR,0,0,0,0,0,0,0,0,7,3,33,0,6.3
2024,10,Olamide Zaccheaus,WAS,PIT,WR,0,0,0,0,0,0,0,0,3,1,8,0,1.8
2024,10,Terry McLaurin,WAS,PIT,WR,0,0,0,0,0,0,0,0,6,5,113,0,16.3
2024,10,Zach Ertz,WAS,PIT,TE,0,0,0,0,0,0,0,0,8,4,31,0,7.1
2024,11,Bijan Robinson,ATL,DEN,RB,0,0,0,0,0,12,35,0,4,4,28,0,10.3
2024,11,Casey Washington,ATL,DEN,WR,0,0,0,0,0,0,0,0,1,0,0,0,0.0
2024,11,Darnell Mooney,ATL,DEN,WR,0,0,0,0,0,0,0,0,4,2,27,0,4.7
2024,11,Drake London,ATL,DEN,WR,0,0,0,0,0,0,0,0,7,3,61,0,9.1
2024,11,Jase McClellan,ATL,DEN,RB,0,0,0,0,0,8,15,0,0,0,0,0,1.5
2024,11,KhaDarel Hodge,ATL,DEN,WR,0,0,0,0,0,0,0,0,2,2,22,0,4.2
2024,11,Kirk Cousins,ATL,DEN,QB,27,18,173,0,1,1,0,0,0,0,0,0,4.92
2024,11,Kyle Pitts,ATL,DEN,TE,0,0,0,0,0,0,0,0,3,1,9,0,1.9
2024,11,Michael Penix Jr.,ATL,DEN,QB,4,2,24,0,0,0,0,0,0,0,0,0,0.96
2024,11,Ray-Ray McCloud,ATL,DEN,WR,0,0,0,0,0,0,0,0,6,6,46,0,10.6
2024,11,Ross Dwelley,ATL,DEN,TE,0,0,0,0,0,0,0,0,1,1,5,0,1.5
2024,11,Tyler Allgeier,ATL,DEN,RB,0,0,0,0,0,0,0,0,1,1,-1,0,0.9
2024,11,Derrick Henry,BAL,PIT,RB,0,0,0,0,0,13,65,1,0,0,0,0,10.5
2024,11,Diontae Johnson,BAL,PIT,WR,0,0,0,0,0,0,0,0,2,0,0,0,0.0
2024,11,Isaiah Likely,BAL,PIT,TE,0,0,0,0,0,0,0,0,5,4,75,0,9.5
2024,11,Justice Hill,BAL,PIT,RB,0,0,0,0,0,2,13,0,7,4,28,0,8.1
2024,11,Lamar Jackson,BAL,PIT,QB,33,16,207,1,1,4,46,0,0,0,0,0,14.88
2024,11,Mark Andrews,BAL,PIT,TE,0,0,0,0,0,0,0,0,3,2,22,0,4.2
2024,11,Nelson Agholor,BAL,PIT,WR,0,0,0,0,0,0,0,0,1,0,0,0,0.0
2024,11,Patrick Ricard,BAL,PIT,RB,0,0,0,0,0,0,0,0,1,1,5,0,1.5
2024,11,Rashod Bateman,BAL,PIT,WR,0,0,0,0,0,0,0,0,5,2,30,0,5.0
2024,11,Tylan Wallace,BAL,PIT,WR,0,0,0,0,0,0,0,0,1,1,8,0,1.8
2024,11,Zay Flowers,BAL,PIT,WR,0,0,0,0,0,0,0,0,6,2,39,1,11.9
2024,11,Amari Cooper,BUF,KAN,WR,0,0,0,0,0,0,0,0,3,2,55,0,7.5
2024,11,Curtis Samuel,BUF,KAN,WR,0,0,0,0,0,0,0,0,6,5,58,1,16.8
2024,11,Dawson Knox,BUF,KAN,TE,0,0,0,0,0,0,0,0,6,4,40,0,8.0
2024,11,James Cook,BUF,KAN,RB,0,0,0,0,0,9,20,2,6,5,7,0,19.7
2024,11,Josh Allen,BUF,KAN,QB,40,27,262,1,1,12,55,1,0,0,0,0,23.98
2024,11,Khalil Shakir,BUF,KAN,WR,0,0,0,0,0,0,0,0,12,8,70,0,15.0
2024,11,Mack Hollins,BUF,KAN,WR,0,0,0,0,0,0,0,0,2,2,27,0,4.7
2024,11,Quintin Morris,BUF,KAN,TE,0,0,0,0,0,0,0,0,1,0,0,0,0.0
2024,11,Ray Davis,BUF,KAN,RB,0,0,0,0,0,5,11,0,0,0,0,0,1.1
2024,11,Ty Johnson,BUF,KAN,RB,0,0,0,0,0,5,18,0,1,0,0,0,1.8
2024,11,Zach Davidson,BUF,KAN,TE,0,0,0,0,0,0,0,0,1,1,5,0,1.5
2024,11,Caleb Williams,CHI,GNB,QB,31,23,231,0,0,9,70,0,0,0,0,0,16.24
2024,11,Cole Kmet,CHI,GNB,TE,0,0,0,0,0,0,0,0,3,3,42,0,7.2
2024,11,D'Andre Swift,CHI,GNB,RB,0,0,0,0,0,14,71,1,2,2,13,0,16.4
2024,11,DJ Moore,CHI,GNB,WR,0,0,0,0,0,1,5,0,7,7,62,0,13.7
2024,11,Keenan Allen,CHI,GNB,WR,0,0,0,0,0,0,0,0,8,4,41,0,8.1
2024,11,Rome Odunze,CHI,GNB,WR,0,0,0,0,0,0,0,0,10,6,65,0,12.5
2024,11,Roschon Johnson,CHI,GNB,RB,0,0,0,0,0,10,33,1,1,1,8,0,11.1
2024,11,Andrei Iosivas,CIN,LAC,WR,0,0,0,0,0,0,0,0,3,3,46,0,7.6
2024,11,Chase Brown,CIN,LAC,RB,0,0,0,0,0,22,86,0,7,5,57,0,19.3
2024,11,Drew Sample,CIN,LAC,TE,0,0,0,0,0,1,-4,0,2,1,9,0,1.5
2024,11,Ja'Marr Chase,CIN,LAC,WR,0,0,0,0,0,0,0,0,13,7,75,2,26.5
2024,11,Jermaine Burton,CIN,LAC,WR,0,0,0,0,0,0,0,0,4,1,8,0,1.8
2024,11,Joe Burrow,CIN,LAC,QB,50,28,356,3,0,2,28,0,0,0,0,0,29.04
2024,11,Mike Gesicki,CIN,LAC,TE,0,0,0,0,0,0,0,0,2,0,0,0,0.0
2024,11,Tanner Hudson,CIN,LAC,TE,0,0,0,0,0,0,0,0,2,2,13,0,3.3
2024,11,Tee Higgins,CIN,LAC,WR,0,0,0,0,0,0,0,0,13,9,148,1,29.8
2024,11,Cedric Tillman,CLE,NOR,WR,0,0,0,0,0,0,0,0,8,3,47,0,7.7
2024,11,David Njoku,CLE,NOR,TE,0,0,0,0,0,0,0,0,9,9,81,0,19.1
2024,11,Elijah Moore,CLE,NOR,WR,0,0,0,0,0,0,0,0,8,6,66,1,18.6
2024,11,Jamari Thrash,CLE,NOR,WR,0,0,0,0,0,0,0,0,1,1,11,0,2.1
2024,11,Jameis Winston,CLE,NOR,QB,46,30,395,2,0,1,8,0,0,0,0,0,26.6
2024,11,Jerome Ford,CLE,NOR,RB,0,0,0,0,0,5,10,0,4,4,29,0,7.9
2024,11,Jerry Jeudy,CLE,NOR,WR,0,0,0,0,0,0,0,0,11,6,142,1,26.2
2024,11,Jordan Akins,CLE,NOR,TE,0,0,0,0,0,0,0,0,4,1,19,0,2.9
2024,11,Kadarius Toney,CLE,NOR,WR,0,0,0,0,0,1,-7,0,0,0,0,0,-0.7
2024,11,Nick Chubb,CLE,NOR,RB,0,0,0,0,0,11,50,0,0,0,0,0,5.0
2024,11,Pierre Strong,CLE,NOR,RB,0,0,0,0,0,2,5,0,0,0,0,0,0.5
2024,11,Brevyn Spann-Ford,DAL,HOU,TE,0,0,0,0,0,0,0,0,5,4,42,0,8.2
2024,11,CeeDee Lamb,DAL,HOU,WR,0,0,0,0,0,1,13,0,12,8,93,0,18.6
2024,11,Cooper Rush,DAL,HOU,QB,55,32,354,1,1,2,2,0,0,0,0,0,16.36
2024,11,Deuce Vaughn,DAL,HOU,RB,0,0,0,0,0,4,13,0,2,1,4,0,2.7
2024,11,Ezekiel Elliott,DAL,HOU,RB,0,0,0,0,0,1,8,0,3,3,16,0,5.4
2024,11,Jake Ferguson,DAL,HOU,TE,0,0,0,0,0,0,0,0,1,1,11,0,2.1
2024,11,Jalen Tolbert,DAL,HOU,WR,0,0,0,0,0,0,0,0,5,2,21,0,4.1
2024,11,Jonathan Mingo,DAL,HOU,WR,0,0,0,0,0,0,0,0,4,0,0,0,0.0
2024,11,KaVontae Turpin,DAL,HOU,WR,0,0,0,0,0,0,0,0,3,3,86,1,17.6
2024,11,Luke Schoonmaker,DAL,HOU,TE,0,0,0,0,0,0,0,0,10,6,56,0,11.6
2024,11,Rico Dowdle,DAL,HOU,RB,0,0,0,0,0,10,28,0,5,2,6,0,5.4
2024,11,Ryan Flournoy,DAL,HOU,WR,0,0,0,0,0,0,0,0,3,2,19,0,3.9
2024,11,Adam Trautman,DEN,ATL,TE,0,0,0,0,0,0,0,0,1,0,0,0,0.0
2024,11,Audric Estimé,DEN,ATL,RB,0,0,0,0,0,6,16,0,3,3,9,0,5.5
2024,11,Bo Nix,DEN,ATL,QB,33,28,307,4,0,2,5,0,0,0,0,0,28.78
2024,11,Courtland Sutton,DEN,ATL,WR,0,0,0,0,0,0,0,0,8,7,78,0,14.8
2024,11,Devaughn Vele,DEN,ATL,WR,0,0,0,0,0,0,0,0,5,4,66,0,10.6
2024,11,Jaleel McLaughlin,DEN,ATL,RB,0,0,0,0,0,4,19,0,0,0,0,0,1.9
2024,11,Javonte Williams,DEN,ATL,RB,0,0,0,0,0,9,59,1,5,4,28,0,18.7
2024,11,Lil'Jordan Humphrey,DEN,ATL,WR,0,0,0,0,0,0,0,0,4,4,52,1,15.2
2024,11,Marvin Mims Jr.,DEN,ATL,WR,0,0,0,0,0,3,4,0,2,2,49,1,13.3
2024,11,Michael Burton,DEN,ATL,RB,0,0,0,0,0,2,2,0,1,1,-2,0,1.0
2024,11,Nate Adkins,DEN,ATL,TE,0,0,0,0,0,0,0,0,1,1,12,1,8.2
2024,11,Troy Franklin,DEN,ATL,WR,0,0,0,0,0,0,0,0,2,2,15,1,9.5
2024,11,Allen Robinson,DET,JAX,WR,0,0,0,0,0,0,0,0,2,1,7,0,1.7
2024,11,Amon-Ra St. Brown,DET,JAX,WR,0,0,0,0,0,1,-4,0,11,11,161,2,38.7
2024,11,Brock Wright,DET,JAX,TE,0,0,0,0,0,0,0,0,1,1,5,1,7.5
2024,11,Craig Reynolds,DET,JAX,RB,0,0,0,0,0,2,21,0,0,0,0,0,2.1
2024,11,David Montgomery,DET,JAX,RB,0,0,0,0,0,15,75,2,3,3,20,0,24.5
2024,11,Hendon Hooker,DET,JAX,QB,4,3,37,0,0,4,3,0,0,0,0,0,1.78
2024,11,Jahmyr Gibbs,DET,JAX,RB,0,0,0,0,0,11,69,1,1,1,54,0,19.3
2024,11,Jameson Williams,DET,JAX,WR,0,0,0,0,0,1,2,0,6,4,124,1,22.6
2024,11,Jared Goff,DET,JAX,QB,29,24,412,4,0,4,21,0,0,0,0,0,34.58
2024,11,Kalif Raymond,DET,JAX,WR,0,0,0,0,0,0,0,0,2,2,30,0,5.0
2024,11,Shane Zylstra,DET,JAX,TE,0,0,0,0,0,0,0,0,1,1,22,0,3.2
2024,11,Sione Vaki,DET,JAX,RB,0,0,0,0,0,5,9,0,0,0,0,0,0.9
2024,11,Tim Patrick,DET,JAX,WR,0,0,0,0,0,0,0,0,4,3,26,0,5.6
2024,11,Chris Brooks,GNB,CHI,RB,0,0,0,0,0,0,0,0,2,2,13,0,3.3
2024,11,Christian Watson,GNB,CHI,WR,0,0,0,0,0,0,0,0,4,4,150,0,19.0
2024,11,Dontayvion Wicks,GNB,CHI,WR,0,0,0,0,0,0,0,0,1,0,0,0,0.0
2024,11,Emanuel Wilson,GNB,CHI,RB,0,0,0,0,0,2,17,0,0,0,0,0,1.7
2024,11,Jayden Reed,GNB,CHI,WR,0,0,0,0,0,1,-5,0,2,2,23,1,9.8
2024,11,Jordan Love,GNB,CHI,QB,17,13,261,1,1,4,18,1,0,0,0,0,20.24
2024,11,Josh Jacobs,GNB,CHI,RB,0,0,0,0,0,18,76,1,5,4,58,0,23.4
2024,11,Romeo Doubs,GNB,CHI,WR,0,0,0,0,0,0,0,0,2,1,17,0,2.7
2024,11,Tucker Kraft,GNB,CHI,TE,0,0,0,0,0,0,0,0,1,0,0,0,0.0
2024,11,C.J. Stroud,HOU,DAL,QB,34,23,257,0,1,3,26,0,0,0,0,0,10.88
2024,11,Cade Stover,HOU,DAL,TE,0,0,0,0,0,0,0,0,2,2,15,0,3.5
2024,11,Dalton Schultz,HOU,DAL,TE,0,0,0,0,0,0,0,0,7,5,33,0,8.3
2024,11,Dameon Pierce,HOU,DAL,RB,0,0,0,0,0,1,2,0,0,0,0,0,0.2
2024,11,Dare Ogunbowale,HOU,DAL,RB,0,0,0,0,0,0,0,0,1,1,11,0,2.1
2024,11,Joe Mixon,HOU,DAL,RB,0,0,0,0,0,20,109,3,4,2,44,0,35.3
2024,11,John Metchie III,HOU,DAL,WR,0,0,0,0,0,0,0,0,3,3,33,0,6.3
2024,11,Nico Collins,HOU,DAL,WR,0,0,0,0,0,0,0,0,7,4,54,0,9.4
2024,11,Robert Woods,HOU,DAL,WR,0,0,0,0,0,0,0,0,2,2,13,0,3.3
2024,11,Tank Dell,HOU,DAL,WR,0,0,0,0,0,1,4,0,7,4,54,0,9.8
2024,11,Adonai Mitchell,IND,NYJ,WR,0,0,0,0,0,1,2,0,2,1,33,0,4.5
2024,11,Alec Pierce,IND,NYJ,WR,0,0,0,0,0,0,0,0,4,3,74,0,10.4
2024,11,Andrew Ogletree,IND,NYJ,TE,0,0,0,0,0,0,0,0,1,1,8,0,1.8
2024,11,Anthony Richardson,IND,NYJ,QB,30,20,272,1,0,10,32,2,0,0,0,0,28.08
2024,11,Jonathan Taylor,IND,NYJ,RB,0,0,0,0,0,24,57,0,2,1,3,0,7.0
2024,11,Josh Downs,IND,NYJ,WR,0,0,0,0,0,0,0,0,5,5,84,1,19.4
2024,11,Kylen Granson,IND,NYJ,TE,0,0,0,0,0,0,0,0,2,1,4,0,1.4
2024,11,Michael Pittman,IND,NYJ,WR,0,0,0,0,0,0,0,0,8,5,46,0,9.6
2024,11,Mo Alie-Cox,IND,NYJ,TE,0,0,0,0,0,0,0,0,3,2,17,0,3.7
2024,11,Trey Sermon,IND,NYJ,RB,0,0,0,0,0,0,0,0,1,1,3,0,1.3
2024,11,Brenton Strange,JAX,DET,TE,0,0,0,0,0,0,0,0,1,1,6,0,1.6
2024,11,Brian Thomas Jr.,JAX,DET,WR,0,0,0,0,0,1,4,0,7,5,82,0,13.6
2024,11,D'Ernest Johnson,JAX,DET,RB,0,0,0,0,0,2,3,0,0,0,0,0,0.3
2024,11,Devin Duvernay,JAX,DET,WR,0,0,0,0,0,0,0,0,2,0,0,0,0.0
2024,11,Evan Engram,JAX,DET,TE,0,0,0,0,0,0,0,0,7,5,28,0,7.8
2024,11,Gabe Davis,JAX,DET,WR,0,0,0,0,0,0,0,0,3,1,3,0,1.3
2024,11,Luke Farrell,JAX,DET,TE,0,0,0,0,0,0,0,0,2,1,3,0,1.3
2024,11,Mac Jones,JAX,DET,QB,29,17,138,0,1,2,7,0,0,0,0,0,4.22
2024,11,Parker Washington,JAX,DET,WR,0,0,0,0,0,0,0,0,3,1,10,0,2.0
2024,11,Travis Etienne,JAX,DET,RB,0,0,0,0,0,12,27,0,3,3,6,0,6.3
2024,11,Carson Steele,KAN,BUF,RB,0,0,0,0,0,1,2,0,1,1,5,0,1.7
2024,11,DeAndre Hopkins,KAN,BUF,WR,0,0,0,0,0,0,0,0,4,3,29,0,5.9
2024,11,JuJu Smith-Schuster,KAN,BUF,WR,0,0,0,0,0,0,0,0,1,1,8,0,1.8
2024,11,Justin Watson,KAN,BUF,WR,0,0,0,0,0,0,0,0,2,2,26,0,4.6
2024,11,Kareem Hunt,KAN,BUF,RB,0,0,0,0,0,14,60,0,0,0,0,0,6.0
2024,11,Mecole Hardman,KAN,BUF,WR,0,0,0,0,0,1,9,0,3,2,12,0,4.1
2024,11,Noah Gray,KAN,BUF,TE,0,0,0,0,0,0,0,0,5,4,23,2,18.3
2024,11,Patrick Mahomes,KAN,BUF,QB,33,23,196,3,2,0,0,0,0,0,0,0,15.84
2024,11,Peyton Hendershot,KAN,BUF,TE,0,0,0,0,0,0,0,0,1,1,11,0,2.1
2024,11,Samaje Perine,KAN,BUF,RB,0,0,0,0,0,0,0,0,4,2,8,0,2.8
2024,11,Travis Kelce,KAN,BUF,TE,0,0,0,0,0,0,0,0,4,2,8,0,2.8
2024,11,Xavier Worthy,KAN,BUF,WR,0,0,0,0,0,1,7,0,5,4,61,1,16.8
2024,11,Derius Davis,LAC,CIN,WR,0,0,0,0,0,1,6,0,2,1,14,0,3.0
2024,11,Gus Edwards,LAC,CIN,RB,0,0,0,0,0,6,27,0,0,0,0,0,2.7
2024,11,Hassan Haskins,LAC,CIN,RB,0,0,0,0,0,2,1,0,0,0,0,0,0.1
2024,11,J.K. Dobbins,LAC,CIN,RB,0,0,0,0,0,11,56,2,1,1,3,0,18.9
2024,11,Jalen Reagor,LAC,CIN,WR,0,0,0,0,0,0,0,0,1,0,0,0,0.0
2024,11,Josh Palmer,LAC,CIN,WR,0,0,0,0,0,0,0,0,4,2,23,0,4.3
2024,11,Justin Herbert,LAC,CIN,QB,36,17,297,2,0,5,65,0,0,0,0,0,24.38
2024,11,Ladd McConkey,LAC,CIN,WR,0,0,0,0,0,0,0,0,9,6,123,0,18.3
2024,11,Quentin Johnston,LAC,CIN,WR,0,0,0,0,0,0,0,0,8,2,48,1,12.8
2024,11,Tucker Fisk,LAC,CIN,TE,0,0,0,0,0,0,0,0,2,1,6,0,1.6
2024,11,Will Dissly,LAC,CIN,TE,0,0,0,0,0,0,0,0,6,4,80,1,18.0
2024,11,Blake Corum,LAR,NWE,RB,0,0,0,0,0,5,21,0,1,1,7,0,3.8
2024,11,Colby Parkinson,LAR,NWE,TE,0,0,0,0,0,0,0,0,1,1,19,1,8.9
2024,11,Cooper Kupp,LAR,NWE,WR,0,0,0,0,0,0,0,0,10,6,106,2,28.6
2024,11,Demarcus Robinson,LAR,NWE,WR,0,0,0,0,0,0,0,0,4,2,19,0,3.9
2024,11,Kyren Williams,LAR,NWE,RB,0,0,0,0,0,15,86,0,0,0,0,0,8.6
2024,11,Matthew Stafford,LAR,NWE,QB,27,18,295,4,0,4,0,0,0,0,0,0,27.8
2024,11,Puka Nacua,LAR,NWE,WR,0,0,0,0,0,0,0,0,9,7,123,1,25.3
2024,11,Tutu Atwell,LAR,NWE,WR,0,0,0,0,0,0,0,0,2,1,21,0,3.1
2024,11,Alexander Mattison,LVR,MIA,RB,0,0,0,0,0,5,19,0,3,3,50,0,9.9
2024,11,Ameer Abdullah,LVR,MIA,RB,0,0,0,0,0,1,1,0,3,3,16,1,10.7
2024,11,Brock Bowers,LVR,MIA,TE,0,0,0,0,0,1,-3,0,16,13,126,1,31.3
2024,11,DJ Turner,LVR,MIA,WR,0,0,0,0,0,0,0,0,3,3,29,0,5.9
2024,11,Gardner Minshew,LVR,MIA,QB,43,30,282,2,1,2,7,0,0,0,0,0,17.98
2024,11,Jakobi Meyers,LVR,MIA,WR,0,0,0,0,0,1,20,0,6,4,28,0,8.8
2024,11,Michael Mayer,LVR,MIA,TE,0,0,0,0,0,0,0,0,3,1,5,0,1.5
2024,11,Ramel Keyton,LVR,MIA,WR,0,0,0,0,0,0,0,0,1,0,0,0,0.0
2024,11,Tre Tucker,LVR,MIA,WR,0,0,0,0,0,1,7,0,4,3,28,0,6.5
2024,11,Zamir White,LVR,MIA,RB,0,0,0,0,0,5,9,0,0,0,0,0,0.9
2024,11,De'Von Achane,MIA,LVR,RB,0,0,0,0,0,17,73,1,4,4,32,0,20.5
2024,11,Durham Smythe,MIA,LVR,TE,0,0,0,0,0,0,0,0,1,1,3,0,1.3
2024,11,Jaylen Waddle,MIA,LVR,WR,0,0,0,0,0,0,0,0,3,2,37,0,5.7
2024,11,Jaylen Wright,MIA,LVR,RB,0,0,0,0,0,5,4,0,1,1,2,0,1.6
2024,11,Jonnu Smith,MIA,LVR,TE,0,0,0,0,0,0,0,0,8,6,101,2,28.1
2024,11,Julian Hill,MIA,LVR,TE,0,0,0,0,0,0,0,0,3,2,28,0,4.8
2024,11,Malik Washington,MIA,LVR,WR,0,0,0,0,0,1,7,0,3,3,11,0,4.8
2024,11,Odell Beckham Jr.,MIA,LVR,WR,0,0,0,0,0,0,0,0,4,2,13,0,3.3
2024,11,Raheem Mostert,MIA,LVR,RB,0,0,0,0,0,3,-2,0,0,0,0,0,-0.2
2024,11,Tua Tagovailoa,MIA,LVR,QB,36,28,288,3,0,0,0,0,0,0,0,0,23.52
2024,11,Tyreek Hill,MIA,LVR,WR,0,0,0,0,0,0,0,0,8,7,61,1,19.1
2024,11,Aaron Jones,MIN,TEN,RB,0,0,0,0,0,15,39,0,1,1,4,0,5.3
2024,11,Brandon Powell,MIN,TEN,WR,0,0,0,0,0,0,0,0,1,1,13,0,2.3
2024,11,Cam Akers,MIN,TEN,RB,0,0,0,0,0,10,25,0,2,2,11,1,11.6
2024,11,Jalen Nailor,MIN,TEN,WR,0,0,0,0,0,0,0,0,2,0,0,0,0.0
2024,11,Johnny Mundt,MIN,TEN,TE,0,0,0,0,0,0,0,0,1,1,13,0,2.3
2024,11,Jordan Addison,MIN,TEN,WR,0,0,0,0,0,0,0,0,8,3,61,1,15.1
2024,11,Josh Oliver,MIN,TEN,TE,0,0,0,0,0,0,0,0,3,3,34,0,6.4
2024,11,Justin Jefferson,MIN,TEN,WR,0,0,0,0,0,0,0,0,8,6,81,0,14.1
2024,11,Sam Darnold,MIN,TEN,QB,32,20,246,2,0,8,18,1,0,0,0,0,23.64
2024,11,T.J. Hockenson,MIN,TEN,TE,0,0,0,0,0,0,0,0,3,2,13,0,3.3
2024,11,Trent Sherfield,MIN,TEN,WR,0,0,0,0,0,0,0,0,1,1,16,0,2.6
2024,11,Alvin Kamara,NOR,CLE,RB,0,0,0,0,0,16,67,0,4,4,22,0,12.9
2024,11,Dante Pettis,NOR,CLE,WR,0,0,0,0,0,0,0,0,1,1,9,0,1.9
2024,11,Derek Carr,NOR,CLE,QB,27,21,248,2,0,1,8,0,0,0,0,0,18.72
2024,11,Foster Moreau,NOR,CLE,TE,0,0,0,0,0,0,0,0,4,3,50,0,8.0
2024,11,Jake Haener,NOR,CLE,QB,0,0,0,0,0,2,-2,0,0,0,0,0,-0.2
2024,11,Jordan Mims,NOR,CLE,RB,0,0,0,0,0,2,3,0,0,0,0,0,0.3
2024,11,Juwan Johnson,NOR,CLE,TE,0,0,0,0,0,0,0,0,3,3,30,1,12.0
2024,11,Kevin Austin Jr.,NOR,CLE,WR,0,0,0,0,0,0,0,0,2,1,18,0,2.8
2024,11,Marquez Valdes-Scantling,NOR,CLE,WR,0,0,0,0,0,0,0,0,4,2,87,1,16.7
2024,11,Taysom Hill,NOR,CLE,TE,2,1,18,0,1,7,138,3,10,8,50,0,41.52
2024,11,Antonio Gibson,NWE,LAR,RB,0,0,0,0,0,4,18,0,1,1,2,0,3.0
2024,11,Austin Hooper,NWE,LAR,TE,0,0,0,0,0,0,0,0,4,4,35,0,7.5
2024,11,DeMario Douglas,NWE,LAR,WR,0,0,0,0,0,0,0,0,6,4,59,0,9.9
2024,11,Drake Maye,NWE,LAR,QB,39,29,282,2,1,3,27,0,0,0,0,0,17.98
2024,11,Hunter Henry,NWE,LAR,TE,0,0,0,0,0,0,0,0,9,6,63,0,12.3
2024,11,JaMycal Hasty,NWE,LAR,RB,0,0,0,0,0,2,2,0,0,0,0,0,0.2
2024,11,Jaheim Bell,NWE,LAR,TE,0,0,0,0,0,0,0,0,1,0,0,0,0.0
2024,11,Kayshon Boutte,NWE,LAR,WR,0,0,0,0,0,0,0,0,6,4,33,0,7.3
2024,11,Kendrick Bourne,NWE,LAR,WR,0,0,0,0,0,0,0,0,5,5,70,1,18.0
2024,11,Rhamondre Stevenson,NWE,LAR,RB,0,0,0,0,0,20,73,0,4,4,16,0,12.9
2024,11,Aaron Rodgers,NYJ,IND,QB,29,22,184,2,0,1,7,0,0,0,0,0,16.06
2024,11,Braelon Allen,NYJ,IND,RB,0,0,0,0,0,2,6,0,0,0,0,0,0.6
2024,11,Breece Hall,NYJ,IND,RB,0,0,0,0,0,16,78,1,7,7,43,1,31.1
2024,11,Davante Adams,NYJ,IND,WR,0,0,0,0,0,0,0,0,7,6,72,0,13.2
2024,11,Garrett Wilson,NYJ,IND,WR,0,0,0,0,0,0,0,0,8,4,18,0,5.8
2024,11,Jeremy Ruckert,NYJ,IND,TE,0,0,0,0,0,0,0,0,2,1,6,0,1.6
2024,11,Kenny Yeboah,NYJ,IND,TE,0,0,0,0,0,0,0,0,1,1,11,1,8.1
2024,11,Malachi Corley,NYJ,IND,WR,0,0,0,0,0,0,0,0,1,1,10,0,2.0
2024,11,Tyler Conklin,NYJ,IND,TE,0,0,0,0,0,1,0,0,2,1,7,0,1.7
2024,11,Xavier Gipson,NYJ,IND,WR,0,0,0,0,0,0,0,0,1,1,17,0,2.7
2024,11,A.J. Brown,PHI,WAS,WR,0,0,0,0,0,0,0,0,8,5,65,0,11.5
2024,11,Dallas Goedert,PHI,WAS,TE,0,0,0,0,0,0,0,0,5,5,61,0,11.1
2024,11,DeVonta Smith,PHI,WAS,WR,0,0,0,0,0,0,0,0,6,4,29,0,6.9
2024,11,Jahan Dotson,PHI,WAS,WR,0,0,0,0,0,0,0,0,2,1,8,0,1.8
2024,11,Jalen Hurts,PHI,WAS,QB,28,18,221,0,0,10,39,1,0,0,0,0,18.74
2024,11,Kenny Gainwell,PHI,WAS,RB,0,0,0,0,0,4,43,0,1,1,6,0,5.9
2024,11,Saquon Barkley,PHI,WAS,RB,0,0,0,0,0,26,146,2,3,2,52,0,33.8
2024,11,Ben Skowronek,PIT,BAL,WR,0,0,0,0,0,0,0,0,1,1,4,0,1.4
2024,11,Calvin Austin III,PIT,BAL,WR,0,0,0,0,0,0,0,0,2,1,-1,0,0.9
2024,11,Cordarrelle Patterson,PIT,BAL,RB,0,0,0,0,0,1,0,0,1,1,0,0,1.0
2024,11,Darnell Washington,PIT,BAL,TE,0,0,0,0,0,0,0,0,4,2,42,0,6.2
2024,11,George Pickens,PIT,BAL,WR,0,0,0,0,0,0,0,0,12,8,89,0,16.9
2024,11,Jaylen Warren,PIT,BAL,RB,0,0,0,0,0,9,41,0,4,4,27,0,10.8
2024,11,Justin Fields,PIT,BAL,QB,0,0,0,0,0,2,17,0,0,0,0,0,1.7
2024,11,Najee Harris,PIT,BAL,RB,0,0,0,0,0,18,63,0,5,4,30,0,13.3
2024,11,Pat Freiermuth,PIT,BAL,TE,0,0,0,0,0,0,0,0,2,2,14,0,3.4
2024,11,Russell Wilson,PIT,BAL,QB,36,23,205,0,1,4,1,0,0,0,0,0,6.3
2024,11,Van Jefferson,PIT,BAL,WR,0,0,0,0,0,0,0,0,1,0,0,0,0.0
2024,11,AJ Barner,SEA,SFO,TE,0,0,0,0,0,0,0,0,4,2,15,0,3.5
2024,11,DK Metcalf,SEA,SFO,WR,0,0,0,0,0,0,0,0,9,7,70,0,14.0
2024,11,Geno Smith,SEA,SFO,QB,32,25,221,0,1,4,29,1,0,0,0,0,15.74
2024,11,Jaxon Smith-Njigba,SEA,SFO,WR,0,0,0,0,0,1,8,0,11,10,110,0,21.8
2024,11,Kenneth Walker III,SEA,SFO,RB,0,0,0,0,0,14,54,1,2,2,5,0,13.9
2024,11,Tyler Lockett,SEA,SFO,WR,0,0,0,0,0,0,0,0,3,2,19,0,3.9
2024,11,Zach Charbonnet,SEA,SFO,RB,0,0,0,0,0,4,3,0,2,2,2,0,2.5
2024,11,Brock Purdy,SFO,SEA,QB,28,21,159,1,1,5,40,1,0,0,0,0,18.36
2024,11,Christian McCaffrey,SFO,SEA,RB,0,0,0,0,0,19,79,0,5,4,27,0,14.6
2024,11,Deebo Samuel Sr.,SFO,SEA,WR,0,0,0,0,0,1,-1,0,7,4,22,0,6.1
2024,11,Eric Saubert,SFO,SEA,TE,0,0,0,0,0,0,0,0,1,1,7,0,1.7
2024,11,Jauan Jennings,SFO,SEA,WR,0,0,0,0,0,0,0,0,11,10,91,1,25.1
2024,11,Jordan Mason,SFO,SEA,RB,0,0,0,0,0,2,13,0,0,0,0,0,1.3
2024,11,Kyle Juszczyk,SFO,SEA,RB,0,0,0,0,0,0,0,0,2,2,12,0,3.2
2024,11,Ricky Pearsall,SFO,SEA,WR,0,0,0,0,0,0,0,0,2,0,0,0,0.0
2024,11,Bryce Oliver,TEN,MIN,WR,0,0,0,0,0,0,0,0,1,1,33,0,4.3
2024,11,Calvin Ridley,TEN,MIN,WR,0,0,0,0,0,0,0,0,6,4,58,0,9.8
2024,11,Chig Okonkwo,TEN,MIN,TE,0,0,0,0,0,0,0,0,4,2,19,0,3.9
2024,11,Josh Whyle,TEN,MIN,TE,0,0,0,0,0,0,0,0,1,1,6,0,1.6
2024,11,Nick Vannett,TEN,MIN,TE,0,0,0,0,0,0,0,0,1,1,6,0,1.6
2024,11,Nick Westbrook-Ikhine,TEN,MIN,WR,0,0,0,0,0,0,0,0,6,2,117,1,19.7
2024,11,Tony Pollard,TEN,MIN,RB,0,0,0,0,0,9,15,0,4,2,14,0,4.9
2024,11,Tyjae Spears,TEN,MIN,RB,0,0,0,0,0,3,0,0,3,2,8,0,2.8
2024,11,Tyler Boyd,TEN,MIN,WR,0,0,0,0,0,0,0,0,3,2,34,0,5.4
2024,11,Will Levis,TEN,MIN,QB,31,17,295,1,1,7,18,0,0,0,0,0,15.6
2024,11,Austin Ekeler,WAS,PHI,RB,0,0,0,0,0,2,7,0,9,8,89,0,17.6
2024,11,Brian Robinson,WAS,PHI,RB,0,0,0,0,0,16,63,1,1,1,9,0,14.2
2024,11,Dyami Brown,WAS,PHI,WR,0,0,0,0,0,0,0,0,2,1,4,0,1.4
2024,11,Jayden Daniels,WAS,PHI,QB,32,22,191,1,1,7,18,0,0,0,0,0,13.44
2024,11,Jeremy McNichols,WAS,PHI,RB,0,0,0,0,0,3,5,0,1,1,1,0,1.6
2024,11,John Bates,WAS,PHI,TE,0,0,0,0,0,0,0,0,3,2,17,0,3.7
2024,11,Luke McCaffrey,WAS,PHI,WR,0,0,0,0,0,0,0,0,1,0,0,0,0.0
2024,11,Noah Brown,WAS,PHI,WR,0,0,0,0,0,0,0,0,4,1,4,0,1.4
2024,11,Olamide Zaccheaus,WAS,PHI,WR,0,0,0,0,0,0,0,0,2,1,10,0,2.0
2024,11,Terry McLaurin,WAS,PHI,WR,0,0,0,0,0,0,0,0,2,1,10,0,2.0
2024,11,Zach Ertz,WAS,PHI,TE,0,0,0,0,0,0,0,0,7,6,47,1,18.7
2024,12,Elijah Higgins,ARI,SEA,TE,0,0,0,0,0,0,0,0,2,1,5,0,1.5
2024,12,Emari Demercado,ARI,SEA,RB,0,0,0,0,0,1,14,0,0,0,0,0,1.4
2024,12,Greg Dortch,ARI,SEA,WR,0,0,0,0,0,0,0,0,2,1,5,0,1.5
2024,12,James Conner,ARI,SEA,RB,0,0,0,0,0,7,8,0,5,5,41,0,9.9
2024,12,Kyler Murray,ARI,SEA,QB,37,24,285,0,1,2,9,0,0,0,0,0,10.3
2024,12,Marvin Harrison Jr.,ARI,SEA,WR,0,0,0,0,0,0,0,0,6,3,47,0,7.7
2024,12,Michael Wilson,ARI,SEA,WR,0,0,0,0,0,0,0,0,4,2,54,0,7.4
2024,12,Trey Benson,ARI,SEA,RB,0,0,0,0,0,4,18,0,0,0,0,0,1.8
2024,12,Trey McBride,ARI,SEA,TE,0,0,0,0,0,0,0,0,15,12,133,0,25.3
2024,12,Charlie Kolar,BAL,LAC,TE,0,0,0,0,0,0,0,0,1,1,6,0,1.6
2024,12,Derrick Henry,BAL,LAC,RB,0,0,0,0,0,24,140,0,0,0,0,0,14.0
2024,12,Diontae Johnson,BAL,LAC,WR,0,0,0,0,0,0,0,0,1,0,0,0,0.0
2024,12,Justice Hill,BAL,LAC,RB,0,0,0,0,0,4,55,1,2,2,7,0,14.2
2024,12,Lamar Jackson,BAL,LAC,QB,22,16,177,2,0,8,15,1,0,0,0,0,22.58
2024,12,Mark Andrews,BAL,LAC,TE,0,0,0,0,0,1,2,0,5,5,44,1,15.6
2024,12,Rashod Bateman,BAL,LAC,WR,0,0,0,0,0,0,0,0,3,2,43,1,12.3
2024,12,Tylan Wallace,BAL,LAC,WR,0,0,0,0,0,0,0,0,1,1,15,0,2.5
2024,12,Zay Flowers,BAL,LAC,WR,0,0,0,0,0,0,0,0,8,5,62,0,11.2
2024,12,Adam Thielen,CAR,KAN,WR,0,0,0,0,0,0,0,0,4,3,57,0,8.7
2024,12,Bryce Young,CAR,KAN,QB,35,21,263,1,0,3,20,0,0,0,0,0,16.52
2024,12,Chuba Hubbard,CAR,KAN,RB,0,0,0,0,0,16,58,1,5,1,2,0,15.0
2024,12,David Moore,CAR,KAN,WR,0,0,0,0,0,0,0,0,10,6,81,1,20.1
2024,12,Deven Thompkins,CAR,KAN,WR,0,0,0,0,0,0,0,0,3,3,13,0,4.3
2024,12,Ja'Tavion Sanders,CAR,KAN,TE,0,0,0,0,0,0,0,0,3,3,49,0,7.9
2024,12,Jonathon Brooks,CAR,KAN,RB,0,0,0,0,0,2,7,0,0,0,0,0,0.7
2024,12,Tommy Tremble,CAR,KAN,TE,0,0,0,0,0,0,0,0,2,1,5,0,1.5
2024,12,Xavier Legette,CAR,KAN,WR,0,0,0,0,0,0,0,0,6,4,56,0,9.6
2024,12,Caleb Williams,CHI,MIN,QB,47,32,340,2,0,6,33,0,0,0,0,0,26.9
2024,12,Cole Kmet,CHI,MIN,TE,0,0,0,0,0,0,0,0,10,7,64,0,13.4
2024,12,D'Andre Swift,CHI,MIN,RB,0,0,0,0,0,13,30,0,4,3,35,0,9.5
2024,12,DJ Moore,CHI,MIN,WR,1,0,0,0,0,1,13,0,7,7,106,1,26.9
2024,12,Keenan Allen,CHI,MIN,WR,0,0,0,0,0,0,0,0,15,9,86,1,23.6
2024,12,Rome Odunze,CHI,MIN,WR,0,0,0,0,0,0,0,0,10,5,39,0,8.9
2024,12,Roschon Johnson,CHI,MIN,RB,0,0,0,0,0,2,2,1,1,1,10,0,8.2
2024,12,Blake Whiteheart,CLE,PIT,TE,0,0,0,0,0,0,0,0,1,1,29,0,3.9
2024,12,Cedric Tillman,CLE,PIT,WR,0,0,0,0,0,0,0,0,4,2,28,0,2.8
2024,12,David Njoku,CLE,PIT,TE,0,0,0,0,0,0,0,0,5,1,9,0,3.9
2024,12,Elijah Moore,CLE,PIT,WR,0,0,0,0,0,0,0,0,5,3,21,0,5.1
2024,12,Jameis Winston,CLE,PIT,QB,27,18,219,0,1,3,7,1,0,0,0,0,13.46
2024,12,Jerome Ford,CLE,PIT,RB,0,0,0,0,0,4,19,0,1,1,8,0,3.7
2024,12,Jerry Jeudy,CLE,PIT,WR,0,0,0,0,0,0,0,0,6,6,85,0,14.5
2024,12,Jordan Akins,CLE,PIT,TE,0,0,0,0,0,0,0,0,4,3,38,0,6.8
2024,12,Nick Chubb,CLE,PIT,RB,0,0,0,0,0,20,59,2,1,1,1,0,19.0
2024,12,Brevyn Spann-Ford,DAL,WAS,TE,0,0,0,0,0,0,0,0,2,2,24,0,4.4
2024,12,CeeDee Lamb,DAL,WAS,WR,0,0,0,0,0,1,1,0,12,10,67,0,16.8
2024,12,Cooper Rush,DAL,WAS,QB,32,24,247,2,0,4,1,0,0,0,0,0,17.98
2024,12,Ezekiel Elliott,DAL,WAS,RB,0,0,0,0,0,3,6,0,0,0,0,0,0.6
2024,12,Hunter Luepke,DAL,WAS,RB,0,0,0,0,0,0,0,0,1,1,10,0,2.0
2024,12,Jalen Brooks,DAL,WAS,WR,0,0,0,0,0,0,0,0,3,1,41,0,5.1
2024,12,Jalen Tolbert,DAL,WAS,WR,0,0,0,0,0,0,0,0,4,2,22,1,10.2
2024,12,Jonathan Mingo,DAL,WAS,WR,0,0,0,0,0,0,0,0,2,1,8,0,1.8
2024,12,KaVontae Turpin,DAL,WAS,WR,0,0,0,0,0,0,0,0,1,1,8,0,7.8
2024,12,Luke Schoonmaker,DAL,WAS,TE,0,0,0,0,0,0,0,0,4,3,55,1,14.5
2024,12,Rico Dowdle,DAL,WAS,RB,0,0,0,0,0,19,86,0,3,3,12,0,10.8
2024,12,Trey Lance,DAL,WAS,QB,0,0,0,0,0,1,-3,0,0,0,0,0,-0.3
2024,12,Adam Trautman,DEN,LVR,TE,0,0,0,0,0,0,0,0,2,1,3,0,1.3
2024,12,Audric Estimé,DEN,LVR,RB,0,0,0,0,0,3,15,0,0,0,0,0,1.5
2024,12,Bo Nix,DEN,LVR,QB,42,25,273,2,0,1,5,0,0,0,0,0,19.42
2024,12,Courtland Sutton,DEN,LVR,WR,0,0,0,0,0,0,0,0,10,8,97,2,29.7
2024,12,Devaughn Vele,DEN,LVR,WR,0,0,0,0,0,0,0,0,9,6,80,0,14.0
2024,12,Jaleel McLaughlin,DEN,LVR,RB,0,0,0,0,0,7,44,0,1,0,0,0,4.4
2024,12,Javonte Williams,DEN,LVR,RB,0,0,0,0,0,8,-2,0,4,2,6,0,2.4
2024,12,Lil'Jordan Humphrey,DEN,LVR,WR,0,0,0,0,0,0,0,0,3,2,4,0,2.4
2024,12,Marvin Mims Jr.,DEN,LVR,WR,0,0,0,0,0,2,-2,0,5,3,44,0,7.2
2024,12,Michael Burton,DEN,LVR,RB,0,0,0,0,0,1,3,0,1,1,8,0,2.1
2024,12,Troy Franklin,DEN,LVR,WR,0,0,0,0,0,0,0,0,4,2,31,0,5.1
2024,12,Amon-Ra St. Brown,DET,IND,WR,0,0,0,0,0,0,0,0,7,6,62,0,12.2
2024,12,Brock Wright,DET,IND,TE,0,0,0,0,0,0,0,0,2,2,24,0,4.4
2024,12,Craig Reynolds,DET,IND,RB,0,0,0,0,0,1,6,0,0,0,0,0,0.6
2024,12,David Montgomery,DET,IND,RB,0,0,0,0,0,8,37,1,3,3,36,0,16.3
2024,12,Jahmyr Gibbs,DET,IND,RB,0,0,0,0,0,21,90,2,3,3,9,0,24.9
2024,12,Jameson Williams,DET,IND,WR,0,0,0,0,0,1,4,0,7,5,64,0,11.8
2024,12,Jared Goff,DET,IND,QB,36,26,269,0,0,2,0,0,0,0,0,0,10.76
2024,12,Kalif Raymond,DET,IND,WR,0,0,0,0,0,0,0,0,1,0,0,0,0.0
2024,12,Sam LaPorta,DET,IND,TE,0,0,0,0,0,0,0,0,6,3,19,0,4.9
2024,12,Tim Patrick,DET,IND,WR,0,0,0,0,0,0,0,0,4,4,55,0,9.5
2024,12,Bo Melton,GNB,SFO,WR,0,0,0,0,0,1,5,0,1,0,0,0,0.5
2024,12,Chris Brooks,GNB,SFO,RB,0,0,0,0,0,4,11,0,1,1,15,0,3.6
2024,12,Christian Watson,GNB,SFO,WR,0,0,0,0,0,1,4,0,3,0,0,0,0.4
2024,12,Dontayvion Wicks,GNB,SFO,WR,0,0,0,0,0,0,0,0,2,1,25,0,3.5
2024,12,Emanuel Wilson,GNB,SFO,RB,0,0,0,0,0,9,41,0,0,0,0,0,4.1
2024,12,Jayden Reed,GNB,SFO,WR,0,0,0,0,0,0,0,0,3,3,26,0,5.6
2024,12,John FitzPatrick,GNB,SFO,TE,0,0,0,0,0,0,0,0,1,1,2,0,1.2
2024,12,Jordan Love,GNB,SFO,QB,23,13,163,2,0,1,2,0,0,0,0,0,14.72
2024,12,Josh Jacobs,GNB,SFO,RB,0,0,0,0,0,26,106,3,1,0,0,0,28.6
2024,12,Malik Heath,GNB,SFO,WR,0,0,0,0,0,0,0,0,2,2,15,1,9.5
2024,12,Romeo Doubs,GNB,SFO,WR,0,0,0,0,0,0,0,0,6,3,54,0,8.4
2024,12,Tucker Kraft,GNB,SFO,TE,0,0,0,0,0,0,0,0,2,2,26,1,10.6
2024,12,C.J. Stroud,HOU,TEN,QB,33,20,247,2,2,3,18,0,0,0,0,0,15.68
2024,12,Cade Stover,HOU,TEN,TE,0,0,0,0,0,0,0,0,4,3,26,1,11.6
2024,12,Dalton Schultz,HOU,TEN,TE,0,0,0,0,0,0,0,0,2,2,20,0,4.0
2024,12,Joe Mixon,HOU,TEN,RB,0,0,0,0,0,14,22,0,6,5,23,0,9.5
2024,12,John Metchie III,HOU,TEN,WR,0,0,0,0,0,0,0,0,3,1,6,0,1.6
2024,12,Nico Collins,HOU,TEN,WR,0,0,0,0,0,0,0,0,9,5,92,1,20.2
2024,12,Robert Woods,HOU,TEN,WR,0,0,0,0,0,0,0,0,1,1,8,0,1.8
2024,12,Tank Dell,HOU,TEN,WR,0,0,0,0,0,0,0,0,5,3,72,0,10.2
2024,12,Xavier Hutchinson,HOU,TEN,WR,0,0,0,0,0,0,0,0,1,0,0,0,0.0
2024,12,Adonai Mitchell,IND,DET,WR,0,0,0,0,0,0,0,0,3,1,10,0,2.0
2024,12,Alec Pierce,IND,DET,WR,0,0,0,0,0,0,0,0,4,1,39,0,4.9
2024,12,Andrew Ogletree,IND,DET,TE,0,0,0,0,0,0,0,0,1,0,0,0,0.0
2024,12,Anthony Richardson,IND,DET,QB,28,11,172,0,0,10,61,0,0,0,0,0,12.98
2024,12,Ashton Dulin,IND,DET,WR,0,0,0,0,0,0,0,0,1,0,0,0,0.0
2024,12,Jonathan Taylor,IND,DET,RB,0,0,0,0,0,11,35,0,0,0,0,0,3.5
2024,12,Josh Downs,IND,DET,WR,0,0,0,0,0,0,0,0,7,3,27,0,5.7
2024,12,Kylen Granson,IND,DET,TE,0,0,0,0,0,0,0,0,2,0,0,0,0.0
2024,12,Michael Pittman,IND,DET,WR,0,0,0,0,0,0,0,0,7,6,96,0,15.6
2024,12,Carson Steele,KAN,CAR,RB,0,0,0,0,0,1,4,0,2,1,9,0,2.3
2024,12,DeAndre Hopkins,KAN,CAR,WR,0,0,0,0,0,0,0,0,6,5,35,1,14.5
2024,12,JuJu Smith-Schuster,KAN,CAR,WR,0,0,0,0,0,0,0,0,2,1,6,0,1.6
2024,12,Justin Watson,KAN,CAR,WR,0,0,0,0,0,0,0,0,2,1,15,0,2.5
2024,12,Kareem Hunt,KAN,CAR,RB,0,0,0,0,0,16,68,0,4,3,19,0,11.7
2024,12,Mecole Hardman,KAN,CAR,WR,0,0,0,0,0,2,15,0,0,0,0,0,1.5
2024,12,Noah Gray,KAN,CAR,TE,0,0,0,0,0,0,0,0,4,4,66,2,22.6
2024,12,Patrick Mahomes,KAN,CAR,QB,37,27,269,3,0,5,60,0,0,0,0,0,28.76
2024,12,Samaje Perine,KAN,CAR,RB,0,0,0,0,0,1,13,0,2,2,11,0,4.4
2024,12,Travis Kelce,KAN,CAR,TE,0,0,0,0,0,0,0,0,8,6,62,0,12.2
2024,12,Xavier Worthy,KAN,CAR,WR,0,0,0,0,0,1,5,0,6,4,46,0,9.1
2024,12,Derius Davis,LAC,BAL,WR,0,0,0,0,0,0,0,0,2,2,4,0,2.4
2024,12,Gus Edwards,LAC,BAL,RB,0,0,0,0,0,9,11,1,1,0,0,0,7.1
2024,12,Hassan Haskins,LAC,BAL,RB,0,0,0,0,0,1,3,0,0,0,0,0,0.3
2024,12,J.K. Dobbins,LAC,BAL,RB,0,0,0,0,0,6,40,0,5,3,19,0,8.9
2024,12,Jalen Reagor,LAC,BAL,WR,0,0,0,0,0,0,0,0,4,2,20,0,4.0
2024,12,Josh Palmer,LAC,BAL,WR,0,0,0,0,0,0,0,0,8,3,38,0,6.8
2024,12,Justin Herbert,LAC,BAL,QB,36,21,218,0,0,4,29,1,0,0,0,0,17.62
2024,12,Ladd McConkey,LAC,BAL,WR,0,0,0,0,0,0,0,0,6,6,83,0,14.3
2024,12,Quentin Johnston,LAC,BAL,WR,0,0,0,0,0,0,0,0,5,0,0,0,0.0
2024,12,Tucker Fisk,LAC,BAL,TE,0,0,0,0,0,0,0,0,1,1,7,0,1.7
2024,12,Will Dissly,LAC,BAL,TE,0,0,0,0,0,0,0,0,4,4,47,0,8.7
2024,12,Blake Corum,LAR,PHI,RB,0,0,0,0,0,1,5,0,0,0,0,0,0.5
2024,12,Colby Parkinson,LAR,PHI,TE,0,0,0,0,0,0,0,0,2,1,10,0,2.0
2024,12,Cooper Kupp,LAR,PHI,WR,0,0,0,0,0,0,0,0,11,8,60,1,20.0
2024,12,Davis Allen,LAR,PHI,TE,0,0,0,0,0,0,0,0,1,0,0,0,0.0
2024,12,Demarcus Robinson,LAR,PHI,WR,0,0,0,0,0,0,0,0,3,2,15,1,9.5
2024,12,Kyren Williams,LAR,PHI,RB,0,0,0,0,0,16,72,1,0,0,0,0,11.2
2024,12,Matthew Stafford,LAR,PHI,QB,36,24,243,2,0,1,15,0,0,0,0,0,19.22
2024,12,Puka Nacua,LAR,PHI,WR,0,0,0,0,0,0,0,0,13,9,117,0,20.7
2024,12,Tutu Atwell,LAR,PHI,WR,0,0,0,0,0,0,0,0,3,3,30,0,6.0
2024,12,Tyler Johnson,LAR,PHI,WR,0,0,0,0,0,0,0,0,1,1,11,0,2.1
2024,12,Ameer Abdullah,LVR,DEN,RB,0,0,0,0,0,8,28,0,6,5,37,1,17.5
2024,12,Brock Bowers,LVR,DEN,TE,0,0,0,0,0,0,0,0,10,4,38,0,7.8
2024,12,DJ Turner,LVR,DEN,WR,0,0,0,0,0,0,0,0,4,2,5,0,2.5
2024,12,Desmond Ridder,LVR,DEN,QB,10,5,64,0,0,1,3,0,0,0,0,0,0.86
2024,12,Gardner Minshew,LVR,DEN,QB,42,25,230,1,1,2,5,0,0,0,0,0,11.7
2024,12,Jakobi Meyers,LVR,DEN,WR,0,0,0,0,0,0,0,0,15,10,121,0,22.1
2024,12,Michael Mayer,LVR,DEN,TE,0,0,0,0,0,0,0,0,2,2,11,0,3.1
2024,12,Sincere McCormick,LVR,DEN,RB,0,0,0,0,0,5,33,0,0,0,0,0,3.3
2024,12,Tre Tucker,LVR,DEN,WR,0,0,0,0,0,0,0,0,8,7,82,0,15.2
2024,12,De'Von Achane,MIA,NWE,RB,0,0,0,0,0,10,32,0,4,3,24,2,20.6
2024,12,Durham Smythe,MIA,NWE,TE,0,0,0,0,0,0,0,0,1,1,8,0,1.8
2024,12,Jaylen Waddle,MIA,NWE,WR,0,0,0,0,0,0,0,0,9,8,144,1,28.4
2024,12,Jaylen Wright,MIA,NWE,RB,0,0,0,0,0,7,28,0,1,0,0,0,0.8
2024,12,Jonnu Smith,MIA,NWE,TE,0,0,0,0,0,1,0,0,11,9,87,1,23.7
2024,12,Julian Hill,MIA,NWE,TE,0,0,0,0,0,0,0,0,2,1,8,0,1.8
2024,12,Malik Washington,MIA,NWE,WR,0,0,0,0,0,1,2,0,2,1,1,0,1.3
2024,12,Odell Beckham Jr.,MIA,NWE,WR,0,0,0,0,0,0,0,0,3,0,0,0,0.0
2024,12,Raheem Mostert,MIA,NWE,RB,0,0,0,0,0,2,5,0,1,1,-3,0,1.2
2024,12,Tua Tagovailoa,MIA,NWE,QB,40,29,317,4,0,3,-2,0,0,0,0,0,28.48
2024,12,Tyreek Hill,MIA,NWE,WR,0,0,0,0,0,0,0,0,6,5,48,0,9.8
2024,12,Aaron Jones,MIN,CHI,RB,0,0,0,0,0,22,106,1,4,3,23,0,19.9
2024,12,C.J. Ham,MIN,CHI,RB,0,0,0,0,0,0,0,0,1,0,0,0,0.0
2024,12,Cam Akers,MIN,CHI,RB,0,0,0,0,0,3,19,0,1,1,6,0,3.5
2024,12,Jalen Nailor,MIN,CHI,WR,0,0,0,0,0,0,0,0,2,1,5,1,7.5
2024,12,Johnny Mundt,MIN,CHI,TE,0,0,0,0,0,0,0,0,1,1,7,0,1.7
2024,12,Jordan Addison,MIN,CHI,WR,0,0,0,0,0,0,0,0,9,8,162,1,30.2
2024,12,Justin Jefferson,MIN,CHI,WR,0,0,0,0,0,0,0,0,5,2,27,0,4.7
2024,12,Sam Darnold,MIN,CHI,QB,34,22,330,2,0,2,-1,0,0,0,0,0,21.1
2024,12,T.J. Hockenson,MIN,CHI,TE,0,0,0,0,0,0,0,0,9,7,114,0,18.4
2024,12,Antonio Gibson,NWE,MIA,RB,0,0,0,0,0,6,31,0,2,1,14,0,5.5
2024,12,Austin Hooper,NWE,MIA,TE,0,0,0,0,0,0,0,0,4,4,59,1,15.9
2024,12,DeMario Douglas,NWE,MIA,WR,0,0,0,0,0,1,1,0,7,5,62,0,11.3
2024,12,Drake Maye,NWE,MIA,QB,37,22,222,1,1,5,26,0,0,0,0,0,13.48
2024,12,Hunter Henry,NWE,MIA,TE,0,0,0,0,0,0,0,0,8,5,44,0,9.4
2024,12,Ja'Lynn Polk,NWE,MIA,WR,0,0,0,0,0,0,0,0,2,1,7,0,1.7
2024,12,JaMycal Hasty,NWE,MIA,RB,0,0,0,0,0,1,15,0,2,2,0,0,3.5
2024,12,Javon Baker,NWE,MIA,WR,0,0,0,0,0,0,0,0,1,0,0,0,0.0
2024,12,Kayshon Boutte,NWE,MIA,WR,0,0,0,0,0,0,0,0,4,1,6,0,1.6
2024,12,Kendrick Bourne,NWE,MIA,WR,1,0,0,0,0,0,0,0,5,3,30,0,6.0
2024,12,Rhamondre Stevenson,NWE,MIA,RB,0,0,0,0,0,8,13,0,2,0,0,0,3.3
2024,12,Darius Slayton,NYG,TAM,WR,0,0,0,0,0,0,0,0,2,0,0,0,0.0
2024,12,Devin Singletary,NYG,TAM,RB,0,0,0,0,0,2,3,1,2,2,7,0,9.0
2024,12,Eric Gray,NYG,TAM,RB,0,0,0,0,0,1,-1,0,2,2,7,0,2.6
2024,12,Malik Nabers,NYG,TAM,WR,0,0,0,0,0,0,0,0,9,6,64,0,12.4
2024,12,Theo Johnson,NYG,TAM,TE,0,0,0,0,0,0,0,0,6,3,39,0,6.9
2024,12,Tommy DeVito,NYG,TAM,QB,31,21,189,0,0,7,32,0,0,0,0,0,10.76
2024,12,Tyrone Tracy Jr.,NYG,TAM,RB,0,0,0,0,0,9,42,0,4,4,28,0,9.0
2024,12,Wan'Dale Robinson,NYG,TAM,WR,0,0,0,0,0,1,0,0,5,5,47,0,9.7
2024,12,A.J. Brown,PHI,LAR,WR,0,0,0,0,0,0,0,0,7,6,109,1,22.9
2024,12,Dallas Goedert,PHI,LAR,TE,0,0,0,0,0,0,0,0,5,4,19,0,5.9
2024,12,Grant Calcaterra,PHI,LAR,TE,0,0,0,0,0,0,0,0,1,0,0,0,0.0
2024,12,Jahan Dotson,PHI,LAR,WR,0,0,0,0,0,0,0,0,1,1,4,0,1.4
2024,12,Jalen Hurts,PHI,LAR,QB,22,15,179,1,0,12,39,0,0,0,0,0,15.06
2024,12,Johnny Wilson,PHI,LAR,WR,0,0,0,0,0,0,0,0,1,0,0,0,0.0
2024,12,Kenny Gainwell,PHI,LAR,RB,0,0,0,0,0,5,22,1,0,0,0,0,8.2
2024,12,Kenny Pickett,PHI,LAR,QB,0,0,0,0,0,2,-2,0,0,0,0,0,-0.2
2024,12,Saquon Barkley,PHI,LAR,RB,0,0,0,0,0,26,255,2,4,4,47,0,46.2
2024,12,Calvin Austin III,PIT,CLE,WR,0,0,0,0,0,0,0,0,3,3,78,1,16.8
2024,12,Cordarrelle Patterson,PIT,CLE,RB,0,0,0,0,0,1,-2,0,0,0,0,0,-0.2
2024,12,Darnell Washington,PIT,CLE,TE,0,0,0,0,0,0,0,0,3,3,14,0,4.4
2024,12,George Pickens,PIT,CLE,WR,0,0,0,0,0,0,0,0,7,4,48,0,8.8
2024,12,Jaylen Warren,PIT,CLE,RB,0,0,0,0,0,11,45,1,4,3,19,0,15.4
2024,12,Justin Fields,PIT,CLE,QB,1,0,0,0,0,3,26,0,0,0,0,0,2.6
2024,12,Najee Harris,PIT,CLE,RB,0,0,0,0,0,16,41,0,2,2,13,0,7.4
2024,12,Pat Freiermuth,PIT,CLE,TE,0,0,0,0,0,0,0,0,4,4,59,0,9.9
2024,12,Russell Wilson,PIT,CLE,QB,28,21,270,1,0,3,10,0,0,0,0,0,13.8
2024,12,Van Jefferson,PIT,CLE,WR,0,0,0,0,0,0,0,0,2,2,39,0,5.9
2024,12,AJ Barner,SEA,ARI,TE,0,0,0,0,0,0,0,0,4,3,19,0,4.9
2024,12,DK Metcalf,SEA,ARI,WR,0,0,0,0,0,0,0,0,5,4,59,0,9.9
2024,12,Geno Smith,SEA,ARI,QB,31,22,254,1,1,3,2,0,0,0,0,0,12.36
2024,12,Jake Bobo,SEA,ARI,WR,0,0,0,0,0,0,0,0,1,1,8,0,1.8
2024,12,Jaxon Smith-Njigba,SEA,ARI,WR,0,0,0,0,0,0,0,0,7,6,77,1,19.7
2024,12,Kenneth Walker III,SEA,ARI,RB,0,0,0,0,0,16,41,0,6,4,52,0,13.3
2024,12,Pharaoh Brown,SEA,ARI,TE,0,0,0,0,0,0,0,0,2,2,19,0,3.9
2024,12,Tyler Lockett,SEA,ARI,WR,0,0,0,0,0,0,0,0,3,2,20,0,4.0
2024,12,Zach Charbonnet,SEA,ARI,RB,0,0,0,0,0,6,22,0,0,0,0,0,2.2
2024,12,Brandon Allen,SFO,GNB,QB,29,17,199,1,1,2,5,0,0,0,0,0,8.46
2024,12,Chris Conley,SFO,GNB,WR,0,0,0,0,0,0,0,0,1,0,0,0,0.0
2024,12,Christian McCaffrey,SFO,GNB,RB,0,0,0,0,0,11,31,0,4,3,37,0,7.8
2024,12,Deebo Samuel Sr.,SFO,GNB,WR,0,0,0,0,0,0,0,0,4,1,21,0,3.1
2024,12,Eric Saubert,SFO,GNB,TE,0,0,0,0,0,0,0,0,1,0,0,0,0.0
2024,12,George Kittle,SFO,GNB,TE,0,0,0,0,0,0,0,0,6,6,82,1,20.2
2024,12,Jauan Jennings,SFO,GNB,WR,0,0,0,0,0,0,0,0,7,5,40,0,9.0
2024,12,Jordan Mason,SFO,GNB,RB,0,0,0,0,0,3,8,0,2,1,5,0,2.3
2024,12,Kyle Juszczyk,SFO,GNB,RB,0,0,0,0,0,0,0,0,1,1,14,0,2.4
2024,12,Baker Mayfield,TAM,NYG,QB,30,24,294,0,0,4,29,1,0,0,0,0,18.66
2024,12,Bucky Irving,TAM,NYG,RB,0,0,0,0,0,12,88,1,6,6,64,0,27.2
2024,12,Cade Otton,TAM,NYG,TE,0,0,0,0,0,0,0,0,3,1,30,0,4.0
2024,12,Jalen McMillan,TAM,NYG,WR,0,0,0,0,0,0,0,0,2,1,11,0,2.1
2024,12,Mike Evans,TAM,NYG,WR,0,0,0,0,0,0,0,0,6,5,68,0,11.8
2024,12,Payne Durham,TAM,NYG,TE,0,0,0,0,0,0,0,0,1,1,26,0,3.6
2024,12,Rachaad White,TAM,NYG,RB,0,0,0,0,0,12,37,1,1,1,10,0,11.7
2024,12,Rakim Jarrett,TAM,NYG,WR,0,0,0,0,0,0,0,0,1,1,30,0,4.0
2024,12,Ryan Miller,TAM,NYG,WR,0,0,0,0,0,0,0,0,1,1,14,0,2.4
2024,12,Sean Tucker,TAM,NYG,RB,0,0,0,0,0,4,3,1,1,1,7,0,8.0
2024,12,Sterling Shepard,TAM,NYG,WR,0,0,0,0,0,0,0,0,7,5,16,0,6.6
2024,12,Trey Palmer,TAM,NYG,WR,0,0,0,0,0,0,0,0,1,1,18,0,2.8
2024,12,Calvin Ridley,TEN,HOU,WR,0,0,0,0,0,0,0,0,6,5,93,0,14.3
2024,12,Chig Okonkwo,TEN,HOU,TE,0,0,0,0,0,0,0,0,1,1,70,1,14.0
2024,12,Julius Chestnut,TEN,HOU,RB,0,0,0,0,0,1,3,0,1,1,2,0,1.5
2024,12,Nick Vannett,TEN,HOU,TE,0,0,0,0,0,0,0,0,1,0,0,0,0.0
2024,12,Nick Westbrook-Ikhine,TEN,HOU,WR,0,0,0,0,0,0,0,0,5,2,48,1,12.8
2024,12,Tony Pollard,TEN,HOU,RB,0,0,0,0,0,24,119,1,5,3,10,0,21.9
2024,12,Tyler Boyd,TEN,HOU,WR,1,0,0,0,0,0,0,0,6,6,55,0,11.5
2024,12,Will Levis,TEN,HOU,QB,24,18,278,2,1,8,10,0,0,0,0,0,16.12
2024,12,Austin Ekeler,WAS,DAL,RB,0,0,0,0,0,9,22,0,3,2,2,0,4.4
2024,12,Brian Robinson,WAS,DAL,RB,0,0,0,0,0,5,13,0,2,1,11,0,3.4
2024,12,Dyami Brown,WAS,DAL,WR,0,0,0,0,0,1,14,0,2,2,22,0,5.6
2024,12,Jayden Daniels,WAS,DAL,QB,38,25,275,2,2,7,74,1,0,0,0,0,30.4
2024,12,Jeremy McNichols,WAS,DAL,RB,0,0,0,0,0,3,22,0,0,0,0,0,2.2
2024,12,John Bates,WAS,DAL,TE,0,0,0,0,0,0,0,0,1,1,13,0,0.3
2024,12,Luke McCaffrey,WAS,DAL,WR,0,0,0,0,0,0,0,0,1,1,8,0,1.8
2024,12,Noah Brown,WAS,DAL,WR,0,0,0,0,0,0,0,0,10,6,71,0,13.1
2024,12,Olamide Zaccheaus,WAS,DAL,WR,0,0,0,0,0,0,0,0,1,1,8,0,1.8
2024,12,Terry McLaurin,WAS,DAL,WR,0,0,0,0,0,0,0,0,6,5,102,1,21.2
2024,12,Zach Ertz,WAS,DAL,TE,0,0,0,0,0,0,0,0,8,6,38,1,15.8
2024,13,Elijah Higgins,ARI,MIN,TE,0,0,0,0,0,0,0,0,2,2,23,0,4.3
2024,13,Emari Demercado,ARI,MIN,RB,0,0,0,0,0,3,12,0,2,1,3,0,2.5
2024,13,Greg Dortch,ARI,MIN,WR,0,0,0,0,0,1,6,0,3,2,1,0,2.7
2024,13,James Conner,ARI,MIN,RB,0,0,0,0,0,17,68,0,4,3,13,0,11.1
2024,13,Kyler Murray,ARI,MIN,QB,45,31,260,1,2,7,48,0,0,0,0,0,15.2
2024,13,Marvin Harrison Jr.,ARI,MIN,WR,0,0,0,0,0,0,0,0,12,5,60,1,17.0
2024,13,Michael Wilson,ARI,MIN,WR,0,0,0,0,0,0,0,0,7,5,55,0,10.5
2024,13,Tip Reiman,ARI,MIN,TE,0,0,0,0,0,0,0,0,1,1,9,0,1.9
2024,13,Trey Benson,ARI,MIN,RB,0,0,0,0,0,3,20,0,0,0,0,0,2.0
2024,13,Trey McBride,ARI,MIN,TE,0,0,0,0,0,0,0,0,12,12,96,0,21.6
2024,13,Bijan Robinson,ATL,LAC,RB,0,0,0,0,0,26,102,1,6,6,33,0,25.5
2024,13,Charlie Woerner,ATL,LAC,TE,0,0,0,0,0,0,0,0,1,1,5,0,1.5
2024,13,Darnell Mooney,ATL,LAC,WR,0,0,0,0,0,0,0,0,6,3,20,0,5.0
2024,13,Drake London,ATL,LAC,WR,0,0,0,0,0,1,-3,0,16,9,86,0,17.3
2024,13,Kirk Cousins,ATL,LAC,QB,39,24,245,0,4,1,3,0,0,0,0,0,2.1
2024,13,Kyle Pitts,ATL,LAC,TE,0,0,0,0,0,0,0,0,2,0,0,0,0.0
2024,13,Ray-Ray McCloud,ATL,LAC,WR,0,0,0,0,0,1,-2,0,6,4,95,0,13.3
2024,13,Tyler Allgeier,ATL,LAC,RB,0,0,0,0,0,8,16,0,1,1,6,0,3.2
2024,13,Derrick Henry,BAL,PHI,RB,0,0,0,0,0,19,82,0,3,3,29,0,14.1
2024,13,Isaiah Likely,BAL,PHI,TE,0,0,0,0,0,0,0,0,8,5,38,1,14.8
2024,13,Justice Hill,BAL,PHI,RB,0,0,0,0,0,3,6,0,6,4,15,0,6.1
2024,13,Lamar Jackson,BAL,PHI,QB,36,23,237,2,0,8,79,0,0,0,0,0,25.38
2024,13,Mark Andrews,BAL,PHI,TE,0,0,0,0,0,1,2,0,7,6,67,1,18.9
2024,13,Nelson Agholor,BAL,PHI,WR,0,0,0,0,0,0,0,0,2,0,0,0,0.0
2024,13,Tylan Wallace,BAL,PHI,WR,0,0,0,0,0,0,0,0,2,2,14,0,3.4
2024,13,Zay Flowers,BAL,PHI,WR,0,0,0,0,0,1,-3,0,7,3,74,0,10.1
2024,13,Amari Cooper,BUF,SFO,WR,0,0,0,0,0,0,0,0,3,3,12,0,4.2
2024,13,Curtis Samuel,BUF,SFO,WR,0,0,0,0,0,1,7,0,0,0,0,0,0.7
2024,13,Dawson Knox,BUF,SFO,TE,0,0,0,0,0,0,0,0,2,2,56,0,7.6
2024,13,James Cook,BUF,SFO,RB,0,0,0,0,0,14,107,1,1,1,13,0,19.0
2024,13,Josh Allen,BUF,SFO,QB,17,13,148,2,0,3,18,1,0,0,7,1,28.42
2024,13,Khalil Shakir,BUF,SFO,WR,0,0,0,0,0,0,0,0,7,4,30,0,7.0
2024,13,Mack Hollins,BUF,SFO,WR,0,0,0,0,0,0,0,0,1,1,7,1,7.7
2024,13,Mitchell Trubisky,BUF,SFO,QB,1,1,4,0,0,4,-3,0,0,0,0,0,-0.14
2024,13,Quintin Morris,BUF,SFO,TE,0,0,0,0,0,0,0,0,1,1,14,0,2.4
2024,13,Ray Davis,BUF,SFO,RB,0,0,0,0,0,11,63,1,1,1,4,0,13.7
2024,13,Ty Johnson,BUF,SFO,RB,0,0,0,0,0,5,28,0,1,1,9,0,4.7
2024,13,Zach Davidson,BUF,SFO,TE,0,0,0,0,0,0,0,0,1,0,0,0,0.0
2024,13,Adam Thielen,CAR,TAM,WR,0,0,0,0,0,0,0,0,10,8,99,1,23.9
2024,13,Bryce Young,CAR,TAM,QB,46,26,298,1,0,3,17,1,0,0,0,0,23.62
2024,13,Chuba Hubbard,CAR,TAM,RB,0,0,0,0,0,12,43,0,0,0,0,0,2.3
2024,13,Dan Chisena,CAR,TAM,WR,0,0,0,0,0,0,0,0,1,1,6,0,1.6
2024,13,David Moore,CAR,TAM,WR,0,0,0,0,0,0,0,0,9,5,40,0,9.0
2024,13,Feleipe Franks,CAR,TAM,TE,0,0,0,0,0,0,0,0,1,0,0,0,0.0
2024,13,Jonathon Brooks,CAR,TAM,RB,0,0,0,0,0,6,18,0,3,3,23,0,7.1
2024,13,Stephen Sullivan,CAR,TAM,TE,0,0,0,0,0,0,0,0,1,0,0,0,0.0
2024,13,Tommy Tremble,CAR,TAM,TE,0,0,0,0,0,0,0,0,8,5,77,0,12.7
2024,13,Xavier Legette,CAR,TAM,WR,0,0,0,0,0,0,0,0,8,4,53,0,9.3
2024,13,Caleb Williams,CHI,DET,QB,39,20,256,3,0,4,39,0,0,0,0,0,26.14
2024,13,Cole Kmet,CHI,DET,TE,0,0,0,0,0,0,0,0,3,3,26,0,5.6
2024,13,D'Andre Swift,CHI,DET,RB,0,0,0,0,0,11,39,0,3,2,35,0,9.4
2024,13,DJ Moore,CHI,DET,WR,0,0,0,0,0,0,0,0,16,8,97,1,23.7
2024,13,Keenan Allen,CHI,DET,WR,0,0,0,0,0,0,0,0,8,5,73,2,24.3
2024,13,Rome Odunze,CHI,DET,WR,0,0,0,0,0,0,0,0,6,2,25,0,4.5
2024,13,Andrei Iosivas,CIN,PIT,WR,0,0,0,0,0,0,0,0,4,3,35,1,12.5
2024,13,Chase Brown,CIN,PIT,RB,0,0,0,0,0,12,70,1,3,3,30,0,19.0
2024,13,Drew Sample,CIN,PIT,TE,0,0,0,0,0,0,0,0,2,2,8,0,2.8
2024,13,Ja'Marr Chase,CIN,PIT,WR,0,0,0,0,0,0,0,0,9,6,86,1,20.6
2024,13,Joe Burrow,CIN,PIT,QB,38,28,309,3,1,2,9,0,0,0,0,0,19.26
2024,13,Khalil Herbert,CIN,PIT,RB,0,0,0,0,0,1,14,0,0,0,0,0,1.4
2024,13,Mike Gesicki,CIN,PIT,TE,0,0,0,0,0,0,0,0,5,5,53,0,10.3
2024,13,Tanner Hudson,CIN,PIT,TE,0,0,0,0,0,0,0,0,4,4,28,0,6.8
2024,13,Tee Higgins,CIN,PIT,WR,0,0,0,0,0,0,0,0,10,5,69,1,17.9
2024,13,Blake Whiteheart,CLE,DEN,TE,0,0,0,0,0,0,0,0,1,0,0,0,0.0
2024,13,David Njoku,CLE,DEN,TE,0,0,0,0,0,0,0,0,17,9,52,2,26.2
2024,13,Elijah Moore,CLE,DEN,WR,0,0,0,0,0,1,1,0,14,8,111,0,19.2
2024,13,Jamari Thrash,CLE,DEN,WR,0,0,0,0,0,0,0,0,2,2,11,0,3.1
2024,13,Jameis Winston,CLE,DEN,QB,58,34,497,4,3,3,11,0,0,0,0,0,32.98
2024,13,Jerome Ford,CLE,DEN,RB,0,0,0,0,0,9,41,0,1,1,21,0,7.2
2024,13,Jerry Jeudy,CLE,DEN,WR,0,0,0,0,0,0,0,0,13,9,235,1,40.5
2024,13,Jordan Akins,CLE,DEN,TE,0,0,0,0,0,0,0,0,1,0,0,0,0.0
2024,13,Kadarius Toney,CLE,DEN,WR,0,0,0,0,0,1,3,0,1,0,0,0,0.3
2024,13,Mike Woods,CLE,DEN,WR,0,0,0,0,0,0,0,0,5,3,43,0,7.3
2024,13,Nick Chubb,CLE,DEN,RB,0,0,0,0,0,9,21,0,2,2,24,1,12.5
2024,13,Brandin Cooks,DAL,NYG,WR,0,0,0,0,0,0,0,0,7,3,16,1,10.6
2024,13,CeeDee Lamb,DAL,NYG,WR,0,0,0,0,0,0,0,0,6,2,39,0,5.9
2024,13,Cooper Rush,DAL,NYG,QB,36,21,195,1,0,5,0,0,0,0,0,0,11.8
2024,13,Ezekiel Elliott,DAL,NYG,RB,0,0,0,0,0,1,4,0,0,0,0,0,0.4
2024,13,Hunter Luepke,DAL,NYG,RB,0,0,0,0,0,3,4,0,0,0,0,0,0.4
2024,13,Jalen Brooks,DAL,NYG,WR,0,0,0,0,0,0,0,0,1,1,0,0,1.0
2024,13,Jalen Tolbert,DAL,NYG,WR,0,0,0,0,0,0,0,0,4,2,41,0,6.1
2024,13,Jonathan Mingo,DAL,NYG,WR,0,0,0,0,0,0,0,0,4,1,2,0,1.2
2024,13,KaVontae Turpin,DAL,NYG,WR,0,0,0,0,0,1,2,0,5,4,53,0,9.5
2024,13,Luke Schoonmaker,DAL,NYG,TE,0,0,0,0,0,0,0,0,6,5,33,0,8.3
2024,13,Rico Dowdle,DAL,NYG,RB,0,0,0,0,0,22,112,1,3,3,11,0,21.3
2024,13,Adam Trautman,DEN,CLE,TE,0,0,0,0,0,0,0,0,1,0,0,0,0.0
2024,13,Audric Estimé,DEN,CLE,RB,0,0,0,0,0,3,12,0,0,0,0,0,1.2
2024,13,Bo Nix,DEN,CLE,QB,35,18,294,1,2,3,4,0,0,0,0,0,12.16
2024,13,Courtland Sutton,DEN,CLE,WR,0,0,0,0,0,0,0,0,9,6,102,0,16.2
2024,13,Devaughn Vele,DEN,CLE,WR,0,0,0,0,0,0,0,0,4,1,16,0,2.6
2024,13,Jaleel McLaughlin,DEN,CLE,RB,0,0,0,0,0,14,84,0,2,1,0,0,9.4
2024,13,Javonte Williams,DEN,CLE,RB,0,0,0,0,0,4,1,1,2,1,3,0,7.4
2024,13,Lucas Krull,DEN,CLE,TE,0,0,0,0,0,0,0,0,3,3,24,0,5.4
2024,13,Marvin Mims Jr.,DEN,CLE,WR,0,0,0,0,0,1,4,0,4,3,105,1,19.9
2024,13,Michael Burton,DEN,CLE,RB,0,0,0,0,0,1,1,1,0,0,0,0,6.1
2024,13,Nate Adkins,DEN,CLE,TE,0,0,0,0,0,0,0,0,1,1,16,0,2.6
2024,13,Troy Franklin,DEN,CLE,WR,0,0,0,0,0,0,0,0,5,2,28,0,4.8
2024,13,Amon-Ra St. Brown,DET,CHI,WR,0,0,0,0,0,0,0,0,7,5,73,0,12.3
2024,13,Brock Wright,DET,CHI,TE,0,0,0,0,0,0,0,0,1,1,13,0,2.3
2024,13,David Montgomery,DET,CHI,RB,0,0,0,0,0,21,88,0,3,3,36,0,15.4
2024,13,Jahmyr Gibbs,DET,CHI,RB,0,0,0,0,0,9,87,0,4,2,17,0,10.4
2024,13,Jameson Williams,DET,CHI,WR,0,0,0,0,0,2,18,0,7,5,28,0,9.6
2024,13,Jared Goff,DET,CHI,QB,34,21,221,2,0,1,1,0,0,0,0,0,16.94
2024,13,Sam LaPorta,DET,CHI,TE,0,0,0,0,0,0,0,0,6,3,6,2,15.6
2024,13,Tim Patrick,DET,CHI,WR,0,0,0,0,0,0,0,0,3,2,48,0,6.8
2024,13,Chris Brooks,GNB,MIA,RB,0,0,0,0,0,3,28,0,2,2,1,0,4.9
2024,13,Christian Watson,GNB,MIA,WR,0,0,0,0,0,0,0,0,4,2,67,0,8.7
2024,13,Dontayvion Wicks,GNB,MIA,WR,0,0,0,0,0,0,0,0,5,4,30,0,7.0
2024,13,Emanuel Wilson,GNB,MIA,RB,0,0,0,0,0,2,20,0,0,0,0,0,2.0
2024,13,Jayden Reed,GNB,MIA,WR,0,0,0,0,0,1,23,0,6,3,24,2,19.7
2024,13,Jordan Love,GNB,MIA,QB,28,21,274,2,0,0,0,0,0,0,0,0,18.96
2024,13,Josh Jacobs,GNB,MIA,RB,0,0,0,0,0,19,43,1,4,4,74,0,21.7
2024,13,Tucker Kraft,GNB,MIA,TE,0,0,0,0,0,0,0,0,7,6,78,0,13.8
2024,13,C.J. Stroud,HOU,JAX,QB,34,22,242,1,0,5,7,0,0,0,0,0,14.38
2024,13,Cade Stover,HOU,JAX,TE,0,0,0,0,0,0,0,0,1,1,4,0,1.4
2024,13,Dalton Schultz,HOU,JAX,TE,0,0,0,0,0,0,0,0,7,5,61,1,17.1
2024,13,Dameon Pierce,HOU,JAX,RB,0,0,0,0,0,0,0,0,1,1,1,0,1.1
2024,13,Joe Mixon,HOU,JAX,RB,0,0,0,0,0,20,101,1,6,4,18,0,21.9
2024,13,John Metchie III,HOU,JAX,WR,0,0,0,0,0,0,0,0,2,2,16,0,3.6
2024,13,Nico Collins,HOU,JAX,WR,0,0,0,0,0,0,0,0,11,8,119,0,19.9
2024,13,Robert Woods,HOU,JAX,WR,0,0,0,0,0,0,0,0,1,0,0,0,0.0
2024,13,Tank Dell,HOU,JAX,WR,0,0,0,0,0,0,0,0,4,1,23,0,3.3
2024,13,Adonai Mitchell,IND,NWE,WR,0,0,0,0,0,0,0,0,2,0,0,0,0.0
2024,13,Alec Pierce,IND,NWE,WR,0,0,0,0,0,0,0,0,6,2,16,1,9.6
2024,13,Andrew Ogletree,IND,NWE,TE,0,0,0,0,0,0,0,0,2,1,22,0,3.2
2024,13,Anthony Richardson,IND,NWE,QB,24,12,109,2,2,9,48,1,0,0,0,0,21.16
2024,13,Jonathan Taylor,IND,NWE,RB,0,0,0,0,0,25,96,0,1,1,7,1,17.3
2024,13,Kylen Granson,IND,NWE,TE,0,0,0,0,0,0,0,0,3,0,0,0,0.0
2024,13,Michael Pittman,IND,NWE,WR,0,0,0,0,0,0,0,0,7,5,42,0,9.2
2024,13,Mo Alie-Cox,IND,NWE,TE,0,0,0,0,0,0,0,0,2,2,15,0,3.5
2024,13,Will Mallory,IND,NWE,TE,0,0,0,0,0,0,0,0,1,1,7,0,1.7
2024,13,Brenton Strange,JAX,HOU,TE,0,0,0,0,0,0,0,0,2,1,14,0,2.4
2024,13,Brian Thomas Jr.,JAX,HOU,WR,0,0,0,0,0,1,11,0,10,4,76,1,18.7
2024,13,Devin Duvernay,JAX,HOU,WR,0,0,0,0,0,0,0,0,4,2,23,0,4.3
2024,13,Evan Engram,JAX,HOU,TE,0,0,0,0,0,0,0,0,9,7,41,0,11.1
2024,13,Luke Farrell,JAX,HOU,TE,0,0,0,0,0,0,0,0,1,0,0,0,0.0
2024,13,Mac Jones,JAX,HOU,QB,32,20,235,2,0,3,6,0,0,0,0,0,20.0
2024,13,Parker Washington,JAX,HOU,WR,0,0,0,0,0,0,0,0,12,6,103,1,24.3
2024,13,Tank Bigsby,JAX,HOU,RB,0,0,0,0,0,7,28,0,1,1,7,0,4.5
2024,13,Travis Etienne,JAX,HOU,RB,0,0,0,0,0,13,46,0,3,3,12,0,8.8
2024,13,Trevor Lawrence,JAX,HOU,QB,10,4,41,0,1,1,6,0,0,0,0,0,0.24
2024,13,DeAndre Hopkins,KAN,LVR,WR,0,0,0,0,0,0,0,0,9,4,90,0,13.0
2024,13,Isiah Pacheco,KAN,LVR,RB,0,0,0,0,0,7,44,0,1,1,5,0,5.9
2024,13,JuJu Smith-Schuster,KAN,LVR,WR,0,0,0,0,0,0,0,0,1,1,10,0,2.0
2024,13,Justin Watson,KAN,LVR,WR,0,0,0,0,0,0,0,0,3,1,6,1,7.6
2024,13,Kareem Hunt,KAN,LVR,RB,0,0,0,0,0,7,15,0,4,2,0,0,3.5
2024,13,Noah Gray,KAN,LVR,TE,0,0,0,0,0,0,0,0,6,4,58,0,9.8
2024,13,Patrick Mahomes,KAN,LVR,QB,46,26,306,1,0,2,4,0,0,0,0,0,16.64
2024,13,Samaje Perine,KAN,LVR,RB,0,0,0,0,0,0,0,0,1,1,15,0,2.5
2024,13,Travis Kelce,KAN,LVR,TE,0,0,0,0,0,0,0,0,13,7,68,0,13.8
2024,13,Xavier Worthy,KAN,LVR,WR,0,0,0,0,0,0,0,0,7,5,54,0,10.4
2024,13,Derius Davis,LAC,ATL,WR,0,0,0,0,0,1,3,0,1,1,3,0,1.6
2024,13,Gus Edwards,LAC,ATL,RB,0,0,0,0,0,6,32,0,1,1,1,0,4.3
2024,13,Hassan Haskins,LAC,ATL,RB,0,0,0,0,0,1,0,0,0,0,0,0,-2.0
2024,13,Josh Palmer,LAC,ATL,WR,0,0,0,0,0,0,0,0,1,1,11,0,4.1
2024,13,Justin Herbert,LAC,ATL,QB,23,16,147,0,0,5,1,0,0,0,0,0,7.98
2024,13,Kimani Vidal,LAC,ATL,RB,0,0,0,0,0,4,20,0,0,0,0,0,2.0
2024,13,Ladd McConkey,LAC,ATL,WR,0,0,0,0,0,0,0,0,12,9,117,0,20.7
2024,13,Quentin Johnston,LAC,ATL,WR,0,0,0,0,0,0,0,0,4,2,12,0,3.2
2024,13,Stone Smartt,LAC,ATL,TE,0,0,0,0,0,0,0,0,2,1,3,0,1.3
2024,13,Tucker Fisk,LAC,ATL,TE,0,0,0,0,0,0,0,0,1,1,1,0,1.1
2024,13,Will Dissly,LAC,ATL,TE,0,0,0,0,0,0,0,0,1,0,0,0,0.0
2024,13,Blake Corum,LAR,NOR,RB,0,0,0,0,0,8,42,0,0,0,0,0,4.2
2024,13,Colby Parkinson,LAR,NOR,TE,0,0,0,0,0,0,0,0,1,1,13,0,2.3
2024,13,Cooper Kupp,LAR,NOR,WR,0,0,0,0,0,0,0,0,6,3,17,0,4.7
2024,13,Demarcus Robinson,LAR,NOR,WR,0,0,0,0,0,0,0,0,3,2,49,1,12.9
2024,13,Hunter Long,LAR,NOR,TE,0,0,0,0,0,0,0,0,1,0,0,0,0.0
2024,13,Kyren Williams,LAR,NOR,RB,0,0,0,0,0,15,104,1,1,1,9,0,18.3
2024,13,Matthew Stafford,LAR,NOR,QB,24,14,183,2,0,4,3,0,0,0,0,0,15.62
2024,13,Puka Nacua,LAR,NOR,WR,0,0,0,0,0,1,7,0,8,5,56,1,17.3
2024,13,Tutu Atwell,LAR,NOR,WR,0,0,0,0,0,1,0,0,2,2,39,0,5.9
2024,13,Tyler Johnson,LAR,NOR,WR,0,0,0,0,0,0,0,0,1,0,0,0,0.0
2024,13,Aidan O'Connell,LVR,KAN,QB,35,23,340,2,0,1,0,0,0,0,0,0,19.6
2024,13,Ameer Abdullah,LVR,KAN,RB,0,0,0,0,0,10,39,0,2,2,14,0,7.3
2024,13,Brock Bowers,LVR,KAN,TE,0,0,0,0,0,1,2,0,14,10,140,1,30.2
2024,13,DJ Turner,LVR,KAN,WR,0,0,0,0,0,0,0,0,1,1,25,0,3.5
2024,13,Jakobi Meyers,LVR,KAN,WR,0,0,0,0,0,0,0,0,11,6,97,0,15.7
2024,13,Michael Mayer,LVR,KAN,TE,0,0,0,0,0,0,0,0,2,1,5,0,1.5
2024,13,Sincere McCormick,LVR,KAN,RB,0,0,0,0,0,12,64,0,2,2,1,0,8.5
2024,13,Terrace Marshall Jr.,LVR,KAN,WR,0,0,0,0,0,0,0,0,1,0,0,0,0.0
2024,13,Tre Tucker,LVR,KAN,WR,0,0,0,0,0,1,11,0,1,1,58,1,13.9
2024,13,Alec Ingold,MIA,GNB,RB,0,0,0,0,0,0,0,0,2,2,15,0,3.5
2024,13,De'Von Achane,MIA,GNB,RB,0,0,0,0,0,7,14,0,9,8,56,1,21.0
2024,13,Durham Smythe,MIA,GNB,TE,0,0,0,0,0,0,0,0,1,1,8,0,1.8
2024,13,Jaylen Waddle,MIA,GNB,WR,0,0,0,0,0,0,0,0,4,4,53,0,11.3
2024,13,Jonnu Smith,MIA,GNB,TE,0,0,0,0,0,0,0,0,11,10,113,0,21.3
2024,13,Julian Hill,MIA,GNB,TE,0,0,0,0,0,0,0,0,1,1,5,0,1.5
2024,13,Malik Washington,MIA,GNB,WR,0,0,0,0,0,0,0,0,4,2,8,0,2.8
2024,13,Odell Beckham Jr.,MIA,GNB,WR,0,0,0,0,0,0,0,0,2,1,9,0,1.9
2024,13,Raheem Mostert,MIA,GNB,RB,0,0,0,0,0,5,19,0,3,2,15,0,5.4
2024,13,Tua Tagovailoa,MIA,GNB,QB,46,37,365,2,0,2,6,0,0,0,0,0,25.2
2024,13,Tyreek Hill,MIA,GNB,WR,0,0,0,0,0,0,0,0,9,6,83,1,20.3
2024,13,Aaron Jones,MIN,ARI,RB,0,0,0,0,0,5,22,0,4,3,6,1,9.8
2024,13,Brandon Powell,MIN,ARI,WR,0,0,0,0,0,0,0,0,1,1,8,0,1.8
2024,13,Cam Akers,MIN,ARI,RB,0,0,0,0,0,4,22,0,0,0,0,0,2.2
2024,13,Jalen Nailor,MIN,ARI,WR,0,0,0,0,0,0,0,0,2,1,18,0,2.8
2024,13,Johnny Mundt,MIN,ARI,TE,0,0,0,0,0,0,0,0,2,2,22,1,10.2
2024,13,Jordan Addison,MIN,ARI,WR,0,0,0,0,0,0,0,0,6,4,54,0,9.4
2024,13,Justin Jefferson,MIN,ARI,WR,0,0,0,0,0,0,0,0,9,7,99,0,16.9
2024,13,Sam Darnold,MIN,ARI,QB,31,21,235,2,0,4,22,0,0,0,0,0,19.6
2024,13,T.J. Hockenson,MIN,ARI,TE,0,0,0,0,0,0,0,0,6,3,28,0,5.8
2024,13,Ty Chandler,MIN,ARI,RB,0,0,0,0,0,2,2,0,0,0,0,0,0.2
2024,13,Alvin Kamara,NOR,LAR,RB,0,0,0,0,0,23,112,0,6,4,7,0,15.9
2024,13,Cedrick Wilson Jr.,NOR,LAR,WR,0,0,0,0,0,0,0,0,1,1,19,0,2.9
2024,13,Dante Pettis,NOR,LAR,WR,0,0,0,0,0,0,0,0,2,1,5,0,3.5
2024,13,Derek Carr,NOR,LAR,QB,37,24,184,1,0,2,12,0,0,0,0,0,14.56
2024,13,Foster Moreau,NOR,LAR,TE,0,0,0,0,0,0,0,0,4,2,6,0,2.6
2024,13,Jamaal Williams,NOR,LAR,RB,0,0,0,0,0,0,0,0,1,1,7,0,1.7
2024,13,Juwan Johnson,NOR,LAR,TE,0,0,0,0,0,0,0,0,7,5,36,0,8.6
2024,13,Kevin Austin Jr.,NOR,LAR,WR,0,0,0,0,0,1,9,0,3,3,31,0,7.0
2024,13,Marquez Valdes-Scantling,NOR,LAR,WR,0,0,0,0,0,0,0,0,3,2,36,1,11.6
2024,13,Taysom Hill,NOR,LAR,TE,0,0,0,0,0,5,10,0,7,5,37,0,9.7
2024,13,Antonio Gibson,NWE,IND,RB,0,0,0,0,0,7,62,1,0,0,0,0,12.2
2024,13,Austin Hooper,NWE,IND,TE,0,0,0,0,0,0,0,0,4,4,42,1,14.2
2024,13,DeMario Douglas,NWE,IND,WR,0,0,0,0,0,0,0,0,4,4,20,0,6.0
2024,13,Drake Maye,NWE,IND,QB,30,24,238,1,1,5,59,0,0,0,0,0,19.42
2024,13,Hunter Henry,NWE,IND,TE,0,0,0,0,0,0,0,0,9,7,75,0,14.5
2024,13,Ja'Lynn Polk,NWE,IND,WR,0,0,0,0,0,0,0,0,1,0,0,0,0.0
2024,13,Kayshon Boutte,NWE,IND,WR,0,0,0,0,0,0,0,0,6,3,41,0,9.1
2024,13,Kendrick Bourne,NWE,IND,WR,0,0,0,0,0,1,6,0,3,3,39,0,7.5
2024,13,Rhamondre Stevenson,NWE,IND,RB,0,0,0,0,0,18,73,0,3,3,21,0,12.4
2024,13,Darius Slayton,NYG,DAL,WR,0,0,0,0,0,0,0,0,6,2,8,0,2.8
2024,13,Devin Singletary,NYG,DAL,RB,0,0,0,0,0,7,23,0,1,0,0,0,2.3
2024,13,Drew Lock,NYG,DAL,QB,32,21,178,0,1,4,57,1,0,0,0,0,14.82
2024,13,Jalin Hyatt,NYG,DAL,WR,0,0,0,0,0,0,0,0,2,2,8,0,2.8
2024,13,Malik Nabers,NYG,DAL,WR,0,0,0,0,0,1,4,0,13,8,69,0,15.3
2024,13,Theo Johnson,NYG,DAL,TE,0,0,0,0,0,0,0,0,5,5,54,0,10.4
2024,13,Tyrone Tracy Jr.,NYG,DAL,RB,0,0,0,0,0,9,32,1,3,2,33,0,14.5
2024,13,Wan'Dale Robinson,NYG,DAL,WR,0,0,0,0,0,0,0,0,2,2,6,0,2.6
2024,13,Aaron Rodgers,NYJ,SEA,QB,39,21,185,2,1,2,6,0,0,0,0,0,14.0
2024,13,Braelon Allen,NYJ,SEA,RB,0,0,0,0,0,5,11,0,2,2,16,0,4.7
2024,13,Breece Hall,NYJ,SEA,RB,0,0,0,0,0,12,60,0,1,0,0,0,6.0
2024,13,Davante Adams,NYJ,SEA,WR,0,0,0,0,0,0,0,0,12,5,66,1,17.6
2024,13,Garrett Wilson,NYJ,SEA,WR,0,0,0,0,0,0,0,0,10,5,41,0,9.1
2024,13,Isaiah Davis,NYJ,SEA,RB,0,0,0,0,0,1,4,0,3,3,28,1,12.2
2024,13,Jeremy Ruckert,NYJ,SEA,TE,0,0,0,0,0,0,0,0,2,1,3,0,1.3
2024,13,Malachi Corley,NYJ,SEA,WR,0,0,0,0,0,1,8,0,2,0,0,0,0.8
2024,13,Tyler Conklin,NYJ,SEA,TE,0,0,0,0,0,0,0,0,5,4,32,0,7.2
2024,13,Xavier Gipson,NYJ,SEA,WR,0,0,0,0,0,0,0,0,1,1,-1,0,0.9
2024,13,A.J. Brown,PHI,BAL,WR,0,0,0,0,0,0,0,0,6,5,66,0,11.6
2024,13,Britain Covey,PHI,BAL,WR,0,0,0,0,0,0,0,0,1,0,0,0,0.0
2024,13,Dallas Goedert,PHI,BAL,TE,0,0,0,0,0,0,0,0,4,3,35,1,12.5
2024,13,Jahan Dotson,PHI,BAL,WR,0,0,0,0,0,0,0,0,1,1,7,0,1.7
2024,13,Jalen Hurts,PHI,BAL,QB,19,11,118,1,0,9,29,1,0,0,0,0,17.62
2024,13,Parris Campbell,PHI,BAL,WR,0,0,0,0,0,0,0,0,1,0,0,0,0.0
2024,13,Saquon Barkley,PHI,BAL,RB,0,0,0,0,0,23,107,1,4,2,10,0,19.7
2024,13,Will Shipley,PHI,BAL,RB,0,0,0,0,0,1,4,0,0,0,0,0,0.4
2024,13,Ben Skowronek,PIT,CIN,WR,0,0,0,0,0,0,0,0,1,1,23,0,3.3
2024,13,Calvin Austin III,PIT,CIN,WR,0,0,0,0,0,0,0,0,2,2,29,1,10.9
2024,13,Cordarrelle Patterson,PIT,CIN,RB,0,0,0,0,0,3,16,0,3,3,37,0,8.3
2024,13,Darnell Washington,PIT,CIN,TE,0,0,0,0,0,0,0,0,1,1,10,0,2.0
2024,13,George Pickens,PIT,CIN,WR,0,0,0,0,0,0,0,0,6,3,74,1,16.4
2024,13,Jaylen Warren,PIT,CIN,RB,0,0,0,0,0,3,9,0,4,4,55,0,10.4
2024,13,Justin Fields,PIT,CIN,QB,0,0,0,0,0,1,7,0,0,0,0,0,0.7
2024,13,MyCole Pruitt,PIT,CIN,TE,0,0,0,0,0,0,0,0,3,2,21,0,4.1
2024,13,Najee Harris,PIT,CIN,RB,0,0,0,0,0,16,75,1,6,6,54,0,24.9
2024,13,Pat Freiermuth,PIT,CIN,TE,0,0,0,0,0,0,0,0,7,6,68,1,18.8
2024,13,Russell Wilson,PIT,CIN,QB,38,29,414,3,1,3,3,0,0,0,0,0,26.86
2024,13,Van Jefferson,PIT,CIN,WR,0,0,0,0,0,0,0,0,3,1,43,0,5.3
2024,13,AJ Barner,SEA,NYJ,TE,0,0,0,0,0,0,0,0,2,2,14,1,9.4
2024,13,DK Metcalf,SEA,NYJ,WR,0,0,0,0,0,0,0,0,9,4,66,0,10.6
2024,13,Geno Smith,SEA,NYJ,QB,31,20,206,1,0,2,2,0,0,0,0,0,12.44
2024,13,Jaxon Smith-Njigba,SEA,NYJ,WR,0,0,0,0,0,1,5,0,4,4,74,0,11.9
2024,13,Kenneth Walker III,SEA,NYJ,RB,0,0,0,0,0,16,49,0,3,2,-3,0,6.6
2024,13,Noah Fant,SEA,NYJ,TE,0,0,0,0,0,0,0,0,4,3,26,0,5.6
2024,13,Pharaoh Brown,SEA,NYJ,TE,0,0,0,0,0,0,0,0,1,0,0,0,0.0
2024,13,Tyler Lockett,SEA,NYJ,WR,0,0,0,0,0,0,0,0,3,3,16,0,4.6
2024,13,Zach Charbonnet,SEA,NYJ,RB,0,0,0,0,0,4,28,1,3,2,13,0,12.1
2024,13,Brock Purdy,SFO,BUF,QB,18,11,94,0,0,2,4,0,0,0,0,0,2.16
2024,13,Christian McCaffrey,SFO,BUF,RB,0,0,0,0,0,7,53,0,3,2,14,0,8.7
2024,13,Deebo Samuel Sr.,SFO,BUF,WR,0,0,0,0,0,0,0,0,5,4,20,0,6.0
2024,13,George Kittle,SFO,BUF,TE,0,0,0,0,0,0,0,0,2,1,7,0,1.7
2024,13,Isaac Guerendo,SFO,BUF,RB,0,0,0,0,0,4,19,1,1,1,-3,0,8.6
2024,13,Jauan Jennings,SFO,BUF,WR,0,0,0,0,0,0,0,0,5,3,56,0,8.6
2024,13,Jordan Mason,SFO,BUF,RB,0,0,0,0,0,13,78,0,0,0,0,0,7.8
2024,13,Kyle Juszczyk,SFO,BUF,RB,0,0,0,0,0,1,-1,0,0,0,0,0,-2.1
2024,13,Ricky Pearsall,SFO,BUF,WR,0,0,0,0,0,0,0,0,1,0,0,0,0.0
2024,13,Baker Mayfield,TAM,CAR,QB,33,21,235,1,2,3,8,0,0,0,0,0,10.2
2024,13,Bucky Irving,TAM,CAR,RB,0,0,0,0,0,25,152,1,3,3,33,0,27.5
2024,13,Cade Otton,TAM,CAR,TE,0,0,0,0,0,0,0,0,7,4,20,0,6.0
2024,13,Jalen McMillan,TAM,CAR,WR,0,0,0,0,0,0,0,0,3,2,25,0,4.5
2024,13,Mike Evans,TAM,CAR,WR,0,0,0,0,0,0,0,0,12,8,118,1,25.8
2024,13,Rachaad White,TAM,CAR,RB,0,0,0,0,0,11,76,0,1,1,2,0,8.8
2024,13,Sterling Shepard,TAM,CAR,WR,0,0,0,0,0,0,0,0,7,4,42,0,8.2
2024,13,Trey Palmer,TAM,CAR,WR,0,0,0,0,0,0,0,0,1,0,0,0,0.0
2024,13,Calvin Ridley,TEN,WAS,WR,0,0,0,0,0,0,0,0,7,2,45,0,6.5
2024,13,Chig Okonkwo,TEN,WAS,TE,0,0,0,0,0,0,0,0,6,3,27,0,5.7
2024,13,Josh Whyle,TEN,WAS,TE,0,0,0,0,0,0,0,0,3,1,3,0,1.3
2024,13,Nick Vannett,TEN,WAS,TE,0,0,0,0,0,0,0,0,1,1,6,0,1.6
2024,13,Nick Westbrook-Ikhine,TEN,WAS,WR,0,0,0,0,0,0,0,0,8,3,61,2,21.1
2024,13,Tony Pollard,TEN,WAS,RB,0,0,0,0,0,8,35,0,6,4,33,0,8.8
2024,13,Tyjae Spears,TEN,WAS,RB,0,0,0,0,0,1,3,0,0,0,0,0,0.3
2024,13,Tyler Boyd,TEN,WAS,WR,0,0,0,0,0,0,0,0,4,3,37,0,6.7
2024,13,Will Levis,TEN,WAS,QB,37,18,212,2,0,2,-3,0,0,0,0,0,16.18
2024,13,Ben Sinnott,WAS,TEN,TE,0,0,0,0,0,0,0,0,1,1,3,0,1.3
2024,13,Brian Robinson,WAS,TEN,RB,0,0,0,0,0,16,103,1,1,1,6,0,17.9
2024,13,Chris Rodriguez Jr.,WAS,TEN,RB,0,0,0,0,0,13,94,1,0,0,0,0,15.4
2024,13,Dyami Brown,WAS,TEN,WR,0,0,0,0,0,1,4,0,5,4,35,0,7.9
2024,13,Jayden Daniels,WAS,TEN,QB,30,25,206,3,1,9,34,1,0,0,0,0,27.64
2024,13,Jeremy McNichols,WAS,TEN,RB,0,0,0,0,0,6,32,0,0,0,0,0,3.2
2024,13,Luke McCaffrey,WAS,TEN,WR,0,0,0,0,0,0,0,0,2,2,13,0,3.3
2024,13,Noah Brown,WAS,TEN,WR,0,0,0,0,0,0,0,0,4,3,27,0,5.7
2024,13,Olamide Zaccheaus,WAS,TEN,WR,0,0,0,0,0,0,0,0,3,3,14,0,4.4
2024,13,Terry McLaurin,WAS,TEN,WR,0,0,0,0,0,0,0,0,8,8,73,2,27.3
2024,13,Zach Ertz,WAS,TEN,TE,0,0,0,0,0,0,0,0,6,3,35,1,12.5
2024,14,Emari Demercado,ARI,SEA,RB,0,0,0,0,0,0,0,0,4,4,15,0,5.5
2024,14,Greg Dortch,ARI,SEA,WR,0,0,0,0,0,0,0,0,1,1,5,0,1.5
2024,14,James Conner,ARI,SEA,RB,0,0,0,0,0,18,90,0,4,4,32,1,22.2
2024,14,Kyler Murray,ARI,SEA,QB,38,25,259,2,2,3,16,0,0,0,0,0,17.96
2024,14,Marvin Harrison Jr.,ARI,SEA,WR,0,0,0,0,0,0,0,0,8,4,49,0,8.9
2024,14,Michael Wilson,ARI,SEA,WR,0,0,0,0,0,0,0,0,3,2,57,1,13.7
2024,14,Tip Reiman,ARI,SEA,TE,0,0,0,0,0,0,0,0,1,1,14,0,2.4
2024,14,Trey Benson,ARI,SEA,RB,0,0,0,0,0,2,15,0,1,1,4,0,2.9
2024,14,Trey McBride,ARI,SEA,TE,0,0,0,0,0,0,0,0,14,7,70,0,14.0
2024,14,Zay Jones,ARI,SEA,WR,0,0,0,0,0,0,0,0,2,1,13,0,2.3
2024,14,Bijan Robinson,ATL,MIN,RB,0,0,0,0,0,22,92,1,2,2,9,0,20.1
2024,14,Charlie Woerner,ATL,MIN,TE,0,0,0,0,0,0,0,0,1,1,11,0,2.1
2024,14,Darnell Mooney,ATL,MIN,WR,0,0,0,0,0,0,0,0,7,6,142,0,20.2
2024,14,Drake London,ATL,MIN,WR,0,0,0,0,0,0,0,0,10,5,70,0,12.0
2024,14,Kirk Cousins,ATL,MIN,QB,37,23,344,0,2,0,0,0,0,0,0,0,9.76
2024,14,Kyle Pitts,ATL,MIN,TE,0,0,0,0,0,0,0,0,6,1,14,0,2.4
2024,14,Ray-Ray McCloud,ATL,MIN,WR,0,0,0,0,0,1,3,0,11,8,98,0,18.1
2024,14,Tyler Allgeier,ATL,MIN,RB,0,0,0,0,0,9,63,1,0,0,0,0,12.3
2024,14,Amari Cooper,BUF,LAR,WR,0,0,0,0,0,0,0,0,14,6,95,0,15.5
2024,14,Curtis Samuel,BUF,LAR,WR,0,0,0,0,0,1,1,0,3,2,15,0,3.6
2024,14,Dawson Knox,BUF,LAR,TE,0,0,0,0,0,0,0,0,1,1,5,0,1.5
2024,14,James Cook,BUF,LAR,RB,0,0,0,0,0,6,20,0,2,2,9,0,4.9
2024,14,Josh Allen,BUF,LAR,QB,37,22,342,3,0,10,82,3,0,0,0,0,51.88
2024,14,Khalil Shakir,BUF,LAR,WR,0,0,0,0,0,0,0,0,8,5,106,1,21.6
2024,14,Mack Hollins,BUF,LAR,WR,0,0,0,0,0,0,0,0,6,4,57,1,15.7
2024,14,Ty Johnson,BUF,LAR,RB,0,0,0,0,0,0,0,0,3,2,55,1,13.5
2024,14,Adam Thielen,CAR,PHI,WR,0,0,0,0,0,0,0,0,11,9,102,0,19.2
2024,14,Bryce Young,CAR,PHI,QB,34,19,191,1,1,7,29,0,0,0,0,0,12.54
2024,14,Chuba Hubbard,CAR,PHI,RB,0,0,0,0,0,26,92,1,5,4,15,0,20.7
2024,14,David Moore,CAR,PHI,WR,0,0,0,0,0,0,0,0,5,2,25,0,4.5
2024,14,Deven Thompkins,CAR,PHI,WR,0,0,0,0,0,0,0,0,1,1,7,0,1.7
2024,14,Ja'Tavion Sanders,CAR,PHI,TE,0,0,0,0,0,0,0,0,1,0,0,0,0.0
2024,14,Jonathon Brooks,CAR,PHI,RB,0,0,0,0,0,1,-3,0,0,0,0,0,-0.3
2024,14,Tommy Tremble,CAR,PHI,TE,0,0,0,0,0,0,0,0,2,1,3,1,7.3
2024,14,Xavier Legette,CAR,PHI,WR,0,0,0,0,0,0,0,0,8,2,39,0,5.9
2024,14,Caleb Williams,CHI,SFO,QB,23,17,134,2,0,4,27,0,0,0,0,0,14.06
2024,14,Collin Johnson,CHI,SFO,WR,0,0,0,0,0,0,0,0,1,1,6,0,1.6
2024,14,D'Andre Swift,CHI,SFO,RB,0,0,0,0,0,14,38,0,2,1,2,0,5.0
2024,14,DJ Moore,CHI,SFO,WR,0,0,0,0,0,0,0,0,8,6,49,0,10.9
2024,14,Darrynton Evans,CHI,SFO,RB,0,0,0,0,0,3,3,0,0,0,0,0,0.3
2024,14,Keenan Allen,CHI,SFO,WR,0,0,0,0,0,0,0,0,5,3,30,0,6.0
2024,14,Rome Odunze,CHI,SFO,WR,0,0,0,0,0,0,0,0,5,4,42,2,20.2
2024,14,Travis Homer,CHI,SFO,RB,0,0,0,0,0,0,0,0,3,3,11,0,4.1
2024,14,Andrei Iosivas,CIN,DAL,WR,0,0,0,0,0,0,0,0,5,4,41,0,8.1
2024,14,Chase Brown,CIN,DAL,RB,0,0,0,0,0,14,58,0,8,6,65,1,24.3
2024,14,Drew Sample,CIN,DAL,TE,0,0,0,0,0,0,0,0,2,2,13,0,3.3
2024,14,Ja'Marr Chase,CIN,DAL,WR,0,0,0,0,0,1,14,0,18,14,177,2,45.1
2024,14,Joe Burrow,CIN,DAL,QB,44,33,369,3,1,2,-2,0,0,0,0,0,24.56
2024,14,Khalil Herbert,CIN,DAL,RB,0,0,0,0,0,2,4,0,1,1,7,0,2.1
2024,14,Mike Gesicki,CIN,DAL,TE,0,0,0,0,0,0,0,0,3,3,24,0,5.4
2024,14,Tanner Hudson,CIN,DAL,TE,0,0,0,0,0,0,0,0,1,1,19,0,2.9
2024,14,Tee Higgins,CIN,DAL,WR,0,0,0,0,0,0,0,0,5,2,23,0,4.3
2024,14,Blake Whiteheart,CLE,PIT,TE,0,0,0,0,0,0,0,0,1,0,0,0,0.0
2024,14,David Njoku,CLE,PIT,TE,0,0,0,0,0,0,0,0,13,7,42,1,17.2
2024,14,Elijah Moore,CLE,PIT,WR,0,0,0,0,0,0,0,0,4,3,34,0,6.4
2024,14,Jameis Winston,CLE,PIT,QB,41,24,212,2,2,4,28,0,0,0,0,0,15.28
2024,14,James Proche,CLE,PIT,WR,0,0,0,0,0,0,0,0,2,2,18,0,3.8
2024,14,Jerome Ford,CLE,PIT,RB,0,0,0,0,0,10,28,0,4,3,19,0,7.7
2024,14,Jerry Jeudy,CLE,PIT,WR,0,0,0,0,0,0,0,0,6,5,64,1,17.4
2024,14,Jordan Akins,CLE,PIT,TE,0,0,0,0,0,0,0,0,1,1,14,0,2.4
2024,14,Mike Woods,CLE,PIT,WR,0,0,0,0,0,0,0,0,3,1,12,0,2.2
2024,14,Nick Chubb,CLE,PIT,RB,0,0,0,0,0,11,48,0,1,0,0,0,4.8
2024,14,Pierre Strong,CLE,PIT,RB,0,0,0,0,0,0,0,0,2,2,9,0,2.9
2024,14,Brandin Cooks,DAL,CIN,WR,0,0,0,0,0,0,0,0,3,1,3,1,7.3
2024,14,CeeDee Lamb,DAL,CIN,WR,0,0,0,0,0,1,1,0,7,6,93,1,21.4
2024,14,Cooper Rush,DAL,CIN,QB,31,16,183,2,1,2,5,0,0,0,0,0,13.82
2024,14,Ezekiel Elliott,DAL,CIN,RB,0,0,0,0,0,2,4,0,1,1,2,0,1.6
2024,14,Hunter Luepke,DAL,CIN,RB,0,0,0,0,0,0,0,0,1,1,5,0,1.5
2024,14,Jake Ferguson,DAL,CIN,TE,0,0,0,0,0,0,0,0,6,3,32,0,6.2
2024,14,Jalen Tolbert,DAL,CIN,WR,0,0,0,0,0,0,0,0,3,0,0,0,0.0
2024,14,Jonathan Mingo,DAL,CIN,WR,0,0,0,0,0,0,0,0,1,0,0,0,0.0
2024,14,KaVontae Turpin,DAL,CIN,WR,0,0,0,0,0,2,15,0,4,1,16,0,4.1
2024,14,Luke Schoonmaker,DAL,CIN,TE,0,0,0,0,0,0,0,0,2,2,22,0,4.2
2024,14,Rico Dowdle,DAL,CIN,RB,0,0,0,0,0,18,131,0,2,1,10,0,15.1
2024,14,Ryan Flournoy,DAL,CIN,WR,0,0,0,0,0,0,0,0,1,0,0,0,0.0
2024,14,Amon-Ra St. Brown,DET,GNB,WR,0,0,0,0,0,1,10,0,6,5,43,0,10.3
2024,14,Brock Wright,DET,GNB,TE,0,0,0,0,0,0,0,0,1,0,0,0,0.0
2024,14,David Montgomery,DET,GNB,RB,0,0,0,0,0,14,51,1,5,5,33,0,19.4
2024,14,Jahmyr Gibbs,DET,GNB,RB,0,0,0,0,0,15,43,0,6,6,30,1,19.3
2024,14,Jameson Williams,DET,GNB,WR,0,0,0,0,0,0,0,0,8,5,80,0,13.0
2024,14,Jared Goff,DET,GNB,QB,41,32,283,3,1,4,7,0,0,0,0,0,22.02
2024,14,Sam LaPorta,DET,GNB,TE,0,0,0,0,0,0,0,0,7,5,54,0,10.4
2024,14,Tim Patrick,DET,GNB,WR,0,0,0,0,0,0,0,0,7,6,43,2,22.3
2024,14,Ben Sims,GNB,DET,TE,0,0,0,0,0,0,0,0,1,1,2,0,1.2
2024,14,Chris Brooks,GNB,DET,RB,0,0,0,0,0,1,3,0,0,0,0,0,0.3
2024,14,Christian Watson,GNB,DET,WR,0,0,0,0,0,0,0,0,7,4,114,0,13.4
2024,14,Dontayvion Wicks,GNB,DET,WR,0,0,0,0,0,0,0,0,5,4,49,0,8.9
2024,14,Emanuel Wilson,GNB,DET,RB,0,0,0,0,0,1,7,0,0,0,0,0,0.7
2024,14,Jayden Reed,GNB,DET,WR,0,0,0,0,0,0,0,0,1,0,0,0,0.0
2024,14,Jordan Love,GNB,DET,QB,20,12,206,1,0,4,23,0,0,0,0,0,14.54
2024,14,Josh Jacobs,GNB,DET,RB,0,0,0,0,0,18,66,3,0,0,0,0,24.6
2024,14,Tucker Kraft,GNB,DET,TE,0,0,0,0,0,0,0,0,5,3,41,1,13.1
2024,14,Brenton Strange,JAX,TEN,TE,0,0,0,0,0,0,0,0,1,1,21,0,3.1
2024,14,Brian Thomas Jr.,JAX,TEN,WR,0,0,0,0,0,0,0,0,12,8,86,0,16.6
2024,14,Devin Duvernay,JAX,TEN,WR,0,0,0,0,0,1,-7,0,3,3,8,0,3.1
2024,14,Evan Engram,JAX,TEN,TE,0,0,0,0,0,0,0,0,6,4,33,0,7.3
2024,14,Mac Jones,JAX,TEN,QB,31,23,220,0,2,3,3,0,0,0,0,0,5.1
2024,14,Parker Washington,JAX,TEN,WR,0,0,0,0,0,0,0,0,2,2,15,0,3.5
2024,14,Tank Bigsby,JAX,TEN,RB,0,0,0,0,0,18,55,1,2,1,7,0,13.2
2024,14,Travis Etienne,JAX,TEN,RB,0,0,0,0,0,4,20,0,4,4,50,0,11.0
2024,14,Baylor Cupp,KAN,LAC,TE,0,0,0,0,0,0,0,0,1,0,0,0,0.0
2024,14,DeAndre Hopkins,KAN,LAC,WR,0,0,0,0,0,0,0,0,9,4,32,1,13.2
2024,14,Isiah Pacheco,KAN,LAC,RB,0,0,0,0,0,14,55,0,4,2,6,0,8.1
2024,14,JuJu Smith-Schuster,KAN,LAC,WR,0,0,0,0,0,0,0,0,2,2,31,0,5.1
2024,14,Kareem Hunt,KAN,LAC,RB,0,0,0,0,0,5,16,0,1,1,13,0,3.9
2024,14,Noah Gray,KAN,LAC,TE,0,0,0,0,0,0,0,0,5,4,26,0,6.6
2024,14,Patrick Mahomes,KAN,LAC,QB,37,24,210,1,0,4,17,0,0,0,0,0,14.1
2024,14,Samaje Perine,KAN,LAC,RB,0,0,0,0,0,1,3,0,2,1,16,0,2.9
2024,14,Travis Kelce,KAN,LAC,TE,0,0,0,0,0,0,0,0,6,5,45,0,9.5
2024,14,Xavier Worthy,KAN,LAC,WR,0,0,0,0,0,1,5,0,6,5,41,0,9.6
2024,14,DJ Chark,LAC,KAN,WR,0,0,0,0,0,0,0,0,1,1,9,0,1.9
2024,14,Derius Davis,LAC,KAN,WR,0,0,0,0,0,1,0,0,4,2,1,0,2.1
2024,14,Gus Edwards,LAC,KAN,RB,0,0,0,0,0,10,36,1,0,0,0,0,9.6
2024,14,Jalen Reagor,LAC,KAN,WR,0,0,0,0,0,0,0,0,1,1,4,0,1.4
2024,14,Josh Palmer,LAC,KAN,WR,0,0,0,0,0,0,0,0,9,6,78,0,13.8
2024,14,Justin Herbert,LAC,KAN,QB,30,21,213,1,0,4,12,0,0,0,0,0,13.72
2024,14,Kimani Vidal,LAC,KAN,RB,0,0,0,0,0,8,34,0,1,0,0,0,3.4
2024,14,Quentin Johnston,LAC,KAN,WR,0,0,0,0,0,0,0,0,7,5,48,1,15.8
2024,14,Stone Smartt,LAC,KAN,TE,0,0,0,0,0,0,0,0,3,3,54,0,8.4
2024,14,Taylor Heinicke,LAC,KAN,QB,0,0,0,0,0,1,12,0,0,0,0,0,1.2
2024,14,Tucker Fisk,LAC,KAN,TE,0,0,0,0,0,0,0,0,1,1,0,0,1.0
2024,14,Will Dissly,LAC,KAN,TE,0,0,0,0,0,0,0,0,2,2,19,0,3.9
2024,14,Blake Corum,LAR,BUF,RB,0,0,0,0,0,8,34,0,0,0,0,0,3.4
2024,14,Colby Parkinson,LAR,BUF,TE,0,0,0,0,0,0,0,0,1,1,11,0,2.1
2024,14,Cooper Kupp,LAR,BUF,WR,0,0,0,0,0,0,0,0,8,5,92,1,20.2
2024,14,Demarcus Robinson,LAR,BUF,WR,0,0,0,0,0,0,0,0,1,0,0,0,0.0
2024,14,Hunter Long,LAR,BUF,TE,0,0,0,0,0,0,0,0,1,0,0,0,6.0
2024,14,Kyren Williams,LAR,BUF,RB,0,0,0,0,0,29,87,2,2,2,10,0,23.7
2024,14,Matthew Stafford,LAR,BUF,QB,30,23,320,2,0,0,0,0,0,0,0,0,20.8
2024,14,Puka Nacua,LAR,BUF,WR,0,0,0,0,0,5,16,1,14,12,162,1,41.8
2024,14,Tutu Atwell,LAR,BUF,WR,0,0,0,0,0,0,0,0,3,3,45,0,7.5
2024,14,Aidan O'Connell,LVR,TAM,QB,19,11,104,0,1,6,6,1,0,0,0,0,6.76
2024,14,Ameer Abdullah,LVR,TAM,RB,0,0,0,0,0,1,1,0,2,1,-3,0,0.8
2024,14,Brock Bowers,LVR,TAM,TE,0,0,0,0,0,1,3,0,5,3,49,0,8.2
2024,14,Desmond Ridder,LVR,TAM,QB,18,12,101,0,0,2,3,0,0,0,0,0,4.34
2024,14,Jakobi Meyers,LVR,TAM,WR,0,0,0,0,0,0,0,0,10,7,67,0,13.7
2024,14,Michael Mayer,LVR,TAM,TE,0,0,0,0,0,0,0,0,9,7,68,0,13.8
2024,14,Sincere McCormick,LVR,TAM,RB,0,0,0,0,0,15,78,0,3,2,11,0,10.9
2024,14,Terrace Marshall Jr.,LVR,TAM,WR,0,0,0,0,0,0,0,0,1,1,6,0,1.6
2024,14,Tre Tucker,LVR,TAM,WR,0,0,0,0,0,0,0,0,5,2,7,0,2.7
2024,14,De'Von Achane,MIA,NYJ,RB,0,0,0,0,0,14,24,1,7,6,45,0,18.9
2024,14,Durham Smythe,MIA,NYJ,TE,0,0,0,0,0,0,0,0,1,0,0,0,0.0
2024,14,Jaylen Waddle,MIA,NYJ,WR,0,0,0,0,0,0,0,0,12,9,99,0,20.9
2024,14,Jaylen Wright,MIA,NYJ,RB,0,0,0,0,0,2,7,0,3,2,6,0,3.3
2024,14,Jeff Wilson,MIA,NYJ,RB,0,0,0,0,0,1,4,0,1,1,7,0,2.1
2024,14,Jonnu Smith,MIA,NYJ,TE,0,0,0,0,0,0,0,0,4,3,44,1,13.4
2024,14,Julian Hill,MIA,NYJ,TE,0,0,0,0,0,0,0,0,1,1,14,0,2.4
2024,14,Malik Washington,MIA,NYJ,WR,0,0,0,0,0,0,0,0,1,0,0,0,0.0
2024,14,Odell Beckham Jr.,MIA,NYJ,WR,0,0,0,0,0,0,0,0,1,1,1,0,1.1
2024,14,Tua Tagovailoa,MIA,NYJ,QB,47,33,331,2,0,1,3,0,0,0,0,0,23.54
2024,14,Tyreek Hill,MIA,NYJ,WR,0,0,0,0,0,1,6,0,14,10,115,1,28.1
2024,14,Aaron Jones,MIN,ATL,RB,0,0,0,0,0,13,73,1,2,2,11,0,16.4
2024,14,Cam Akers,MIN,ATL,RB,0,0,0,0,0,5,37,0,0,0,0,0,3.7
2024,14,Jordan Addison,MIN,ATL,WR,0,0,0,0,0,0,0,0,12,8,133,3,39.3
2024,14,Josh Oliver,MIN,ATL,TE,0,0,0,0,0,0,0,0,2,1,26,0,3.6
2024,14,Justin Jefferson,MIN,ATL,WR,0,0,0,0,0,0,0,0,7,7,132,2,32.2
2024,14,Nick Mullens,MIN,ATL,QB,0,0,0,0,0,2,-2,0,0,0,0,0,-0.2
2024,14,Sam Darnold,MIN,ATL,QB,28,22,347,5,0,4,7,0,0,0,0,0,34.58
2024,14,T.J. Hockenson,MIN,ATL,TE,0,0,0,0,0,0,0,0,5,4,45,0,8.5
2024,14,Alvin Kamara,NOR,NYG,RB,0,0,0,0,0,17,44,0,5,5,35,0,12.9
2024,14,Cedrick Wilson Jr.,NOR,NYG,WR,0,0,0,0,0,0,0,0,1,1,18,0,2.8
2024,14,Dallin Holker,NOR,NYG,TE,0,0,0,0,0,0,0,0,1,1,10,0,2.0
2024,14,Dante Pettis,NOR,NYG,WR,0,0,0,0,0,0,0,0,2,0,0,0,0.0
2024,14,Derek Carr,NOR,NYG,QB,31,20,219,1,1,2,12,0,0,0,0,0,11.96
2024,14,Foster Moreau,NOR,NYG,TE,0,0,0,0,0,0,0,0,2,2,40,0,6.0
2024,14,Jake Haener,NOR,NYG,QB,0,0,0,0,0,1,-1,0,0,0,0,0,-0.1
2024,14,Jamaal Williams,NOR,NYG,RB,0,0,0,0,0,3,5,0,2,2,10,0,3.5
2024,14,Juwan Johnson,NOR,NYG,TE,0,0,0,0,0,0,0,0,5,4,50,1,15.0
2024,14,Kendre Miller,NOR,NYG,RB,0,0,0,0,0,10,32,1,1,0,0,0,9.2
2024,14,Kevin Austin Jr.,NOR,NYG,WR,0,0,0,0,0,0,0,0,5,1,5,0,1.5
2024,14,Marquez Valdes-Scantling,NOR,NYG,WR,0,0,0,0,0,0,0,0,7,4,51,0,9.1
2024,14,Daniel Bellinger,NYG,NOR,TE,0,0,0,0,0,0,0,0,7,5,45,0,9.5
2024,14,Darius Slayton,NYG,NOR,WR,0,0,0,0,0,0,0,0,6,2,27,0,4.7
2024,14,Devin Singletary,NYG,NOR,RB,0,0,0,0,0,2,8,0,0,0,0,0,0.8
2024,14,Drew Lock,NYG,NOR,QB,49,21,227,0,1,5,59,0,0,0,0,0,14.98
2024,14,Jalin Hyatt,NYG,NOR,WR,0,0,0,0,0,0,0,0,2,0,0,0,0.0
2024,14,Malik Nabers,NYG,NOR,WR,0,0,0,0,0,0,0,0,10,5,79,0,14.9
2024,14,Tyrone Tracy Jr.,NYG,NOR,RB,0,0,0,0,0,16,45,1,10,5,38,0,19.3
2024,14,Wan'Dale Robinson,NYG,NOR,WR,0,0,0,0,0,0,0,0,11,4,38,0,7.8
2024,14,Aaron Rodgers,NYJ,MIA,QB,39,27,339,1,0,0,0,0,0,0,0,0,17.56
2024,14,Allen Lazard,NYJ,MIA,WR,0,0,0,0,0,0,0,0,1,1,18,0,2.8
2024,14,Braelon Allen,NYJ,MIA,RB,0,0,0,0,0,11,43,0,5,4,38,0,12.1
2024,14,Davante Adams,NYJ,MIA,WR,0,0,0,0,0,0,0,0,11,9,109,1,25.9
2024,14,Garrett Wilson,NYJ,MIA,WR,0,0,0,0,0,0,0,0,10,7,114,0,18.4
2024,14,Isaiah Davis,NYJ,MIA,RB,0,0,0,0,0,10,40,1,6,3,27,0,15.7
2024,14,Jeremy Ruckert,NYJ,MIA,TE,0,0,0,0,0,0,0,0,1,0,0,0,0.0
2024,14,Tyler Conklin,NYJ,MIA,TE,0,0,0,0,0,0,0,0,5,3,33,0,6.3
2024,14,A.J. Brown,PHI,CAR,WR,0,0,0,0,0,0,0,0,4,4,43,0,8.3
2024,14,DeVonta Smith,PHI,CAR,WR,0,0,0,0,0,0,0,0,6,4,37,1,13.7
2024,14,Grant Calcaterra,PHI,CAR,TE,0,0,0,0,0,0,0,0,3,3,16,1,10.6
2024,14,Jahan Dotson,PHI,CAR,WR,0,0,0,0,0,0,0,0,2,1,5,0,1.5
2024,14,Jalen Hurts,PHI,CAR,QB,21,14,108,2,0,8,59,1,0,0,0,0,24.22
2024,14,Johnny Wilson,PHI,CAR,WR,0,0,0,0,0,0,0,0,1,0,0,0,0.0
2024,14,Kenny Gainwell,PHI,CAR,RB,0,0,0,0,0,3,26,0,2,2,7,0,5.3
2024,14,Saquon Barkley,PHI,CAR,RB,0,0,0,0,0,20,124,0,1,0,0,0,14.4
2024,14,Calvin Austin III,PIT,CLE,WR,0,0,0,0,0,0,0,0,4,1,4,0,1.4
2024,14,Cordarrelle Patterson,PIT,CLE,RB,0,0,0,0,0,4,3,0,1,1,-2,0,-0.9
2024,14,Darnell Washington,PIT,CLE,TE,0,0,0,0,0,0,0,0,1,0,0,0,0.0
2024,14,Jaylen Warren,PIT,CLE,RB,0,0,0,0,0,9,47,0,5,2,25,0,9.2
2024,14,Mike Williams,PIT,CLE,WR,0,0,0,0,0,0,0,0,4,3,36,0,6.6
2024,14,MyCole Pruitt,PIT,CLE,TE,0,0,0,0,0,0,0,0,1,1,-1,0,0.9
2024,14,Najee Harris,PIT,CLE,RB,0,0,0,0,0,16,53,1,0,0,0,0,11.3
2024,14,Pat Freiermuth,PIT,CLE,TE,0,0,0,0,0,0,0,0,3,3,48,1,13.8
2024,14,Russell Wilson,PIT,CLE,QB,26,15,158,2,0,6,17,0,0,0,0,0,16.02
2024,14,Scott Miller,PIT,CLE,WR,0,0,0,0,0,0,0,0,4,3,38,0,6.8
2024,14,Van Jefferson,PIT,CLE,WR,0,0,0,0,0,0,0,0,1,1,10,1,8.0
2024,14,AJ Barner,SEA,ARI,TE,0,0,0,0,0,0,0,0,1,1,13,0,2.3
2024,14,DK Metcalf,SEA,ARI,WR,0,0,0,0,0,0,0,0,6,4,49,0,8.9
2024,14,Geno Smith,SEA,ARI,QB,30,24,233,1,0,1,0,0,0,0,0,0,13.32
2024,14,George Holani,SEA,ARI,RB,0,0,0,0,0,0,0,0,1,1,-1,0,0.9
2024,14,Jaxon Smith-Njigba,SEA,ARI,WR,0,0,0,0,0,1,4,0,5,5,82,1,19.6
2024,14,Kenny McIntosh,SEA,ARI,RB,0,0,0,0,0,7,38,0,2,2,7,0,6.5
2024,14,Noah Fant,SEA,ARI,TE,0,0,0,0,0,0,0,0,4,3,18,0,4.8
2024,14,Pharaoh Brown,SEA,ARI,TE,0,0,0,0,0,0,0,0,2,1,6,0,1.6
2024,14,Tyler Lockett,SEA,ARI,WR,0,0,0,0,0,0,0,0,1,0,0,0,0.0
2024,14,Zach Charbonnet,SEA,ARI,RB,0,0,0,0,0,22,134,2,7,7,59,0,38.3
2024,14,Brock Purdy,SFO,CHI,QB,25,20,325,2,0,5,11,0,0,0,0,0,22.1
2024,14,Deebo Samuel Sr.,SFO,CHI,WR,0,0,0,0,0,5,13,0,3,2,22,0,5.5
2024,14,Eric Saubert,SFO,CHI,TE,0,0,0,0,0,0,0,0,1,1,4,0,1.4
2024,14,George Kittle,SFO,CHI,TE,0,0,0,0,0,0,0,0,6,6,151,0,21.1
2024,14,Isaac Guerendo,SFO,CHI,RB,0,0,0,0,0,15,78,2,2,2,50,0,26.8
2024,14,Jacob Cowing,SFO,CHI,WR,0,0,0,0,0,0,0,0,1,0,0,0,0.0
2024,14,Jauan Jennings,SFO,CHI,WR,0,0,0,0,0,0,0,0,8,7,90,2,28.0
2024,14,Ke'Shawn Vaughn,SFO,CHI,RB,0,0,0,0,0,2,4,0,0,0,0,0,0.4
2024,14,Kyle Juszczyk,SFO,CHI,RB,0,0,0,0,0,0,0,0,2,1,3,0,1.3
2024,14,Patrick Taylor,SFO,CHI,RB,0,0,0,0,0,7,25,1,1,0,0,0,8.5
2024,14,Ricky Pearsall,SFO,CHI,WR,0,0,0,0,0,0,0,0,2,1,5,0,1.5
2024,14,Baker Mayfield,TAM,LVR,QB,29,18,295,3,2,2,12,0,0,0,0,0,19.0
2024,14,Bucky Irving,TAM,LVR,RB,0,0,0,0,0,4,3,0,1,1,15,0,2.8
2024,14,Cade Otton,TAM,LVR,TE,0,0,0,0,0,0,0,0,4,3,70,0,10.0
2024,14,Jalen McMillan,TAM,LVR,WR,0,0,0,0,0,0,0,0,7,4,59,2,21.9
2024,14,Mike Evans,TAM,LVR,WR,0,0,0,0,0,0,0,0,5,4,69,0,10.9
2024,14,Rachaad White,TAM,LVR,RB,0,0,0,0,0,17,90,1,3,2,19,1,24.9
2024,14,Sean Tucker,TAM,LVR,RB,0,0,0,0,0,3,47,0,2,0,0,0,4.7
2024,14,Sterling Shepard,TAM,LVR,WR,0,0,0,0,0,0,0,0,6,4,63,0,10.3
2024,14,Bryce Oliver,TEN,JAX,WR,0,0,0,0,0,0,0,0,1,1,16,0,2.6
2024,14,Calvin Ridley,TEN,JAX,WR,0,0,0,0,0,0,0,0,12,7,59,0,12.9
2024,14,Chig Okonkwo,TEN,JAX,TE,0,0,0,0,0,0,0,0,4,3,8,0,3.8
2024,14,David Martin-Robinson,TEN,JAX,TE,0,0,0,0,0,0,0,0,1,0,0,0,0.0
2024,14,Josh Whyle,TEN,JAX,TE,0,0,0,0,0,0,0,0,2,2,31,0,5.1
2024,14,Nick Vannett,TEN,JAX,TE,0,0,0,0,0,0,0,0,2,1,4,0,1.4
2024,14,Nick Westbrook-Ikhine,TEN,JAX,WR,0,0,0,0,0,0,0,0,2,1,19,0,2.9
2024,14,Tony Pollard,TEN,JAX,RB,0,0,0,0,0,21,102,0,2,2,22,0,14.4
2024,14,Tyjae Spears,TEN,JAX,RB,0,0,0,0,0,6,21,0,2,1,2,0,3.3
2024,14,Tyler Boyd,TEN,JAX,WR,0,0,0,0,0,0,0,0,4,1,7,0,1.7
2024,14,Will Levis,TEN,JAX,QB,32,19,168,0,0,1,3,0,0,0,0,0,7.02
2024,15,Clayton Tune,ARI,NWE,QB,2,2,8,0,0,1,-1,0,0,0,0,0,0.22
2024,15,DeeJay Dallas,ARI,NWE,RB,0,0,0,0,0,4,15,0,0,0,0,0,1.5
2024,15,Elijah Higgins,ARI,NWE,TE,0,0,0,0,0,0,0,0,1,1,5,0,1.5
2024,15,Greg Dortch,ARI,NWE,WR,0,0,0,0,0,1,6,0,3,3,60,0,9.6
2024,15,James Conner,ARI,NWE,RB,0,0,0,0,0,16,110,2,5,5,28,0,30.8
2024,15,Kyler Murray,ARI,NWE,QB,30,23,224,0,0,5,11,0,0,0,0,0,10.06
2024,15,Marvin Harrison Jr.,ARI,NWE,WR,0,0,0,0,0,0,0,0,6,2,32,0,5.2
2024,15,Michael Wilson,ARI,NWE,WR,0,0,0,0,0,0,0,0,2,2,9,0,2.9
2024,15,Tip Reiman,ARI,NWE,TE,0,0,0,0,0,0,0,0,3,2,8,0,2.8
2024,15,Trey Benson,ARI,NWE,RB,0,0,0,0,0,5,22,0,0,0,0,0,2.2
2024,15,Trey McBride,ARI,NWE,TE,0,0,0,0,0,0,0,0,10,9,87,0,17.7
2024,15,Zay Jones,ARI,NWE,WR,0,0,0,0,0,0,0,0,1,1,3,0,1.3
2024,15,Bijan Robinson,ATL,LVR,RB,0,0,0,0,0,22,125,0,2,1,10,0,14.5
2024,15,Charlie Woerner,ATL,LVR,TE,0,0,0,0,0,0,0,0,3,2,7,0,2.7
2024,15,Darnell Mooney,ATL,LVR,WR,0,0,0,0,0,0,0,0,1,0,0,0,0.0
2024,15,Drake London,ATL,LVR,WR,0,0,0,0,0,0,0,0,3,3,53,1,14.3
2024,15,Kirk Cousins,ATL,LVR,QB,17,11,112,1,1,3,0,0,0,0,0,0,6.48
2024,15,Kyle Pitts,ATL,LVR,TE,0,0,0,0,0,0,0,0,4,4,28,0,6.8
2024,15,Ray-Ray McCloud,ATL,LVR,WR,0,0,0,0,0,0,0,0,3,1,14,0,2.4
2024,15,Tyler Allgeier,ATL,LVR,RB,0,0,0,0,0,12,43,0,0,0,0,0,4.3
2024,15,Derrick Henry,BAL,NYG,RB,0,0,0,0,0,14,67,0,0,0,0,0,6.7
2024,15,Devontez Walker,BAL,NYG,WR,0,0,0,0,0,0,0,0,1,1,21,1,9.1
2024,15,Isaiah Likely,BAL,NYG,TE,0,0,0,0,0,0,0,0,2,2,17,0,3.7
2024,15,Josh Johnson,BAL,NYG,QB,0,0,0,0,0,1,-1,0,0,0,0,0,-0.1
2024,15,Justice Hill,BAL,NYG,RB,0,0,0,0,0,2,7,0,5,5,61,1,17.8
2024,15,Lamar Jackson,BAL,NYG,QB,25,21,290,5,0,6,65,0,0,0,0,0,36.1
2024,15,Mark Andrews,BAL,NYG,TE,0,0,0,0,0,0,0,0,2,2,24,1,10.4
2024,15,Nelson Agholor,BAL,NYG,WR,0,0,0,0,0,0,0,0,1,1,26,0,3.6
2024,15,Rasheen Ali,BAL,NYG,RB,0,0,0,0,0,8,32,0,0,0,0,0,3.2
2024,15,Rashod Bateman,BAL,NYG,WR,0,0,0,0,0,0,0,0,5,3,80,2,23.0
2024,15,Tylan Wallace,BAL,NYG,WR,0,0,0,0,0,0,0,0,1,1,8,0,1.8
2024,15,Zay Flowers,BAL,NYG,WR,0,0,0,0,0,0,0,0,7,6,53,0,11.3
2024,15,Curtis Samuel,BUF,DET,WR,0,0,0,0,0,0,0,0,2,1,1,0,1.1
2024,15,Dalton Kincaid,BUF,DET,TE,0,0,0,0,0,0,0,0,7,4,53,0,9.3
2024,15,Dawson Knox,BUF,DET,TE,0,0,0,0,0,0,0,0,3,2,42,0,6.2
2024,15,James Cook,BUF,DET,RB,0,0,0,0,0,14,105,2,1,1,28,0,26.3
2024,15,Josh Allen,BUF,DET,QB,34,23,362,2,0,11,68,2,0,0,0,0,41.28
2024,15,Keon Coleman,BUF,DET,WR,0,0,0,0,0,0,0,0,2,1,64,0,7.4
2024,15,Khalil Shakir,BUF,DET,WR,0,0,0,0,0,0,0,0,7,6,39,1,15.9
2024,15,Mack Hollins,BUF,DET,WR,0,0,0,0,0,0,0,0,3,1,7,0,1.7
2024,15,Ray Davis,BUF,DET,RB,0,0,0,0,0,7,15,0,2,2,14,1,10.9
2024,15,Ty Johnson,BUF,DET,RB,0,0,0,0,0,2,9,0,5,5,114,0,17.3
2024,15,Adam Thielen,CAR,DAL,WR,0,0,0,0,0,0,0,0,7,5,51,0,10.1
2024,15,Bryce Young,CAR,DAL,QB,28,19,219,1,2,3,12,1,0,0,0,0,11.96
2024,15,Chuba Hubbard,CAR,DAL,RB,0,0,0,0,0,10,32,0,4,4,17,0,8.9
2024,15,David Moore,CAR,DAL,WR,0,0,0,0,0,0,0,0,4,2,19,0,3.9
2024,15,Ja'Tavion Sanders,CAR,DAL,TE,0,0,0,0,0,0,0,0,1,0,0,0,0.0
2024,15,Jalen Coker,CAR,DAL,WR,0,0,0,0,0,0,0,0,6,4,110,1,21.0
2024,15,Mike Boone,CAR,DAL,RB,0,0,0,0,0,2,14,0,0,0,0,0,1.4
2024,15,Tommy Tremble,CAR,DAL,TE,0,0,0,0,0,0,0,0,2,2,15,0,3.5
2024,15,Xavier Legette,CAR,DAL,WR,0,0,0,0,0,1,2,0,3,2,7,0,2.9
2024,15,Caleb Williams,CHI,MIN,QB,31,18,191,1,0,4,3,0,0,0,0,0,9.94
2024,15,Cole Kmet,CHI,MIN,TE,0,0,0,0,0,0,0,0,1,1,14,0,2.4
2024,15,D'Andre Swift,CHI,MIN,RB,0,0,0,0,0,19,79,0,1,1,10,0,9.9
2024,15,DJ Moore,CHI,MIN,WR,0,0,0,0,0,3,24,0,8,8,46,0,15.0
2024,15,Keenan Allen,CHI,MIN,WR,0,0,0,0,0,0,0,0,13,6,82,1,20.2
2024,15,Rome Odunze,CHI,MIN,WR,0,0,0,0,0,0,0,0,7,2,39,0,5.9
2024,15,Travis Homer,CHI,MIN,RB,0,0,0,0,0,3,7,0,0,0,0,0,0.7
2024,15,Tyler Scott,CHI,MIN,WR,0,0,0,0,0,0,0,0,1,1,5,0,1.5
2024,15,Andrei Iosivas,CIN,TEN,WR,0,0,0,0,0,0,0,0,4,1,5,0,1.5
2024,15,Cam Grandy,CIN,TEN,TE,0,0,0,0,0,0,0,0,2,2,12,0,3.2
2024,15,Chase Brown,CIN,TEN,RB,0,0,0,0,0,25,97,1,3,3,16,1,26.3
2024,15,Drew Sample,CIN,TEN,TE,0,0,0,0,0,0,0,0,1,1,8,0,1.8
2024,15,Ja'Marr Chase,CIN,TEN,WR,0,0,0,0,0,0,0,0,11,9,94,0,18.4
2024,15,Joe Burrow,CIN,TEN,QB,37,26,271,3,2,0,0,0,0,0,0,0,16.84
2024,15,Khalil Herbert,CIN,TEN,RB,0,0,0,0,0,1,4,0,0,0,0,0,0.4
2024,15,Mike Gesicki,CIN,TEN,TE,0,0,0,0,0,0,0,0,4,3,37,0,6.7
2024,15,Tanner Hudson,CIN,TEN,TE,0,0,0,0,0,0,0,0,1,1,9,0,1.9
2024,15,Tee Higgins,CIN,TEN,WR,0,0,0,0,0,0,0,0,8,5,88,1,19.8
2024,15,Blake Whiteheart,CLE,KAN,TE,0,0,0,0,0,0,0,0,1,0,0,0,0.0
2024,15,Dorian Thompson-Robinson,CLE,KAN,QB,9,4,18,0,1,3,16,0,0,0,0,0,0.32
2024,15,Elijah Moore,CLE,KAN,WR,0,0,0,0,0,0,0,0,6,2,-1,0,1.9
2024,15,Jamari Thrash,CLE,KAN,WR,0,0,0,0,0,0,0,0,1,0,0,0,0.0
2024,15,Jameis Winston,CLE,KAN,QB,25,16,146,0,3,2,-2,0,0,0,0,0,-0.36
2024,15,Jerome Ford,CLE,KAN,RB,0,0,0,0,0,7,84,1,2,2,20,0,18.4
2024,15,Jerry Jeudy,CLE,KAN,WR,0,0,0,0,0,0,0,0,14,11,108,0,21.8
2024,15,Jordan Akins,CLE,KAN,TE,0,0,0,0,0,0,0,0,4,3,30,0,6.0
2024,15,Mike Woods,CLE,KAN,WR,0,0,0,0,0,0,0,0,3,2,7,0,2.7
2024,15,Nick Chubb,CLE,KAN,RB,0,0,0,0,0,9,41,0,1,0,0,0,2.1
2024,15,Brandin Cooks,DAL,CAR,WR,0,0,0,0,0,0,0,0,5,3,34,0,6.4
2024,15,Brevyn Spann-Ford,DAL,CAR,TE,0,0,0,0,0,0,0,0,1,1,2,0,1.2
2024,15,CeeDee Lamb,DAL,CAR,WR,0,0,0,0,0,0,0,0,13,9,116,1,26.6
2024,15,Cooper Rush,DAL,CAR,QB,29,18,214,3,0,4,5,0,0,0,0,0,19.06
2024,15,Ezekiel Elliott,DAL,CAR,RB,0,0,0,0,0,9,30,0,1,1,11,0,5.1
2024,15,Jake Ferguson,DAL,CAR,TE,0,0,0,0,0,0,0,0,4,2,23,0,4.3
2024,15,Jalen Brooks,DAL,CAR,WR,0,0,0,0,0,0,0,0,1,1,17,1,8.7
2024,15,Jalen Tolbert,DAL,CAR,WR,0,0,0,0,0,0,0,0,2,1,11,1,8.1
2024,15,KaVontae Turpin,DAL,CAR,WR,0,0,0,0,0,2,27,0,1,0,0,0,2.7
2024,15,Rico Dowdle,DAL,CAR,RB,0,0,0,0,0,25,149,0,0,0,0,0,14.9
2024,15,Adam Trautman,DEN,IND,TE,0,0,0,0,0,0,0,0,2,2,20,1,10.0
2024,15,Audric Estimé,DEN,IND,RB,0,0,0,0,0,5,13,0,1,1,5,0,2.8
2024,15,Bo Nix,DEN,IND,QB,33,20,130,3,3,8,23,0,0,0,0,0,13.5
2024,15,Courtland Sutton,DEN,IND,WR,0,0,0,0,0,0,0,0,9,3,32,1,12.2
2024,15,Devaughn Vele,DEN,IND,WR,0,0,0,0,0,0,0,0,1,0,0,0,0.0
2024,15,Jaleel McLaughlin,DEN,IND,RB,0,0,0,0,0,7,21,0,3,3,13,0,6.4
2024,15,Javonte Williams,DEN,IND,RB,0,0,0,0,0,6,15,0,3,2,8,0,4.3
2024,15,Lil'Jordan Humphrey,DEN,IND,WR,0,0,0,0,0,0,0,0,1,0,0,0,0.0
2024,15,Lucas Krull,DEN,IND,TE,0,0,0,0,0,0,0,0,2,2,8,0,2.8
2024,15,Marvin Mims Jr.,DEN,IND,WR,0,0,0,0,0,1,0,0,4,4,20,0,6.0
2024,15,Nate Adkins,DEN,IND,TE,0,0,0,0,0,0,0,0,1,1,15,1,8.5
2024,15,Troy Franklin,DEN,IND,WR,0,0,0,0,0,0,0,0,5,2,9,0,2.9
2024,15,Allen Robinson,DET,BUF,WR,0,0,0,0,0,0,0,0,1,0,0,0,0.0
2024,15,Amon-Ra St. Brown,DET,BUF,WR,0,0,0,0,0,0,0,0,18,14,193,1,37.3
2024,15,David Montgomery,DET,BUF,RB,0,0,0,0,0,5,4,0,4,4,31,0,7.5
2024,15,Jahmyr Gibbs,DET,BUF,RB,0,0,0,0,0,8,31,1,7,5,83,1,28.4
2024,15,Jameson Williams,DET,BUF,WR,0,0,0,0,0,0,0,0,5,3,37,1,12.7
2024,15,Jared Goff,DET,BUF,QB,59,38,494,5,0,2,13,0,0,0,0,0,41.06
2024,15,Sam LaPorta,DET,BUF,TE,0,0,0,0,0,0,0,0,10,7,111,0,18.1
2024,15,Tim Patrick,DET,BUF,WR,0,0,0,0,0,0,0,0,8,4,30,1,13.0
2024,15,Chris Brooks,GNB,SEA,RB,0,0,0,0,0,1,6,0,1,1,9,0,2.5
2024,15,Christian Watson,GNB,SEA,WR,0,0,0,0,0,0,0,0,6,3,56,0,8.6
2024,15,Dontayvion Wicks,GNB,SEA,WR,0,0,0,0,0,0,0,0,2,2,14,0,3.4
2024,15,Emanuel Wilson,GNB,SEA,RB,0,0,0,0,0,3,9,0,0,0,0,0,0.9
2024,15,Jayden Reed,GNB,SEA,WR,0,0,0,0,0,3,27,0,6,5,34,0,11.1
2024,15,Jordan Love,GNB,SEA,QB,27,20,229,2,0,1,4,0,0,0,0,0,17.56
2024,15,Josh Jacobs,GNB,SEA,RB,0,0,0,0,0,26,94,1,4,4,42,0,21.6
2024,15,Romeo Doubs,GNB,SEA,WR,0,0,0,0,0,0,0,0,5,3,40,2,19.0
2024,15,Tucker Kraft,GNB,SEA,TE,0,0,0,0,0,0,0,0,2,2,34,0,5.4
2024,15,C.J. Stroud,HOU,MIA,QB,26,18,131,2,0,6,4,0,0,0,0,0,11.64
2024,15,Dalton Schultz,HOU,MIA,TE,0,0,0,0,0,0,0,0,4,2,13,0,3.3
2024,15,Dare Ogunbowale,HOU,MIA,RB,0,0,0,0,0,1,35,0,0,0,0,0,3.5
2024,15,Joe Mixon,HOU,MIA,RB,0,0,0,0,0,12,23,0,6,5,33,0,10.6
2024,15,John Metchie III,HOU,MIA,WR,0,0,0,0,0,0,0,0,4,2,17,0,3.7
2024,15,Nico Collins,HOU,MIA,WR,0,0,0,0,0,0,0,0,6,4,17,2,17.7
2024,15,Robert Woods,HOU,MIA,WR,0,0,0,0,0,0,0,0,2,2,12,0,3.2
2024,15,Tank Dell,HOU,MIA,WR,0,0,0,0,0,1,15,0,2,2,26,0,6.1
2024,15,Xavier Hutchinson,HOU,MIA,WR,0,0,0,0,0,0,0,0,1,1,13,0,2.3
2024,15,Adonai Mitchell,IND,DEN,WR,0,0,0,0,0,1,-10,0,4,0,0,0,-3.0
2024,15,Alec Pierce,IND,DEN,WR,0,0,0,0,0,0,0,0,4,0,0,0,0.0
2024,15,Anthony Gould,IND,DEN,WR,0,0,0,0,0,0,0,0,1,1,23,0,3.3
2024,15,Anthony Richardson,IND,DEN,QB,38,17,172,0,2,7,46,1,1,1,-1,0,14.38
2024,15,Jonathan Taylor,IND,DEN,RB,0,0,0,0,0,22,107,0,2,1,4,0,10.1
2024,15,Josh Downs,IND,DEN,WR,0,0,0,0,0,0,0,0,8,3,32,0,6.2
2024,15,Kylen Granson,IND,DEN,TE,0,0,0,0,0,0,0,0,4,3,47,0,7.7
2024,15,Michael Pittman,IND,DEN,WR,0,0,0,0,0,0,0,0,9,6,58,0,9.8
2024,15,Trey Sermon,IND,DEN,RB,0,0,0,0,0,1,3,0,2,2,9,0,3.2
2024,15,Tyler Goodson,IND,DEN,RB,0,0,0,0,0,1,3,0,0,0,0,0,0.3
2024,15,Will Mallory,IND,DEN,TE,0,0,0,0,0,0,0,0,1,0,0,0,0.0
2024,15,Brenton Strange,JAX,NYJ,TE,0,0,0,0,0,0,0,0,12,11,73,0,18.3
2024,15,Brian Thomas Jr.,JAX,NYJ,WR,0,0,0,0,0,0,0,0,14,10,105,2,32.5
2024,15,Devin Duvernay,JAX,NYJ,WR,0,0,0,0,0,0,0,0,4,3,42,0,7.2
2024,15,Josh Reynolds,JAX,NYJ,WR,0,0,0,0,0,0,0,0,1,0,0,0,0.0
2024,15,Mac Jones,JAX,NYJ,QB,46,31,294,2,2,4,29,0,0,0,0,0,18.66
2024,15,Parker Washington,JAX,NYJ,WR,0,0,0,0,0,0,0,0,6,3,54,0,8.4
2024,15,Tank Bigsby,JAX,NYJ,RB,0,0,0,0,0,11,42,0,1,0,0,0,4.2
2024,15,Travis Etienne,JAX,NYJ,RB,0,0,0,0,0,14,65,0,5,4,20,0,12.5
2024,15,Carson Wentz,KAN,CLE,QB,2,2,20,0,0,3,0,0,0,0,0,0,0.8
2024,15,DeAndre Hopkins,KAN,CLE,WR,0,0,0,0,0,0,0,0,6,5,36,0,8.6
2024,15,Isiah Pacheco,KAN,CLE,RB,0,0,0,0,0,13,32,0,1,1,15,0,5.7
2024,15,JuJu Smith-Schuster,KAN,CLE,WR,0,0,0,0,0,0,0,0,3,1,7,1,7.7
2024,15,Justin Watson,KAN,CLE,WR,0,0,0,0,0,0,0,0,1,0,0,0,0.0
2024,15,Kareem Hunt,KAN,CLE,RB,0,0,0,0,0,13,45,0,2,1,4,0,5.9
2024,15,Noah Gray,KAN,CLE,TE,0,0,0,0,0,0,0,0,5,2,21,1,10.1
2024,15,Patrick Mahomes,KAN,CLE,QB,38,19,159,2,0,2,14,0,0,0,0,0,15.76
2024,15,Samaje Perine,KAN,CLE,RB,0,0,0,0,0,1,11,0,1,1,23,0,4.4
2024,15,Travis Kelce,KAN,CLE,TE,0,0,0,0,0,0,0,0,8,4,27,0,6.7
2024,15,Xavier Worthy,KAN,CLE,WR,0,0,0,0,0,3,30,1,11,6,46,0,19.6
2024,15,DJ Chark,LAC,TAM,WR,0,0,0,0,0,0,0,0,2,2,16,0,3.6
2024,15,Gus Edwards,LAC,TAM,RB,0,0,0,0,0,8,23,0,0,0,0,0,2.3
2024,15,Josh Palmer,LAC,TAM,WR,0,0,0,0,0,0,0,0,3,2,10,0,3.0
2024,15,Justin Herbert,LAC,TAM,QB,33,21,195,2,1,0,0,0,0,0,0,0,13.8
2024,15,Kimani Vidal,LAC,TAM,RB,0,0,0,0,0,3,9,0,3,2,13,0,4.2
2024,15,Ladd McConkey,LAC,TAM,WR,0,0,0,0,0,0,0,0,7,5,58,1,16.8
2024,15,Quentin Johnston,LAC,TAM,WR,0,0,0,0,0,0,0,0,10,5,45,1,15.5
2024,15,Stone Smartt,LAC,TAM,TE,0,0,0,0,0,0,0,0,6,5,50,0,8.0
2024,15,Tucker Fisk,LAC,TAM,TE,0,0,0,0,0,0,0,0,1,1,7,0,1.7
2024,15,Blake Corum,LAR,SFO,RB,0,0,0,0,0,3,5,0,3,2,15,0,4.0
2024,15,Colby Parkinson,LAR,SFO,TE,0,0,0,0,0,0,0,0,5,2,21,0,4.1
2024,15,Cooper Kupp,LAR,SFO,WR,0,0,0,0,0,0,0,0,3,0,0,0,0.0
2024,15,Demarcus Robinson,LAR,SFO,WR,0,0,0,0,0,0,0,0,1,0,0,0,0.0
2024,15,Hunter Long,LAR,SFO,TE,0,0,0,0,0,0,0,0,2,2,17,0,3.7
2024,15,Kyren Williams,LAR,SFO,RB,0,0,0,0,0,29,108,0,2,2,4,0,13.2
2024,15,Matthew Stafford,LAR,SFO,QB,27,16,160,0,0,4,18,0,0,0,0,0,8.2
2024,15,Puka Nacua,LAR,SFO,WR,0,0,0,0,0,2,11,0,8,7,97,0,17.8
2024,15,Tutu Atwell,LAR,SFO,WR,0,0,0,0,0,0,0,0,2,1,6,0,1.6
2024,15,Alexander Mattison,LVR,ATL,RB,0,0,0,0,0,7,21,0,4,2,3,0,2.4
2024,15,Ameer Abdullah,LVR,ATL,RB,0,0,0,0,0,3,8,0,7,7,58,1,19.6
2024,15,Brock Bowers,LVR,ATL,TE,0,0,0,0,0,0,0,0,6,3,35,0,6.5
2024,15,Desmond Ridder,LVR,ATL,QB,39,23,208,1,2,5,28,0,0,0,0,0,11.12
2024,15,Jakobi Meyers,LVR,ATL,WR,0,0,0,0,0,0,0,0,9,5,59,0,10.9
2024,15,Michael Mayer,LVR,ATL,TE,0,0,0,0,0,0,0,0,2,1,11,0,2.1
2024,15,Sincere McCormick,LVR,ATL,RB,0,0,0,0,0,7,8,0,2,2,17,0,4.5
2024,15,Terrace Marshall Jr.,LVR,ATL,WR,0,0,0,0,0,0,0,0,1,1,7,0,1.7
2024,15,Tre Tucker,LVR,ATL,WR,0,0,0,0,0,0,0,0,3,2,18,0,3.8
2024,15,De'Von Achane,MIA,HOU,RB,0,0,0,0,0,12,41,0,7,7,35,0,14.6
2024,15,Durham Smythe,MIA,HOU,TE,0,0,0,0,0,0,0,0,1,1,8,0,1.8
2024,15,Grant DuBose,MIA,HOU,WR,0,0,0,0,0,0,0,0,1,1,-2,0,0.8
2024,15,Jaylen Waddle,MIA,HOU,WR,0,0,0,0,0,0,0,0,2,0,0,0,0.0
2024,15,Jaylen Wright,MIA,HOU,RB,0,0,0,0,0,1,3,0,0,0,0,0,0.3
2024,15,Jonnu Smith,MIA,HOU,TE,0,0,0,0,0,0,0,0,11,9,48,1,19.8
2024,15,Malik Washington,MIA,HOU,WR,0,0,0,0,0,0,0,0,6,5,52,0,10.2
2024,15,Raheem Mostert,MIA,HOU,RB,0,0,0,0,0,6,8,0,3,3,13,0,5.1
2024,15,River Cracraft,MIA,HOU,WR,0,0,0,0,0,0,0,0,1,1,6,0,1.6
2024,15,Tua Tagovailoa,MIA,HOU,QB,40,29,196,1,3,0,0,0,0,0,0,0,3.84
2024,15,Tyreek Hill,MIA,HOU,WR,0,0,0,0,0,0,0,0,7,2,36,0,5.6
2024,15,Aaron Jones,MIN,CHI,RB,0,0,0,0,0,18,86,1,3,2,20,0,18.6
2024,15,Brandon Powell,MIN,CHI,WR,0,0,0,0,0,0,0,0,1,1,12,0,2.2
2024,15,Cam Akers,MIN,CHI,RB,0,0,0,0,0,10,24,1,0,0,0,0,8.4
2024,15,Jalen Nailor,MIN,CHI,WR,0,0,0,0,0,0,0,0,1,1,5,0,1.5
2024,15,Johnny Mundt,MIN,CHI,TE,0,0,0,0,0,0,0,0,1,0,0,0,0.0
2024,15,Jordan Addison,MIN,CHI,WR,0,0,0,0,0,0,0,0,9,7,63,0,13.3
2024,15,Justin Jefferson,MIN,CHI,WR,0,0,0,0,0,0,0,0,14,7,73,1,20.3
2024,15,Sam Darnold,MIN,CHI,QB,40,24,231,1,1,0,0,0,0,0,0,0,11.24
2024,15,T.J. Hockenson,MIN,CHI,TE,0,0,0,0,0,0,0,0,7,5,52,0,10.2
2024,15,Trent Sherfield,MIN,CHI,WR,0,0,0,0,0,0,0,0,1,1,6,0,1.6
2024,15,Ty Chandler,MIN,CHI,RB,0,0,0,0,0,1,4,0,0,0,0,0,0.4
2024,15,Alvin Kamara,NOR,WAS,RB,0,0,0,0,0,5,12,0,5,4,58,1,17.0
2024,15,Cedrick Wilson Jr.,NOR,WAS,WR,1,1,21,1,0,0,0,0,1,0,0,0,4.84
2024,15,Dante Pettis,NOR,WAS,WR,0,0,0,0,0,0,0,0,5,2,24,0,4.4
2024,15,Foster Moreau,NOR,WAS,TE,0,0,0,0,0,0,0,0,4,4,39,1,13.9
2024,15,Jake Haener,NOR,WAS,QB,10,4,49,0,1,1,7,0,0,0,0,0,0.66
2024,15,Juwan Johnson,NOR,WAS,TE,0,0,0,0,0,0,0,0,3,2,12,0,3.2
2024,15,Kendre Miller,NOR,WAS,RB,0,0,0,0,0,9,46,0,1,0,0,0,4.6
2024,15,Kevin Austin Jr.,NOR,WAS,WR,0,0,0,0,0,0,0,0,3,1,8,0,1.8
2024,15,Marquez Valdes-Scantling,NOR,WAS,WR,0,0,0,0,0,1,4,0,7,2,64,0,8.8
2024,15,Spencer Rattler,NOR,WAS,QB,21,10,135,1,0,0,0,0,0,0,0,0,9.4
2024,15,Antonio Gibson,NWE,ARI,RB,0,0,0,0,0,7,33,0,2,2,31,0,8.4
2024,15,Austin Hooper,NWE,ARI,TE,0,0,0,0,0,0,0,0,3,3,38,0,6.8
2024,15,DeMario Douglas,NWE,ARI,WR,0,0,0,0,0,0,0,0,3,3,11,1,10.1
2024,15,Drake Maye,NWE,ARI,QB,23,19,202,1,1,4,14,1,0,0,0,0,17.48
2024,15,Hunter Henry,NWE,ARI,TE,0,0,0,0,0,0,0,0,4,4,25,0,6.5
2024,15,Ja'Lynn Polk,NWE,ARI,WR,0,0,0,0,0,0,0,0,1,0,0,0,0.0
2024,15,Kayshon Boutte,NWE,ARI,WR,0,0,0,0,0,0,0,0,5,2,19,0,3.9
2024,15,Kendrick Bourne,NWE,ARI,WR,0,0,0,0,0,0,0,0,3,3,44,0,7.4
2024,15,Rhamondre Stevenson,NWE,ARI,RB,0,0,0,0,0,13,69,0,1,1,16,0,9.5
2024,15,Daniel Bellinger,NYG,BAL,TE,0,0,0,0,0,0,0,0,3,3,35,0,6.5
2024,15,Darius Slayton,NYG,BAL,WR,0,0,0,0,0,0,0,0,1,1,16,0,2.6
2024,15,Devin Singletary,NYG,BAL,RB,0,0,0,0,0,8,25,1,3,3,16,0,13.1
2024,15,Malik Nabers,NYG,BAL,WR,0,0,0,0,0,0,0,0,14,10,82,1,24.2
2024,15,Tim Boyle,NYG,BAL,QB,24,12,123,1,1,1,-1,0,0,0,0,0,6.82
2024,15,Tommy DeVito,NYG,BAL,QB,13,10,68,0,0,1,0,0,0,0,0,0,2.72
2024,15,Tyrone Tracy Jr.,NYG,BAL,RB,0,0,0,0,0,10,31,0,4,1,4,0,4.5
2024,15,Wan'Dale Robinson,NYG,BAL,WR,0,0,0,0,0,0,0,0,9,4,38,0,7.8
2024,15,Aaron Rodgers,NYJ,JAX,QB,30,16,289,3,0,6,45,0,0,0,0,0,30.06
2024,15,Allen Lazard,NYJ,JAX,WR,0,0,0,0,0,0,0,0,4,0,0,0,0.0
2024,15,Braelon Allen,NYJ,JAX,RB,0,0,0,0,0,2,5,0,0,0,0,0,0.5
2024,15,Breece Hall,NYJ,JAX,RB,0,0,0,0,0,9,30,1,2,2,21,0,13.1
2024,15,Davante Adams,NYJ,JAX,WR,0,0,0,0,0,0,0,0,12,9,198,2,42.8
2024,15,Garrett Wilson,NYJ,JAX,WR,0,0,0,0,0,0,0,0,6,3,56,1,14.6
2024,15,Isaiah Davis,NYJ,JAX,RB,0,0,0,0,0,5,24,0,1,1,2,0,3.6
2024,15,Jeremy Ruckert,NYJ,JAX,TE,0,0,0,0,0,0,0,0,3,1,12,0,2.2
2024,15,A.J. Brown,PHI,PIT,WR,0,0,0,0,0,0,0,0,11,8,110,1,25.0
2024,15,DeVonta Smith,PHI,PIT,WR,0,0,0,0,0,1,1,0,12,11,109,1,28.0
2024,15,Grant Calcaterra,PHI,PIT,TE,0,0,0,0,0,0,0,0,1,1,22,0,3.2
2024,15,Jahan Dotson,PHI,PIT,WR,0,0,0,0,0,0,0,0,1,0,0,0,0.0
2024,15,Jalen Hurts,PHI,PIT,QB,32,25,290,2,0,15,45,1,0,0,0,0,28.1
2024,15,Johnny Wilson,PHI,PIT,WR,0,0,0,0,0,0,0,0,1,0,0,0,0.0
2024,15,Kenny Gainwell,PHI,PIT,RB,0,0,0,0,0,7,20,0,3,3,40,0,9.0
2024,15,Saquon Barkley,PHI,PIT,RB,0,0,0,0,0,19,65,0,2,2,9,0,9.4
2024,15,Ben Skowronek,PIT,PHI,WR,0,0,0,0,0,0,0,0,1,1,17,0,2.7
2024,15,Calvin Austin III,PIT,PHI,WR,0,0,0,0,0,0,0,0,5,5,65,0,11.5
2024,15,Cordarrelle Patterson,PIT,PHI,RB,0,0,0,0,0,2,9,0,1,1,-1,0,1.8
2024,15,Jaylen Warren,PIT,PHI,RB,0,0,0,0,0,4,12,0,2,1,3,0,2.5
2024,15,Justin Fields,PIT,PHI,QB,0,0,0,0,0,1,8,0,0,0,0,0,0.8
2024,15,Mike Williams,PIT,PHI,WR,0,0,0,0,0,0,0,0,2,1,15,0,2.5
2024,15,Najee Harris,PIT,PHI,RB,0,0,0,0,0,6,14,0,1,1,7,0,3.1
2024,15,Pat Freiermuth,PIT,PHI,TE,0,0,0,0,0,0,0,0,6,3,22,1,11.2
2024,15,Russell Wilson,PIT,PHI,QB,22,14,128,1,0,4,13,0,0,0,0,0,8.42
2024,15,Scott Miller,PIT,PHI,WR,0,0,0,0,0,0,0,0,1,0,0,0,0.0
2024,15,Van Jefferson,PIT,PHI,WR,0,0,0,0,0,0,0,0,2,1,0,0,1.0
2024,15,AJ Barner,SEA,GNB,TE,0,0,0,0,0,0,0,0,3,1,5,0,1.5
2024,15,DK Metcalf,SEA,GNB,WR,0,0,0,0,0,0,0,0,3,3,28,0,5.8
2024,15,Geno Smith,SEA,GNB,QB,19,15,149,0,1,1,5,0,0,0,0,0,4.46
2024,15,George Holani,SEA,GNB,RB,0,0,0,0,0,3,10,0,0,0,0,0,1.0
2024,15,Jake Bobo,SEA,GNB,WR,0,0,0,0,0,0,0,0,1,1,8,0,1.8
2024,15,Jaxon Smith-Njigba,SEA,GNB,WR,0,0,0,0,0,0,0,0,12,10,83,0,18.3
2024,15,Kenny McIntosh,SEA,GNB,RB,0,0,0,0,0,3,9,0,0,0,0,0,0.9
2024,15,Noah Fant,SEA,GNB,TE,0,0,0,0,0,0,0,0,7,3,15,0,4.5
2024,15,Sam Howell,SEA,GNB,QB,14,5,24,0,1,1,2,0,0,0,0,0,-0.84
2024,15,Tyler Lockett,SEA,GNB,WR,0,0,0,0,0,0,0,0,1,1,22,0,3.2
2024,15,Zach Charbonnet,SEA,GNB,RB,0,0,0,0,0,8,54,1,4,1,12,0,13.6
2024,15,Brock Purdy,SFO,LAR,QB,31,14,142,0,1,1,3,0,0,0,0,0,3.98
2024,15,Deebo Samuel Sr.,SFO,LAR,WR,0,0,0,0,0,2,3,0,7,3,16,0,4.9
2024,15,George Kittle,SFO,LAR,TE,0,0,0,0,0,0,0,0,7,4,61,0,10.1
2024,15,Isaac Guerendo,SFO,LAR,RB,0,0,0,0,0,16,57,0,4,4,18,0,11.5
2024,15,Jauan Jennings,SFO,LAR,WR,0,0,0,0,0,0,0,0,9,2,31,0,5.1
2024,15,Ricky Pearsall,SFO,LAR,WR,0,0,0,0,0,0,0,0,4,1,16,0,2.6
2024,15,Baker Mayfield,TAM,LAC,QB,27,22,288,4,1,2,25,0,0,0,0,0,28.02
2024,15,Bucky Irving,TAM,LAC,RB,0,0,0,0,0,15,117,0,2,2,-4,0,13.3
2024,15,Cade Otton,TAM,LAC,TE,0,0,0,0,0,0,0,0,3,2,24,0,4.4
2024,15,Jalen McMillan,TAM,LAC,WR,0,0,0,0,0,0,0,0,6,5,75,1,18.5
2024,15,Mike Evans,TAM,LAC,WR,0,0,0,0,0,0,0,0,11,9,159,2,36.9
2024,15,Rachaad White,TAM,LAC,RB,0,0,0,0,0,15,64,0,2,2,17,1,14.1
2024,15,Ryan Miller,TAM,LAC,WR,0,0,0,0,0,0,0,0,1,1,1,0,1.1
2024,15,Sean Tucker,TAM,LAC,RB,0,0,0,0,0,7,17,0,0,0,0,0,1.7
2024,15,Sterling Shepard,TAM,LAC,WR,0,0,0,0,0,0,0,0,1,1,16,0,2.6
2024,15,Bryce Oliver,TEN,CIN,WR,0,0,0,0,0,0,0,0,2,1,8,0,1.8
2024,15,Calvin Ridley,TEN,CIN,WR,0,0,0,0,0,1,19,0,5,3,41,0,9.0
2024,15,Chig Okonkwo,TEN,CIN,TE,0,0,0,0,0,0,0,0,10,8,59,0,13.9
2024,15,Josh Whyle,TEN,CIN,TE,0,0,0,0,0,0,0,0,5,5,37,1,14.7
2024,15,Mason Kinsey,TEN,CIN,WR,0,0,0,0,0,0,0,0,1,1,11,0,2.1
2024,15,Mason Rudolph,TEN,CIN,QB,26,21,209,2,1,2,14,0,0,0,0,0,15.76
2024,15,Nick Vannett,TEN,CIN,TE,0,0,0,0,0,0,0,0,1,1,7,0,1.7
2024,15,Nick Westbrook-Ikhine,TEN,CIN,WR,0,0,0,0,0,0,0,0,3,2,9,0,2.9
2024,15,Tony Pollard,TEN,CIN,RB,0,0,0,0,0,17,45,1,0,0,0,0,8.5
2024,15,Tyjae Spears,TEN,CIN,RB,0,0,0,0,0,4,5,1,7,6,87,1,27.2
2024,15,Tyler Boyd,TEN,CIN,WR,0,0,0,0,0,0,0,0,3,2,39,0,5.9
2024,15,Will Levis,TEN,CIN,QB,12,8,89,0,3,2,0,0,0,0,0,0,-4.44
2024,15,Ben Sinnott,WAS,NOR,TE,0,0,0,0,0,0,0,0,1,1,7,0,1.7
2024,15,Brian Robinson,WAS,NOR,RB,0,0,0,0,0,21,65,0,3,3,22,0,11.7
2024,15,Chris Rodriguez Jr.,WAS,NOR,RB,0,0,0,0,0,1,2,0,0,0,0,0,0.2
2024,15,Dyami Brown,WAS,NOR,WR,0,0,0,0,0,0,0,0,4,3,30,0,6.0
2024,15,Jamison Crowder,WAS,NOR,WR,0,0,0,0,0,0,0,0,3,3,27,0,5.7
2024,15,Jayden Daniels,WAS,NOR,QB,31,25,226,2,0,11,66,0,0,0,0,0,23.64
2024,15,Jeremy McNichols,WAS,NOR,RB,0,0,0,0,0,2,4,0,2,1,0,0,1.4
2024,15,John Bates,WAS,NOR,TE,0,0,0,0,0,0,0,0,1,1,6,0,1.6
2024,15,Luke McCaffrey,WAS,NOR,WR,0,0,0,0,0,0,0,0,1,1,0,0,1.0
2024,15,Olamide Zaccheaus,WAS,NOR,WR,0,0,0,0,0,0,0,0,4,3,36,0,6.6
2024,15,Terry McLaurin,WAS,NOR,WR,0,0,0,0,0,0,0,0,10,7,73,2,26.3
2024,15,Zach Ertz,WAS,NOR,TE,0,0,0,0,0,0,0,0,2,2,25,0,4.5
2024,16,DeeJay Dallas,ARI,CAR,RB,0,0,0,0,0,0,0,0,1,1,1,1,7.1
2024,16,Elijah Higgins,ARI,CAR,TE,0,0,0,0,0,0,0,0,1,0,0,0,0.0
2024,16,Greg Dortch,ARI,CAR,WR,0,0,0,0,0,1,8,0,1,1,19,0,3.7
2024,16,James Conner,ARI,CAR,RB,0,0,0,0,0,15,117,1,4,4,49,0,26.6
2024,16,Kyler Murray,ARI,CAR,QB,32,20,202,1,1,8,63,1,0,0,0,0,20.38
2024,16,Marvin Harrison Jr.,ARI,CAR,WR,0,0,0,0,0,0,0,0,8,4,39,0,7.9
2024,16,Michael Carter,ARI,CAR,RB,0,0,0,0,0,5,18,0,5,5,30,0,9.8
2024,16,Michael Wilson,ARI,CAR,WR,0,0,0,0,0,0,0,0,5,2,44,0,6.4
2024,16,Trey McBride,ARI,CAR,TE,0,0,0,0,0,0,0,0,4,3,20,0,5.0
2024,16,Bijan Robinson,ATL,NYG,RB,0,0,0,0,0,22,94,2,2,2,9,0,24.3
2024,16,Charlie Woerner,ATL,NYG,TE,0,0,0,0,0,0,0,0,2,0,0,0,0.0
2024,16,Chris Blair,ATL,NYG,WR,0,0,0,0,0,0,0,0,1,1,17,0,2.7
2024,16,Darnell Mooney,ATL,NYG,WR,0,0,0,0,0,0,0,0,6,5,82,0,13.2
2024,16,Drake London,ATL,NYG,WR,0,0,0,0,0,0,0,0,8,5,59,0,10.9
2024,16,Kyle Pitts,ATL,NYG,TE,0,0,0,0,0,0,0,0,2,1,7,0,1.7
2024,16,Michael Penix Jr.,ATL,NYG,QB,27,18,202,0,1,4,3,0,0,0,0,0,6.38
2024,16,Ray-Ray McCloud,ATL,NYG,WR,0,0,0,0,0,1,8,0,4,3,19,0,5.7
2024,16,Tyler Allgeier,ATL,NYG,RB,0,0,0,0,0,11,22,0,1,1,9,0,4.1
2024,16,Derrick Henry,BAL,PIT,RB,0,0,0,0,0,24,162,0,2,2,27,0,20.9
2024,16,Isaiah Likely,BAL,PIT,TE,0,0,0,0,0,0,0,0,3,3,29,1,11.9
2024,16,Justice Hill,BAL,PIT,RB,0,0,0,0,0,2,30,0,1,0,0,0,3.0
2024,16,Lamar Jackson,BAL,PIT,QB,23,15,207,3,1,9,22,0,0,0,0,0,20.48
2024,16,Mark Andrews,BAL,PIT,TE,0,0,0,0,0,1,1,0,6,4,37,1,13.8
2024,16,Rasheen Ali,BAL,PIT,RB,0,0,0,0,0,1,2,0,0,0,0,0,0.2
2024,16,Rashod Bateman,BAL,PIT,WR,0,0,0,0,0,0,0,0,3,1,14,1,8.4
2024,16,Zay Flowers,BAL,PIT,WR,0,0,0,0,0,1,3,0,8,5,100,0,15.3
2024,16,Amari Cooper,BUF,NWE,WR,0,0,0,0,0,0,0,0,2,1,10,0,2.0
2024,16,Dalton Kincaid,BUF,NWE,TE,0,0,0,0,0,0,0,0,7,4,15,0,5.5
2024,16,Dawson Knox,BUF,NWE,TE,0,0,0,0,0,0,0,0,2,2,22,0,4.2
2024,16,James Cook,BUF,NWE,RB,0,0,0,0,0,11,100,1,3,3,26,1,27.6
2024,16,Josh Allen,BUF,NWE,QB,29,16,154,1,1,6,30,0,0,0,0,0,11.16
2024,16,Keon Coleman,BUF,NWE,WR,0,0,0,0,0,0,0,0,2,1,17,0,2.7
2024,16,Khalil Shakir,BUF,NWE,WR,0,0,0,0,0,0,0,0,6,2,22,0,4.2
2024,16,Mack Hollins,BUF,NWE,WR,0,0,0,0,0,0,0,0,3,2,25,0,4.5
2024,16,Ray Davis,BUF,NWE,RB,0,0,0,0,0,5,12,0,1,1,17,0,3.9
2024,16,Ty Johnson,BUF,NWE,RB,0,0,0,0,0,6,30,0,1,0,0,0,3.0
2024,16,Adam Thielen,CAR,ARI,WR,0,0,0,0,0,0,0,0,6,5,43,1,15.3
2024,16,Bryce Young,CAR,ARI,QB,26,17,158,2,0,5,68,1,0,0,0,0,27.12
2024,16,Chuba Hubbard,CAR,ARI,RB,0,0,0,0,0,25,152,2,5,4,13,0,32.5
2024,16,Dan Chisena,CAR,ARI,WR,0,0,0,0,0,0,0,0,2,1,23,0,3.3
2024,16,David Moore,CAR,ARI,WR,0,0,0,0,0,1,0,0,3,2,39,1,11.9
2024,16,Deven Thompkins,CAR,ARI,WR,0,0,0,0,0,1,9,0,0,0,0,0,0.9
2024,16,Jalen Coker,CAR,ARI,WR,0,0,0,0,0,0,0,0,5,2,8,0,2.8
2024,16,Mike Boone,CAR,ARI,RB,0,0,0,0,0,1,1,0,0,0,0,0,0.1
2024,16,Raheem Blackshear,CAR,ARI,RB,0,0,0,0,0,3,13,0,0,0,0,0,1.3
2024,16,Tommy Tremble,CAR,ARI,TE,0,0,0,0,0,0,0,0,3,3,32,0,6.2
2024,16,Caleb Williams,CHI,DET,QB,40,26,334,2,0,6,34,0,0,0,0,0,22.76
2024,16,Cole Kmet,CHI,DET,TE,0,0,0,0,0,0,0,0,2,2,9,1,8.9
2024,16,Collin Johnson,CHI,DET,WR,0,0,0,0,0,0,0,0,1,0,0,0,0.0
2024,16,D'Andre Swift,CHI,DET,RB,0,0,0,0,0,9,20,0,3,3,33,0,8.3
2024,16,DJ Moore,CHI,DET,WR,0,0,0,0,0,1,2,0,10,7,68,0,14.0
2024,16,Gerald Everett,CHI,DET,TE,0,0,0,0,0,0,0,0,1,1,6,0,1.6
2024,16,Keenan Allen,CHI,DET,WR,0,0,0,0,0,0,0,0,13,9,141,1,29.1
2024,16,Rome Odunze,CHI,DET,WR,0,0,0,0,0,0,0,0,7,4,77,0,9.7
2024,16,Roschon Johnson,CHI,DET,RB,0,0,0,0,0,1,3,0,0,0,0,0,0.3
2024,16,Andrei Iosivas,CIN,CLE,WR,0,0,0,0,0,0,0,0,3,3,53,1,14.3
2024,16,Chase Brown,CIN,CLE,RB,0,0,0,0,0,18,91,0,3,3,18,0,13.9
2024,16,Drew Sample,CIN,CLE,TE,0,0,0,0,0,0,0,0,1,1,12,0,2.2
2024,16,Ja'Marr Chase,CIN,CLE,WR,0,0,0,0,0,1,7,0,8,6,97,1,22.4
2024,16,Jake Browning,CIN,CLE,QB,0,0,0,0,0,1,-1,0,0,0,0,0,-0.1
2024,16,Joe Burrow,CIN,CLE,QB,30,23,252,3,0,2,19,0,0,0,0,0,21.98
2024,16,Mike Gesicki,CIN,CLE,TE,0,0,0,0,0,0,0,0,2,2,14,0,3.4
2024,16,Tee Higgins,CIN,CLE,WR,0,0,0,0,0,0,0,0,11,8,58,1,19.8
2024,16,D'Onta Foreman,CLE,CIN,RB,0,0,0,0,0,2,1,0,0,0,0,0,-1.9
2024,16,David Njoku,CLE,CIN,TE,0,0,0,0,0,0,0,0,10,8,66,0,14.6
2024,16,Dorian Thompson-Robinson,CLE,CIN,QB,34,20,157,0,2,9,49,0,0,0,0,0,7.18
2024,16,Elijah Moore,CLE,CIN,WR,0,0,0,0,0,0,0,0,5,2,21,0,4.1
2024,16,Jamari Thrash,CLE,CIN,WR,0,0,0,0,0,0,0,0,1,0,0,0,0.0
2024,16,Jerome Ford,CLE,CIN,RB,0,0,0,0,0,11,92,1,5,5,39,0,24.1
2024,16,Jerry Jeudy,CLE,CIN,WR,0,0,0,0,0,0,0,0,3,2,20,0,4.0
2024,16,Jordan Akins,CLE,CIN,TE,0,0,0,0,0,0,0,0,2,1,8,0,1.8
2024,16,Mike Woods,CLE,CIN,WR,0,0,0,0,0,0,0,0,3,0,0,0,0.0
2024,16,Pierre Strong,CLE,CIN,RB,0,0,0,0,0,2,6,0,2,2,3,0,2.9
2024,16,Brandin Cooks,DAL,TAM,WR,0,0,0,0,0,0,0,0,3,3,48,0,7.8
2024,16,CeeDee Lamb,DAL,TAM,WR,0,0,0,0,0,0,0,0,8,7,105,0,17.5
2024,16,Cooper Rush,DAL,TAM,QB,35,26,292,1,0,3,-4,0,0,0,0,0,15.28
2024,16,Ezekiel Elliott,DAL,TAM,RB,0,0,0,0,0,1,1,1,0,0,0,0,6.1
2024,16,Hunter Luepke,DAL,TAM,RB,0,0,0,0,0,0,0,0,2,0,0,0,0.0
2024,16,Jake Ferguson,DAL,TAM,TE,0,0,0,0,0,0,0,0,9,6,40,0,10.0
2024,16,Jalen Tolbert,DAL,TAM,WR,0,0,0,0,0,0,0,0,3,2,20,1,10.0
2024,16,KaVontae Turpin,DAL,TAM,WR,0,0,0,0,0,3,11,0,1,1,7,0,2.8
2024,16,Luke Schoonmaker,DAL,TAM,TE,0,0,0,0,0,0,0,0,1,1,3,0,1.3
2024,16,Rico Dowdle,DAL,TAM,RB,0,0,0,0,0,13,23,0,3,3,28,0,8.1
2024,16,Ryan Flournoy,DAL,TAM,WR,0,0,0,0,0,0,0,0,3,3,41,0,7.1
2024,16,Adam Trautman,DEN,LAC,TE,0,0,0,0,0,0,0,0,1,1,5,0,1.5
2024,16,Audric Estimé,DEN,LAC,RB,0,0,0,0,0,9,48,1,0,0,0,0,10.8
2024,16,Blake Watson,DEN,LAC,RB,0,0,0,0,0,4,10,0,2,1,13,0,3.3
2024,16,Bo Nix,DEN,LAC,QB,40,29,263,2,0,3,25,0,0,0,0,0,21.02
2024,16,Courtland Sutton,DEN,LAC,WR,0,0,0,0,0,0,0,0,6,5,50,0,10.0
2024,16,Devaughn Vele,DEN,LAC,WR,0,0,0,0,0,0,0,0,3,2,21,1,10.1
2024,16,Javonte Williams,DEN,LAC,RB,0,0,0,0,0,4,24,0,11,7,29,0,12.3
2024,16,Lucas Krull,DEN,LAC,TE,0,0,0,0,0,0,0,0,3,3,21,0,5.1
2024,16,Marvin Mims Jr.,DEN,LAC,WR,0,0,0,0,0,1,3,0,5,3,62,0,9.5
2024,16,Michael Burton,DEN,LAC,RB,0,0,0,0,0,0,0,0,3,3,19,1,10.9
2024,16,Nate Adkins,DEN,LAC,TE,0,0,0,0,0,0,0,0,2,2,18,0,3.8
2024,16,Troy Franklin,DEN,LAC,WR,0,0,0,0,0,0,0,0,3,2,25,0,4.5
2024,16,Amon-Ra St. Brown,DET,CHI,WR,0,0,0,0,0,0,0,0,8,6,70,1,19.0
2024,16,Craig Reynolds,DET,CHI,RB,0,0,0,0,0,4,18,0,1,1,5,0,3.3
2024,16,Jahmyr Gibbs,DET,CHI,RB,0,0,0,0,0,23,109,1,5,4,45,0,25.4
2024,16,Jameson Williams,DET,CHI,WR,0,0,0,0,0,1,7,0,7,5,143,1,26.0
2024,16,Jared Goff,DET,CHI,QB,32,23,336,3,0,1,-1,0,0,0,0,0,25.34
2024,16,Jermar Jefferson,DET,CHI,RB,0,0,0,0,0,3,13,0,1,1,10,0,3.3
2024,16,Sam LaPorta,DET,CHI,TE,0,0,0,0,0,0,0,0,7,4,43,1,14.3
2024,16,Sione Vaki,DET,CHI,RB,0,0,0,0,0,0,0,0,2,2,20,0,4.0
2024,16,Tim Patrick,DET,CHI,WR,0,0,0,0,0,0,0,0,1,0,0,0,0.0
2024,16,Bo Melton,GNB,NOR,WR,0,0,0,0,0,1,14,0,1,0,0,0,1.4
2024,16,Chris Brooks,GNB,NOR,RB,0,0,0,0,0,6,23,1,1,1,2,0,9.5
2024,16,Christian Watson,GNB,NOR,WR,0,0,0,0,0,2,23,0,1,0,0,0,2.3
2024,16,Dontayvion Wicks,GNB,NOR,WR,0,0,0,0,0,0,0,0,7,3,13,1,10.3
2024,16,Emanuel Wilson,GNB,NOR,RB,0,0,0,0,0,11,52,1,1,1,4,0,12.6
2024,16,Jayden Reed,GNB,NOR,WR,0,0,0,0,0,1,5,0,4,3,76,0,11.1
2024,16,Jordan Love,GNB,NOR,QB,28,16,182,1,0,1,2,0,0,0,0,0,11.48
2024,16,Josh Jacobs,GNB,NOR,RB,0,0,0,0,0,13,69,1,4,4,38,0,20.7
2024,16,Luke Musgrave,GNB,NOR,TE,0,0,0,0,0,0,0,0,1,0,0,0,0.0
2024,16,Malik Willis,GNB,NOR,QB,2,1,34,0,0,3,-2,0,0,0,0,0,1.16
2024,16,Romeo Doubs,GNB,NOR,WR,0,0,0,0,0,0,0,0,3,2,20,0,4.0
2024,16,Tucker Kraft,GNB,NOR,TE,0,0,0,0,0,1,2,0,4,3,63,0,9.5
2024,16,Andrew Beck,HOU,KAN,RB,0,0,0,0,0,0,0,0,1,0,0,0,0.0
2024,16,C.J. Stroud,HOU,KAN,QB,39,23,244,2,2,2,23,0,0,0,0,0,16.06
2024,16,Dalton Schultz,HOU,KAN,TE,0,0,0,0,0,0,0,0,8,5,45,1,15.5
2024,16,Dameon Pierce,HOU,KAN,RB,0,0,0,0,0,1,4,0,0,0,0,0,0.4
2024,16,Dare Ogunbowale,HOU,KAN,RB,0,0,0,0,0,0,0,0,2,0,0,0,0.0
2024,16,Joe Mixon,HOU,KAN,RB,0,0,0,0,0,14,57,0,2,1,14,0,8.1
2024,16,Nico Collins,HOU,KAN,WR,0,0,0,0,0,0,0,0,10,7,60,0,13.0
2024,16,Robert Woods,HOU,KAN,WR,0,0,0,0,0,0,0,0,6,3,19,0,4.9
2024,16,Tank Dell,HOU,KAN,WR,0,0,0,0,0,0,0,0,7,6,98,1,21.8
2024,16,Xavier Hutchinson,HOU,KAN,WR,0,0,0,0,0,0,0,0,1,1,8,0,1.8
2024,16,Adonai Mitchell,IND,TEN,WR,0,0,0,0,0,0,0,0,1,1,36,0,4.6
2024,16,Andrew Ogletree,IND,TEN,TE,0,0,0,0,0,0,0,0,1,0,0,0,0.0
2024,16,Anthony Richardson,IND,TEN,QB,11,7,131,1,1,9,70,1,0,0,0,0,20.24
2024,16,Jonathan Taylor,IND,TEN,RB,0,0,0,0,0,29,218,3,0,0,0,0,39.8
2024,16,Josh Downs,IND,TEN,WR,0,0,0,0,0,0,0,0,4,3,61,1,15.1
2024,16,Michael Pittman,IND,TEN,WR,0,0,0,0,0,0,0,0,3,2,19,0,3.9
2024,16,Mo Alie-Cox,IND,TEN,TE,0,0,0,0,0,0,0,0,2,1,15,0,2.5
2024,16,Trey Sermon,IND,TEN,RB,0,0,0,0,0,8,25,0,0,0,0,0,2.5
2024,16,Tyler Goodson,IND,TEN,RB,0,0,0,0,0,4,22,0,0,0,0,0,2.2
2024,16,Brenton Strange,JAX,LVR,TE,0,0,0,0,0,0,0,0,4,2,22,0,2.2
2024,16,Brian Thomas Jr.,JAX,LVR,WR,0,0,0,0,0,0,0,0,13,9,132,1,28.2
2024,16,D'Ernest Johnson,JAX,LVR,RB,0,0,0,0,0,0,0,0,2,1,8,0,1.8
2024,16,Devin Duvernay,JAX,LVR,WR,0,0,0,0,0,0,0,0,1,1,3,0,1.3
2024,16,Josh Reynolds,JAX,LVR,WR,0,0,0,0,0,0,0,0,1,0,0,0,0.0
2024,16,Josiah Deguara,JAX,LVR,TE,0,0,0,0,0,0,0,0,1,1,4,0,1.4
2024,16,Luke Farrell,JAX,LVR,TE,0,0,0,0,0,0,0,0,3,2,8,0,2.8
2024,16,Mac Jones,JAX,LVR,QB,39,25,247,1,0,0,0,0,0,0,0,0,13.88
2024,16,Parker Washington,JAX,LVR,WR,0,0,0,0,0,0,0,0,6,6,54,0,11.4
2024,16,Tank Bigsby,JAX,LVR,RB,0,0,0,0,0,12,50,1,1,1,1,0,10.1
2024,16,Travis Etienne,JAX,LVR,RB,0,0,0,0,0,9,22,0,3,2,15,0,5.7
2024,16,DeAndre Hopkins,KAN,HOU,WR,0,0,0,0,0,0,0,0,4,4,37,0,7.7
2024,16,Isiah Pacheco,KAN,HOU,RB,0,0,0,0,0,9,26,0,2,1,-1,0,3.5
2024,16,JuJu Smith-Schuster,KAN,HOU,WR,0,0,0,0,0,0,0,0,1,0,0,0,0.0
2024,16,Justin Watson,KAN,HOU,WR,0,0,0,0,0,0,0,0,1,0,0,0,0.0
2024,16,Kareem Hunt,KAN,HOU,RB,0,0,0,0,0,11,55,1,3,2,24,0,15.9
2024,16,Marquise Brown,KAN,HOU,WR,0,0,0,0,0,0,0,0,8,5,45,0,9.5
2024,16,Noah Gray,KAN,HOU,TE,0,0,0,0,0,0,0,0,1,1,10,0,2.0
2024,16,Patrick Mahomes,KAN,HOU,QB,41,28,260,1,0,5,33,1,0,0,0,0,23.7
2024,16,Samaje Perine,KAN,HOU,RB,0,0,0,0,0,0,0,0,3,3,50,0,8.0
2024,16,Travis Kelce,KAN,HOU,TE,0,0,0,0,0,0,0,0,7,5,30,0,8.0
2024,16,Xavier Worthy,KAN,HOU,WR,0,0,0,0,0,3,10,0,11,7,65,1,20.5
2024,16,Derius Davis,LAC,DEN,WR,0,0,0,0,0,1,-3,0,2,2,31,1,10.8
2024,16,Gus Edwards,LAC,DEN,RB,0,0,0,0,0,14,68,2,2,1,3,0,20.1
2024,16,Hassan Haskins,LAC,DEN,RB,0,0,0,0,0,0,0,0,2,2,39,1,11.9
2024,16,Hayden Hurst,LAC,DEN,TE,0,0,0,0,0,0,0,0,1,1,8,0,1.8
2024,16,Josh Palmer,LAC,DEN,WR,0,0,0,0,0,0,0,0,6,3,41,0,9.1
2024,16,Justin Herbert,LAC,DEN,QB,31,23,284,2,1,8,28,0,0,0,0,0,22.16
2024,16,Kimani Vidal,LAC,DEN,RB,0,0,0,0,0,5,24,0,0,0,0,0,2.4
2024,16,Ladd McConkey,LAC,DEN,WR,0,0,0,0,0,0,0,0,6,6,87,0,14.7
2024,16,Quentin Johnston,LAC,DEN,WR,0,0,0,0,0,0,0,0,6,3,18,0,4.8
2024,16,Stone Smartt,LAC,DEN,TE,0,0,0,0,0,0,0,0,3,3,37,0,6.7
2024,16,Tucker Fisk,LAC,DEN,TE,0,0,0,0,0,0,0,0,1,1,10,0,2.0
2024,16,Blake Corum,LAR,NYJ,RB,0,0,0,0,0,5,14,0,0,0,0,0,1.4
2024,16,Colby Parkinson,LAR,NYJ,TE,0,0,0,0,0,0,0,0,1,0,0,0,0.0
2024,16,Cooper Kupp,LAR,NYJ,WR,0,0,0,0,0,0,0,0,3,3,24,0,5.4
2024,16,Demarcus Robinson,LAR,NYJ,WR,0,0,0,0,0,0,0,0,1,0,0,0,0.0
2024,16,Kyren Williams,LAR,NYJ,RB,0,0,0,0,0,23,122,1,1,1,7,0,19.9
2024,16,Matthew Stafford,LAR,NYJ,QB,19,14,110,1,1,3,-4,0,0,0,0,0,6.0
2024,16,Puka Nacua,LAR,NYJ,WR,0,0,0,0,0,0,0,0,9,8,56,0,13.6
2024,16,Tutu Atwell,LAR,NYJ,WR,0,0,0,0,0,0,0,0,2,1,12,0,2.2
2024,16,Tyler Higbee,LAR,NYJ,TE,0,0,0,0,0,0,0,0,2,1,11,1,8.1
2024,16,Aidan O'Connell,LVR,JAX,QB,38,24,257,0,0,7,12,0,0,0,0,0,11.48
2024,16,Alexander Mattison,LVR,JAX,RB,0,0,0,0,0,12,27,1,7,4,29,0,15.6
2024,16,Ameer Abdullah,LVR,JAX,RB,0,0,0,0,0,7,38,1,6,5,47,0,19.5
2024,16,Brock Bowers,LVR,JAX,TE,0,0,0,0,0,0,0,0,13,11,99,0,20.9
2024,16,Jakobi Meyers,LVR,JAX,WR,0,0,0,0,0,0,0,0,5,2,41,0,6.1
2024,16,Michael Mayer,LVR,JAX,TE,0,0,0,0,0,0,0,0,1,0,0,0,0.0
2024,16,Terrace Marshall Jr.,LVR,JAX,WR,0,0,0,0,0,0,0,0,1,0,0,0,0.0
2024,16,Tre Tucker,LVR,JAX,WR,0,0,0,0,0,1,-8,0,4,2,41,0,5.3
2024,16,Alec Ingold,MIA,SFO,RB,0,0,0,0,0,1,4,0,0,0,0,0,0.4
2024,16,De'Von Achane,MIA,SFO,RB,0,0,0,0,0,17,120,1,7,6,70,0,31.0
2024,16,Durham Smythe,MIA,SFO,TE,0,0,0,0,0,0,0,0,2,1,5,0,1.5
2024,16,Jeff Wilson,MIA,SFO,RB,0,0,0,0,0,2,12,0,0,0,0,0,1.2
2024,16,Jonnu Smith,MIA,SFO,TE,0,0,0,0,0,0,0,0,6,6,62,0,12.2
2024,16,Malik Washington,MIA,SFO,WR,0,0,0,0,0,0,0,0,4,3,28,0,5.8
2024,16,Raheem Mostert,MIA,SFO,RB,0,0,0,0,0,8,31,0,2,2,15,0,6.6
2024,16,River Cracraft,MIA,SFO,WR,0,0,0,0,0,0,0,0,3,1,6,0,1.6
2024,16,Tua Tagovailoa,MIA,SFO,QB,34,22,215,1,0,2,-1,0,0,0,0,0,12.5
2024,16,Tyreek Hill,MIA,SFO,WR,0,0,0,0,0,0,0,0,7,3,29,1,11.9
2024,16,Aaron Jones,MIN,SEA,RB,0,0,0,0,0,18,67,0,5,3,26,0,12.3
2024,16,C.J. Ham,MIN,SEA,RB,0,0,0,0,0,0,0,0,1,1,9,0,1.9
2024,16,Cam Akers,MIN,SEA,RB,0,0,0,0,0,1,3,0,0,0,0,0,0.3
2024,16,Jalen Nailor,MIN,SEA,WR,0,0,0,0,0,0,0,0,2,1,5,0,1.5
2024,16,Jordan Addison,MIN,SEA,WR,0,0,0,0,0,0,0,0,8,5,35,1,14.5
2024,16,Josh Oliver,MIN,SEA,TE,0,0,0,0,0,0,0,0,1,0,0,0,0.0
2024,16,Justin Jefferson,MIN,SEA,WR,0,0,0,0,0,0,0,0,13,10,144,2,36.4
2024,16,Sam Darnold,MIN,SEA,QB,35,22,246,3,0,5,11,0,0,0,0,0,22.94
2024,16,T.J. Hockenson,MIN,SEA,TE,0,0,0,0,0,0,0,0,5,2,27,0,4.7
2024,16,Cedrick Wilson Jr.,NOR,GNB,WR,0,0,0,0,0,0,0,0,1,1,13,0,2.3
2024,16,Dante Pettis,NOR,GNB,WR,0,0,0,0,0,0,0,0,7,2,31,0,5.1
2024,16,Foster Moreau,NOR,GNB,TE,0,0,0,0,0,0,0,0,3,2,33,0,5.3
2024,16,Jamaal Williams,NOR,GNB,RB,0,0,0,0,0,3,8,0,0,0,0,0,0.8
2024,16,Jordan Mims,NOR,GNB,RB,0,0,0,0,0,4,16,0,8,5,16,0,8.2
2024,16,Juwan Johnson,NOR,GNB,TE,0,0,0,0,0,0,0,0,2,2,27,0,4.7
2024,16,Kendre Miller,NOR,GNB,RB,0,0,0,0,0,8,15,0,2,2,16,0,5.1
2024,16,Kevin Austin Jr.,NOR,GNB,WR,0,0,0,0,0,0,0,0,4,1,17,0,2.7
2024,16,Mason Tipton,NOR,GNB,WR,0,0,0,0,0,0,0,0,1,0,0,0,0.0
2024,16,Spencer Rattler,NOR,GNB,QB,30,15,153,0,1,5,28,0,0,0,0,0,4.92
2024,16,Antonio Gibson,NWE,BUF,RB,0,0,0,0,0,10,28,0,2,2,8,0,5.6
2024,16,Austin Hooper,NWE,BUF,TE,0,0,0,0,0,0,0,0,5,4,55,0,9.5
2024,16,DeMario Douglas,NWE,BUF,WR,0,0,0,0,0,1,6,0,5,4,33,0,7.9
2024,16,Drake Maye,NWE,BUF,QB,36,22,261,2,1,6,30,0,0,0,0,0,17.44
2024,16,Hunter Henry,NWE,BUF,TE,0,0,0,0,0,0,0,0,8,4,39,1,13.9
2024,16,Javon Baker,NWE,BUF,WR,0,0,0,0,0,0,0,0,1,0,0,0,0.0
2024,16,Kayshon Boutte,NWE,BUF,WR,0,0,0,0,0,0,0,0,7,5,95,1,20.5
2024,16,Kendrick Bourne,NWE,BUF,WR,0,0,0,0,0,0,0,0,2,2,18,0,3.8
2024,16,Rhamondre Stevenson,NWE,BUF,RB,0,0,0,0,0,12,60,1,1,1,13,0,12.3
2024,16,Daniel Bellinger,NYG,ATL,TE,0,0,0,0,0,0,0,0,2,1,5,0,1.5
2024,16,Darius Slayton,NYG,ATL,WR,0,0,0,0,0,1,6,0,2,1,21,0,3.7
2024,16,Devin Singletary,NYG,ATL,RB,0,0,0,0,0,4,12,0,0,0,0,0,1.2
2024,16,Drew Lock,NYG,ATL,QB,39,22,210,1,2,1,1,0,0,0,0,0,6.5
2024,16,Eric Gray,NYG,ATL,RB,0,0,0,0,0,0,0,0,1,1,2,0,1.2
2024,16,Jalin Hyatt,NYG,ATL,WR,0,0,0,0,0,0,0,0,2,1,9,0,1.9
2024,16,Malik Nabers,NYG,ATL,WR,0,0,0,0,0,0,0,0,14,7,68,0,13.8
2024,16,Tyrone Tracy Jr.,NYG,ATL,RB,0,0,0,0,0,7,26,0,4,4,43,1,16.9
2024,16,Wan'Dale Robinson,NYG,ATL,WR,0,0,0,0,0,0,0,0,12,7,62,0,13.2
2024,16,Aaron Rodgers,NYJ,LAR,QB,42,28,256,1,0,1,6,0,0,0,0,0,12.84
2024,16,Allen Lazard,NYJ,LAR,WR,0,0,0,0,0,0,0,0,5,2,20,0,4.0
2024,16,Braelon Allen,NYJ,LAR,RB,0,0,0,0,0,2,5,0,1,1,5,0,2.0
2024,16,Breece Hall,NYJ,LAR,RB,0,0,0,0,0,14,52,0,6,5,38,0,14.0
2024,16,Davante Adams,NYJ,LAR,WR,0,0,0,0,0,0,0,0,13,7,68,1,19.8
2024,16,Garrett Wilson,NYJ,LAR,WR,0,0,0,0,0,0,0,0,7,6,54,0,11.4
2024,16,Isaiah Davis,NYJ,LAR,RB,0,0,0,0,0,3,12,0,0,0,0,0,1.2
2024,16,Jeremy Ruckert,NYJ,LAR,TE,0,0,0,0,0,0,0,0,2,2,12,0,3.2
2024,16,Kenny Yeboah,NYJ,LAR,TE,0,0,0,0,0,0,0,0,1,0,0,0,0.0
2024,16,Tyler Conklin,NYJ,LAR,TE,0,0,0,0,0,0,0,0,7,5,59,0,10.9
2024,16,A.J. Brown,PHI,WAS,WR,0,0,0,0,0,0,0,0,15,8,97,1,23.7
2024,16,DeVonta Smith,PHI,WAS,WR,0,0,0,0,0,0,0,0,8,6,51,0,11.1
2024,16,Jalen Hurts,PHI,WAS,QB,4,1,11,0,0,3,41,0,0,0,0,0,4.54
2024,16,Kenny Gainwell,PHI,WAS,RB,0,0,0,0,0,4,7,0,1,1,6,0,2.3
2024,16,Kenny Pickett,PHI,WAS,QB,24,14,143,1,1,3,13,0,0,0,0,0,9.02
2024,16,Saquon Barkley,PHI,WAS,RB,0,0,0,0,0,29,150,2,1,0,0,0,27.0
2024,16,Ben Skowronek,PIT,BAL,WR,0,0,0,0,0,0,0,0,2,2,25,0,4.5
2024,16,Calvin Austin III,PIT,BAL,WR,0,0,0,0,0,0,0,0,5,4,65,0,10.5
2024,16,Connor Heyward,PIT,BAL,RB,0,0,0,0,0,0,0,0,1,1,3,0,1.3
2024,16,Cordarrelle Patterson,PIT,BAL,RB,0,0,0,0,0,0,0,0,1,1,12,1,8.2
2024,16,Jaylen Warren,PIT,BAL,RB,0,0,0,0,0,12,48,0,5,5,44,0,14.2
2024,16,Mike Williams,PIT,BAL,WR,0,0,0,0,0,0,0,0,3,3,24,0,5.4
2024,16,MyCole Pruitt,PIT,BAL,TE,0,0,0,0,0,0,0,0,2,1,1,1,7.1
2024,16,Najee Harris,PIT,BAL,RB,0,0,0,0,0,9,42,0,1,0,0,0,4.2
2024,16,Pat Freiermuth,PIT,BAL,TE,0,0,0,0,0,0,0,0,3,3,16,0,4.6
2024,16,Russell Wilson,PIT,BAL,QB,33,22,217,2,1,3,27,0,0,0,0,0,15.38
2024,16,Van Jefferson,PIT,BAL,WR,0,0,0,0,0,0,0,0,3,2,27,0,4.7
2024,16,AJ Barner,SEA,MIN,TE,0,0,0,0,0,0,0,0,2,2,13,1,9.3
2024,16,DK Metcalf,SEA,MIN,WR,0,0,0,0,0,0,0,0,7,3,57,1,14.7
2024,16,Geno Smith,SEA,MIN,QB,43,31,314,3,2,1,8,0,0,0,0,0,21.36
2024,16,Jake Bobo,SEA,MIN,WR,0,0,0,0,0,0,0,0,1,1,6,0,1.6
2024,16,Jaxon Smith-Njigba,SEA,MIN,WR,0,0,0,0,0,1,5,0,12,8,95,1,24.0
2024,16,Kenneth Walker III,SEA,MIN,RB,0,0,0,0,0,8,31,0,8,8,28,0,13.9
2024,16,Kenny McIntosh,SEA,MIN,RB,0,0,0,0,0,3,14,0,1,1,15,0,3.9
2024,16,Noah Fant,SEA,MIN,TE,0,0,0,0,0,0,0,0,6,3,50,0,8.0
2024,16,Pharaoh Brown,SEA,MIN,TE,0,0,0,0,0,0,0,0,1,1,17,0,2.7
2024,16,Tyler Lockett,SEA,MIN,WR,0,0,0,0,0,0,0,0,2,2,19,0,3.9
2024,16,Zach Charbonnet,SEA,MIN,RB,0,0,0,0,0,1,-1,0,2,2,14,0,3.3
2024,16,Brock Purdy,SFO,MIA,QB,40,26,313,2,1,4,26,0,0,0,0,0,21.12
2024,16,Deebo Samuel Sr.,SFO,MIA,WR,0,0,0,0,0,5,25,0,9,7,96,1,25.1
2024,16,Eric Saubert,SFO,MIA,TE,0,0,0,0,0,0,0,0,1,1,2,1,7.2
2024,16,George Kittle,SFO,MIA,TE,0,0,0,0,0,0,0,0,9,8,106,0,18.6
2024,16,Jauan Jennings,SFO,MIA,WR,0,0,0,0,0,0,0,0,6,4,51,0,9.1
2024,16,Kyle Juszczyk,SFO,MIA,RB,0,0,0,0,0,1,6,0,3,1,20,0,3.6
2024,16,Patrick Taylor,SFO,MIA,RB,0,0,0,0,0,8,24,0,5,1,1,0,3.5
2024,16,Ricky Pearsall,SFO,MIA,WR,0,0,0,0,0,0,0,0,4,4,37,0,7.7
2024,16,Baker Mayfield,TAM,DAL,QB,43,31,303,2,1,3,42,0,0,0,0,0,22.32
2024,16,Bucky Irving,TAM,DAL,RB,0,0,0,0,0,16,68,1,3,3,24,0,18.2
2024,16,Jalen McMillan,TAM,DAL,WR,0,0,0,0,0,0,0,0,7,5,57,1,16.7
2024,16,Mike Evans,TAM,DAL,WR,0,0,0,0,0,0,0,0,8,5,69,0,11.9
2024,16,Payne Durham,TAM,DAL,TE,0,0,0,0,0,0,0,0,7,5,29,0,7.9
2024,16,Rachaad White,TAM,DAL,RB,0,0,0,0,0,3,10,0,8,7,50,0,11.0
2024,16,Rakim Jarrett,TAM,DAL,WR,0,0,0,0,0,0,0,0,1,1,6,0,1.6
2024,16,Ryan Miller,TAM,DAL,WR,0,0,0,0,0,0,0,0,2,2,17,1,9.7
2024,16,Sterling Shepard,TAM,DAL,WR,0,0,0,0,0,1,14,0,3,1,20,0,4.4
2024,16,Trey Palmer,TAM,DAL,WR,0,0,0,0,0,0,0,0,4,2,31,0,5.1
2024,16,Calvin Ridley,TEN,IND,WR,0,0,0,0,0,0,0,0,5,3,78,1,16.8
2024,16,Chig Okonkwo,TEN,IND,TE,0,0,0,0,0,0,0,0,11,9,81,0,19.1
2024,16,David Martin-Robinson,TEN,IND,TE,0,0,0,0,0,0,0,0,1,1,6,0,1.6
2024,16,Mason Kinsey,TEN,IND,WR,0,0,0,0,0,0,0,0,1,1,6,0,1.6
2024,16,Mason Rudolph,TEN,IND,QB,34,23,252,2,3,4,3,0,0,0,0,0,14.38
2024,16,Nick Westbrook-Ikhine,TEN,IND,WR,0,0,0,0,0,0,0,0,4,2,17,1,9.7
2024,16,Tony Pollard,TEN,IND,RB,0,0,0,0,0,8,35,0,4,2,5,0,8.0
2024,16,Tyjae Spears,TEN,IND,RB,0,0,0,0,0,10,27,2,4,3,39,0,21.6
2024,16,Tyler Boyd,TEN,IND,WR,0,0,0,0,0,0,0,0,3,2,20,0,4.0
2024,16,Brian Robinson,WAS,PHI,RB,0,0,0,0,0,10,24,0,3,2,17,0,2.1
2024,16,Chris Rodriguez Jr.,WAS,PHI,RB,0,0,0,0,0,3,5,0,0,0,0,0,0.5
2024,16,Dyami Brown,WAS,PHI,WR,0,0,0,0,0,0,0,0,5,4,56,0,7.6
2024,16,Jamison Crowder,WAS,PHI,WR,0,0,0,0,0,0,0,0,4,2,15,2,15.5
2024,16,Jayden Daniels,WAS,PHI,QB,39,24,258,5,2,9,81,0,0,0,0,0,34.42
2024,16,Jeremy McNichols,WAS,PHI,RB,0,0,0,0,0,2,3,0,4,4,15,0,7.8
2024,16,John Bates,WAS,PHI,TE,0,0,0,0,0,0,0,0,1,0,0,0,0.0
2024,16,Luke McCaffrey,WAS,PHI,WR,0,0,0,0,0,0,0,0,3,1,13,0,2.3
2024,16,Olamide Zaccheaus,WAS,PHI,WR,0,0,0,0,0,0,0,0,8,5,70,2,24.0
2024,16,Terry McLaurin,WAS,PHI,WR,0,0,0,0,0,0,0,0,6,5,60,1,17.0
2024,16,Zach Ertz,WAS,PHI,TE,0,0,0,0,0,0,0,0,2,1,12,0,2.2
2024,17,DeeJay Dallas,ARI,LAR,RB,0,0,0,0,0,0,0,0,1,1,5,0,1.5
2024,17,Elijah Higgins,ARI,LAR,TE,0,0,0,0,0,0,0,0,3,2,23,0,4.3
2024,17,Greg Dortch,ARI,LAR,WR,0,0,0,0,0,0,0,0,3,3,18,0,4.8
2024,17,James Conner,ARI,LAR,RB,0,0,0,0,0,4,4,0,3,2,4,0,2.8
2024,17,Kyler Murray,ARI,LAR,QB,48,33,321,1,2,4,32,0,0,0,0,0,16.04
2024,17,Marvin Harrison Jr.,ARI,LAR,WR,0,0,0,0,0,0,0,0,10,6,96,0,15.6
2024,17,Michael Carter,ARI,LAR,RB,0,0,0,0,0,13,70,0,2,2,11,0,10.1
2024,17,Michael Wilson,ARI,LAR,WR,0,0,0,0,0,1,7,0,6,4,22,0,6.9
2024,17,Trey McBride,ARI,LAR,TE,0,0,0,0,0,0,0,0,16,12,123,1,30.3
2024,17,Zay Jones,ARI,LAR,WR,0,0,0,0,0,0,0,0,1,1,19,0,2.9
2024,17,Bijan Robinson,ATL,WAS,RB,0,0,0,0,0,17,90,2,5,3,8,0,24.8
2024,17,Charlie Woerner,ATL,WAS,TE,0,0,0,0,0,0,0,0,1,1,6,0,1.6
2024,17,Chris Blair,ATL,WAS,WR,0,0,0,0,0,0,0,0,1,0,0,0,0.0
2024,17,Darnell Mooney,ATL,WAS,WR,0,0,0,0,0,0,0,0,5,2,37,0,5.7
2024,17,Drake London,ATL,WAS,WR,0,0,0,0,0,0,0,0,13,7,106,0,17.6
2024,17,KhaDarel Hodge,ATL,WAS,WR,0,0,0,0,0,0,0,0,4,1,9,0,1.9
2024,17,Kyle Pitts,ATL,WAS,TE,0,0,0,0,0,0,0,0,5,4,44,1,14.4
2024,17,Michael Penix Jr.,ATL,WAS,QB,35,19,223,1,1,2,3,0,0,0,0,0,11.22
2024,17,Ray-Ray McCloud,ATL,WAS,WR,0,0,0,0,0,1,14,0,1,1,13,0,3.7
2024,17,Tyler Allgeier,ATL,WAS,RB,0,0,0,0,0,3,19,0,0,0,0,0,1.9
2024,17,Anthony Miller,BAL,HOU,WR,0,0,0,0,0,0,0,0,1,1,16,0,2.6
2024,17,Derrick Henry,BAL,HOU,RB,0,0,0,0,0,27,147,1,2,2,18,0,24.5
2024,17,Devontez Walker,BAL,HOU,WR,0,0,0,0,0,0,0,0,2,0,0,0,0.0
2024,17,Isaiah Likely,BAL,HOU,TE,0,0,0,0,0,0,0,0,1,1,9,1,7.9
2024,17,Keaton Mitchell,BAL,HOU,RB,0,0,0,0,0,11,20,0,1,1,28,0,5.8
2024,17,Lamar Jackson,BAL,HOU,QB,15,10,168,2,0,4,87,1,0,0,0,0,29.42
2024,17,Mark Andrews,BAL,HOU,TE,0,0,0,0,0,0,0,0,2,2,68,1,14.8
2024,17,Rasheen Ali,BAL,HOU,RB,0,0,0,0,0,1,-3,0,0,0,0,0,-0.3
2024,17,Rashod Bateman,BAL,HOU,WR,0,0,0,0,0,0,0,0,1,1,12,0,2.2
2024,17,Tylan Wallace,BAL,HOU,WR,0,0,0,0,0,0,0,0,1,1,2,0,1.2
2024,17,Zay Flowers,BAL,HOU,WR,0,0,0,0,0,0,0,0,5,2,31,0,5.1
2024,17,Amari Cooper,BUF,NYJ,WR,0,0,0,0,0,0,0,0,3,3,56,1,14.6
2024,17,Dalton Kincaid,BUF,NYJ,TE,0,0,0,0,0,0,0,0,2,2,24,0,4.4
2024,17,Dawson Knox,BUF,NYJ,TE,0,0,0,0,0,0,0,0,3,1,4,0,1.4
2024,17,James Cook,BUF,NYJ,RB,0,0,0,0,0,15,53,1,0,0,0,0,11.3
2024,17,Josh Allen,BUF,NYJ,QB,27,16,182,2,0,5,17,1,0,0,0,0,22.98
2024,17,Keon Coleman,BUF,NYJ,WR,0,0,0,0,0,0,0,0,7,3,27,1,11.7
2024,17,Khalil Shakir,BUF,NYJ,WR,0,0,0,0,0,0,0,0,6,3,25,0,5.5
2024,17,Mack Hollins,BUF,NYJ,WR,0,0,0,0,0,0,0,0,2,2,33,0,5.3
2024,17,Mitchell Trubisky,BUF,NYJ,QB,1,1,69,1,0,2,-1,0,0,0,0,0,6.66
2024,17,Quintin Morris,BUF,NYJ,TE,0,0,0,0,0,0,0,0,1,0,0,0,0.0
2024,17,Ray Davis,BUF,NYJ,RB,0,0,0,0,0,6,9,0,1,1,4,0,2.3
2024,17,Reggie Gilliam,BUF,NYJ,RB,0,0,0,0,0,2,3,0,0,0,0,0,0.3
2024,17,Ty Johnson,BUF,NYJ,RB,0,0,0,0,0,4,16,0,1,1,9,0,3.5
2024,17,Tyrell Shavers,BUF,NYJ,WR,0,0,0,0,0,0,0,0,1,1,69,1,13.9
2024,17,Adam Thielen,CAR,TAM,WR,0,0,0,0,0,0,0,0,6,5,110,2,28.0
2024,17,Bryce Young,CAR,TAM,QB,28,15,203,2,0,2,8,0,0,0,0,0,16.92
2024,17,Dan Chisena,CAR,TAM,WR,0,0,0,0,0,0,0,0,1,1,8,0,1.8
2024,17,David Moore,CAR,TAM,WR,0,0,0,0,0,0,0,0,1,1,17,0,2.7
2024,17,Ja'Tavion Sanders,CAR,TAM,TE,0,0,0,0,0,0,0,0,1,1,5,0,1.5
2024,17,Jalen Coker,CAR,TAM,WR,0,0,0,0,0,0,0,0,2,2,35,0,5.5
2024,17,Mike Boone,CAR,TAM,RB,0,0,0,0,0,2,11,0,2,0,0,0,1.1
2024,17,Raheem Blackshear,CAR,TAM,RB,0,0,0,0,0,8,20,0,0,0,0,0,2.0
2024,17,Velus Jones Jr.,CAR,TAM,WR,0,0,0,0,0,1,0,0,0,0,0,0,0.0
2024,17,Xavier Legette,CAR,TAM,WR,0,0,0,0,0,0,0,0,9,5,28,0,7.8
2024,17,Caleb Williams,CHI,SEA,QB,28,16,122,0,1,5,37,0,0,0,0,0,6.58
2024,17,D'Andre Swift,CHI,SEA,RB,0,0,0,0,0,12,53,0,5,4,28,0,12.1
2024,17,DJ Moore,CHI,SEA,WR,0,0,0,0,0,2,8,0,8,6,54,0,12.2
2024,17,Gerald Everett,CHI,SEA,TE,0,0,0,0,0,0,0,0,1,0,0,0,0.0
2024,17,Keenan Allen,CHI,SEA,WR,0,0,0,0,0,0,0,0,8,5,25,0,7.5
2024,17,Rome Odunze,CHI,SEA,WR,0,0,0,0,0,0,0,0,4,1,15,0,2.5
2024,17,Roschon Johnson,CHI,SEA,RB,0,0,0,0,0,4,5,0,0,0,0,0,0.5
2024,17,Andrei Iosivas,CIN,DEN,WR,0,0,0,0,0,0,0,0,4,3,59,0,8.9
2024,17,Cam Grandy,CIN,DEN,TE,0,0,0,0,0,0,0,0,1,1,7,0,1.7
2024,17,Chase Brown,CIN,DEN,RB,0,0,0,0,0,20,67,0,4,4,24,0,13.1
2024,17,Drew Sample,CIN,DEN,TE,0,0,0,0,0,0,0,0,1,1,3,0,1.3
2024,17,Ja'Marr Chase,CIN,DEN,WR,0,0,0,0,0,0,0,0,15,9,102,0,19.2
2024,17,Joe Burrow,CIN,DEN,QB,49,39,412,3,0,4,25,1,0,0,0,0,36.98
2024,17,Khalil Herbert,CIN,DEN,RB,0,0,0,0,0,4,23,0,0,0,0,0,2.3
2024,17,Mike Gesicki,CIN,DEN,TE,0,0,0,0,0,0,0,0,12,10,86,0,18.6
2024,17,Tee Higgins,CIN,DEN,WR,0,0,0,0,0,0,0,0,12,11,131,3,40.1
2024,17,Blake Whiteheart,CLE,MIA,TE,0,0,0,0,0,0,0,0,1,1,8,0,1.8
2024,17,D'Onta Foreman,CLE,MIA,RB,0,0,0,0,0,13,49,0,2,0,0,0,4.9
2024,17,Dorian Thompson-Robinson,CLE,MIA,QB,47,24,170,0,1,4,10,0,0,0,0,0,3.8
2024,17,Elijah Moore,CLE,MIA,WR,0,0,0,0,0,0,0,0,5,1,1,0,1.1
2024,17,Jamari Thrash,CLE,MIA,WR,0,0,0,0,0,0,0,0,1,0,0,0,0.0
2024,17,Jerome Ford,CLE,MIA,RB,0,0,0,0,0,6,22,0,0,0,0,0,2.2
2024,17,Jerry Jeudy,CLE,MIA,WR,0,0,0,0,0,0,0,0,18,12,94,0,21.4
2024,17,Jordan Akins,CLE,MIA,TE,0,0,0,0,0,0,0,0,8,6,49,0,10.9
2024,17,Mike Woods,CLE,MIA,WR,0,0,0,0,0,0,0,0,3,1,3,0,1.3
2024,17,Pierre Strong,CLE,MIA,RB,0,0,0,0,0,5,33,0,5,3,15,0,7.8
2024,17,Brandin Cooks,DAL,PHI,WR,0,0,0,0,0,0,0,0,8,4,52,0,9.2
2024,17,Cooper Rush,DAL,PHI,QB,28,15,147,1,2,1,2,0,0,0,0,0,6.08
2024,17,Ezekiel Elliott,DAL,PHI,RB,0,0,0,0,0,3,2,0,0,0,0,0,0.2
2024,17,Hunter Luepke,DAL,PHI,RB,0,0,0,0,0,0,0,0,1,1,1,0,1.1
2024,17,Jake Ferguson,DAL,PHI,TE,0,0,0,0,0,0,0,0,5,3,18,0,2.8
2024,17,Jalen Brooks,DAL,PHI,WR,0,0,0,0,0,0,0,0,1,1,12,0,2.2
2024,17,Jalen Tolbert,DAL,PHI,WR,0,0,0,0,0,0,0,0,4,3,30,1,12.0
2024,17,Jonathan Mingo,DAL,PHI,WR,0,0,0,0,0,0,0,0,3,1,12,0,2.2
2024,17,KaVontae Turpin,DAL,PHI,WR,0,0,0,0,0,2,18,0,4,1,16,0,4.4
2024,17,Rico Dowdle,DAL,PHI,RB,0,0,0,0,0,23,104,0,1,1,4,0,9.8
2024,17,Ryan Flournoy,DAL,PHI,WR,0,0,0,0,0,0,0,0,2,1,3,0,1.3
2024,17,Trey Lance,DAL,PHI,QB,1,1,1,0,0,1,1,0,0,0,0,0,0.14
2024,17,Adam Trautman,DEN,CIN,TE,0,0,0,0,0,0,0,0,3,1,5,0,1.5
2024,17,Audric Estimé,DEN,CIN,RB,0,0,0,0,0,9,24,0,1,1,13,0,4.7
2024,17,Bo Nix,DEN,CIN,QB,31,24,219,3,1,7,31,0,0,0,0,0,21.86
2024,17,Courtland Sutton,DEN,CIN,WR,0,0,0,0,0,0,0,0,9,5,55,1,16.5
2024,17,Devaughn Vele,DEN,CIN,WR,0,0,0,0,0,0,0,0,2,2,27,0,4.7
2024,17,Jaleel McLaughlin,DEN,CIN,RB,0,0,0,0,0,10,69,0,2,2,7,0,9.6
2024,17,Javonte Williams,DEN,CIN,RB,0,0,0,0,0,0,0,0,2,2,0,0,2.0
2024,17,Lucas Krull,DEN,CIN,TE,0,0,0,0,0,0,0,0,1,1,3,0,1.3
2024,17,Marvin Mims Jr.,DEN,CIN,WR,0,0,0,0,0,1,-1,0,8,8,103,2,30.2
2024,17,Nate Adkins,DEN,CIN,TE,0,0,0,0,0,0,0,0,1,1,7,0,1.7
2024,17,Troy Franklin,DEN,CIN,WR,0,0,0,0,0,0,0,0,2,1,-1,0,0.9
2024,17,Allen Robinson,DET,SFO,WR,0,0,0,0,0,0,0,0,1,1,21,0,3.1
2024,17,Amon-Ra St. Brown,DET,SFO,WR,0,0,0,0,0,0,0,0,10,8,60,1,20.0
2024,17,Craig Reynolds,DET,SFO,RB,0,0,0,0,0,7,31,0,2,2,35,0,8.6
2024,17,Jahmyr Gibbs,DET,SFO,RB,0,0,0,0,0,18,117,1,4,4,46,0,26.3
2024,17,Jameson Williams,DET,SFO,WR,0,0,0,0,0,2,-2,1,8,5,77,1,24.5
2024,17,Jared Goff,DET,SFO,QB,34,26,303,3,0,3,-3,0,0,0,0,0,25.82
2024,17,Jermar Jefferson,DET,SFO,RB,0,0,0,0,0,3,9,0,0,0,0,0,0.9
2024,17,Sam LaPorta,DET,SFO,TE,0,0,0,0,0,0,0,0,8,6,64,1,18.4
2024,17,Bo Melton,GNB,MIN,WR,0,0,0,0,0,0,0,0,4,3,18,0,4.8
2024,17,Dontayvion Wicks,GNB,MIN,WR,0,0,0,0,0,0,0,0,5,4,43,0,8.3
2024,17,Emanuel Wilson,GNB,MIN,RB,0,0,0,0,0,6,29,1,0,0,0,0,8.9
2024,17,Jayden Reed,GNB,MIN,WR,0,0,0,0,0,0,0,0,4,1,6,0,1.6
2024,17,Jordan Love,GNB,MIN,QB,30,19,185,1,0,1,6,0,0,0,0,0,14.0
2024,17,Josh Jacobs,GNB,MIN,RB,0,0,0,0,0,17,69,1,0,0,0,0,10.9
2024,17,Luke Musgrave,GNB,MIN,TE,0,0,0,0,0,0,0,0,1,1,4,0,1.4
2024,17,Malik Heath,GNB,MIN,WR,0,0,0,0,0,0,0,0,1,1,3,1,7.3
2024,17,Romeo Doubs,GNB,MIN,WR,0,0,0,0,0,0,0,0,11,7,58,0,14.8
2024,17,Tucker Kraft,GNB,MIN,TE,0,0,0,0,0,0,0,0,3,2,53,0,7.3
2024,17,C.J. Stroud,HOU,BAL,QB,31,17,185,0,1,1,7,0,0,0,0,0,6.1
2024,17,Cade Stover,HOU,BAL,TE,0,0,0,0,0,0,0,0,1,1,1,0,1.1
2024,17,Dalton Schultz,HOU,BAL,TE,0,0,0,0,0,0,0,0,6,2,21,0,4.1
2024,17,Dameon Pierce,HOU,BAL,RB,0,0,0,0,0,5,13,0,0,0,0,0,1.3
2024,17,Dare Ogunbowale,HOU,BAL,RB,0,0,0,0,0,2,12,0,1,1,6,0,2.8
2024,17,Joe Mixon,HOU,BAL,RB,0,0,0,0,0,9,26,0,3,2,13,0,5.9
2024,17,John Metchie III,HOU,BAL,WR,0,0,0,0,0,0,0,0,8,5,48,0,9.8
2024,17,Nico Collins,HOU,BAL,WR,0,0,0,0,0,0,0,0,6,3,59,0,8.9
2024,17,Robert Woods,HOU,BAL,WR,0,0,0,0,0,0,0,0,2,2,21,0,4.1
2024,17,Xavier Hutchinson,HOU,BAL,WR,0,0,0,0,0,0,0,0,4,2,21,0,4.1
2024,17,Adonai Mitchell,IND,NYG,WR,0,0,0,0,0,0,0,0,4,2,22,0,4.2
2024,17,Alec Pierce,IND,NYG,WR,0,0,0,0,0,0,0,0,9,6,122,1,24.2
2024,17,Joe Flacco,IND,NYG,QB,38,26,330,2,2,1,1,0,0,0,0,0,15.3
2024,17,Jonathan Taylor,IND,NYG,RB,0,0,0,0,0,32,125,2,4,2,11,0,27.6
2024,17,Josh Downs,IND,NYG,WR,0,0,0,0,0,0,0,0,4,3,22,0,5.2
2024,17,Kylen Granson,IND,NYG,TE,0,0,0,0,0,0,0,0,4,3,34,0,6.4
2024,17,Michael Pittman,IND,NYG,WR,0,0,0,0,0,0,0,0,10,9,109,1,25.9
2024,17,Mo Alie-Cox,IND,NYG,TE,0,0,0,0,0,0,0,0,1,0,0,0,0.0
2024,17,Trey Sermon,IND,NYG,RB,0,0,0,0,0,0,0,0,1,1,10,0,2.0
2024,17,Brenton Strange,JAX,TEN,TE,0,0,0,0,0,0,0,0,1,0,0,0,0.0
2024,17,Brian Thomas Jr.,JAX,TEN,WR,0,0,0,0,0,1,18,0,10,7,91,1,23.9
2024,17,D'Ernest Johnson,JAX,TEN,RB,0,0,0,0,0,0,0,0,2,2,11,0,3.1
2024,17,Devin Duvernay,JAX,TEN,WR,0,0,0,0,0,0,0,0,1,1,4,0,1.4
2024,17,Mac Jones,JAX,TEN,QB,22,15,174,2,0,6,22,0,0,0,0,0,17.16
2024,17,Parker Washington,JAX,TEN,WR,0,0,0,0,0,0,0,0,3,3,31,1,12.1
2024,17,Tank Bigsby,JAX,TEN,RB,0,0,0,0,0,11,33,0,1,0,0,0,3.3
2024,17,Tim Jones,JAX,TEN,WR,0,0,0,0,0,0,0,0,1,1,11,0,2.1
2024,17,Travis Etienne,JAX,TEN,RB,0,0,0,0,0,15,49,0,2,1,26,0,8.5
2024,17,DeAndre Hopkins,KAN,PIT,WR,0,0,0,0,0,0,0,0,4,2,7,0,2.7
2024,17,Isiah Pacheco,KAN,PIT,RB,0,0,0,0,0,6,18,0,0,0,0,0,1.8
2024,17,JuJu Smith-Schuster,KAN,PIT,WR,0,0,0,0,0,0,0,0,2,2,18,0,3.8
2024,17,Justin Watson,KAN,PIT,WR,0,0,0,0,0,0,0,0,2,2,60,1,14.0
2024,17,Kareem Hunt,KAN,PIT,RB,0,0,0,0,0,9,20,1,0,0,0,0,8.0
2024,17,Marquise Brown,KAN,PIT,WR,0,0,0,0,0,0,0,0,7,4,46,0,8.6
2024,17,Noah Gray,KAN,PIT,TE,0,0,0,0,0,0,0,0,1,1,6,0,1.6
2024,17,Patrick Mahomes,KAN,PIT,QB,38,29,320,3,0,1,12,0,0,0,0,0,26.0
2024,17,Samaje Perine,KAN,PIT,RB,0,0,0,0,0,2,9,0,2,2,20,0,4.9
2024,17,Travis Kelce,KAN,PIT,TE,0,0,0,0,0,0,0,0,11,8,84,1,22.4
2024,17,Xavier Worthy,KAN,PIT,WR,0,0,0,0,0,2,10,0,9,8,79,1,22.9
2024,17,DJ Chark,LAC,NWE,WR,0,0,0,0,0,0,0,0,4,0,0,0,0.0
2024,17,Derius Davis,LAC,NWE,WR,0,0,0,0,0,1,-3,0,2,2,29,1,10.6
2024,17,Hassan Haskins,LAC,NWE,RB,0,0,0,0,0,8,30,0,1,1,10,0,5.0
2024,17,J.K. Dobbins,LAC,NWE,RB,0,0,0,0,0,19,76,1,1,1,7,0,15.3
2024,17,Josh Palmer,LAC,NWE,WR,0,0,0,0,0,0,0,0,6,4,41,0,8.1
2024,17,Justin Herbert,LAC,NWE,QB,38,26,281,3,0,3,12,0,0,0,0,0,24.44
2024,17,Kimani Vidal,LAC,NWE,RB,0,0,0,0,0,5,24,0,2,0,0,0,2.4
2024,17,Ladd McConkey,LAC,NWE,WR,0,0,0,0,0,0,0,0,10,8,94,2,29.4
2024,17,Quentin Johnston,LAC,NWE,WR,0,0,0,0,0,0,0,0,8,5,48,0,9.8
2024,17,Stone Smartt,LAC,NWE,TE,0,0,0,0,0,0,0,0,2,2,23,0,4.3
2024,17,Taylor Heinicke,LAC,NWE,QB,2,0,0,0,0,1,8,0,0,0,0,0,0.8
2024,17,Tucker Fisk,LAC,NWE,TE,0,0,0,0,0,0,0,0,1,1,8,0,1.8
2024,17,Will Dissly,LAC,NWE,TE,0,0,0,0,0,0,0,0,3,2,21,0,4.1
2024,17,Blake Corum,LAR,ARI,RB,0,0,0,0,0,3,-4,0,0,0,0,0,-0.4
2024,17,Colby Parkinson,LAR,ARI,TE,0,0,0,0,0,0,0,0,1,0,0,0,0.0
2024,17,Cooper Kupp,LAR,ARI,WR,0,0,0,0,0,0,0,0,3,1,29,0,3.9
2024,17,Davis Allen,LAR,ARI,TE,0,0,0,0,0,0,0,0,1,0,0,0,0.0
2024,17,Demarcus Robinson,LAR,ARI,WR,0,0,0,0,0,0,0,0,2,0,0,0,0.0
2024,17,Jordan Whittington,LAR,ARI,WR,0,0,0,0,0,0,0,0,1,1,6,0,1.6
2024,17,Kyren Williams,LAR,ARI,RB,0,0,0,0,0,13,56,1,3,3,16,0,16.2
2024,17,Matthew Stafford,LAR,ARI,QB,32,17,189,0,0,6,16,0,0,0,0,0,9.16
2024,17,Puka Nacua,LAR,ARI,WR,0,0,0,0,0,0,0,0,14,10,129,0,22.9
2024,17,Tyler Higbee,LAR,ARI,TE,0,0,0,0,0,0,0,0,3,2,9,0,2.9
2024,17,Aidan O'Connell,LVR,NOR,QB,35,20,242,2,0,3,-1,0,0,0,0,0,17.58
2024,17,Alexander Mattison,LVR,NOR,RB,0,0,0,0,0,10,32,0,3,1,6,0,4.8
2024,17,Ameer Abdullah,LVR,NOR,RB,0,0,0,0,0,20,115,0,4,3,32,0,17.7
2024,17,Brock Bowers,LVR,NOR,TE,0,0,0,0,0,1,-1,0,7,7,77,0,14.6
2024,17,Chris Collier,LVR,NOR,RB,0,0,0,0,0,3,6,0,0,0,0,0,0.6
2024,17,Jakobi Meyers,LVR,NOR,WR,0,0,0,0,0,0,0,0,9,5,61,1,17.1
2024,17,Michael Mayer,LVR,NOR,TE,0,0,0,0,0,0,0,0,2,1,14,0,2.4
2024,17,Terrace Marshall Jr.,LVR,NOR,WR,0,0,0,0,0,0,0,0,2,1,28,0,3.8
2024,17,Tre Tucker,LVR,NOR,WR,0,0,0,0,0,1,5,0,8,2,24,1,10.9
2024,17,De'Von Achane,MIA,CLE,RB,0,0,0,0,0,10,25,0,2,2,13,0,5.8
2024,17,Dee Eskridge,MIA,CLE,WR,0,0,0,0,0,0,0,0,1,1,8,0,1.8
2024,17,Jeff Wilson,MIA,CLE,RB,0,0,0,0,0,3,5,0,0,0,0,0,0.5
2024,17,Jonnu Smith,MIA,CLE,TE,0,0,0,0,0,0,0,0,4,3,26,1,11.6
2024,17,Malik Washington,MIA,CLE,WR,0,0,0,0,0,1,-11,0,5,4,41,0,7.0
2024,17,Raheem Mostert,MIA,CLE,RB,0,0,0,0,0,6,3,0,2,2,16,0,3.9
2024,17,River Cracraft,MIA,CLE,WR,0,0,0,0,0,0,0,0,1,1,16,0,2.6
2024,17,Tyler Huntley,MIA,CLE,QB,26,22,225,1,0,7,52,1,0,0,0,0,24.2
2024,17,Tyreek Hill,MIA,CLE,WR,0,0,0,0,0,0,0,0,9,9,105,0,19.5
2024,17,Aaron Jones,MIN,GNB,RB,0,0,0,0,0,12,47,0,5,4,30,0,11.7
2024,17,C.J. Ham,MIN,GNB,RB,0,0,0,0,0,0,0,0,2,2,15,0,3.5
2024,17,Cam Akers,MIN,GNB,RB,0,0,0,0,0,6,18,0,3,2,15,1,11.3
2024,17,Jalen Nailor,MIN,GNB,WR,0,0,0,0,0,0,0,0,5,5,81,1,19.1
2024,17,Johnny Mundt,MIN,GNB,TE,0,0,0,0,0,0,0,0,1,1,7,0,1.7
2024,17,Jordan Addison,MIN,GNB,WR,0,0,0,0,0,0,0,0,8,6,69,1,18.9
2024,17,Justin Jefferson,MIN,GNB,WR,0,0,0,0,0,0,0,0,11,8,92,0,17.2
2024,17,Sam Darnold,MIN,GNB,QB,43,33,377,3,1,3,-3,0,0,0,0,0,24.78
2024,17,T.J. Hockenson,MIN,GNB,TE,0,0,0,0,0,0,0,0,6,5,68,0,11.8
2024,17,Ty Chandler,MIN,GNB,RB,0,0,0,0,0,5,7,0,0,0,0,0,0.7
2024,17,Adam Prentice,NOR,LVR,RB,0,0,0,0,0,0,0,0,1,0,0,0,0.0
2024,17,Cedrick Wilson Jr.,NOR,LVR,WR,0,0,0,0,0,0,0,0,4,3,17,0,4.7
2024,17,Clyde Edwards-Helaire,NOR,LVR,RB,0,0,0,0,0,5,20,0,4,2,10,0,5.0
2024,17,Dante Pettis,NOR,LVR,WR,0,0,0,0,0,0,0,0,4,3,27,0,5.7
2024,17,Foster Moreau,NOR,LVR,TE,0,0,0,0,0,0,0,0,5,3,47,1,13.7
2024,17,Jamaal Williams,NOR,LVR,RB,0,0,0,0,0,2,12,0,1,1,12,0,3.4
2024,17,Juwan Johnson,NOR,LVR,TE,0,0,0,0,0,0,0,0,10,6,66,0,12.6
2024,17,Kendre Miller,NOR,LVR,RB,0,0,0,0,0,3,3,0,1,1,16,0,2.9
2024,17,Kevin Austin Jr.,NOR,LVR,WR,0,0,0,0,0,0,0,0,2,1,23,0,3.3
2024,17,Marquez Valdes-Scantling,NOR,LVR,WR,0,0,0,0,0,0,0,0,2,0,0,0,0.0
2024,17,Spencer Rattler,NOR,LVR,QB,36,20,218,1,2,3,46,0,0,0,0,0,13.32
2024,17,Antonio Gibson,NWE,LAC,RB,0,0,0,0,0,12,63,0,1,0,0,0,6.3
2024,17,Austin Hooper,NWE,LAC,TE,0,0,0,0,0,0,0,0,3,3,19,0,4.9
2024,17,DeMario Douglas,NWE,LAC,WR,0,0,0,0,0,0,0,0,5,4,46,1,14.6
2024,17,Drake Maye,NWE,LAC,QB,22,12,117,1,0,6,32,0,0,0,0,0,9.88
2024,17,Hunter Henry,NWE,LAC,TE,0,0,0,0,0,0,0,0,2,0,0,0,0.0
2024,17,Ja'Lynn Polk,NWE,LAC,WR,0,0,0,0,0,0,0,0,1,0,0,0,0.0
2024,17,Javon Baker,NWE,LAC,WR,0,0,0,0,0,0,0,0,1,0,0,0,0.0
2024,17,Kayshon Boutte,NWE,LAC,WR,0,0,0,0,0,0,0,0,5,4,28,0,6.8
2024,17,Kendrick Bourne,NWE,LAC,WR,0,0,0,0,0,0,0,0,4,2,22,0,4.2
2024,17,Rhamondre Stevenson,NWE,LAC,RB,0,0,0,0,0,2,1,0,1,0,0,0,0.1
2024,17,Chris Manhertz,NYG,IND,TE,0,0,0,0,0,0,0,0,1,1,12,0,2.2
2024,17,Darius Slayton,NYG,IND,WR,0,0,0,0,0,0,0,0,3,1,32,1,10.2
2024,17,Devin Singletary,NYG,IND,RB,0,0,0,0,0,5,21,0,1,1,9,0,4.0
2024,17,Drew Lock,NYG,IND,QB,23,17,309,4,0,5,0,1,0,0,0,0,34.36
2024,17,Malik Nabers,NYG,IND,WR,0,0,0,0,0,0,0,0,8,7,171,2,36.1
2024,17,Tyrone Tracy Jr.,NYG,IND,RB,0,0,0,0,0,20,59,0,3,2,14,0,9.3
2024,17,Wan'Dale Robinson,NYG,IND,WR,0,0,0,0,0,0,0,0,6,5,71,1,18.1
2024,17,Aaron Rodgers,NYJ,BUF,QB,18,12,112,0,2,0,0,0,0,0,0,0,0.48
2024,17,Allen Lazard,NYJ,BUF,WR,0,0,0,0,0,0,0,0,3,1,9,0,1.9
2024,17,Braelon Allen,NYJ,BUF,RB,0,0,0,0,0,6,26,0,0,0,0,0,2.6
2024,17,Breece Hall,NYJ,BUF,RB,0,0,0,0,0,10,45,0,1,1,8,0,6.3
2024,17,Davante Adams,NYJ,BUF,WR,0,0,0,0,0,0,0,0,8,5,47,0,9.7
2024,17,Garrett Wilson,NYJ,BUF,WR,0,0,0,0,0,0,0,0,8,7,66,1,17.6
2024,17,Isaiah Davis,NYJ,BUF,RB,0,0,0,0,0,3,35,0,1,1,8,0,5.3
2024,17,Kenny Yeboah,NYJ,BUF,TE,0,0,0,0,0,0,0,0,2,0,0,0,0.0
2024,17,Tyler Conklin,NYJ,BUF,TE,0,0,0,0,0,0,0,0,8,8,57,1,21.7
2024,17,Tyrod Taylor,NYJ,BUF,QB,14,11,83,2,0,2,6,0,0,0,0,0,13.92
2024,17,A.J. Brown,PHI,DAL,WR,0,0,0,0,0,0,0,0,5,3,36,1,12.6
2024,17,DeVonta Smith,PHI,DAL,WR,0,0,0,0,0,0,0,0,7,6,120,2,30.0
2024,17,E.J. Jenkins,PHI,DAL,TE,0,0,0,0,0,0,0,0,1,0,0,0,0.0
2024,17,Grant Calcaterra,PHI,DAL,TE,0,0,0,0,0,0,0,0,2,1,34,0,4.4
2024,17,Kenny Gainwell,PHI,DAL,RB,0,0,0,0,0,3,4,0,1,1,5,0,1.9
2024,17,Kenny Pickett,PHI,DAL,QB,15,10,143,1,0,3,3,1,0,0,0,0,16.02
2024,17,Saquon Barkley,PHI,DAL,RB,0,0,0,0,0,31,167,0,2,2,2,0,18.9
2024,17,Tanner McKee,PHI,DAL,QB,4,3,54,2,0,2,-2,0,0,0,0,0,9.96
2024,17,Tyrion Davis-Price,PHI,DAL,RB,0,0,0,0,0,3,7,0,0,0,0,0,0.7
2024,17,Calvin Austin III,PIT,KAN,WR,0,0,0,0,0,0,0,0,5,4,31,0,7.1
2024,17,Connor Heyward,PIT,KAN,RB,0,0,0,0,0,0,0,0,1,1,8,0,1.8
2024,17,Cordarrelle Patterson,PIT,KAN,RB,0,0,0,0,0,1,2,0,0,0,0,0,0.2
2024,17,Darnell Washington,PIT,KAN,TE,0,0,0,0,0,0,0,0,1,1,8,0,1.8
2024,17,George Pickens,PIT,KAN,WR,0,0,0,0,0,0,0,0,7,3,50,0,8.0
2024,17,Jaylen Warren,PIT,KAN,RB,0,0,0,0,0,11,71,0,6,5,41,0,16.2
2024,17,Mike Williams,PIT,KAN,WR,0,0,0,0,0,0,0,0,2,0,0,0,0.0
2024,17,Najee Harris,PIT,KAN,RB,0,0,0,0,0,13,74,0,4,2,7,0,10.1
2024,17,Pat Freiermuth,PIT,KAN,TE,0,0,0,0,0,0,0,0,8,7,60,0,11.0
2024,17,Russell Wilson,PIT,KAN,QB,37,23,205,0,1,6,55,1,0,0,0,0,17.7
2024,17,Van Jefferson,PIT,KAN,WR,0,0,0,0,0,0,0,0,1,0,0,0,0.0
2024,17,DK Metcalf,SEA,CHI,WR,0,0,0,0,0,0,0,0,3,3,42,0,7.2
2024,17,Geno Smith,SEA,CHI,QB,23,17,160,0,0,3,19,0,0,0,0,0,8.3
2024,17,Jaxon Smith-Njigba,SEA,CHI,WR,0,0,0,0,0,0,0,0,6,3,32,0,6.2
2024,17,Kenny McIntosh,SEA,CHI,RB,0,0,0,0,0,7,46,0,0,0,0,0,4.6
2024,17,Noah Fant,SEA,CHI,TE,0,0,0,0,0,0,0,0,5,4,43,0,8.3
2024,17,Pharaoh Brown,SEA,CHI,TE,0,0,0,0,0,0,0,0,1,1,4,0,-0.6
2024,17,Tyler Lockett,SEA,CHI,WR,0,0,0,0,0,0,0,0,4,3,20,0,5.0
2024,17,Zach Charbonnet,SEA,CHI,RB,0,0,0,0,0,15,57,0,3,3,19,0,10.6
2024,17,Brock Purdy,SFO,DET,QB,35,27,377,3,2,3,12,1,0,0,0,0,30.28
2024,17,Chris Conley,SFO,DET,WR,0,0,0,0,0,0,0,0,1,1,13,0,2.3
2024,17,Deebo Samuel Sr.,SFO,DET,WR,0,0,0,0,0,3,16,0,1,1,5,1,9.1
2024,17,George Kittle,SFO,DET,TE,0,0,0,0,0,0,0,0,8,8,112,0,19.2
2024,17,Isaac Guerendo,SFO,DET,RB,0,0,0,0,0,9,34,0,4,4,65,0,13.9
2024,17,Jauan Jennings,SFO,DET,WR,0,0,0,0,0,0,0,0,10,7,67,0,13.7
2024,17,Joshua Dobbs,SFO,DET,QB,4,3,35,0,0,1,7,1,0,0,0,0,8.1
2024,17,Kyle Juszczyk,SFO,DET,RB,0,0,0,0,0,0,0,0,2,1,9,1,7.9
2024,17,Ricky Pearsall,SFO,DET,WR,1,0,0,0,0,2,6,0,10,8,141,1,28.7
2024,17,Baker Mayfield,TAM,CAR,QB,32,27,359,5,0,1,2,0,0,0,0,0,34.56
2024,17,Bucky Irving,TAM,CAR,RB,0,0,0,0,0,20,113,0,4,4,77,0,23.0
2024,17,Devin Culp,TAM,CAR,TE,0,0,0,0,0,0,0,0,4,3,52,0,8.2
2024,17,Jalen McMillan,TAM,CAR,WR,0,0,0,0,0,1,9,0,5,5,51,2,23.0
2024,17,Kameron Johnson,TAM,CAR,WR,0,0,0,0,0,1,11,0,0,0,0,0,1.1
2024,17,Kyle Trask,TAM,CAR,QB,0,0,0,0,0,3,-2,0,0,0,0,0,-0.2
2024,17,Mike Evans,TAM,CAR,WR,0,0,0,0,0,0,0,0,9,8,97,2,29.7
2024,17,Payne Durham,TAM,CAR,TE,0,0,0,0,0,0,0,0,3,2,36,1,11.6
2024,17,Rachaad White,TAM,CAR,RB,0,0,0,0,0,6,30,0,1,1,4,0,4.4
2024,17,Rakim Jarrett,TAM,CAR,WR,0,0,0,0,0,0,0,0,1,1,11,0,2.1
2024,17,Ryan Miller,TAM,CAR,WR,0,0,0,0,0,0,0,0,4,2,26,0,4.6
2024,17,Sean Tucker,TAM,CAR,RB,0,0,0,0,0,8,39,0,1,1,5,0,5.4
2024,17,Calvin Ridley,TEN,JAX,WR,0,0,0,0,0,1,7,0,6,5,84,0,14.1
2024,17,Chig Okonkwo,TEN,JAX,TE,0,0,0,0,0,1,17,0,7,5,42,0,10.9
2024,17,Josh Whyle,TEN,JAX,TE,0,0,0,0,0,0,0,0,1,0,0,0,0.0
2024,17,Julius Chestnut,TEN,JAX,RB,0,0,0,0,0,3,17,0,1,0,0,0,1.7
2024,17,Mason Rudolph,TEN,JAX,QB,31,19,193,1,1,5,23,0,0,0,0,0,12.02
2024,17,Nick Vannett,TEN,JAX,TE,0,0,0,0,0,0,0,0,1,1,8,1,7.8
2024,17,Nick Westbrook-Ikhine,TEN,JAX,WR,0,0,0,0,0,0,0,0,6,3,37,0,6.7
2024,17,Tyjae Spears,TEN,JAX,RB,0,0,0,0,0,20,95,0,4,3,8,0,13.3
2024,17,Tyler Boyd,TEN,JAX,WR,0,0,0,0,0,0,0,0,4,2,14,0,3.4
2024,17,Brian Robinson,WAS,ATL,RB,0,0,0,0,0,13,60,0,2,2,9,0,8.9
2024,17,Chris Rodriguez Jr.,WAS,ATL,RB,0,0,0,0,0,5,16,1,1,1,12,0,9.8
2024,17,Jamison Crowder,WAS,ATL,WR,0,0,0,0,0,0,0,0,5,3,25,0,5.5
2024,17,Jayden Daniels,WAS,ATL,QB,36,24,227,3,1,16,127,0,0,0,0,0,31.78
2024,17,Jeremy McNichols,WAS,ATL,RB,0,0,0,0,0,1,5,0,3,2,5,0,3.0
2024,17,John Bates,WAS,ATL,TE,0,0,0,0,0,0,0,0,1,1,14,0,2.4
2024,17,Olamide Zaccheaus,WAS,ATL,WR,0,0,0,0,0,1,8,0,9,8,85,1,23.3
2024,17,Terry McLaurin,WAS,ATL,WR,0,0,0,0,0,0,0,0,7,1,5,0,1.5
2024,17,Zach Ertz,WAS,ATL,TE,0,0,0,0,0,0,0,0,7,6,72,2,25.2
2024,18,Clayton Tune,ARI,SFO,QB,0,0,0,0,0,1,2,0,0,0,0,0,0.2
2024,18,DeeJay Dallas,ARI,SFO,RB,0,0,0,0,0,1,22,0,1,1,5,0,3.7
2024,18,Greg Dortch,ARI,SFO,WR,0,0,0,0,0,1,7,0,4,4,47,2,21.4
2024,18,Kyler Murray,ARI,SFO,QB,35,25,242,4,0,3,22,0,0,0,0,0,27.88
2024,18,Marvin Harrison Jr.,ARI,SFO,WR,0,0,0,0,0,0,0,0,6,5,63,1,17.3
2024,18,Michael Carter,ARI,SFO,RB,0,0,0,0,0,17,43,1,4,4,16,0,15.9
2024,18,Tony Jones,ARI,SFO,RB,0,0,0,0,0,4,55,1,0,0,0,0,11.5
2024,18,Trey McBride,ARI,SFO,TE,0,0,0,0,0,0,0,0,11,7,65,1,19.5
2024,18,Xavier Weaver,ARI,SFO,WR,0,0,0,0,0,0,0,0,1,0,0,0,0.0
2024,18,Zay Jones,ARI,SFO,WR,0,0,0,0,0,0,0,0,5,4,46,0,8.6
2024,18,Bijan Robinson,ATL,CAR,RB,0,0,0,0,0,28,170,2,5,2,3,0,31.3
2024,18,Drake London,ATL,CAR,WR,0,0,0,0,0,0,0,0,18,10,187,2,40.7
2024,18,KhaDarel Hodge,ATL,CAR,WR,0,0,0,0,0,0,0,0,2,1,24,0,3.4
2024,18,Kyle Pitts,ATL,CAR,TE,0,0,0,0,0,0,0,0,3,2,15,0,3.5
2024,18,Michael Penix Jr.,ATL,CAR,QB,38,21,312,2,1,1,5,1,0,0,0,0,24.98
2024,18,Ray-Ray McCloud,ATL,CAR,WR,0,0,0,0,0,0,0,0,7,4,66,0,10.6
2024,18,Tyler Allgeier,ATL,CAR,RB,0,0,0,0,0,9,52,0,2,2,17,0,8.9
2024,18,Derrick Henry,BAL,CLE,RB,0,0,0,0,0,20,138,2,3,2,23,0,30.1
2024,18,Isaiah Likely,BAL,CLE,TE,0,0,0,0,0,0,0,0,5,3,38,0,6.8
2024,18,Keaton Mitchell,BAL,CLE,RB,0,0,0,0,0,4,10,0,0,0,0,0,1.0
2024,18,Lamar Jackson,BAL,CLE,QB,32,16,217,2,0,9,63,0,0,0,0,0,22.98
2024,18,Mark Andrews,BAL,CLE,TE,0,0,0,0,0,1,0,0,8,4,54,1,15.4
2024,18,Patrick Ricard,BAL,CLE,RB,0,0,0,0,0,0,0,0,1,1,14,0,2.4
2024,18,Rasheen Ali,BAL,CLE,RB,0,0,0,0,0,0,0,0,2,0,0,0,0.0
2024,18,Rashod Bateman,BAL,CLE,WR,0,0,0,0,0,0,0,0,8,5,76,1,18.6
2024,18,Tylan Wallace,BAL,CLE,WR,0,0,0,0,0,0,0,0,1,0,0,0,0.0
2024,18,Zay Flowers,BAL,CLE,WR,0,0,0,0,0,1,9,0,2,1,12,0,3.1
2024,18,Curtis Samuel,BUF,NWE,WR,0,0,0,0,0,0,0,0,8,7,52,0,12.2
2024,18,James Cook,BUF,NWE,RB,0,0,0,0,0,10,28,1,0,0,0,0,8.8
2024,18,Keon Coleman,BUF,NWE,WR,0,0,0,0,0,1,9,0,10,2,31,0,6.0
2024,18,Mack Hollins,BUF,NWE,WR,0,0,0,0,0,0,0,0,4,3,25,0,5.5
2024,18,Mike White,BUF,NWE,QB,11,3,28,0,0,0,0,0,0,0,0,0,1.12
2024,18,Mitchell Trubisky,BUF,NWE,QB,21,15,101,1,0,4,12,0,0,0,0,0,9.24
2024,18,Quintin Morris,BUF,NWE,TE,0,0,0,0,0,0,0,0,4,3,20,0,5.0
2024,18,Ray Davis,BUF,NWE,RB,0,0,0,0,0,15,64,0,3,2,1,1,14.5
2024,18,Reggie Gilliam,BUF,NWE,RB,0,0,0,0,0,1,4,0,0,0,0,0,0.4
2024,18,Ty Johnson,BUF,NWE,RB,0,0,0,0,0,2,13,0,2,1,0,0,2.3
2024,18,Adam Thielen,CAR,ATL,WR,0,0,0,0,0,0,0,0,6,5,44,0,9.4
2024,18,Bryce Young,CAR,ATL,QB,34,25,251,3,0,5,24,2,0,0,0,0,36.44
2024,18,David Moore,CAR,ATL,WR,0,0,0,0,0,0,0,0,3,1,9,1,7.9
2024,18,Feleipe Franks,CAR,ATL,TE,0,0,0,0,0,0,0,0,1,1,12,0,2.2
2024,18,Ja'Tavion Sanders,CAR,ATL,TE,0,0,0,0,0,0,0,0,5,3,35,0,6.5
2024,18,Jalen Coker,CAR,ATL,WR,1,1,19,0,0,0,0,0,7,7,62,0,13.96
2024,18,Mike Boone,CAR,ATL,RB,0,0,0,0,0,4,18,0,1,1,-2,0,2.6
2024,18,Miles Sanders,CAR,ATL,RB,0,0,0,0,0,17,66,1,4,3,50,1,26.6
2024,18,Raheem Blackshear,CAR,ATL,RB,0,0,0,0,0,4,47,0,0,0,0,0,4.7
2024,18,Tommy Tremble,CAR,ATL,TE,0,0,0,0,0,0,0,0,3,2,30,1,11.0
2024,18,Xavier Legette,CAR,ATL,WR,0,0,0,0,0,0,0,0,5,3,30,0,6.0
2024,18,Caleb Williams,CHI,GNB,QB,29,21,148,1,0,3,10,0,0,0,0,0,10.92
2024,18,Cole Kmet,CHI,GNB,TE,0,0,0,0,0,0,0,0,2,2,3,0,2.3
2024,18,D'Andre Swift,CHI,GNB,RB,0,0,0,0,0,20,65,1,2,0,0,0,12.5
2024,18,DJ Moore,CHI,GNB,WR,0,0,0,0,0,1,5,0,10,9,86,1,22.1
2024,18,Keenan Allen,CHI,GNB,WR,1,0,0,0,1,0,0,0,3,3,25,0,3.5
2024,18,Rome Odunze,CHI,GNB,WR,0,0,0,0,0,0,0,0,2,2,18,0,3.8
2024,18,Roschon Johnson,CHI,GNB,RB,0,0,0,0,0,2,3,0,5,5,16,0,6.9
2024,18,Andrei Iosivas,CIN,PIT,WR,0,0,0,0,0,0,0,0,3,2,12,0,3.2
2024,18,Cam Grandy,CIN,PIT,TE,0,0,0,0,0,0,0,0,1,1,9,0,1.9
2024,18,Drew Sample,CIN,PIT,TE,0,0,0,0,0,0,0,0,4,4,14,0,5.4
2024,18,Ja'Marr Chase,CIN,PIT,WR,0,0,0,0,0,0,0,0,14,10,96,1,25.6
2024,18,Joe Burrow,CIN,PIT,QB,46,37,277,1,1,1,-1,0,0,0,0,0,12.98
2024,18,Khalil Herbert,CIN,PIT,RB,0,0,0,0,0,20,69,0,8,7,14,0,15.3
2024,18,Mike Gesicki,CIN,PIT,TE,0,0,0,0,0,0,0,0,10,8,68,0,14.8
2024,18,Tanner Hudson,CIN,PIT,TE,0,0,0,0,0,0,0,0,1,1,11,0,2.1
2024,18,Tee Higgins,CIN,PIT,WR,0,0,0,0,0,0,0,0,5,4,53,0,9.3
2024,18,Bailey Zappe,CLE,BAL,QB,31,16,170,1,2,2,2,0,0,0,0,0,7.0
2024,18,Blake Whiteheart,CLE,BAL,TE,0,0,0,0,0,0,0,0,1,1,1,0,1.1
2024,18,Brenden Bates,CLE,BAL,TE,0,0,0,0,0,0,0,0,1,0,0,0,0.0
2024,18,D'Onta Foreman,CLE,BAL,RB,0,0,0,0,0,10,27,0,1,1,8,0,4.5
2024,18,Dorian Thompson-Robinson,CLE,BAL,QB,3,2,13,0,0,2,3,0,0,0,0,0,0.82
2024,18,Elijah Moore,CLE,BAL,WR,0,0,0,0,0,0,0,0,5,3,36,0,6.6
2024,18,Jacob Kibodi,CLE,BAL,RB,0,0,0,0,0,5,24,0,3,1,15,0,4.9
2024,18,Jamari Thrash,CLE,BAL,WR,0,0,0,0,0,0,0,0,1,0,0,0,0.0
2024,18,Jerry Jeudy,CLE,BAL,WR,0,0,0,0,0,0,0,0,13,6,63,0,12.3
2024,18,Jordan Akins,CLE,BAL,TE,0,0,0,0,0,0,0,0,8,6,60,1,18.0
2024,18,Brandin Cooks,DAL,WAS,WR,0,0,0,0,0,1,-5,0,9,3,15,0,4.0
2024,18,Deuce Vaughn,DAL,WAS,RB,0,0,0,0,0,6,37,0,0,0,0,0,3.7
2024,18,Hunter Luepke,DAL,WAS,RB,0,0,0,0,0,3,15,0,0,0,0,0,1.5
2024,18,Jake Ferguson,DAL,WAS,TE,0,0,0,0,0,0,0,0,4,2,12,0,3.2
2024,18,Jalen Tolbert,DAL,WAS,WR,0,0,0,0,0,0,0,0,6,4,98,0,13.8
2024,18,Jonathan Mingo,DAL,WAS,WR,0,0,0,0,0,0,0,0,2,2,24,0,4.4
2024,18,KaVontae Turpin,DAL,WAS,WR,0,0,0,0,0,1,5,0,5,3,53,0,8.8
2024,18,Luke Schoonmaker,DAL,WAS,TE,0,0,0,0,0,0,0,0,2,2,16,0,3.6
2024,18,Rico Dowdle,DAL,WAS,RB,0,0,0,0,0,22,72,1,3,2,12,0,16.4
2024,18,Ryan Flournoy,DAL,WAS,WR,0,0,0,0,0,0,0,0,2,2,14,0,3.4
2024,18,Trey Lance,DAL,WAS,QB,34,20,244,0,0,6,26,0,0,0,0,0,12.36
2024,18,Audric Estimé,DEN,KAN,RB,0,0,0,0,0,12,34,1,0,0,0,0,9.4
2024,18,Bo Nix,DEN,KAN,QB,29,26,321,4,0,7,47,0,0,0,0,0,33.54
2024,18,Courtland Sutton,DEN,KAN,WR,0,0,0,0,0,0,0,0,7,5,98,1,20.8
2024,18,Devaughn Vele,DEN,KAN,WR,0,0,0,0,0,0,0,0,4,4,50,1,15.0
2024,18,Jaleel McLaughlin,DEN,KAN,RB,0,0,0,0,0,16,39,0,2,2,9,0,6.8
2024,18,Jarrett Stidham,DEN,KAN,QB,0,0,0,0,0,2,7,0,0,0,0,0,0.7
2024,18,Javonte Williams,DEN,KAN,RB,0,0,0,0,0,5,28,0,4,3,50,0,10.8
2024,18,Lil'Jordan Humphrey,DEN,KAN,WR,0,0,0,0,0,0,0,0,2,2,26,0,4.6
2024,18,Marvin Mims Jr.,DEN,KAN,WR,0,0,0,0,0,0,0,0,5,5,51,2,22.1
2024,18,Michael Burton,DEN,KAN,RB,0,0,0,0,0,1,3,0,0,0,0,0,0.3
2024,18,Nate Adkins,DEN,KAN,TE,0,0,0,0,0,0,0,0,3,3,25,0,5.5
2024,18,Troy Franklin,DEN,KAN,WR,0,0,0,0,0,0,0,0,2,2,12,0,3.2
2024,18,Amon-Ra St. Brown,DET,MIN,WR,0,0,0,0,0,0,0,0,7,6,77,0,13.7
2024,18,Craig Reynolds,DET,MIN,RB,0,0,0,0,0,8,39,0,2,0,0,0,3.9
2024,18,Jahmyr Gibbs,DET,MIN,RB,0,0,0,0,0,23,139,3,5,5,31,1,46.0
2024,18,Jameson Williams,DET,MIN,WR,0,0,0,0,0,0,0,0,8,6,34,0,9.4
2024,18,Jared Goff,DET,MIN,QB,33,27,231,1,2,0,0,0,0,0,0,0,9.24
2024,18,Kalif Raymond,DET,MIN,WR,0,0,0,0,0,0,0,0,1,1,11,0,2.1
2024,18,Sam LaPorta,DET,MIN,TE,0,0,0,0,0,0,0,0,7,7,63,0,13.3
2024,18,Tim Patrick,DET,MIN,WR,0,0,0,0,0,0,0,0,2,2,15,0,3.5
2024,18,Bo Melton,GNB,CHI,WR,0,0,0,0,0,1,1,0,0,0,0,0,0.1
2024,18,Chris Brooks,GNB,CHI,RB,0,0,0,0,0,8,59,0,1,0,0,0,5.9
2024,18,Christian Watson,GNB,CHI,WR,0,0,0,0,0,0,0,0,1,0,0,0,0.0
2024,18,Dontayvion Wicks,GNB,CHI,WR,0,0,0,0,0,0,0,0,6,5,49,0,9.9
2024,18,Emanuel Wilson,GNB,CHI,RB,0,0,0,0,0,14,73,1,1,1,-2,0,14.1
2024,18,Jayden Reed,GNB,CHI,WR,0,0,0,0,0,3,3,0,2,2,48,0,5.1
2024,18,Jordan Love,GNB,CHI,QB,12,7,69,0,0,0,0,0,0,0,0,0,2.76
2024,18,Josh Jacobs,GNB,CHI,RB,0,0,0,0,0,6,44,1,1,1,2,0,11.6
2024,18,Luke Musgrave,GNB,CHI,TE,0,0,0,0,0,0,0,0,1,1,19,0,2.9
2024,18,Malik Heath,GNB,CHI,WR,0,0,0,0,0,0,0,0,5,3,53,0,8.3
2024,18,Malik Willis,GNB,CHI,QB,13,10,136,0,0,1,3,0,0,0,0,0,3.74
2024,18,Tucker Kraft,GNB,CHI,TE,0,0,0,0,0,0,0,0,7,4,36,0,7.6
2024,18,C.J. Stroud,HOU,TEN,QB,6,6,50,1,0,0,0,0,0,0,0,0,6.0
2024,18,Cade Stover,HOU,TEN,TE,0,0,0,0,0,0,0,0,1,0,0,0,0.0
2024,18,Dalton Schultz,HOU,TEN,TE,0,0,0,0,0,0,0,0,3,3,29,0,5.9
2024,18,Dameon Pierce,HOU,TEN,RB,0,0,0,0,0,19,176,1,2,0,0,0,23.6
2024,18,Dare Ogunbowale,HOU,TEN,RB,0,0,0,0,0,2,-3,0,3,2,26,0,4.3
2024,18,Davis Mills,HOU,TEN,QB,22,12,128,0,0,3,11,0,0,0,0,0,6.22
2024,18,Diontae Johnson,HOU,TEN,WR,0,0,0,0,0,0,0,0,4,2,12,0,3.2
2024,18,Joe Mixon,HOU,TEN,RB,0,0,0,0,0,5,23,0,1,1,5,0,3.8
2024,18,John Metchie III,HOU,TEN,WR,0,0,0,0,0,0,0,0,4,2,24,0,4.4
2024,18,Nico Collins,HOU,TEN,WR,0,0,0,0,0,0,0,0,5,5,38,1,14.8
2024,18,Robert Woods,HOU,TEN,WR,0,0,0,0,0,0,0,0,3,2,39,0,3.9
2024,18,Xavier Hutchinson,HOU,TEN,WR,0,0,0,0,0,0,0,0,2,1,5,0,1.5
2024,18,Adonai Mitchell,IND,JAX,WR,0,0,0,0,0,0,0,0,1,0,0,0,0.0
2024,18,Alec Pierce,IND,JAX,WR,0,0,0,0,0,0,0,0,2,2,57,1,13.7
2024,18,Andrew Ogletree,IND,JAX,TE,0,0,0,0,0,0,0,0,1,1,21,0,3.1
2024,18,Joe Flacco,IND,JAX,QB,40,23,264,1,0,0,0,0,0,0,0,0,14.56
2024,18,Jonathan Taylor,IND,JAX,RB,0,0,0,0,0,34,177,1,2,1,3,0,25.0
2024,18,Josh Downs,IND,JAX,WR,0,0,0,0,0,0,0,0,13,10,94,0,19.4
2024,18,Kylen Granson,IND,JAX,TE,0,0,0,0,0,0,0,0,4,1,7,0,1.7
2024,18,Michael Pittman,IND,JAX,WR,0,0,0,0,0,0,0,0,10,6,72,0,13.2
2024,18,Mo Alie-Cox,IND,JAX,TE,0,0,0,0,0,0,0,0,1,0,0,0,0.0
2024,18,Trey Sermon,IND,JAX,RB,0,0,0,0,0,0,0,0,3,1,5,0,1.5
2024,18,Tyler Goodson,IND,JAX,RB,0,0,0,0,0,0,0,0,2,1,5,0,1.5
2024,18,Brenton Strange,JAX,IND,TE,0,0,0,0,0,0,0,0,4,4,60,0,10.0
2024,18,Brian Thomas Jr.,JAX,IND,WR,0,0,0,0,0,0,0,0,11,7,103,0,17.3
2024,18,D'Ernest Johnson,JAX,IND,RB,0,0,0,0,0,2,26,0,2,1,0,0,3.6
2024,18,Josh Reynolds,JAX,IND,WR,0,0,0,0,0,0,0,0,3,1,11,0,2.1
2024,18,Luke Farrell,JAX,IND,TE,0,0,0,0,0,0,0,0,1,1,4,0,1.4
2024,18,Mac Jones,JAX,IND,QB,32,20,225,1,1,5,17,0,0,0,0,0,12.7
2024,18,Parker Washington,JAX,IND,WR,0,0,0,0,0,0,0,0,4,2,15,1,9.5
2024,18,Tank Bigsby,JAX,IND,RB,0,0,0,0,0,14,39,1,1,1,3,0,11.2
2024,18,Travis Etienne,JAX,IND,RB,0,0,0,0,0,13,31,0,5,3,29,0,9.0
2024,18,Carson Steele,KAN,DEN,RB,0,0,0,0,0,8,25,0,2,2,2,0,4.7
2024,18,Carson Wentz,KAN,DEN,QB,17,10,98,0,0,0,0,0,0,0,0,0,3.92
2024,18,Chris Oladokun,KAN,DEN,QB,0,0,0,0,0,1,5,0,0,0,0,0,0.5
2024,18,JuJu Smith-Schuster,KAN,DEN,WR,0,0,0,0,0,0,0,0,2,1,4,0,1.4
2024,18,Justin Watson,KAN,DEN,WR,0,0,0,0,0,0,0,0,3,1,5,0,1.5
2024,18,Nikko Remigio,KAN,DEN,WR,0,0,0,0,0,0,0,0,6,2,48,0,6.8
2024,18,Noah Gray,KAN,DEN,TE,0,0,0,0,0,1,-4,0,1,1,1,0,0.7
2024,18,Peyton Hendershot,KAN,DEN,TE,0,0,0,0,0,0,0,0,2,2,25,0,4.5
2024,18,Samaje Perine,KAN,DEN,RB,0,0,0,0,0,1,1,0,1,1,13,0,2.4
2024,18,DJ Chark,LAC,LVR,WR,0,0,0,0,0,0,0,0,3,1,6,1,7.6
2024,18,Derius Davis,LAC,LVR,WR,0,0,0,0,0,1,-1,0,1,1,5,0,1.4
2024,18,Hassan Haskins,LAC,LVR,RB,0,0,0,0,0,12,33,1,0,0,0,0,9.3
2024,18,J.K. Dobbins,LAC,LVR,RB,0,0,0,0,0,18,63,0,3,3,12,0,10.5
2024,18,Justin Herbert,LAC,LVR,QB,36,28,346,2,0,4,42,0,0,0,0,0,28.04
2024,18,Ladd McConkey,LAC,LVR,WR,0,0,0,0,0,0,0,0,8,5,95,0,16.5
2024,18,Quentin Johnston,LAC,LVR,WR,0,0,0,0,0,0,0,0,14,13,186,0,31.6
2024,18,Will Dissly,LAC,LVR,TE,0,0,0,0,0,0,0,0,6,5,42,1,15.2
2024,18,Blake Corum,LAR,SEA,RB,0,0,0,0,0,2,10,0,1,1,12,0,3.2
2024,18,Cody Schrader,LAR,SEA,RB,0,0,0,0,0,1,3,0,1,1,6,0,1.9
2024,18,Colby Parkinson,LAR,SEA,TE,0,0,0,0,0,0,0,0,1,1,6,0,1.6
2024,18,Demarcus Robinson,LAR,SEA,WR,0,0,0,0,0,0,0,0,6,3,72,0,10.2
2024,18,Jimmy Garoppolo,LAR,SEA,QB,41,27,334,2,1,2,5,0,0,0,0,0,19.86
2024,18,Jordan Whittington,LAR,SEA,WR,0,0,0,0,0,2,12,0,4,3,86,0,12.8
2024,18,Ronnie Rivers,LAR,SEA,RB,0,0,0,0,0,12,48,0,5,4,34,0,12.2
2024,18,Tutu Atwell,LAR,SEA,WR,0,0,0,0,0,0,0,0,8,5,37,0,8.7
2024,18,Tyler Higbee,LAR,SEA,TE,0,0,0,0,0,0,0,0,7,5,46,1,15.6
2024,18,Tyler Johnson,LAR,SEA,WR,0,0,0,0,0,0,0,0,7,4,35,1,13.5
2024,18,Xavier Smith,LAR,SEA,WR,0,0,0,0,0,2,6,0,0,0,0,0,0.6
2024,18,Aidan O'Connell,LVR,LAC,QB,34,24,214,2,1,4,13,0,0,0,0,0,15.86
2024,18,Alexander Mattison,LVR,LAC,RB,0,0,0,0,0,6,20,0,5,4,11,0,7.1
2024,18,Brock Bowers,LVR,LAC,TE,0,0,0,0,0,0,0,0,9,4,50,1,15.0
2024,18,Chris Collier,LVR,LAC,RB,0,0,0,0,0,2,6,0,2,1,-4,0,1.2
2024,18,Jakobi Meyers,LVR,LAC,WR,0,0,0,0,0,0,0,0,10,9,123,1,27.3
2024,18,Michael Mayer,LVR,LAC,TE,0,0,0,0,0,0,0,0,4,4,21,0,6.1
2024,18,Tre Tucker,LVR,LAC,WR,0,0,0,0,0,0,0,0,4,3,24,0,5.4
2024,18,Alec Ingold,MIA,NYJ,RB,0,0,0,0,0,0,0,0,2,2,21,0,4.1
2024,18,De'Von Achane,MIA,NYJ,RB,0,0,0,0,0,11,121,1,0,0,0,0,18.1
2024,18,Durham Smythe,MIA,NYJ,TE,0,0,0,0,0,0,0,0,1,0,0,0,0.0
2024,18,Jaylen Waddle,MIA,NYJ,WR,0,0,0,0,0,1,6,0,9,4,44,0,9.0
2024,18,Jaylen Wright,MIA,NYJ,RB,0,0,0,0,0,6,-4,0,0,0,0,0,-0.4
2024,18,Jeff Wilson,MIA,NYJ,RB,0,0,0,0,0,2,-4,0,0,0,0,0,-0.4
2024,18,Jonnu Smith,MIA,NYJ,TE,0,0,0,0,0,0,0,0,12,9,56,1,18.6
2024,18,Julian Hill,MIA,NYJ,TE,0,0,0,0,0,0,0,0,1,0,0,0,0.0
2024,18,Malik Washington,MIA,NYJ,WR,0,0,0,0,0,0,0,0,5,4,48,0,8.8
2024,18,River Cracraft,MIA,NYJ,WR,0,0,0,0,0,0,0,0,4,4,38,0,7.8
2024,18,Tyler Huntley,MIA,NYJ,QB,41,25,227,1,2,3,16,0,0,0,0,0,8.68
2024,18,Tyreek Hill,MIA,NYJ,WR,0,0,0,0,0,0,0,0,3,2,20,0,4.0
2024,18,Aaron Jones,MIN,DET,RB,0,0,0,0,0,10,45,0,6,5,30,0,12.5
2024,18,Cam Akers,MIN,DET,RB,0,0,0,0,0,6,65,0,2,2,4,0,8.9
2024,18,Jalen Nailor,MIN,DET,WR,0,0,0,0,0,0,0,0,4,3,53,0,8.3
2024,18,Jordan Addison,MIN,DET,WR,0,0,0,0,0,0,0,0,6,1,0,0,1.0
2024,18,Josh Oliver,MIN,DET,TE,0,0,0,0,0,0,0,0,3,2,16,0,3.6
2024,18,Justin Jefferson,MIN,DET,WR,0,0,0,0,0,0,0,0,9,3,54,0,8.4
2024,18,Sam Darnold,MIN,DET,QB,41,18,166,0,0,3,10,0,0,0,0,0,7.64
2024,18,T.J. Hockenson,MIN,DET,TE,0,0,0,0,0,0,0,0,8,2,9,0,2.9
2024,18,Cedrick Wilson Jr.,NOR,TAM,WR,0,0,0,0,0,0,0,0,5,3,22,0,5.2
2024,18,Clyde Edwards-Helaire,NOR,TAM,RB,0,0,0,0,0,8,26,0,1,1,14,0,5.0
2024,18,Dallin Holker,NOR,TAM,TE,0,0,0,0,0,0,0,0,3,2,11,0,3.1
2024,18,Dante Pettis,NOR,TAM,WR,0,0,0,0,0,0,0,0,6,2,16,1,9.6
2024,18,Foster Moreau,NOR,TAM,TE,0,0,0,0,0,0,0,0,4,4,31,0,7.1
2024,18,Jamaal Williams,NOR,TAM,RB,0,0,0,0,0,8,15,0,1,1,7,0,3.2
2024,18,Jordan Mims,NOR,TAM,RB,0,0,0,0,0,2,12,0,3,3,13,0,5.5
2024,18,Juwan Johnson,NOR,TAM,TE,0,0,0,0,0,0,0,0,7,6,80,0,14.0
2024,18,Kevin Austin Jr.,NOR,TAM,WR,0,0,0,0,0,0,0,0,1,1,13,0,2.3
2024,18,Marquez Valdes-Scantling,NOR,TAM,WR,0,0,0,0,0,0,0,0,8,3,33,0,6.3
2024,18,Spencer Rattler,NOR,TAM,QB,42,26,240,1,0,1,11,0,0,0,0,0,14.7
2024,18,Antonio Gibson,NWE,BUF,RB,0,0,0,0,0,12,41,0,6,4,20,0,10.1
2024,18,Austin Hooper,NWE,BUF,TE,0,0,0,0,0,0,0,0,6,4,27,0,6.7
2024,18,DeMario Douglas,NWE,BUF,WR,0,0,0,0,0,0,0,0,4,3,34,0,6.4
2024,18,Jaheim Bell,NWE,BUF,TE,0,0,0,0,0,0,0,0,1,1,19,0,2.9
2024,18,Javon Baker,NWE,BUF,WR,0,0,0,0,0,0,0,0,1,1,12,0,2.2
2024,18,Joe Milton III,NWE,BUF,QB,29,22,241,1,0,10,16,1,0,0,0,0,19.24
2024,18,Kayshon Boutte,NWE,BUF,WR,0,0,0,0,0,0,0,0,7,7,117,1,24.7
2024,18,Kendrick Bourne,NWE,BUF,WR,0,0,0,0,0,0,0,0,2,2,12,0,3.2
2024,18,Terrell Jennings,NWE,BUF,RB,0,0,0,0,0,8,20,0,1,0,0,0,2.0
2024,18,Chris Manhertz,NYG,PHI,TE,0,0,0,0,0,0,0,0,1,1,16,0,2.6
2024,18,Daniel Bellinger,NYG,PHI,TE,0,0,0,0,0,0,0,0,2,2,9,0,2.9
2024,18,Darius Slayton,NYG,PHI,WR,0,0,0,0,0,0,0,0,1,0,0,0,0.0
2024,18,Devin Singletary,NYG,PHI,RB,0,0,0,0,0,7,22,0,1,1,-5,0,2.7
2024,18,Drew Lock,NYG,PHI,QB,29,22,138,1,1,2,3,0,0,0,0,0,7.82
2024,18,Eric Gray,NYG,PHI,RB,0,0,0,0,0,1,6,0,1,1,4,0,2.0
2024,18,Jalin Hyatt,NYG,PHI,WR,0,0,0,0,0,0,0,0,1,0,0,0,0.0
2024,18,Malik Nabers,NYG,PHI,WR,0,0,0,0,0,0,0,0,8,5,64,1,17.4
2024,18,Tyrone Tracy Jr.,NYG,PHI,RB,0,0,0,0,0,14,59,0,2,2,7,0,8.6
2024,18,Wan'Dale Robinson,NYG,PHI,WR,0,0,0,0,0,0,0,0,11,10,43,0,14.3
2024,18,Aaron Rodgers,NYJ,MIA,QB,36,23,274,4,1,0,0,0,0,0,0,0,24.96
2024,18,Allen Lazard,NYJ,MIA,WR,1,0,0,0,0,0,0,0,3,3,71,1,16.1
2024,18,Braelon Allen,NYJ,MIA,RB,0,0,0,0,0,4,15,0,3,2,8,0,4.3
2024,18,Breece Hall,NYJ,MIA,RB,0,0,0,0,0,12,57,0,5,3,15,1,18.2
2024,18,Davante Adams,NYJ,MIA,WR,0,0,0,0,0,0,0,0,12,6,88,1,20.8
2024,18,Garrett Wilson,NYJ,MIA,WR,0,0,0,0,0,1,0,0,5,4,51,0,9.1
2024,18,Isaiah Davis,NYJ,MIA,RB,0,0,0,0,0,4,41,0,0,0,0,0,4.1
2024,18,Jeremy Ruckert,NYJ,MIA,TE,0,0,0,0,0,0,0,0,2,1,5,0,1.5
2024,18,Kenny Yeboah,NYJ,MIA,TE,0,0,0,0,0,0,0,0,2,2,20,0,4.0
2024,18,Tyler Conklin,NYJ,MIA,TE,0,0,0,0,0,0,0,0,3,2,16,1,9.6
2024,18,Xavier Gipson,NYJ,MIA,WR,0,0,0,0,0,1,5,0,0,0,0,0,0.5
2024,18,Ainias Smith,PHI,NYG,WR,0,0,0,0,0,1,4,0,6,4,35,1,13.9
2024,18,Dallas Goedert,PHI,NYG,TE,0,0,0,0,0,0,0,0,6,4,55,0,9.5
2024,18,E.J. Jenkins,PHI,NYG,TE,0,0,0,0,0,0,0,0,1,1,7,1,7.7
2024,18,Grant Calcaterra,PHI,NYG,TE,0,0,0,0,0,0,0,0,4,2,10,0,3.0
2024,18,Jahan Dotson,PHI,NYG,WR,0,0,0,0,0,0,0,0,11,7,94,0,16.4
2024,18,Johnny Wilson,PHI,NYG,WR,0,0,0,0,0,0,0,0,5,3,24,0,5.4
2024,18,Kenny Gainwell,PHI,NYG,RB,0,0,0,0,0,11,14,0,4,2,9,0,4.3
2024,18,Tanner McKee,PHI,NYG,QB,41,27,269,2,0,3,1,0,0,0,0,0,18.86
2024,18,Will Shipley,PHI,NYG,RB,0,0,0,0,0,10,32,0,4,4,35,0,10.7
2024,18,Calvin Austin III,PIT,CIN,WR,0,0,0,0,0,0,0,0,1,0,0,0,0.0
2024,18,Cordarrelle Patterson,PIT,CIN,RB,0,0,0,0,0,1,1,0,0,0,0,0,0.1
2024,18,George Pickens,PIT,CIN,WR,0,0,0,0,0,0,0,0,6,1,0,0,1.0
2024,18,Jaylen Warren,PIT,CIN,RB,0,0,0,0,0,6,21,0,1,0,0,0,2.1
2024,18,Mike Williams,PIT,CIN,WR,0,0,0,0,0,0,0,0,1,1,25,0,3.5
2024,18,Najee Harris,PIT,CIN,RB,0,0,0,0,0,12,36,1,5,4,20,0,15.6
2024,18,Pat Freiermuth,PIT,CIN,TE,0,0,0,0,0,0,0,0,11,8,85,1,22.5
2024,18,Russell Wilson,PIT,CIN,QB,31,17,148,1,0,4,16,0,0,0,0,0,11.52
2024,18,Van Jefferson,PIT,CIN,WR,0,0,0,0,0,0,0,0,4,3,18,0,4.8
2024,18,AJ Barner,SEA,LAR,TE,0,0,0,0,0,0,0,0,5,5,34,1,14.4
2024,18,DK Metcalf,SEA,LAR,WR,0,0,0,0,0,0,0,0,5,3,53,1,14.3
2024,18,Geno Smith,SEA,LAR,QB,27,20,223,4,0,2,14,0,0,0,0,0,26.32
2024,18,Jake Bobo,SEA,LAR,WR,0,0,0,0,0,0,0,0,1,1,4,1,7.4
2024,18,Jaxon Smith-Njigba,SEA,LAR,WR,0,0,0,0,0,1,4,0,5,4,9,0,5.3
2024,18,Kenny McIntosh,SEA,LAR,RB,0,0,0,0,0,7,49,0,1,0,0,0,4.9
2024,18,Noah Fant,SEA,LAR,TE,0,0,0,0,0,0,0,0,6,5,63,1,17.3
2024,18,Tyler Lockett,SEA,LAR,WR,0,0,0,0,0,0,0,0,4,2,28,0,4.8
2024,18,Zach Charbonnet,SEA,LAR,RB,0,0,0,0,0,14,59,0,0,0,32,0,9.1
2024,18,Brayden Willis,SFO,ARI,TE,0,0,0,0,0,0,0,0,2,0,0,0,0.0
2024,18,Chris Conley,SFO,ARI,WR,0,0,0,0,0,0,0,0,4,4,59,0,9.9
2024,18,Eric Saubert,SFO,ARI,TE,0,0,0,0,0,0,0,0,5,4,17,0,5.7
2024,18,George Kittle,SFO,ARI,TE,0,0,0,0,0,0,0,0,3,2,27,0,4.7
2024,18,Isaac Guerendo,SFO,ARI,RB,0,0,0,0,0,2,5,0,0,0,0,0,0.5
2024,18,Jacob Cowing,SFO,ARI,WR,0,0,0,0,0,1,7,0,2,2,30,0,5.7
2024,18,Jauan Jennings,SFO,ARI,WR,0,0,0,0,0,0,0,0,10,7,52,0,12.2
2024,18,Joshua Dobbs,SFO,ARI,QB,43,29,326,2,2,8,17,1,0,0,0,0,22.74
2024,18,Kyle Juszczyk,SFO,ARI,RB,0,0,0,0,0,0,0,0,3,2,49,1,12.9
2024,18,Patrick Taylor,SFO,ARI,RB,0,0,0,0,0,17,109,0,4,1,12,0,13.1
2024,18,Ricky Pearsall,SFO,ARI,WR,0,0,0,0,0,0,0,0,8,6,69,1,18.9
2024,18,Trent Taylor,SFO,ARI,WR,0,0,0,0,0,0,0,0,1,1,11,0,2.1
2024,18,Baker Mayfield,TAM,NOR,QB,32,21,221,2,1,9,68,0,0,0,0,0,21.64
2024,18,Bucky Irving,TAM,NOR,RB,0,0,0,0,0,19,89,1,5,2,-5,0,16.4
2024,18,Devin Culp,TAM,NOR,TE,0,0,0,0,0,0,0,0,2,2,36,0,5.6
2024,18,Jalen McMillan,TAM,NOR,WR,0,0,0,0,0,1,6,0,6,5,74,1,19.0
2024,18,Mike Evans,TAM,NOR,WR,0,0,0,0,0,0,0,0,14,9,89,0,17.9
2024,18,Payne Durham,TAM,NOR,TE,0,0,0,0,0,0,0,0,2,2,16,1,9.6
2024,18,Sean Tucker,TAM,NOR,RB,0,0,0,0,0,2,16,0,0,0,0,0,1.6
2024,18,Sterling Shepard,TAM,NOR,WR,0,0,0,0,0,0,0,0,2,1,11,0,2.1
2024,18,Bryce Oliver,TEN,HOU,WR,0,0,0,0,0,0,0,0,3,1,15,0,2.5
2024,18,Calvin Ridley,TEN,HOU,WR,0,0,0,0,0,2,-3,0,5,3,76,0,10.3
2024,18,Josh Whyle,TEN,HOU,TE,0,0,0,0,0,0,0,0,7,5,29,0,9.9
2024,18,Joshua Kelley,TEN,HOU,RB,0,0,0,0,0,1,2,0,0,0,0,0,0.2
2024,18,Julius Chestnut,TEN,HOU,RB,0,0,0,0,0,2,11,0,0,0,0,0,1.1
2024,18,Mason Rudolph,TEN,HOU,QB,9,7,70,0,0,1,5,0,0,0,0,0,3.3
2024,18,Nick Vannett,TEN,HOU,TE,0,0,0,0,0,0,0,0,2,2,26,0,4.6
2024,18,Nick Westbrook-Ikhine,TEN,HOU,WR,0,0,0,0,0,0,0,0,7,4,50,0,9.0
2024,18,Tay Martin,TEN,HOU,WR,0,0,0,0,0,0,0,0,2,1,49,1,11.9
2024,18,Tony Pollard,TEN,HOU,RB,0,0,0,0,0,22,62,0,0,0,0,0,6.2
2024,18,Will Levis,TEN,HOU,QB,17,9,175,1,0,4,8,0,0,0,0,0,11.8
2024,18,Austin Ekeler,WAS,DAL,RB,0,0,0,0,0,3,12,0,2,2,20,0,5.2
2024,18,Brian Robinson,WAS,DAL,RB,0,0,0,0,0,5,10,0,1,1,6,0,2.6
2024,18,Dyami Brown,WAS,DAL,WR,1,0,0,0,0,1,8,0,4,3,16,0,5.4
2024,18,Jayden Daniels,WAS,DAL,QB,12,6,38,0,0,4,27,0,0,0,0,0,4.22
2024,18,John Bates,WAS,DAL,TE,0,0,0,0,0,0,0,0,1,0,0,0,0.0
2024,18,Marcus Mariota,WAS,DAL,QB,18,15,161,2,0,5,56,1,0,0,0,0,26.04
2024,18,Olamide Zaccheaus,WAS,DAL,WR,0,0,0,0,0,0,0,0,5,2,51,0,7.1
2024,18,Terry McLaurin,WAS,DAL,WR,0,0,0,0,0,0,0,0,12,8,62,1,20.2
2024,18,Zach Ertz,WAS,DAL,TE,0,0,0,0,0,0,0,0,5,5,44,1,15.4
2023,1,James Conner,ARI,WAS,RB,0,0,0,0,0,14,62,0,5,5,8,0,12.0
2023,1,Joshua Dobbs,ARI,WAS,QB,30,21,132,0,0,3,-3,0,0,0,0,0,0.98
2023,1,Keaontay Ingram,ARI,WAS,RB,0,0,0,0,0,5,-4,0,0,0,0,0,-0.4
2023,1,Marquise Brown,ARI,WAS,WR,0,0,0,0,0,1,29,0,5,3,28,0,8.7
2023,1,Michael Wilson,ARI,WAS,WR,0,0,0,0,0,0,0,0,4,2,19,0,3.9
2023,1,Rondale Moore,ARI,WAS,WR,0,0,0,0,0,2,12,0,3,3,33,0,7.5
2023,1,Trey McBride,ARI,WAS,TE,0,0,0,0,0,0,0,0,2,2,23,0,4.3
2023,1,Zach Ertz,ARI,WAS,TE,0,0,0,0,0,0,0,0,10,6,21,0,8.1
2023,1,Zach Pascal,ARI,WAS,WR,0,0,0,0,0,0,0,0,1,0,0,0,0.0
2023,1,Bijan Robinson,ATL,CAR,RB,0,0,0,0,0,10,56,0,6,6,27,1,20.3
2023,1,Desmond Ridder,ATL,CAR,QB,18,15,115,1,0,1,-1,0,1,1,-6,0,8.9
2023,1,Drake London,ATL,CAR,WR,0,0,0,0,0,0,0,0,1,0,0,0,0.0
2023,1,Kyle Pitts,ATL,CAR,TE,0,0,0,0,0,0,0,0,3,2,44,0,6.4
2023,1,Mack Hollins,ATL,CAR,WR,0,0,0,0,0,0,0,0,4,3,31,0,6.1
2023,1,Tyler Allgeier,ATL,CAR,RB,0,0,0,0,0,15,75,2,3,3,19,0,24.4
2023,1,Charlie Kolar,BAL,HOU,TE,0,0,0,0,0,0,0,0,1,0,0,0,0.0
2023,1,Gus Edwards,BAL,HOU,RB,0,0,0,0,0,8,32,0,0,0,0,0,5.2
2023,1,Isaiah Likely,BAL,HOU,TE,0,0,0,0,0,0,0,0,1,1,4,0,1.4
2023,1,J.K. Dobbins,BAL,HOU,RB,0,0,0,0,0,8,22,1,3,2,15,0,11.7
2023,1,Justice Hill,BAL,HOU,RB,0,0,0,0,0,8,9,2,0,0,0,0,12.9
2023,1,Lamar Jackson,BAL,HOU,QB,22,17,169,0,1,6,38,0,0,0,0,0,6.56
2023,1,Odell Beckham Jr.,BAL,HOU,WR,0,0,0,0,0,0,0,0,3,2,37,0,5.7
2023,1,Rashod Bateman,BAL,HOU,WR,0,0,0,0,0,0,0,0,3,3,35,0,6.5
2023,1,Zay Flowers,BAL,HOU,WR,0,0,0,0,0,2,9,0,10,9,78,0,17.7
2023,1,Dalton Kincaid,BUF,NYJ,TE,0,0,0,0,0,0,0,0,4,4,26,0,6.6
2023,1,Damien Harris,BUF,NYJ,RB,0,0,0,0,0,1,3,0,2,2,16,0,3.9
2023,1,Dawson Knox,BUF,NYJ,TE,0,0,0,0,0,0,0,0,4,3,25,0,5.5
2023,1,Deonte Harty,BUF,NYJ,WR,0,0,0,0,0,1,4,0,4,3,9,0,4.3
2023,1,Gabe Davis,BUF,NYJ,WR,0,0,0,0,0,0,0,0,4,2,32,0,5.2
2023,1,James Cook,BUF,NYJ,RB,0,0,0,0,0,12,46,0,6,4,17,0,10.3
2023,1,Josh Allen,BUF,NYJ,QB,41,29,236,1,3,6,36,0,0,0,0,0,9.04
2023,1,Latavius Murray,BUF,NYJ,RB,0,0,0,0,0,2,8,0,2,1,9,0,2.7
2023,1,Stefon Diggs,BUF,NYJ,WR,0,0,0,0,0,0,0,0,13,10,102,1,26.2
2023,1,Adam Thielen,CAR,ATL,WR,0,0,0,0,0,0,0,0,2,2,12,0,3.2
2023,1,Bryce Young,CAR,ATL,QB,38,20,146,1,2,3,17,0,0,0,0,0,7.54
2023,1,Chuba Hubbard,CAR,ATL,RB,0,0,0,0,0,9,60,0,2,2,9,0,8.9
2023,1,Giovanni Ricci,CAR,ATL,TE,0,0,0,0,0,0,0,0,1,1,2,0,1.2
2023,1,Hayden Hurst,CAR,ATL,TE,0,0,0,0,0,0,0,0,7,5,41,1,15.1
2023,1,Jonathan Mingo,CAR,ATL,WR,0,0,0,0,0,0,0,0,5,2,17,0,3.7
2023,1,Laviska Shenault Jr.,CAR,ATL,WR,0,0,0,0,0,2,5,0,2,2,16,0,4.1
2023,1,Miles Sanders,CAR,ATL,RB,0,0,0,0,0,18,72,0,6,4,26,0,11.8
2023,1,Terrace Marshall Jr.,CAR,ATL,WR,0,0,0,0,0,0,0,0,6,2,23,0,4.3
2023,1,Chase Claypool,CHI,GNB,WR,0,0,0,0,0,0,0,0,2,0,0,0,0.0
2023,1,Cole Kmet,CHI,GNB,TE,0,0,0,0,0,1,0,0,7,5,44,0,9.4
2023,1,D'Onta Foreman,CHI,GNB,RB,0,0,0,0,0,5,16,0,3,2,8,0,4.4
2023,1,DJ Moore,CHI,GNB,WR,0,0,0,0,0,0,0,0,2,2,25,0,4.5
2023,1,Darnell Mooney,CHI,GNB,WR,0,0,0,0,0,0,0,0,7,4,53,1,15.3
2023,1,Justin Fields,CHI,GNB,QB,37,24,216,1,1,9,59,0,0,0,0,0,14.54
2023,1,Khalil Herbert,CHI,GNB,RB,0,0,0,0,0,9,27,0,5,3,37,0,11.4
2023,1,Khari Blasingame,CHI,GNB,RB,0,0,0,0,0,0,0,0,1,0,0,0,0.0
2023,1,Roschon Johnson,CHI,GNB,RB,0,0,0,0,0,5,20,1,7,6,35,0,17.5
2023,1,Tyler Scott,CHI,GNB,WR,0,0,0,0,0,0,0,0,2,2,14,0,3.4
2023,1,Chris Evans,CIN,CLE,RB,0,0,0,0,0,2,12,0,1,1,-1,0,2.1
2023,1,Irv Smith,CIN,CLE,TE,0,0,0,0,0,0,0,0,5,3,17,0,4.7
2023,1,Ja'Marr Chase,CIN,CLE,WR,0,0,0,0,0,1,2,0,9,5,39,0,9.1
2023,1,Jake Browning,CIN,CLE,QB,1,0,0,0,0,1,-1,0,0,0,0,0,-0.1
2023,1,Joe Burrow,CIN,CLE,QB,31,14,82,0,0,1,-1,0,0,0,0,0,3.18
2023,1,Joe Mixon,CIN,CLE,RB,0,0,0,0,0,13,56,0,5,3,17,0,10.3
2023,1,Tee Higgins,CIN,CLE,WR,0,0,0,0,0,0,0,0,8,0,0,0,0.0
2023,1,Trayveon Williams,CIN,CLE,RB,0,0,0,0,0,2,7,0,0,0,0,0,0.7
2023,1,Tyler Boyd,CIN,CLE,WR,0,0,0,0,0,0,0,0,3,2,10,0,3.0
2023,1,Amari Cooper,CLE,CIN,WR,0,0,0,0,0,0,0,0,7,3,37,0,6.7
2023,1,David Bell,CLE,CIN,WR,0,0,0,0,0,0,0,0,1,0,0,0,0.0
2023,1,David Njoku,CLE,CIN,TE,0,0,0,0,0,0,0,0,3,2,24,0,4.4
2023,1,Deshaun Watson,CLE,CIN,QB,29,16,154,1,1,5,45,1,0,0,0,0,20.66
2023,1,Donovan Peoples-Jones,CLE,CIN,WR,0,0,0,0,0,0,0,0,2,1,12,0,2.2
2023,1,Elijah Moore,CLE,CIN,WR,0,0,0,0,0,2,19,0,7,3,43,0,9.2
2023,1,Harrison Bryant,CLE,CIN,TE,0,0,0,0,0,0,0,0,2,2,5,1,8.5
2023,1,Jerome Ford,CLE,CIN,RB,0,0,0,0,0,15,36,0,0,0,0,0,1.6
2023,1,Jordan Akins,CLE,CIN,TE,0,0,0,0,0,0,0,0,1,1,12,0,2.2
2023,1,Marquise Goodwin,CLE,CIN,WR,0,0,0,0,0,0,0,0,2,0,0,0,0.0
2023,1,Nick Chubb,CLE,CIN,RB,0,0,0,0,0,18,106,0,4,4,21,0,16.7
2023,1,Brandin Cooks,DAL,NYG,WR,0,0,0,0,0,0,0,0,4,2,22,0,4.2
2023,1,CeeDee Lamb,DAL,NYG,WR,0,0,0,0,0,0,0,0,4,4,77,0,11.7
2023,1,Dak Prescott,DAL,NYG,QB,24,13,143,0,0,1,6,0,0,0,0,0,6.32
2023,1,Deuce Vaughn,DAL,NYG,RB,0,0,0,0,0,6,8,0,0,0,0,0,0.8
2023,1,Jake Ferguson,DAL,NYG,TE,0,0,0,0,0,0,0,0,7,2,11,0,3.1
2023,1,Jalen Tolbert,DAL,NYG,WR,0,0,0,0,0,0,0,0,1,0,0,0,0.0
2023,1,KaVontae Turpin,DAL,NYG,WR,0,0,0,0,0,3,14,1,3,2,11,0,10.5
2023,1,Michael Gallup,DAL,NYG,WR,0,0,0,0,0,0,0,0,2,1,10,0,2.0
2023,1,Peyton Hendershot,DAL,NYG,TE,0,0,0,0,0,0,0,0,1,0,0,0,0.0
2023,1,Rico Dowdle,DAL,NYG,RB,0,0,0,0,0,6,24,0,0,0,0,0,2.4
2023,1,Tony Pollard,DAL,NYG,RB,0,0,0,0,0,14,70,2,3,2,12,0,22.2
2023,1,Adam Trautman,DEN,LVR,TE,0,0,0,0,0,0,0,0,5,5,34,0,8.4
2023,1,Brandon Johnson,DEN,LVR,WR,0,0,0,0,0,0,0,0,3,2,31,0,5.1
2023,1,Courtland Sutton,DEN,LVR,WR,0,0,0,0,0,0,0,0,5,4,32,1,13.2
2023,1,Greg Dulcich,DEN,LVR,TE,0,0,0,0,0,0,0,0,2,2,22,0,4.2
2023,1,Jaleel McLaughlin,DEN,LVR,RB,0,0,0,0,0,0,0,0,1,1,-7,0,0.3
2023,1,Javonte Williams,DEN,LVR,RB,0,0,0,0,0,13,52,0,6,4,5,0,9.7
2023,1,Lil'Jordan Humphrey,DEN,LVR,WR,0,0,0,0,0,0,0,0,2,2,11,1,9.1
2023,1,Marvin Mims Jr.,DEN,LVR,WR,0,0,0,0,0,0,0,0,2,2,9,0,2.9
2023,1,Michael Burton,DEN,LVR,RB,0,0,0,0,0,0,0,0,1,1,3,0,1.3
2023,1,Phillip Dorsett,DEN,LVR,WR,0,0,0,0,0,0,0,0,1,0,0,0,0.0
2023,1,Russell Wilson,DEN,LVR,QB,34,27,177,2,0,1,1,0,0,0,0,0,15.18
2023,1,Samaje Perine,DEN,LVR,RB,0,0,0,0,0,8,41,0,4,4,37,0,11.8
2023,1,Amon-Ra St. Brown,DET,KAN,WR,0,0,0,0,0,0,0,0,9,6,71,1,19.1
2023,1,Brock Wright,DET,KAN,TE,0,0,0,0,0,0,0,0,2,2,17,0,3.7
2023,1,David Montgomery,DET,KAN,RB,0,0,0,0,0,21,74,1,0,0,0,0,13.4
2023,1,Jahmyr Gibbs,DET,KAN,RB,0,0,0,0,0,7,42,0,2,2,18,0,8.0
2023,1,Jared Goff,DET,KAN,QB,35,22,253,1,0,5,-1,0,0,0,0,0,14.02
2023,1,Josh Reynolds,DET,KAN,WR,0,0,0,0,0,0,0,0,7,4,80,0,12.0
2023,1,Kalif Raymond,DET,KAN,WR,0,0,0,0,0,0,0,0,1,1,20,0,3.0
2023,1,Marvin Jones,DET,KAN,WR,0,0,0,0,0,0,0,0,6,2,8,0,0.8
2023,1,Sam LaPorta,DET,KAN,TE,0,0,0,0,0,0,0,0,5,5,39,0,8.9
2023,1,AJ Dillon,GNB,CHI,RB,0,0,0,0,0,13,19,0,3,2,17,0,5.6
2023,1,Aaron Jones,GNB,CHI,RB,0,0,0,0,0,9,41,1,4,2,86,1,26.7
2023,1,Dontayvion Wicks,GNB,CHI,WR,0,0,0,0,0,0,0,0,2,0,0,0,0.0
2023,1,Jayden Reed,GNB,CHI,WR,0,0,0,0,0,1,-2,0,5,2,48,0,6.6
2023,1,Jordan Love,GNB,CHI,QB,27,15,245,3,0,3,12,0,0,0,0,0,23.0
2023,1,Luke Musgrave,GNB,CHI,TE,0,0,0,0,0,0,0,0,4,3,50,0,8.0
2023,1,Malik Heath,GNB,CHI,WR,0,0,0,0,0,0,0,0,1,0,0,0,0.0
2023,1,Patrick Taylor,GNB,CHI,RB,0,0,0,0,0,5,22,0,0,0,0,0,2.2
2023,1,Romeo Doubs,GNB,CHI,WR,0,0,0,0,0,0,0,0,5,4,26,2,18.6
2023,1,Samori Toure,GNB,CHI,WR,0,0,0,0,0,0,0,0,3,2,18,0,3.8
2023,1,Sean Clifford,GNB,CHI,QB,0,0,0,0,0,1,0,0,0,0,0,0,0.0
2023,1,C.J. Stroud,HOU,BAL,QB,44,28,242,0,0,4,20,0,1,1,0,0,10.68
2023,1,Dalton Schultz,HOU,BAL,TE,0,0,0,0,0,0,0,0,4,2,4,0,2.4
2023,1,Dameon Pierce,HOU,BAL,RB,0,0,0,0,0,11,38,0,3,2,9,0,6.7
2023,1,Devin Singletary,HOU,BAL,RB,0,0,0,0,0,7,15,0,0,0,0,0,1.5
2023,1,Mike Boone,HOU,BAL,RB,0,0,0,0,0,0,0,0,4,3,18,0,4.8
2023,1,Nico Collins,HOU,BAL,WR,0,0,0,0,0,0,0,0,11,6,80,0,14.0
2023,1,Noah Brown,HOU,BAL,WR,0,0,0,0,0,1,-1,0,4,3,20,0,4.9
2023,1,Robert Woods,HOU,BAL,WR,0,0,0,0,0,0,0,0,10,6,57,0,11.7
2023,1,Tank Dell,HOU,BAL,WR,0,0,0,0,0,0,0,0,4,3,34,0,6.4
2023,1,Teagan Quitoriano,HOU,BAL,TE,0,0,0,0,0,0,0,0,1,1,11,0,2.1
2023,1,Xavier Hutchinson,HOU,BAL,WR,0,0,0,0,0,0,0,0,1,1,9,0,1.9
2023,1,Alec Pierce,IND,JAX,WR,0,0,0,0,0,0,0,0,3,1,5,0,1.5
2023,1,Andrew Ogletree,IND,JAX,TE,0,0,0,0,0,0,0,0,2,1,20,0,3.0
2023,1,Anthony Richardson,IND,JAX,QB,37,24,223,1,1,10,40,1,0,0,0,0,20.92
2023,1,Deon Jackson,IND,JAX,RB,0,0,0,0,0,13,14,0,6,5,14,0,3.8
2023,1,Evan Hull,IND,JAX,RB,0,0,0,0,0,1,1,0,1,1,6,0,1.7
2023,1,Jake Funk,IND,JAX,RB,0,0,0,0,0,2,10,0,1,1,12,0,3.2
2023,1,Josh Downs,IND,JAX,WR,0,0,0,0,0,0,0,0,7,3,30,0,6.0
2023,1,Kylen Granson,IND,JAX,TE,0,0,0,0,0,0,0,0,6,4,39,0,7.9
2023,1,Michael Pittman,IND,JAX,WR,0,0,0,0,0,0,0,0,11,8,97,1,23.7
2023,1,Mo Alie-Cox,IND,JAX,TE,0,0,0,0,0,0,0,0,2,0,0,0,0.0
2023,1,Calvin Ridley,JAX,IND,WR,0,0,0,0,0,0,0,0,11,8,101,1,24.1
2023,1,Christian Kirk,JAX,IND,WR,0,0,0,0,0,0,0,0,3,1,9,0,1.9
2023,1,D'Ernest Johnson,JAX,IND,RB,0,0,0,0,0,1,-4,0,0,0,0,0,-0.4
2023,1,Evan Engram,JAX,IND,TE,0,0,0,0,0,0,0,0,5,5,49,0,9.9
2023,1,Jamal Agnew,JAX,IND,WR,0,0,0,0,0,2,-2,0,0,0,0,0,-0.2
2023,1,Tank Bigsby,JAX,IND,RB,0,0,0,0,0,7,13,1,1,0,0,0,7.3
2023,1,Travis Etienne,JAX,IND,RB,0,0,0,0,0,18,77,1,5,5,27,0,21.4
2023,1,Trevor Lawrence,JAX,IND,QB,32,24,241,2,1,7,21,0,0,0,0,0,17.74
2023,1,Zay Jones,JAX,IND,WR,0,0,0,0,0,0,0,0,7,5,55,1,16.5
2023,1,Blake Bell,KAN,DET,TE,0,0,0,0,0,0,0,0,3,2,12,1,9.2
2023,1,Clyde Edwards-Helaire,KAN,DET,RB,0,0,0,0,0,6,22,0,1,1,7,0,3.9
2023,1,Isiah Pacheco,KAN,DET,RB,0,0,0,0,0,8,23,0,4,4,31,0,9.4
2023,1,Jerick McKinnon,KAN,DET,RB,0,0,0,0,0,0,0,0,2,1,10,0,2.0
2023,1,Justin Watson,KAN,DET,WR,0,0,0,0,0,0,0,0,4,2,45,0,6.5
2023,1,Justyn Ross,KAN,DET,WR,0,0,0,0,0,0,0,0,1,1,6,0,1.6
2023,1,Kadarius Toney,KAN,DET,WR,0,0,0,0,0,1,-1,0,5,1,1,0,1.0
2023,1,Marquez Valdes-Scantling,KAN,DET,WR,0,0,0,0,0,0,0,0,2,2,48,0,6.8
2023,1,Noah Gray,KAN,DET,TE,0,0,0,0,0,0,0,0,5,3,31,0,6.1
2023,1,Patrick Mahomes,KAN,DET,QB,39,21,226,2,1,6,45,0,0,0,0,0,19.54
2023,1,Rashee Rice,KAN,DET,WR,0,0,0,0,0,1,-3,0,5,3,29,1,11.6
2023,1,Richie James,KAN,DET,WR,0,0,0,0,0,0,0,0,2,1,6,0,1.6
2023,1,Skyy Moore,KAN,DET,WR,0,0,0,0,0,1,4,0,3,0,0,0,0.4
2023,1,Austin Ekeler,LAC,MIA,RB,0,0,0,0,0,16,117,1,5,4,47,0,26.4
2023,1,Derius Davis,LAC,MIA,WR,0,0,0,0,0,0,0,0,1,1,5,0,1.5
2023,1,Donald Parham,LAC,MIA,TE,0,0,0,0,0,0,0,0,3,3,22,1,11.2
2023,1,Gerald Everett,LAC,MIA,TE,0,0,0,0,0,1,2,0,3,2,21,0,4.3
2023,1,Josh Palmer,LAC,MIA,WR,0,0,0,0,0,0,0,0,1,1,4,0,1.4
2023,1,Joshua Kelley,LAC,MIA,RB,0,0,0,0,0,16,91,1,1,0,0,0,15.1
2023,1,Justin Herbert,LAC,MIA,QB,33,23,229,1,0,5,17,1,0,0,0,0,20.86
2023,1,Keenan Allen,LAC,MIA,WR,0,0,0,0,0,2,6,0,9,6,76,0,14.2
2023,1,Mike Williams,LAC,MIA,WR,0,0,0,0,0,0,0,0,5,4,45,0,8.5
2023,1,Quentin Johnston,LAC,MIA,WR,0,0,0,0,0,0,0,0,3,2,9,0,2.9
2023,1,Ben Skowronek,LAR,SEA,WR,0,0,0,0,0,0,0,0,2,0,0,0,0.0
2023,1,Brycen Hopkins,LAR,SEA,TE,0,0,0,0,0,0,0,0,2,1,21,0,3.1
2023,1,Cam Akers,LAR,SEA,RB,0,0,0,0,0,22,29,1,0,0,0,0,8.9
2023,1,Kyren Williams,LAR,SEA,RB,0,0,0,0,0,15,52,2,2,0,2,0,17.4
2023,1,Matthew Stafford,LAR,SEA,QB,38,24,334,0,0,3,11,0,0,0,0,0,14.46
2023,1,Puka Nacua,LAR,SEA,WR,0,0,0,0,0,0,0,0,15,10,119,0,21.9
2023,1,Tutu Atwell,LAR,SEA,WR,0,0,0,0,0,0,0,0,8,6,119,0,17.9
2023,1,Tyler Higbee,LAR,SEA,TE,0,0,0,0,0,0,0,0,3,3,49,0,7.9
2023,1,Van Jefferson,LAR,SEA,WR,0,0,0,0,0,0,0,0,5,4,24,0,6.4
2023,1,Ameer Abdullah,LVR,DEN,RB,0,0,0,0,0,0,0,0,1,0,0,0,0.0
2023,1,Austin Hooper,LVR,DEN,TE,0,0,0,0,0,0,0,0,1,1,20,0,3.0
2023,1,Davante Adams,LVR,DEN,WR,0,0,0,0,0,0,0,0,9,6,66,0,12.6
2023,1,DeAndre Carter,LVR,DEN,WR,0,0,0,0,0,0,0,0,1,1,5,0,1.5
2023,1,Jakobi Meyers,LVR,DEN,WR,0,0,0,0,0,0,0,0,10,9,81,2,29.1
2023,1,Jimmy Garoppolo,LVR,DEN,QB,26,20,200,2,1,9,11,0,0,0,0,0,15.1
2023,1,Josh Jacobs,LVR,DEN,RB,0,0,0,0,0,19,48,0,3,2,23,0,9.1
2023,1,Zamir White,LVR,DEN,RB,0,0,0,0,0,1,2,0,1,1,5,0,1.7
2023,1,Alec Ingold,MIA,LAC,RB,0,0,0,0,0,0,0,0,2,2,34,0,5.4
2023,1,Braxton Berrios,MIA,LAC,WR,0,0,0,0,0,0,0,0,5,3,42,0,7.2
2023,1,Durham Smythe,MIA,LAC,TE,0,0,0,0,0,0,0,0,7,3,44,0,7.4
2023,1,Erik Ezukanma,MIA,LAC,WR,0,0,0,0,0,2,17,0,0,0,0,0,1.7
2023,1,Jaylen Waddle,MIA,LAC,WR,0,0,0,0,0,0,0,0,5,4,78,0,11.8
2023,1,Raheem Mostert,MIA,LAC,RB,0,0,0,0,0,10,37,1,2,2,13,0,13.0
2023,1,River Cracraft,MIA,LAC,WR,0,0,0,0,0,0,0,0,5,3,40,1,13.0
2023,1,Salvon Ahmed,MIA,LAC,RB,0,0,0,0,0,3,11,0,3,0,0,0,1.1
2023,1,Tua Tagovailoa,MIA,LAC,QB,45,28,466,3,1,5,5,0,0,0,0,0,27.14
2023,1,Tyreek Hill,MIA,LAC,WR,0,0,0,0,0,0,0,0,15,11,215,2,44.5
2023,1,Alexander Mattison,MIN,TAM,RB,0,0,0,0,0,11,34,0,4,3,10,1,13.4
2023,1,C.J. Ham,MIN,TAM,RB,0,0,0,0,0,0,0,0,3,2,7,0,2.7
2023,1,Jordan Addison,MIN,TAM,WR,0,0,0,0,0,0,0,0,6,4,61,1,16.1
2023,1,Josh Oliver,MIN,TAM,TE,0,0,0,0,0,0,0,0,3,3,32,0,6.2
2023,1,Justin Jefferson,MIN,TAM,WR,0,0,0,0,0,0,0,0,12,9,150,0,24.0
2023,1,K.J. Osborn,MIN,TAM,WR,0,0,0,0,0,0,0,0,6,3,31,0,6.1
2023,1,Kirk Cousins,MIN,TAM,QB,44,33,344,2,1,3,7,0,0,0,0,0,16.46
2023,1,T.J. Hockenson,MIN,TAM,TE,0,0,0,0,0,0,0,0,9,8,35,0,11.5
2023,1,Ty Chandler,MIN,TAM,RB,0,0,0,0,0,3,0,0,1,1,18,0,2.8
2023,1,Chris Olave,NOR,TEN,WR,0,0,0,0,0,0,0,0,10,8,112,0,19.2
2023,1,Derek Carr,NOR,TEN,QB,33,23,305,1,1,3,4,0,0,0,0,0,14.6
2023,1,Jamaal Williams,NOR,TEN,RB,0,0,0,0,0,18,45,0,2,2,7,0,7.2
2023,1,Juwan Johnson,NOR,TEN,TE,0,0,0,0,0,0,0,0,5,3,36,0,6.6
2023,1,Keith Kirkwood,NOR,TEN,WR,0,0,0,0,0,0,0,0,1,0,0,0,0.0
2023,1,Michael Thomas,NOR,TEN,WR,0,0,0,0,0,0,0,0,8,5,61,0,11.1
2023,1,Rashid Shaheed,NOR,TEN,WR,0,0,0,0,0,2,11,0,6,5,89,1,21.0
2023,1,Taysom Hill,NOR,TEN,TE,0,0,0,0,0,3,4,0,1,0,0,0,0.4
2023,1,Tony Jones,NOR,TEN,RB,0,0,0,0,0,1,5,0,0,0,0,0,0.5
2023,1,DeMario Douglas,NWE,PHI,WR,0,0,0,0,0,0,0,0,7,4,40,0,8.0
2023,1,Ezekiel Elliott,NWE,PHI,RB,0,0,0,0,0,7,29,0,7,5,14,0,7.3
2023,1,Hunter Henry,NWE,PHI,TE,0,0,0,0,0,0,0,0,6,5,56,1,16.6
2023,1,JuJu Smith-Schuster,NWE,PHI,WR,0,0,0,0,0,0,0,0,7,4,33,0,7.3
2023,1,Kayshon Boutte,NWE,PHI,WR,0,0,0,0,0,0,0,0,4,0,0,0,0.0
2023,1,Kendrick Bourne,NWE,PHI,WR,0,0,0,0,0,0,0,0,11,6,64,2,24.4
2023,1,Mac Jones,NWE,PHI,QB,54,35,316,3,1,2,15,0,0,0,0,0,24.14
2023,1,Mike Gesicki,NWE,PHI,TE,0,0,0,0,0,0,0,0,3,3,36,0,6.6
2023,1,Rhamondre Stevenson,NWE,PHI,RB,0,0,0,0,0,12,25,0,6,6,64,0,14.9
2023,1,Ty Montgomery,NWE,PHI,WR,0,0,0,0,0,1,7,0,3,2,9,0,3.6
2023,1,Daniel Bellinger,NYG,DAL,TE,0,0,0,0,0,0,0,0,1,1,1,0,1.1
2023,1,Daniel Jones,NYG,DAL,QB,28,15,104,0,2,13,43,0,0,0,0,0,4.46
2023,1,Darius Slayton,NYG,DAL,WR,0,0,0,0,0,0,0,0,5,3,15,0,4.5
2023,1,Darren Waller,NYG,DAL,TE,0,0,0,0,0,0,0,0,5,3,36,0,6.6
2023,1,Gary Brightwell,NYG,DAL,RB,0,0,0,0,0,1,5,0,2,2,6,0,3.1
2023,1,Isaiah Hodgins,NYG,DAL,WR,0,0,0,0,0,0,0,0,3,1,24,0,1.4
2023,1,Jalin Hyatt,NYG,DAL,WR,0,0,0,0,0,0,0,0,1,0,0,0,0.0
2023,1,Lawrence Cager,NYG,DAL,TE,0,0,0,0,0,0,0,0,2,2,17,0,3.7
2023,1,Matt Breida,NYG,DAL,RB,0,0,0,0,0,2,9,0,1,1,-3,0,1.6
2023,1,Parris Campbell,NYG,DAL,WR,0,0,0,0,0,0,0,0,4,1,2,0,1.2
2023,1,Saquon Barkley,NYG,DAL,RB,0,0,0,0,0,12,51,0,4,3,12,0,9.3
2023,1,Sterling Shepard,NYG,DAL,WR,0,0,0,0,0,0,0,0,1,0,0,0,0.0
2023,1,Allen Lazard,NYJ,BUF,WR,0,0,0,0,0,0,0,0,4,2,46,0,6.6
2023,1,Breece Hall,NYJ,BUF,RB,0,0,0,0,0,10,127,0,2,1,20,0,15.7
2023,1,Dalvin Cook,NYJ,BUF,RB,0,0,0,0,0,13,33,0,3,3,26,0,8.9
2023,1,Garrett Wilson,NYJ,BUF,WR,0,0,0,0,0,0,0,0,5,5,34,1,14.4
2023,1,Michael Carter,NYJ,BUF,RB,0,0,0,0,0,1,6,0,2,2,12,0,3.8
2023,1,Randall Cobb,NYJ,BUF,WR,0,0,0,0,0,0,0,0,1,0,0,0,0.0
2023,1,Tyler Conklin,NYJ,BUF,TE,0,0,0,0,0,0,0,0,1,1,2,0,1.2
2023,1,Zach Wilson,NYJ,BUF,QB,21,14,140,1,1,4,6,0,0,0,0,0,8.2
2023,1,A.J. Brown,PHI,NWE,WR,0,0,0,0,0,0,0,0,10,7,79,0,14.9
2023,1,Boston Scott,PHI,NWE,RB,0,0,0,0,0,1,3,0,1,1,7,0,2.0
2023,1,D'Andre Swift,PHI,NWE,RB,0,0,0,0,0,1,3,0,2,1,0,0,1.3
2023,1,Dallas Goedert,PHI,NWE,TE,0,0,0,0,0,0,0,0,1,0,0,0,0.0
2023,1,DeVonta Smith,PHI,NWE,WR,0,0,0,0,0,0,0,0,10,7,47,1,17.7
2023,1,Jalen Hurts,PHI,NWE,QB,33,22,170,1,0,9,37,0,0,0,0,0,12.5
2023,1,Kenny Gainwell,PHI,NWE,RB,0,0,0,0,0,14,54,0,4,4,20,0,11.4
2023,1,Quez Watkins,PHI,NWE,WR,0,0,0,0,0,0,0,0,2,2,17,0,3.7
2023,1,Allen Robinson,PIT,SFO,WR,0,0,0,0,0,0,0,0,8,5,64,0,11.4
2023,1,Anthony McFarland,PIT,SFO,RB,0,0,0,0,0,0,0,0,2,2,11,0,3.1
2023,1,Calvin Austin III,PIT,SFO,WR,0,0,0,0,0,0,0,0,6,6,37,0,9.7
2023,1,Connor Heyward,PIT,SFO,RB,0,0,0,0,0,0,0,0,4,2,19,0,3.9
2023,1,Diontae Johnson,PIT,SFO,WR,0,0,0,0,0,0,0,0,6,3,48,0,7.8
2023,1,George Pickens,PIT,SFO,WR,0,0,0,0,0,0,0,0,7,5,36,0,8.6
2023,1,Jaylen Warren,PIT,SFO,RB,0,0,0,0,0,3,6,0,6,5,12,0,6.8
2023,1,Kenny Pickett,PIT,SFO,QB,46,31,232,1,2,1,4,0,0,0,0,0,9.68
2023,1,Najee Harris,PIT,SFO,RB,0,0,0,0,0,6,31,0,2,2,2,0,5.3
2023,1,Pat Freiermuth,PIT,SFO,TE,0,0,0,0,0,0,0,0,4,1,3,1,7.3
2023,1,Colby Parkinson,SEA,LAR,TE,0,0,0,0,0,0,0,0,2,1,8,0,1.8
2023,1,DK Metcalf,SEA,LAR,WR,0,0,0,0,0,0,0,0,5,3,47,1,13.7
2023,1,DeeJay Dallas,SEA,LAR,RB,0,0,0,0,0,2,4,0,1,1,14,0,2.8
2023,1,Geno Smith,SEA,LAR,QB,26,16,112,1,0,1,6,0,0,0,0,0,9.08
2023,1,Jaxon Smith-Njigba,SEA,LAR,WR,0,0,0,0,0,0,0,0,5,3,13,0,4.3
2023,1,Kenneth Walker III,SEA,LAR,RB,0,0,0,0,0,12,64,0,5,4,3,0,10.7
2023,1,Tyler Lockett,SEA,LAR,WR,0,0,0,0,0,0,0,0,4,2,10,0,3.0
2023,1,Will Dissly,SEA,LAR,TE,0,0,0,0,0,0,0,0,2,2,17,0,3.7
2023,1,Zach Charbonnet,SEA,LAR,RB,0,0,0,0,0,3,11,0,0,0,0,0,1.1
2023,1,Brandon Aiyuk,SFO,PIT,WR,0,0,0,0,0,0,0,0,8,8,129,2,32.9
2023,1,Brock Purdy,SFO,PIT,QB,29,19,220,2,0,3,20,0,0,0,0,0,16.8
2023,1,Christian McCaffrey,SFO,PIT,RB,0,0,0,0,0,22,152,1,5,3,17,0,25.9
2023,1,Deebo Samuel Sr.,SFO,PIT,WR,0,0,0,0,0,2,8,0,7,5,55,0,11.3
2023,1,Elijah Mitchell,SFO,PIT,RB,0,0,0,0,0,5,10,0,1,0,0,0,1.0
2023,1,George Kittle,SFO,PIT,TE,0,0,0,0,0,0,0,0,6,3,19,0,4.9
2023,1,Jauan Jennings,SFO,PIT,WR,0,0,0,0,0,0,0,0,1,0,0,0,0.0
2023,1,Sam Darnold,SFO,PIT,QB,0,0,0,0,0,2,-2,0,0,0,0,0,-0.2
2023,1,Baker Mayfield,TAM,MIN,QB,34,21,173,2,0,8,11,0,0,0,0,0,16.02
2023,1,Cade Otton,TAM,MIN,TE,0,0,0,0,0,0,0,0,3,2,19,0,3.9
2023,1,Chase Edmonds,TAM,MIN,RB,0,0,0,0,0,2,8,0,0,0,0,0,0.8
2023,1,Chris Godwin Jr.,TAM,MIN,WR,0,0,0,0,0,0,0,0,6,5,51,0,10.1
2023,1,Deven Thompkins,TAM,MIN,WR,0,0,0,0,0,0,0,0,3,2,10,0,3.0
2023,1,Ko Kieft,TAM,MIN,TE,0,0,0,0,0,0,0,0,3,0,0,0,0.0
2023,1,Mike Evans,TAM,MIN,WR,0,0,0,0,0,0,0,0,10,6,66,1,18.6
2023,1,Rachaad White,TAM,MIN,RB,0,0,0,0,0,17,39,0,2,2,10,0,6.9
2023,1,Rakim Jarrett,TAM,MIN,WR,0,0,0,0,0,1,0,0,0,0,0,0,0.0
2023,1,Sean Tucker,TAM,MIN,RB,0,0,0,0,0,5,15,0,2,2,9,0,4.4
2023,1,Trey Palmer,TAM,MIN,WR,0,0,0,0,0,0,0,0,3,2,8,1,8.8
2023,1,Chig Okonkwo,TEN,NOR,TE,0,0,0,0,0,0,0,0,2,0,0,0,0.0
2023,1,Chris Moore,TEN,NOR,WR,0,0,0,0,0,0,0,0,1,0,0,0,0.0
2023,1,DeAndre Hopkins,TEN,NOR,WR,0,0,0,0,0,0,0,0,13,7,65,0,13.5
2023,1,Derrick Henry,TEN,NOR,RB,0,0,0,0,0,15,63,0,3,2,56,0,13.9
2023,1,Nick Westbrook-Ikhine,TEN,NOR,WR,0,0,0,0,0,0,0,0,7,4,58,0,9.8
2023,1,Ryan Tannehill,TEN,NOR,QB,34,16,198,0,3,3,5,0,0,0,0,0,2.42
2023,1,Treylon Burks,TEN,NOR,WR,0,0,0,0,0,1,9,0,3,2,18,0,4.7
2023,1,Tyjae Spears,TEN,NOR,RB,0,0,0,0,0,3,27,0,4,1,1,0,3.8
2023,1,Antonio Gibson,WAS,ARI,RB,0,0,0,0,0,3,9,0,1,1,10,0,0.9
2023,1,Brian Robinson,WAS,ARI,RB,0,0,0,0,0,19,59,0,2,1,7,1,13.6
2023,1,Chris Rodriguez Jr.,WAS,ARI,RB,0,0,0,0,0,3,7,0,0,0,0,0,0.7
2023,1,Cole Turner,WAS,ARI,TE,0,0,0,0,0,0,0,0,2,1,17,0,2.7
2023,1,Curtis Samuel,WAS,ARI,WR,0,0,0,0,0,1,6,0,5,5,54,0,11.0
2023,1,Jahan Dotson,WAS,ARI,WR,0,0,0,0,0,0,0,0,7,5,40,0,9.0
2023,1,Logan Thomas,WAS,ARI,TE,0,0,0,0,0,0,0,0,8,4,43,0,8.3
2023,1,Sam Howell,WAS,ARI,QB,31,19,202,1,1,2,11,1,0,0,0,0,15.18
2023,1,Terry McLaurin,WAS,ARI,WR,0,0,0,0,0,0,0,0,4,2,31,0,5.1
2023,2,Emari Demercado,ARI,NYG,RB,0,0,0,0,0,1,-2,0,2,2,7,0,2.5
2023,2,James Conner,ARI,NYG,RB,0,0,0,0,0,23,106,1,1,0,0,0,16.6
2023,2,Joshua Dobbs,ARI,NYG,QB,31,21,228,1,0,3,41,1,0,0,0,0,25.22
2023,2,Keaontay Ingram,ARI,NYG,RB,0,0,0,0,0,2,6,0,0,0,0,0,0.6
2023,2,Marquise Brown,ARI,NYG,WR,0,0,0,0,0,0,0,0,10,6,54,1,17.4
2023,2,Michael Wilson,ARI,NYG,WR,0,0,0,0,0,0,0,0,3,3,56,0,8.6
2023,2,Rondale Moore,ARI,NYG,WR,0,0,0,0,0,0,0,0,1,1,14,0,2.4
2023,2,Trey McBride,ARI,NYG,TE,0,0,0,0,0,0,0,0,3,2,32,0,5.2
2023,2,Zach Ertz,ARI,NYG,TE,0,0,0,0,0,0,0,0,8,6,56,0,11.6
2023,2,Zach Pascal,ARI,NYG,WR,0,0,0,0,0,0,0,0,1,1,9,0,1.9
2023,2,Bijan Robinson,ATL,GNB,RB,0,0,0,0,0,19,124,0,5,4,48,0,21.2
2023,2,Desmond Ridder,ATL,GNB,QB,32,19,237,1,1,10,39,1,0,0,0,0,21.38
2023,2,Drake London,ATL,GNB,WR,0,0,0,0,0,0,0,0,8,6,67,1,18.7
2023,2,Jonnu Smith,ATL,GNB,TE,0,0,0,0,0,0,0,0,6,4,47,0,8.7
2023,2,Kyle Pitts,ATL,GNB,TE,0,0,0,0,0,0,0,0,5,2,15,0,3.5
2023,2,Mack Hollins,ATL,GNB,WR,0,0,0,0,0,0,0,0,6,3,60,0,9.0
2023,2,Tyler Allgeier,ATL,GNB,RB,0,0,0,0,0,16,48,0,0,0,0,0,4.8
2023,2,Devin Duvernay,BAL,CIN,WR,0,0,0,0,0,3,15,0,3,0,0,0,1.5
2023,2,Gus Edwards,BAL,CIN,RB,0,0,0,0,0,10,62,1,0,0,0,0,12.2
2023,2,Isaiah Likely,BAL,CIN,TE,0,0,0,0,0,0,0,0,1,1,8,0,1.8
2023,2,Justice Hill,BAL,CIN,RB,0,0,0,0,0,11,41,0,3,3,12,0,8.3
2023,2,Lamar Jackson,BAL,CIN,QB,33,24,237,2,0,12,54,0,0,0,0,0,22.88
2023,2,Mark Andrews,BAL,CIN,TE,0,0,0,0,0,0,0,0,8,5,45,1,15.5
2023,2,Nelson Agholor,BAL,CIN,WR,0,0,0,0,0,0,0,0,6,5,63,1,17.3
2023,2,Odell Beckham Jr.,BAL,CIN,WR,0,0,0,0,0,0,0,0,4,3,29,0,5.9
2023,2,Rashod Bateman,BAL,CIN,WR,0,0,0,0,0,0,0,0,3,3,18,0,4.8
2023,2,Zay Flowers,BAL,CIN,WR,0,0,0,0,0,1,6,0,5,4,62,0,10.8
2023,2,Dalton Kincaid,BUF,LVR,TE,0,0,0,0,0,0,0,0,6,5,43,0,9.3
2023,2,Damien Harris,BUF,LVR,RB,0,0,0,0,0,7,33,1,0,0,0,0,9.3
2023,2,Dawson Knox,BUF,LVR,TE,0,0,0,0,0,0,0,0,5,3,10,1,10.0
2023,2,Deonte Harty,BUF,LVR,WR,0,0,0,0,0,0,0,0,3,2,4,0,2.4
2023,2,Gabe Davis,BUF,LVR,WR,0,0,0,0,0,0,0,0,7,6,92,1,21.2
2023,2,James Cook,BUF,LVR,RB,0,0,0,0,0,17,123,0,4,4,36,0,19.9
2023,2,Josh Allen,BUF,LVR,QB,37,31,274,3,0,3,7,0,0,0,0,0,23.66
2023,2,Khalil Shakir,BUF,LVR,WR,0,0,0,0,0,0,0,0,1,1,11,1,8.1
2023,2,Kyle Allen,BUF,LVR,QB,0,0,0,0,0,2,-2,0,0,0,0,0,-0.2
2023,2,Latavius Murray,BUF,LVR,RB,0,0,0,0,0,6,22,1,2,2,9,0,11.1
2023,2,Reggie Gilliam,BUF,LVR,RB,0,0,0,0,0,0,0,0,1,1,3,0,1.3
2023,2,Stefon Diggs,BUF,LVR,WR,0,0,0,0,0,0,0,0,7,7,66,0,13.6
2023,2,Adam Thielen,CAR,NOR,WR,0,0,0,0,0,0,0,0,9,7,54,1,20.4
2023,2,Bryce Young,CAR,NOR,QB,33,22,153,1,0,2,34,0,0,0,0,0,13.52
2023,2,Chuba Hubbard,CAR,NOR,RB,0,0,0,0,0,2,16,0,5,5,34,0,10.0
2023,2,DJ Chark,CAR,NOR,WR,0,0,0,0,0,0,0,0,1,1,15,0,2.5
2023,2,Hayden Hurst,CAR,NOR,TE,0,0,0,0,0,0,0,0,3,3,20,0,5.0
2023,2,Jonathan Mingo,CAR,NOR,WR,0,0,0,0,0,0,0,0,8,3,26,0,5.6
2023,2,Laviska Shenault Jr.,CAR,NOR,WR,0,0,0,0,0,1,7,0,0,0,0,0,0.7
2023,2,Miles Sanders,CAR,NOR,RB,0,0,0,0,0,14,43,0,5,3,4,0,7.7
2023,2,Chase Claypool,CHI,TAM,WR,0,0,0,0,0,0,0,0,8,3,36,1,12.6
2023,2,Cole Kmet,CHI,TAM,TE,0,0,0,0,0,0,0,0,6,4,38,0,7.8
2023,2,DJ Moore,CHI,TAM,WR,0,0,0,0,0,0,0,0,7,6,104,0,16.4
2023,2,Justin Fields,CHI,TAM,QB,29,16,211,1,2,4,3,1,0,0,0,0,14.74
2023,2,Khalil Herbert,CHI,TAM,RB,0,0,0,0,0,7,35,0,3,1,23,0,6.8
2023,2,Robert Tonyan,CHI,TAM,TE,0,0,0,0,0,0,0,0,2,0,0,0,0.0
2023,2,Roschon Johnson,CHI,TAM,RB,0,0,0,0,0,4,32,0,2,2,10,0,6.2
2023,2,Velus Jones Jr.,CHI,TAM,WR,0,0,0,0,0,1,-3,0,0,0,0,0,-0.3
2023,2,Chase Brown,CIN,BAL,RB,0,0,0,0,0,1,2,0,0,0,0,0,0.2
2023,2,Irv Smith,CIN,BAL,TE,0,0,0,0,0,0,0,0,4,2,10,0,3.0
2023,2,Ja'Marr Chase,CIN,BAL,WR,0,0,0,0,0,0,0,0,8,5,31,0,8.1
2023,2,Joe Burrow,CIN,BAL,QB,41,27,222,2,1,1,5,0,0,0,0,0,15.38
2023,2,Joe Mixon,CIN,BAL,RB,0,0,0,0,0,13,59,0,5,4,36,0,13.5
2023,2,Tee Higgins,CIN,BAL,WR,0,0,0,0,0,0,0,0,12,8,89,2,28.9
2023,2,Trayveon Williams,CIN,BAL,RB,0,0,0,0,0,0,0,0,2,2,4,0,2.4
2023,2,Tyler Boyd,CIN,BAL,WR,0,0,0,0,0,0,0,0,8,6,52,0,11.2
2023,2,Amari Cooper,CLE,PIT,WR,0,0,0,0,0,0,0,0,10,7,90,0,16.0
2023,2,David Bell,CLE,PIT,WR,0,0,0,0,0,0,0,0,3,3,27,0,5.7
2023,2,David Njoku,CLE,PIT,TE,0,0,0,0,0,0,0,0,4,4,48,0,6.8
2023,2,Deshaun Watson,CLE,PIT,QB,40,22,235,1,1,6,22,0,0,0,0,0,11.6
2023,2,Donovan Peoples-Jones,CLE,PIT,WR,0,0,0,0,0,0,0,0,4,1,7,0,1.7
2023,2,Elijah Moore,CLE,PIT,WR,0,0,0,0,0,1,5,0,9,3,36,0,7.1
2023,2,Harrison Bryant,CLE,PIT,TE,0,0,0,0,0,0,0,0,2,0,0,0,0.0
2023,2,Jerome Ford,CLE,PIT,RB,0,0,0,0,0,16,106,0,4,3,25,1,24.1
2023,2,Jordan Akins,CLE,PIT,TE,0,0,0,0,0,0,0,0,1,1,2,0,1.2
2023,2,Marquise Goodwin,CLE,PIT,WR,0,0,0,0,0,0,0,0,2,0,0,0,0.0
2023,2,Nick Chubb,CLE,PIT,RB,0,0,0,0,0,10,64,0,0,0,0,0,6.4
2023,2,Pierre Strong,CLE,PIT,RB,0,0,0,0,0,2,1,1,1,0,0,0,6.1
2023,2,CeeDee Lamb,DAL,NYJ,WR,0,0,0,0,0,0,0,0,13,11,143,0,25.3
2023,2,Dak Prescott,DAL,NYJ,QB,38,31,255,2,0,6,14,0,0,0,0,0,19.6
2023,2,Deuce Vaughn,DAL,NYJ,RB,0,0,0,0,0,3,16,0,3,3,16,0,6.2
2023,2,Jake Ferguson,DAL,NYJ,TE,0,0,0,0,0,0,0,0,4,3,11,1,10.1
2023,2,Jalen Tolbert,DAL,NYJ,WR,0,0,0,0,0,0,0,0,4,3,18,0,4.8
2023,2,KaVontae Turpin,DAL,NYJ,WR,0,0,0,0,0,2,6,0,1,1,9,0,2.5
2023,2,Luke Schoonmaker,DAL,NYJ,TE,0,0,0,0,0,0,0,0,1,1,1,1,7.1
2023,2,Michael Gallup,DAL,NYJ,WR,0,0,0,0,0,0,0,0,2,1,3,0,1.3
2023,2,Peyton Hendershot,DAL,NYJ,TE,0,0,0,0,0,1,0,0,0,0,0,0,0.0
2023,2,Rico Dowdle,DAL,NYJ,RB,0,0,0,0,0,7,26,0,1,1,17,0,5.3
2023,2,Tony Pollard,DAL,NYJ,RB,0,0,0,0,0,25,72,0,8,7,37,0,19.9
2023,2,Adam Trautman,DEN,WAS,TE,0,0,0,0,0,0,0,0,1,0,0,0,0.0
2023,2,Brandon Johnson,DEN,WAS,WR,0,0,0,0,0,0,0,0,3,2,66,2,20.6
2023,2,Courtland Sutton,DEN,WAS,WR,0,0,0,0,0,0,0,0,7,5,66,0,11.6
2023,2,Jaleel McLaughlin,DEN,WAS,RB,0,0,0,0,0,1,5,1,0,0,0,0,6.5
2023,2,Javonte Williams,DEN,WAS,RB,0,0,0,0,0,12,44,0,3,2,14,0,7.8
2023,2,Jerry Jeudy,DEN,WAS,WR,0,0,0,0,0,0,0,0,5,3,25,0,5.5
2023,2,Lil'Jordan Humphrey,DEN,WAS,WR,0,0,0,0,0,0,0,0,2,1,4,0,1.4
2023,2,Marvin Mims Jr.,DEN,WAS,WR,0,0,0,0,0,2,10,0,2,2,113,1,20.3
2023,2,Michael Burton,DEN,WAS,RB,0,0,0,0,0,1,3,0,0,0,0,0,0.3
2023,2,Russell Wilson,DEN,WAS,QB,32,18,308,3,1,6,56,0,0,0,0,0,25.92
2023,2,Samaje Perine,DEN,WAS,RB,0,0,0,0,0,1,4,0,4,3,20,0,5.4
2023,2,Amon-Ra St. Brown,DET,SEA,WR,0,0,0,0,0,0,0,0,7,6,102,0,14.2
2023,2,Antoine Green,DET,SEA,WR,0,0,0,0,0,0,0,0,1,1,2,0,1.2
2023,2,Craig Reynolds,DET,SEA,RB,0,0,0,0,0,3,7,0,1,1,-2,0,1.5
2023,2,David Montgomery,DET,SEA,RB,0,0,0,0,0,16,67,1,1,1,7,0,12.4
2023,2,Jahmyr Gibbs,DET,SEA,RB,0,0,0,0,0,7,17,0,9,7,39,0,12.6
2023,2,Jared Goff,DET,SEA,QB,35,28,323,3,1,0,0,0,0,0,0,0,22.92
2023,2,Josh Reynolds,DET,SEA,WR,0,0,0,0,0,0,0,0,6,5,66,2,23.6
2023,2,Kalif Raymond,DET,SEA,WR,0,0,0,0,0,1,11,0,3,2,46,1,13.7
2023,2,Sam LaPorta,DET,SEA,TE,0,0,0,0,0,0,0,0,6,5,63,0,11.3
2023,2,AJ Dillon,GNB,ATL,RB,0,0,0,0,0,15,55,0,1,1,8,0,7.3
2023,2,Dontayvion Wicks,GNB,ATL,WR,0,0,0,0,0,0,0,0,4,2,40,1,12.0
2023,2,Emanuel Wilson,GNB,ATL,RB,0,0,0,0,0,3,5,0,0,0,0,0,0.5
2023,2,Jayden Reed,GNB,ATL,WR,0,0,0,0,0,0,0,0,8,4,37,2,19.7
2023,2,Jordan Love,GNB,ATL,QB,25,14,151,3,0,2,23,0,0,0,0,0,20.34
2023,2,Josiah Deguara,GNB,ATL,TE,0,0,0,0,0,0,0,0,2,2,5,0,2.5
2023,2,Luke Musgrave,GNB,ATL,TE,0,0,0,0,0,0,0,0,3,2,25,0,4.5
2023,2,Malik Heath,GNB,ATL,WR,0,0,0,0,0,0,0,0,1,0,0,0,0.0
2023,2,Patrick Taylor,GNB,ATL,RB,0,0,0,0,0,1,1,0,1,0,0,0,0.1
2023,2,Romeo Doubs,GNB,ATL,WR,0,0,0,0,0,0,0,0,3,2,30,0,5.0
2023,2,Samori Toure,GNB,ATL,WR,0,0,0,0,0,0,0,0,2,1,6,0,1.6
2023,2,Andrew Beck,HOU,IND,RB,0,0,0,0,0,2,2,0,0,0,0,0,0.2
2023,2,Brevin Jordan,HOU,IND,TE,0,0,0,0,0,0,0,0,2,2,27,0,4.7
2023,2,C.J. Stroud,HOU,IND,QB,47,30,384,2,0,3,1,0,0,0,0,0,21.46
2023,2,Dalton Schultz,HOU,IND,TE,0,0,0,0,0,0,0,0,7,4,34,0,7.4
2023,2,Dameon Pierce,HOU,IND,RB,0,0,0,0,0,15,31,0,3,2,4,0,5.5
2023,2,Dare Ogunbowale,HOU,IND,RB,0,0,0,0,0,2,4,0,0,0,0,0,0.4
2023,2,Devin Singletary,HOU,IND,RB,0,0,0,0,0,4,14,0,1,1,10,0,3.4
2023,2,John Metchie III,HOU,IND,WR,0,0,0,0,0,0,0,0,1,1,17,0,2.7
2023,2,Nico Collins,HOU,IND,WR,0,0,0,0,0,0,0,0,9,7,146,1,27.6
2023,2,Robert Woods,HOU,IND,WR,0,0,0,0,0,0,0,0,9,6,74,0,13.4
2023,2,Tank Dell,HOU,IND,WR,0,0,0,0,0,0,0,0,10,7,72,1,20.2
2023,2,Xavier Hutchinson,HOU,IND,WR,0,0,0,0,0,0,0,0,1,0,0,0,0.0
2023,2,Alec Pierce,IND,HOU,WR,0,0,0,0,0,0,0,0,2,2,28,0,4.8
2023,2,Anthony Richardson,IND,HOU,QB,10,6,56,0,0,3,35,2,0,0,0,0,17.74
2023,2,Gardner Minshew,IND,HOU,QB,23,19,171,1,0,2,3,0,0,0,0,0,11.14
2023,2,Isaiah McKenzie,IND,HOU,WR,0,0,0,0,0,0,0,0,1,1,7,0,1.7
2023,2,Josh Downs,IND,HOU,WR,0,0,0,0,0,0,0,0,5,4,37,0,7.7
2023,2,Kylen Granson,IND,HOU,TE,0,0,0,0,0,0,0,0,4,3,16,1,10.6
2023,2,Michael Pittman,IND,HOU,WR,0,0,0,0,0,0,0,0,12,8,56,0,13.6
2023,2,Mo Alie-Cox,IND,HOU,TE,0,0,0,0,0,0,0,0,1,1,15,0,2.5
2023,2,Will Mallory,IND,HOU,TE,0,0,0,0,0,0,0,0,2,2,49,0,6.9
2023,2,Zack Moss,IND,HOU,RB,0,0,0,0,0,18,88,1,4,4,19,0,20.7
2023,2,Calvin Ridley,JAX,KAN,WR,0,0,0,0,0,0,0,0,8,2,32,0,5.2
2023,2,Christian Kirk,JAX,KAN,WR,1,1,-1,0,0,0,0,0,14,11,110,0,21.96
2023,2,D'Ernest Johnson,JAX,KAN,RB,0,0,0,0,0,1,8,0,1,1,9,0,2.7
2023,2,Evan Engram,JAX,KAN,TE,0,0,0,0,0,0,0,0,8,6,57,0,11.7
2023,2,Jamal Agnew,JAX,KAN,WR,0,0,0,0,0,0,0,0,1,1,5,0,1.5
2023,2,Travis Etienne,JAX,KAN,RB,0,0,0,0,0,12,40,0,3,2,2,0,6.2
2023,2,Trevor Lawrence,JAX,KAN,QB,41,22,216,0,0,5,26,0,0,0,0,0,9.24
2023,2,Zay Jones,JAX,KAN,WR,0,0,0,0,0,0,0,0,6,0,0,0,0.0
2023,2,Clyde Edwards-Helaire,KAN,JAX,RB,0,0,0,0,0,1,0,0,2,2,17,0,3.7
2023,2,Isiah Pacheco,KAN,JAX,RB,0,0,0,0,0,12,70,0,2,1,0,0,8.0
2023,2,Jerick McKinnon,KAN,JAX,RB,0,0,0,0,0,1,-2,0,3,3,24,0,5.2
2023,2,Justin Watson,KAN,JAX,WR,0,0,0,0,0,0,0,0,5,3,62,0,7.2
2023,2,Kadarius Toney,KAN,JAX,WR,0,0,0,0,0,1,3,0,5,5,35,0,8.8
2023,2,Marquez Valdes-Scantling,KAN,JAX,WR,0,0,0,0,0,0,0,0,3,2,13,0,3.3
2023,2,Noah Gray,KAN,JAX,TE,0,0,0,0,0,0,0,0,3,3,38,0,6.8
2023,2,Patrick Mahomes,KAN,JAX,QB,41,29,305,2,1,7,30,0,0,0,0,0,21.2
2023,2,Rashee Rice,KAN,JAX,WR,0,0,0,0,0,0,0,0,2,2,20,0,4.0
2023,2,Richie James,KAN,JAX,WR,0,0,0,0,0,0,0,0,1,0,0,0,0.0
2023,2,Skyy Moore,KAN,JAX,WR,0,0,0,0,0,0,0,0,4,3,70,1,16.0
2023,2,Travis Kelce,KAN,JAX,TE,0,0,0,0,0,0,0,0,9,4,26,1,12.6
2023,2,Derius Davis,LAC,TEN,WR,0,0,0,0,0,1,10,0,0,0,0,0,1.0
2023,2,Donald Parham,LAC,TEN,TE,0,0,0,0,0,0,0,0,2,1,7,0,1.7
2023,2,Elijah Dotson,LAC,TEN,RB,0,0,0,0,0,4,6,0,2,2,13,0,3.9
2023,2,Gerald Everett,LAC,TEN,TE,0,0,0,0,0,0,0,0,3,3,47,0,7.7
2023,2,Isaiah Spiller,LAC,TEN,RB,0,0,0,0,0,1,3,0,0,0,0,0,0.3
2023,2,Josh Palmer,LAC,TEN,WR,0,0,0,0,0,0,0,0,5,3,13,0,4.3
2023,2,Joshua Kelley,LAC,TEN,RB,0,0,0,0,0,13,39,0,1,0,0,0,3.9
2023,2,Justin Herbert,LAC,TEN,QB,41,27,305,2,0,1,0,0,0,0,0,0,22.2
2023,2,Keenan Allen,LAC,TEN,WR,0,0,0,0,0,0,0,0,10,8,111,2,31.1
2023,2,Mike Williams,LAC,TEN,WR,0,0,0,0,0,1,3,0,13,8,83,0,16.6
2023,2,Quentin Johnston,LAC,TEN,WR,0,0,0,0,0,0,0,0,2,1,7,0,1.7
2023,2,Stone Smartt,LAC,TEN,TE,0,0,0,0,0,0,0,0,1,1,24,0,3.4
2023,2,Ben Skowronek,LAR,SFO,WR,0,0,0,0,0,1,11,0,1,1,10,0,3.1
2023,2,Kyren Williams,LAR,SFO,RB,0,0,0,0,0,14,52,1,10,6,48,1,28.0
2023,2,Matthew Stafford,LAR,SFO,QB,55,34,307,1,2,4,17,0,0,0,0,0,13.98
2023,2,Puka Nacua,LAR,SFO,WR,0,0,0,0,0,2,4,0,20,15,147,0,30.1
2023,2,Ronnie Rivers,LAR,SFO,RB,0,0,0,0,0,0,0,0,1,1,4,0,1.4
2023,2,Tutu Atwell,LAR,SFO,WR,0,0,0,0,0,1,5,0,9,7,77,0,15.2
2023,2,Tyler Higbee,LAR,SFO,TE,0,0,0,0,0,0,0,0,7,3,12,0,4.2
2023,2,Van Jefferson,LAR,SFO,WR,0,0,0,0,0,0,0,0,4,1,9,0,1.9
2023,2,Ameer Abdullah,LVR,BUF,RB,0,0,0,0,0,0,0,0,3,1,5,0,1.5
2023,2,Austin Hooper,LVR,BUF,TE,0,0,0,0,0,0,0,0,2,2,20,0,4.0
2023,2,Davante Adams,LVR,BUF,WR,0,0,0,0,0,0,0,0,8,6,84,1,20.4
2023,2,DeAndre Carter,LVR,BUF,WR,0,0,0,0,0,0,0,0,1,0,0,0,0.0
2023,2,Hunter Renfrow,LVR,BUF,WR,0,0,0,0,0,0,0,0,1,1,23,0,3.3
2023,2,Jimmy Garoppolo,LVR,BUF,QB,24,16,185,1,2,1,1,0,0,0,0,0,7.5
2023,2,Josh Jacobs,LVR,BUF,RB,0,0,0,0,0,9,-2,0,6,5,51,0,9.9
2023,2,Michael Mayer,LVR,BUF,TE,0,0,0,0,0,0,0,0,1,1,2,0,1.2
2023,2,Tre Tucker,LVR,BUF,WR,0,0,0,0,0,1,34,0,1,0,0,0,3.4
2023,2,Zamir White,LVR,BUF,RB,0,0,0,0,0,4,22,0,0,0,0,0,0.2
2023,2,Braxton Berrios,MIA,NWE,WR,0,0,0,0,0,0,0,0,3,2,28,0,4.8
2023,2,De'Von Achane,MIA,NWE,RB,0,0,0,0,0,1,5,0,1,1,4,0,1.9
2023,2,Durham Smythe,MIA,NWE,TE,0,0,0,0,0,0,0,0,3,3,23,0,5.3
2023,2,Erik Ezukanma,MIA,NWE,WR,0,0,0,0,0,3,5,0,1,0,0,0,0.5
2023,2,Jaylen Waddle,MIA,NWE,WR,0,0,0,0,0,1,-2,0,6,4,86,0,12.4
2023,2,Raheem Mostert,MIA,NWE,RB,0,0,0,0,0,18,121,2,1,1,6,0,25.7
2023,2,River Cracraft,MIA,NWE,WR,0,0,0,0,0,0,0,0,2,2,34,0,5.4
2023,2,Salvon Ahmed,MIA,NWE,RB,0,0,0,0,0,3,13,0,3,3,28,0,7.1
2023,2,Tua Tagovailoa,MIA,NWE,QB,30,21,249,1,1,4,3,0,0,0,0,0,12.26
2023,2,Tyreek Hill,MIA,NWE,WR,0,0,0,0,0,0,0,0,9,5,40,1,15.0
2023,2,Alexander Mattison,MIN,PHI,RB,0,0,0,0,0,8,28,0,6,3,11,0,4.9
2023,2,Jordan Addison,MIN,PHI,WR,0,0,0,0,0,0,0,0,5,3,72,1,16.2
2023,2,Josh Oliver,MIN,PHI,TE,0,0,0,0,0,0,0,0,3,2,13,0,3.3
2023,2,Justin Jefferson,MIN,PHI,WR,0,0,0,0,0,0,0,0,13,11,159,0,24.9
2023,2,K.J. Osborn,MIN,PHI,WR,0,0,0,0,0,0,0,0,6,3,34,1,12.4
2023,2,Kirk Cousins,MIN,PHI,QB,44,31,364,4,0,0,0,0,0,0,0,0,28.56
2023,2,T.J. Hockenson,MIN,PHI,TE,0,0,0,0,0,0,0,0,8,7,66,2,25.6
2023,2,Ty Chandler,MIN,PHI,RB,0,0,0,0,0,1,0,0,2,2,9,0,2.9
2023,2,Chris Olave,NOR,CAR,WR,0,0,0,0,0,0,0,0,11,6,86,0,14.6
2023,2,Derek Carr,NOR,CAR,QB,36,21,228,0,1,3,-4,0,0,0,0,0,6.72
2023,2,Foster Moreau,NOR,CAR,TE,0,0,0,0,0,0,0,0,2,2,20,0,4.0
2023,2,Jamaal Williams,NOR,CAR,RB,0,0,0,0,0,9,29,0,0,0,0,0,2.9
2023,2,Juwan Johnson,NOR,CAR,TE,0,0,0,0,0,0,0,0,3,2,13,0,3.3
2023,2,Keith Kirkwood,NOR,CAR,WR,0,0,0,0,0,0,0,0,1,0,0,0,0.0
2023,2,Michael Thomas,NOR,CAR,WR,0,0,0,0,0,0,0,0,9,7,55,0,12.5
2023,2,Rashid Shaheed,NOR,CAR,WR,0,0,0,0,0,0,0,0,4,4,63,0,10.3
2023,2,Taysom Hill,NOR,CAR,TE,1,1,8,0,0,9,75,0,2,1,-1,0,8.72
2023,2,Tony Jones,NOR,CAR,RB,0,0,0,0,0,12,34,2,2,0,0,0,15.4
2023,2,DeMario Douglas,NWE,MIA,WR,0,0,0,0,0,0,0,0,2,2,19,0,1.9
2023,2,DeVante Parker,NWE,MIA,WR,0,0,0,0,0,0,0,0,8,6,57,0,11.7
2023,2,Ezekiel Elliott,NWE,MIA,RB,0,0,0,0,0,5,13,0,0,0,0,0,1.3
2023,2,Hunter Henry,NWE,MIA,TE,0,0,0,0,0,0,0,0,7,6,52,1,17.2
2023,2,JuJu Smith-Schuster,NWE,MIA,WR,0,0,0,0,0,0,0,0,6,5,28,0,7.8
2023,2,Kendrick Bourne,NWE,MIA,WR,0,0,0,0,0,0,0,0,9,4,29,0,6.9
2023,2,Mac Jones,NWE,MIA,QB,42,31,231,1,1,5,25,0,0,0,0,0,13.74
2023,2,Mike Gesicki,NWE,MIA,TE,0,0,0,0,0,0,0,0,6,5,33,0,8.3
2023,2,Rhamondre Stevenson,NWE,MIA,RB,0,0,0,0,0,15,50,1,3,3,10,0,15.0
2023,2,Ty Montgomery,NWE,MIA,WR,0,0,0,0,0,0,0,0,1,0,0,0,0.0
2023,2,Daniel Jones,NYG,ARI,QB,37,26,321,2,1,9,59,1,0,0,0,0,30.74
2023,2,Darius Slayton,NYG,ARI,WR,0,0,0,0,0,0,0,0,6,3,62,0,9.2
2023,2,Darren Waller,NYG,ARI,TE,0,0,0,0,0,0,0,0,8,6,76,0,13.6
2023,2,Isaiah Hodgins,NYG,ARI,WR,0,0,0,0,0,0,0,0,5,4,40,1,14.0
2023,2,Jalin Hyatt,NYG,ARI,WR,0,0,0,0,0,0,0,0,2,2,89,0,10.9
2023,2,Matt Breida,NYG,ARI,RB,0,0,0,0,0,1,5,0,0,0,0,0,0.5
2023,2,Parris Campbell,NYG,ARI,WR,0,0,0,0,0,0,0,0,6,4,21,0,6.1
2023,2,Saquon Barkley,NYG,ARI,RB,0,0,0,0,0,17,63,1,7,6,29,1,27.2
2023,2,Sterling Shepard,NYG,ARI,WR,0,0,0,0,0,0,0,0,1,1,4,0,1.4
2023,2,Allen Lazard,NYJ,DAL,WR,0,0,0,0,0,0,0,0,4,2,23,0,4.3
2023,2,Breece Hall,NYJ,DAL,RB,0,0,0,0,0,4,9,0,2,0,0,0,0.9
2023,2,Dalvin Cook,NYJ,DAL,RB,0,0,0,0,0,4,7,0,1,1,5,0,0.2
2023,2,Garrett Wilson,NYJ,DAL,WR,0,0,0,0,0,0,0,0,8,2,83,1,16.3
2023,2,Mecole Hardman,NYJ,DAL,WR,0,0,0,0,0,0,0,0,1,1,6,0,1.6
2023,2,Michael Carter,NYJ,DAL,RB,0,0,0,0,0,2,8,0,2,1,3,0,2.1
2023,2,Randall Cobb,NYJ,DAL,WR,0,0,0,0,0,0,0,0,1,0,0,0,0.0
2023,2,Tyler Conklin,NYJ,DAL,TE,0,0,0,0,0,0,0,0,6,5,50,0,10.0
2023,2,Zach Wilson,NYJ,DAL,QB,27,12,170,1,3,5,36,0,0,0,0,0,8.4
2023,2,A.J. Brown,PHI,MIN,WR,0,0,0,0,0,0,0,0,6,4,29,0,6.9
2023,2,Boston Scott,PHI,MIN,RB,0,0,0,0,0,5,40,0,0,0,0,0,4.0
2023,2,D'Andre Swift,PHI,MIN,RB,0,0,0,0,0,28,175,1,3,3,6,0,27.1
2023,2,Dallas Goedert,PHI,MIN,TE,0,0,0,0,0,0,0,0,7,6,22,0,8.2
2023,2,DeVonta Smith,PHI,MIN,WR,0,0,0,0,0,0,0,0,5,4,131,1,23.1
2023,2,Jalen Hurts,PHI,MIN,QB,23,18,193,1,1,12,35,2,0,0,0,0,25.22
2023,2,Rashaad Penny,PHI,MIN,RB,0,0,0,0,0,3,9,0,1,1,5,0,2.4
2023,2,Allen Robinson,PIT,CLE,WR,0,0,0,0,0,0,0,0,3,2,12,0,3.2
2023,2,Calvin Austin III,PIT,CLE,WR,0,0,0,0,0,1,-2,0,4,1,10,0,1.8
2023,2,George Pickens,PIT,CLE,WR,0,0,0,0,0,0,0,0,10,4,127,1,22.7
2023,2,Gunner Olszewski,PIT,CLE,WR,0,0,0,0,0,0,0,0,1,1,0,0,-1.0
2023,2,Jaylen Warren,PIT,CLE,RB,0,0,0,0,0,6,20,0,6,4,66,0,12.6
2023,2,Kenny Pickett,PIT,CLE,QB,30,15,222,1,1,4,-6,0,0,0,0,0,10.28
2023,2,Miles Boykin,PIT,CLE,WR,0,0,0,0,0,0,0,0,1,1,5,0,1.5
2023,2,Najee Harris,PIT,CLE,RB,0,0,0,0,0,10,43,0,3,1,0,0,5.3
2023,2,Pat Freiermuth,PIT,CLE,TE,0,0,0,0,0,0,0,0,1,1,2,0,1.2
2023,2,Colby Parkinson,SEA,DET,TE,0,0,0,0,0,0,0,0,3,2,41,0,6.1
2023,2,DK Metcalf,SEA,DET,WR,0,0,0,0,0,0,0,0,6,6,75,0,13.5
2023,2,DeeJay Dallas,SEA,DET,RB,0,0,0,0,0,1,3,0,0,0,0,0,0.3
2023,2,Geno Smith,SEA,DET,QB,41,32,328,2,0,3,20,0,0,0,0,0,23.12
2023,2,Jake Bobo,SEA,DET,WR,0,0,0,0,0,0,0,0,1,1,3,0,1.3
2023,2,Jaxon Smith-Njigba,SEA,DET,WR,0,0,0,0,0,0,0,0,6,5,34,0,8.4
2023,2,Kenneth Walker III,SEA,DET,RB,0,0,0,0,0,17,43,2,2,1,11,0,18.4
2023,2,Noah Fant,SEA,DET,TE,0,0,0,0,0,0,0,0,4,4,56,0,9.6
2023,2,Tyler Lockett,SEA,DET,WR,0,0,0,0,0,0,0,0,10,8,59,2,25.9
2023,2,Will Dissly,SEA,DET,TE,0,0,0,0,0,0,0,0,3,3,35,0,6.5
2023,2,Zach Charbonnet,SEA,DET,RB,0,0,0,0,0,4,16,0,2,2,14,0,5.0
2023,2,Brandon Aiyuk,SFO,LAR,WR,0,0,0,0,0,0,0,0,6,3,43,0,7.3
2023,2,Brock Purdy,SFO,LAR,QB,25,17,206,0,0,3,5,1,0,0,0,0,14.74
2023,2,Christian McCaffrey,SFO,LAR,RB,0,0,0,0,0,20,116,1,3,3,19,0,22.5
2023,2,Deebo Samuel Sr.,SFO,LAR,WR,0,0,0,0,0,5,38,1,9,6,63,0,22.1
2023,2,George Kittle,SFO,LAR,TE,0,0,0,0,0,0,0,0,3,3,30,0,6.0
2023,2,Jauan Jennings,SFO,LAR,WR,0,0,0,0,0,0,0,0,3,2,51,0,7.1
2023,2,Baker Mayfield,TAM,CHI,QB,34,26,317,1,0,6,17,0,0,0,0,0,18.38
2023,2,Cade Otton,TAM,CHI,TE,0,0,0,0,0,0,0,0,6,6,41,0,10.1
2023,2,Chase Edmonds,TAM,CHI,RB,0,0,0,0,0,2,12,0,0,0,0,0,1.2
2023,2,Chris Godwin Jr.,TAM,CHI,WR,0,0,0,0,0,0,0,0,8,5,58,0,10.8
2023,2,David Wells,TAM,CHI,TE,0,0,0,0,0,0,0,0,2,2,-10,0,1.0
2023,2,Deven Thompkins,TAM,CHI,WR,0,0,0,0,0,1,11,0,0,0,0,0,1.1
2023,2,Mike Evans,TAM,CHI,WR,0,0,0,0,0,0,0,0,8,6,171,1,29.1
2023,2,Rachaad White,TAM,CHI,RB,0,0,0,0,0,17,73,1,5,5,30,0,21.3
2023,2,Rakim Jarrett,TAM,CHI,WR,0,0,0,0,0,0,0,0,1,1,7,0,1.7
2023,2,Sean Tucker,TAM,CHI,RB,0,0,0,0,0,8,7,0,0,0,0,0,0.7
2023,2,Trey Palmer,TAM,CHI,WR,0,0,0,0,0,0,0,0,2,1,20,0,3.0
2023,2,Chig Okonkwo,TEN,LAC,TE,0,0,0,0,0,0,0,0,4,4,35,0,7.5
2023,2,Chris Moore,TEN,LAC,WR,0,0,0,0,0,0,0,0,1,1,49,0,5.9
2023,2,DeAndre Hopkins,TEN,LAC,WR,0,0,0,0,0,0,0,0,5,4,40,0,8.0
2023,2,Derrick Henry,TEN,LAC,RB,0,0,0,0,0,25,80,1,4,3,15,0,18.5
2023,2,Nick Westbrook-Ikhine,TEN,LAC,WR,0,0,0,0,0,0,0,0,3,3,25,1,11.5
2023,2,Ryan Tannehill,TEN,LAC,QB,24,20,246,1,0,1,12,1,0,0,0,0,21.04
2023,2,Trevon Wesco,TEN,LAC,TE,0,0,0,0,0,0,0,0,1,0,0,0,0.0
2023,2,Treylon Burks,TEN,LAC,WR,0,0,0,0,0,0,0,0,4,3,76,0,10.6
2023,2,Tyjae Spears,TEN,LAC,RB,0,0,0,0,0,8,49,0,2,2,6,0,7.5
2023,2,Antonio Gibson,WAS,DEN,RB,0,0,0,0,0,2,9,0,3,3,44,0,8.3
2023,2,Brian Robinson,WAS,DEN,RB,0,0,0,0,0,18,87,2,3,2,42,0,28.9
2023,2,Byron Pringle,WAS,DEN,WR,0,0,0,0,0,0,0,0,1,1,4,0,1.4
2023,2,Cole Turner,WAS,DEN,TE,0,0,0,0,0,0,0,0,2,2,21,0,4.1
2023,2,Curtis Samuel,WAS,DEN,WR,0,0,0,0,0,1,13,0,3,3,19,0,6.2
2023,2,Dyami Brown,WAS,DEN,WR,0,0,0,0,0,0,0,0,3,3,25,0,5.5
2023,2,Jahan Dotson,WAS,DEN,WR,0,0,0,0,0,0,0,0,5,3,22,0,5.2
2023,2,John Bates,WAS,DEN,TE,0,0,0,0,0,0,0,0,5,3,46,0,7.6
2023,2,Logan Thomas,WAS,DEN,TE,0,0,0,0,0,0,0,0,3,2,22,1,10.2
2023,2,Sam Howell,WAS,DEN,QB,39,27,299,2,0,2,13,0,0,0,0,0,21.26
2023,2,Terry McLaurin,WAS,DEN,WR,0,0,0,0,0,0,0,0,6,5,54,1,16.4
2023,3,Emari Demercado,ARI,DAL,RB,0,0,0,0,0,2,2,0,0,0,0,0,0.2
2023,3,James Conner,ARI,DAL,RB,0,0,0,0,0,14,98,1,2,2,18,0,19.6
2023,3,Joshua Dobbs,ARI,DAL,QB,21,17,189,1,0,6,55,0,0,0,0,0,17.06
2023,3,Keaontay Ingram,ARI,DAL,RB,0,0,0,0,0,5,13,0,1,1,8,0,3.1
2023,3,Marquise Brown,ARI,DAL,WR,0,0,0,0,0,0,0,0,7,5,61,1,17.1
2023,3,Michael Wilson,ARI,DAL,WR,0,0,0,0,0,0,0,0,2,2,86,0,10.6
2023,3,Rondale Moore,ARI,DAL,WR,0,0,0,0,0,3,54,1,6,4,8,0,16.2
2023,3,Trey McBride,ARI,DAL,TE,0,0,0,0,0,0,0,0,1,1,2,0,1.2
2023,3,Zach Ertz,ARI,DAL,TE,0,0,0,0,0,0,0,0,2,2,6,0,2.6
2023,3,Bijan Robinson,ATL,DET,RB,0,0,0,0,0,10,33,0,6,4,27,0,10.0
2023,3,Desmond Ridder,ATL,DET,QB,38,21,201,0,0,2,3,0,0,0,0,0,6.34
2023,3,Drake London,ATL,DET,WR,0,0,0,0,0,0,0,0,6,2,31,0,5.1
2023,3,Jonnu Smith,ATL,DET,TE,0,0,0,0,0,0,0,0,8,5,37,0,8.7
2023,3,KhaDarel Hodge,ATL,DET,WR,0,0,0,0,0,0,0,0,1,1,15,0,2.5
2023,3,Kyle Pitts,ATL,DET,TE,0,0,0,0,0,1,-4,0,9,5,41,0,8.7
2023,3,Mack Hollins,ATL,DET,WR,0,0,0,0,0,0,0,0,4,1,23,0,3.3
2023,3,MyCole Pruitt,ATL,DET,TE,0,0,0,0,0,0,0,0,1,1,10,0,2.0
2023,3,Tyler Allgeier,ATL,DET,RB,0,0,0,0,0,7,12,0,3,2,17,0,4.9
2023,3,Devin Duvernay,BAL,IND,WR,0,0,0,0,0,0,0,0,1,0,0,0,0.0
2023,3,Gus Edwards,BAL,IND,RB,0,0,0,0,0,11,51,0,0,0,0,0,5.1
2023,3,Isaiah Likely,BAL,IND,TE,0,0,0,0,0,0,0,0,2,1,20,0,3.0
2023,3,Kenyan Drake,BAL,IND,RB,0,0,0,0,0,1,0,0,3,2,31,0,3.1
2023,3,Lamar Jackson,BAL,IND,QB,31,22,202,0,0,14,101,2,0,0,0,0,28.18
2023,3,Mark Andrews,BAL,IND,TE,0,0,0,0,0,0,0,0,5,4,35,0,7.5
2023,3,Melvin Gordon,BAL,IND,RB,0,0,0,0,0,10,32,0,2,2,23,0,7.5
2023,3,Nelson Agholor,BAL,IND,WR,0,0,0,0,0,0,0,0,4,4,39,0,7.9
2023,3,Rashod Bateman,BAL,IND,WR,0,0,0,0,0,0,0,0,3,1,6,0,1.6
2023,3,Zay Flowers,BAL,IND,WR,0,0,0,0,0,1,2,0,10,8,48,0,13.0
2023,3,Dalton Kincaid,BUF,WAS,TE,0,0,0,0,0,0,0,0,2,2,3,0,2.3
2023,3,Damien Harris,BUF,WAS,RB,0,0,0,0,0,5,15,0,0,0,0,0,1.5
2023,3,Dawson Knox,BUF,WAS,TE,0,0,0,0,0,0,0,0,3,1,11,0,2.1
2023,3,Deonte Harty,BUF,WAS,WR,0,0,0,0,0,2,-2,0,3,2,15,0,3.3
2023,3,Gabe Davis,BUF,WAS,WR,0,0,0,0,0,1,-2,0,4,1,35,1,10.3
2023,3,James Cook,BUF,WAS,RB,0,0,0,0,0,15,98,0,3,2,14,0,13.2
2023,3,Josh Allen,BUF,WAS,QB,32,20,218,1,1,3,46,1,0,0,0,0,21.32
2023,3,Khalil Shakir,BUF,WAS,WR,0,0,0,0,0,0,0,0,1,1,5,0,1.5
2023,3,Kyle Allen,BUF,WAS,QB,0,0,0,0,0,2,-2,0,0,0,0,0,-0.2
2023,3,Latavius Murray,BUF,WAS,RB,0,0,0,0,0,5,15,1,1,1,6,0,9.1
2023,3,Stefon Diggs,BUF,WAS,WR,0,0,0,0,0,0,0,0,12,8,111,0,19.1
2023,3,Trent Sherfield,BUF,WAS,WR,0,0,0,0,0,0,0,0,3,2,18,0,3.8
2023,3,Adam Thielen,CAR,SEA,WR,0,0,0,0,0,0,0,0,14,11,145,1,31.5
2023,3,Andy Dalton,CAR,SEA,QB,58,34,361,2,0,2,11,0,0,0,0,0,23.54
2023,3,Chuba Hubbard,CAR,SEA,RB,0,0,0,0,0,1,2,0,3,2,2,0,2.4
2023,3,DJ Chark,CAR,SEA,WR,0,0,0,0,0,0,0,0,11,4,86,1,18.6
2023,3,Hayden Hurst,CAR,SEA,TE,0,0,0,0,0,0,0,0,3,1,11,0,2.1
2023,3,Ian Thomas,CAR,SEA,TE,0,0,0,0,0,0,0,0,1,1,8,0,1.8
2023,3,Jonathan Mingo,CAR,SEA,WR,0,0,0,0,0,0,0,0,6,3,21,0,5.1
2023,3,Laviska Shenault Jr.,CAR,SEA,WR,0,0,0,0,0,2,7,0,1,1,0,0,1.7
2023,3,Miles Sanders,CAR,SEA,RB,0,0,0,0,0,9,24,1,9,5,38,0,17.2
2023,3,Terrace Marshall Jr.,CAR,SEA,WR,0,0,0,0,0,0,0,0,8,5,35,0,8.5
2023,3,Tommy Tremble,CAR,SEA,TE,0,0,0,0,0,0,0,0,1,1,15,0,2.5
2023,3,Chase Claypool,CHI,KAN,WR,0,0,0,0,0,0,0,0,4,1,15,0,2.5
2023,3,Cole Kmet,CHI,KAN,TE,0,0,0,0,0,0,0,0,2,2,22,0,4.2
2023,3,DJ Moore,CHI,KAN,WR,0,0,0,0,0,0,0,0,6,3,41,1,13.1
2023,3,Darnell Mooney,CHI,KAN,WR,0,0,0,0,0,0,0,0,1,0,0,0,0.0
2023,3,Justin Fields,CHI,KAN,QB,22,11,99,1,1,11,47,0,0,0,0,0,10.66
2023,3,Khalil Herbert,CHI,KAN,RB,0,0,0,0,0,7,31,0,2,2,4,0,3.5
2023,3,Roschon Johnson,CHI,KAN,RB,0,0,0,0,0,8,38,0,2,2,11,0,6.9
2023,3,Tyler Scott,CHI,KAN,WR,0,0,0,0,0,0,0,0,3,1,6,0,1.6
2023,3,Charlie Jones,CIN,LAR,WR,0,0,0,0,0,0,0,0,2,1,6,0,1.6
2023,3,Drew Sample,CIN,LAR,TE,0,0,0,0,0,0,0,0,1,1,7,0,1.7
2023,3,Ja'Marr Chase,CIN,LAR,WR,0,0,0,0,0,0,0,0,15,12,141,0,26.1
2023,3,Joe Burrow,CIN,LAR,QB,49,26,259,0,1,3,-2,0,0,0,0,0,8.16
2023,3,Joe Mixon,CIN,LAR,RB,0,0,0,0,0,19,65,1,2,1,5,0,14.0
2023,3,Mitchell Wilcox,CIN,LAR,TE,0,0,0,0,0,0,0,0,3,2,10,0,3.0
2023,3,Tanner Hudson,CIN,LAR,TE,0,0,0,0,0,0,0,0,4,2,30,0,5.0
2023,3,Tee Higgins,CIN,LAR,WR,0,0,0,0,0,0,0,0,8,2,21,0,4.1
2023,3,Trayveon Williams,CIN,LAR,RB,0,0,0,0,0,1,4,0,2,0,0,0,0.4
2023,3,Tyler Boyd,CIN,LAR,WR,0,0,0,0,0,0,0,0,9,5,39,0,8.9
2023,3,Amari Cooper,CLE,TEN,WR,0,0,0,0,0,0,0,0,8,7,116,1,24.6
2023,3,David Njoku,CLE,TEN,TE,0,0,0,0,0,0,0,0,4,4,20,0,6.0
2023,3,Deshaun Watson,CLE,TEN,QB,33,27,289,2,0,4,16,0,0,0,0,0,21.16
2023,3,Donovan Peoples-Jones,CLE,TEN,WR,0,0,0,0,0,0,0,0,4,3,49,0,7.9
2023,3,Elijah Moore,CLE,TEN,WR,0,0,0,0,0,3,-1,0,9,9,49,0,11.8
2023,3,Harrison Bryant,CLE,TEN,TE,0,0,0,0,0,2,4,0,0,0,0,0,0.4
2023,3,Jerome Ford,CLE,TEN,RB,0,0,0,0,0,10,18,1,3,2,33,1,19.1
2023,3,Kareem Hunt,CLE,TEN,RB,0,0,0,0,0,5,13,0,3,2,22,0,5.5
2023,3,Marquise Goodwin,CLE,TEN,WR,0,0,0,0,0,1,1,0,0,0,0,0,0.1
2023,3,Pierre Strong,CLE,TEN,RB,0,0,0,0,0,6,27,0,0,0,0,0,2.7
2023,3,Brandin Cooks,DAL,ARI,WR,0,0,0,0,0,0,0,0,7,2,17,0,3.7
2023,3,CeeDee Lamb,DAL,ARI,WR,0,0,0,0,0,2,9,0,7,4,53,0,10.2
2023,3,Dak Prescott,DAL,ARI,QB,40,25,249,1,1,3,24,0,0,0,0,0,14.36
2023,3,Hunter Luepke,DAL,ARI,RB,0,0,0,0,0,1,9,0,1,1,12,0,3.1
2023,3,Jake Ferguson,DAL,ARI,TE,0,0,0,0,0,0,0,0,7,5,48,0,9.8
2023,3,Luke Schoonmaker,DAL,ARI,TE,0,0,0,0,0,0,0,0,1,0,0,0,0.0
2023,3,Michael Gallup,DAL,ARI,WR,0,0,0,0,0,0,0,0,7,6,92,0,15.2
2023,3,Peyton Hendershot,DAL,ARI,TE,0,0,0,0,0,0,0,0,1,1,3,0,1.3
2023,3,Rico Dowdle,DAL,ARI,RB,0,0,0,0,0,4,21,0,3,3,25,1,13.6
2023,3,Tony Pollard,DAL,ARI,RB,0,0,0,0,0,23,122,0,3,3,-1,0,15.1
2023,3,Adam Trautman,DEN,MIA,TE,0,0,0,0,0,0,0,0,2,0,0,0,0.0
2023,3,Brandon Johnson,DEN,MIA,WR,0,0,0,0,0,0,0,0,3,2,12,0,3.2
2023,3,Chris Manhertz,DEN,MIA,TE,0,0,0,0,0,0,0,0,1,0,0,0,0.0
2023,3,Courtland Sutton,DEN,MIA,WR,0,0,0,0,0,0,0,0,11,8,91,1,19.1
2023,3,Jaleel McLaughlin,DEN,MIA,RB,0,0,0,0,0,5,15,0,0,0,0,0,1.5
2023,3,Javonte Williams,DEN,MIA,RB,0,0,0,0,0,11,42,0,3,2,23,0,8.5
2023,3,Jerry Jeudy,DEN,MIA,WR,0,0,0,0,0,0,0,0,7,5,81,0,13.1
2023,3,Marvin Mims Jr.,DEN,MIA,WR,0,0,0,0,0,1,3,0,5,3,73,0,16.6
2023,3,Nate Adkins,DEN,MIA,TE,0,0,0,0,0,0,0,0,1,1,11,0,2.1
2023,3,Russell Wilson,DEN,MIA,QB,38,23,306,1,1,0,0,0,0,0,0,0,14.24
2023,3,Samaje Perine,DEN,MIA,RB,0,0,0,0,0,3,9,0,3,2,15,0,4.4
2023,3,Amon-Ra St. Brown,DET,ATL,WR,0,0,0,0,0,1,4,0,12,9,102,0,19.6
2023,3,Bam Knight,DET,ATL,RB,0,0,0,0,0,3,13,0,0,0,0,0,1.3
2023,3,Craig Reynolds,DET,ATL,RB,0,0,0,0,0,4,15,0,0,0,0,0,1.5
2023,3,Jahmyr Gibbs,DET,ATL,RB,0,0,0,0,0,17,80,0,2,1,2,0,9.2
2023,3,Jared Goff,DET,ATL,QB,33,22,243,1,1,5,3,1,0,0,0,0,18.02
2023,3,Jason Cabinda,DET,ATL,RB,0,0,0,0,0,1,0,0,0,0,0,0,0.0
2023,3,Kalif Raymond,DET,ATL,WR,0,0,0,0,0,0,0,0,6,4,55,0,9.5
2023,3,Sam LaPorta,DET,ATL,TE,0,0,0,0,0,0,0,0,11,8,84,1,22.4
2023,3,AJ Dillon,GNB,NOR,RB,0,0,0,0,0,11,33,0,0,0,0,0,3.3
2023,3,Dontayvion Wicks,GNB,NOR,WR,0,0,0,0,0,0,0,0,6,4,45,0,8.5
2023,3,Emanuel Wilson,GNB,NOR,RB,0,0,0,0,0,2,6,0,1,1,6,0,2.2
2023,3,Jayden Reed,GNB,NOR,WR,0,0,0,0,0,0,0,0,7,3,63,0,9.3
2023,3,Jordan Love,GNB,NOR,QB,44,22,259,1,1,9,39,1,0,0,0,0,24.26
2023,3,Luke Musgrave,GNB,NOR,TE,0,0,0,0,0,0,0,0,8,6,49,0,10.9
2023,3,Malik Heath,GNB,NOR,WR,0,0,0,0,0,0,0,0,2,0,0,0,0.0
2023,3,Patrick Taylor,GNB,NOR,RB,0,0,0,0,0,3,6,0,4,3,23,0,5.9
2023,3,Romeo Doubs,GNB,NOR,WR,0,0,0,0,0,0,0,0,12,5,73,1,18.3
2023,3,Samori Toure,GNB,NOR,WR,0,0,0,0,0,0,0,0,3,0,0,0,2.0
2023,3,Brevin Jordan,HOU,JAX,TE,0,0,0,0,0,0,0,0,2,2,13,1,9.3
2023,3,C.J. Stroud,HOU,JAX,QB,30,20,280,2,0,3,14,0,0,0,0,0,20.6
2023,3,Dalton Schultz,HOU,JAX,TE,0,0,0,0,0,0,0,0,3,1,9,0,1.9
2023,3,Dameon Pierce,HOU,JAX,RB,0,0,0,0,0,14,31,1,3,3,28,0,14.9
2023,3,Devin Singletary,HOU,JAX,RB,0,0,0,0,0,9,41,0,2,2,4,0,6.5
2023,3,John Metchie III,HOU,JAX,WR,0,0,0,0,0,0,0,0,2,2,13,0,3.3
2023,3,Nico Collins,HOU,JAX,WR,0,0,0,0,0,0,0,0,3,2,34,0,5.4
2023,3,Robert Woods,HOU,JAX,WR,0,0,0,0,0,0,0,0,6,3,34,0,6.4
2023,3,Tank Dell,HOU,JAX,WR,0,0,0,0,0,0,0,0,7,5,145,1,25.5
2023,3,Teagan Quitoriano,HOU,JAX,TE,0,0,0,0,0,0,0,0,1,0,0,0,0.0
2023,3,Alec Pierce,IND,BAL,WR,0,0,0,0,0,0,0,0,7,3,43,0,7.3
2023,3,Andrew Ogletree,IND,BAL,TE,0,0,0,0,0,0,0,0,2,1,11,0,2.1
2023,3,Gardner Minshew,IND,BAL,QB,44,27,227,1,0,0,0,0,0,0,0,0,13.08
2023,3,Isaiah McKenzie,IND,BAL,WR,0,0,0,0,0,0,0,0,1,1,3,0,1.3
2023,3,Josh Downs,IND,BAL,WR,0,0,0,0,0,0,0,0,12,8,57,0,13.7
2023,3,Kylen Granson,IND,BAL,TE,0,0,0,0,0,0,0,0,4,2,9,0,2.9
2023,3,Michael Pittman,IND,BAL,WR,0,0,0,0,0,0,0,0,11,9,77,0,16.7
2023,3,Trey Sermon,IND,BAL,RB,0,0,0,0,0,5,17,0,2,1,4,0,3.1
2023,3,Zack Moss,IND,BAL,RB,0,0,0,0,0,30,122,0,3,2,23,1,22.5
2023,3,Brenton Strange,JAX,HOU,TE,0,0,0,0,0,0,0,0,2,2,7,0,2.7
2023,3,Calvin Ridley,JAX,HOU,WR,0,0,0,0,0,0,0,0,7,3,40,0,7.0
2023,3,Christian Kirk,JAX,HOU,WR,0,0,0,0,0,0,0,0,6,4,54,1,15.4
2023,3,D'Ernest Johnson,JAX,HOU,RB,0,0,0,0,0,3,6,0,2,2,6,0,3.2
2023,3,Evan Engram,JAX,HOU,TE,0,0,0,0,0,0,0,0,8,7,67,0,13.7
2023,3,Jamal Agnew,JAX,HOU,WR,0,0,0,0,0,0,0,0,5,4,49,0,6.9
2023,3,Luke Farrell,JAX,HOU,TE,0,0,0,0,0,0,0,0,1,1,4,0,1.4
2023,3,Tank Bigsby,JAX,HOU,RB,0,0,0,0,0,2,10,1,1,0,0,0,7.0
2023,3,Tim Jones,JAX,HOU,WR,0,0,0,0,0,0,0,0,3,2,11,0,3.1
2023,3,Travis Etienne,JAX,HOU,RB,0,0,0,0,0,19,88,0,5,4,50,0,17.8
2023,3,Trevor Lawrence,JAX,HOU,QB,40,27,279,1,1,3,12,0,0,0,0,0,14.36
2023,3,Blaine Gabbert,KAN,CHI,QB,5,3,31,0,2,2,-1,0,0,0,0,0,-2.86
2023,3,Clyde Edwards-Helaire,KAN,CHI,RB,0,0,0,0,0,15,55,1,1,1,2,0,12.7
2023,3,Isiah Pacheco,KAN,CHI,RB,0,0,0,0,0,15,62,1,3,2,16,0,15.8
2023,3,Jerick McKinnon,KAN,CHI,RB,0,0,0,0,0,2,9,0,3,3,19,2,17.8
2023,3,Justin Watson,KAN,CHI,WR,0,0,0,0,0,0,0,0,3,2,51,0,7.1
2023,3,Justyn Ross,KAN,CHI,WR,0,0,0,0,0,0,0,0,1,0,0,0,0.0
2023,3,Kadarius Toney,KAN,CHI,WR,0,0,0,0,0,0,0,0,1,1,-1,0,0.9
2023,3,Marquez Valdes-Scantling,KAN,CHI,WR,0,0,0,0,0,0,0,0,2,1,37,0,4.7
2023,3,Noah Gray,KAN,CHI,TE,0,0,0,0,0,0,0,0,2,1,9,0,1.9
2023,3,Patrick Mahomes,KAN,CHI,QB,33,24,272,3,0,3,28,0,0,0,0,0,25.68
2023,3,Rashee Rice,KAN,CHI,WR,0,0,0,0,0,0,0,0,7,5,59,0,10.9
2023,3,Skyy Moore,KAN,CHI,WR,0,0,0,0,0,0,0,0,6,4,42,0,8.2
2023,3,Travis Kelce,KAN,CHI,TE,0,0,0,0,0,0,0,0,8,7,69,1,19.9
2023,3,Derius Davis,LAC,MIN,WR,0,0,0,0,0,0,0,0,1,1,3,0,1.3
2023,3,Donald Parham,LAC,MIN,TE,0,0,0,0,0,0,0,0,2,2,4,2,14.4
2023,3,Gerald Everett,LAC,MIN,TE,0,0,0,0,0,0,0,0,6,6,30,0,9.0
2023,3,Isaiah Spiller,LAC,MIN,RB,0,0,0,0,0,2,7,0,0,0,0,0,0.7
2023,3,Josh Palmer,LAC,MIN,WR,0,0,0,0,0,0,0,0,7,4,66,1,14.6
2023,3,Joshua Kelley,LAC,MIN,RB,0,0,0,0,0,11,12,0,1,1,5,0,2.7
2023,3,Justin Herbert,LAC,MIN,QB,47,40,405,3,0,2,11,0,0,0,0,0,29.3
2023,3,Keenan Allen,LAC,MIN,WR,1,1,49,1,0,0,0,0,20,18,215,0,45.46
2023,3,Mike Williams,LAC,MIN,WR,0,0,0,0,0,0,0,0,8,7,121,1,25.1
2023,3,Quentin Johnston,LAC,MIN,WR,0,0,0,0,0,0,0,0,3,2,10,0,3.0
2023,3,Ben Skowronek,LAR,CIN,WR,0,0,0,0,0,0,0,0,1,1,3,0,1.3
2023,3,Kyren Williams,LAR,CIN,RB,0,0,0,0,0,10,38,0,7,2,27,0,8.5
2023,3,Matthew Stafford,LAR,CIN,QB,33,18,269,1,2,1,7,0,0,0,0,0,11.46
2023,3,Puka Nacua,LAR,CIN,WR,0,0,0,0,0,0,0,0,7,5,72,0,12.2
2023,3,Tutu Atwell,LAR,CIN,WR,0,0,0,0,0,1,22,0,9,4,50,1,17.2
2023,3,Tyler Higbee,LAR,CIN,TE,0,0,0,0,0,0,0,0,5,5,71,0,12.1
2023,3,Van Jefferson,LAR,CIN,WR,0,0,0,0,0,1,4,0,3,1,46,0,6.0
2023,3,Ameer Abdullah,LVR,PIT,RB,0,0,0,0,0,0,0,0,3,2,16,0,3.6
2023,3,Davante Adams,LVR,PIT,WR,0,0,0,0,0,0,0,0,20,13,172,2,42.2
2023,3,DeAndre Carter,LVR,PIT,WR,0,0,0,0,0,0,0,0,1,1,16,0,2.6
2023,3,Hunter Renfrow,LVR,PIT,WR,0,0,0,0,0,0,0,0,2,2,17,0,3.7
2023,3,Jakobi Meyers,LVR,PIT,WR,0,0,0,0,0,0,0,0,12,7,85,0,15.5
2023,3,Jimmy Garoppolo,LVR,PIT,QB,44,28,324,2,3,2,7,0,0,0,0,0,17.66
2023,3,Josh Jacobs,LVR,PIT,RB,0,0,0,0,0,17,62,0,5,3,18,0,11.0
2023,3,Michael Mayer,LVR,PIT,TE,0,0,0,0,0,0,0,0,1,0,0,0,2.0
2023,3,Alec Ingold,MIA,DEN,RB,0,0,0,0,0,2,0,0,0,0,0,0,0.0
2023,3,Braxton Berrios,MIA,DEN,WR,0,0,0,0,0,0,0,0,2,2,33,0,5.3
2023,3,Chris Brooks,MIA,DEN,RB,0,0,0,0,0,9,66,0,0,0,0,0,6.6
2023,3,De'Von Achane,MIA,DEN,RB,0,0,0,0,0,18,203,2,4,4,30,2,51.3
2023,3,Durham Smythe,MIA,DEN,TE,0,0,0,0,0,0,0,0,1,1,15,0,2.5
2023,3,Julian Hill,MIA,DEN,TE,0,0,0,0,0,0,0,0,1,0,0,0,0.0
2023,3,Mike White,MIA,DEN,QB,2,2,67,1,0,1,-1,0,0,0,0,0,6.58
2023,3,Raheem Mostert,MIA,DEN,RB,0,0,0,0,0,13,82,3,7,7,60,1,45.2
2023,3,River Cracraft,MIA,DEN,WR,0,0,0,0,0,0,0,0,1,1,13,0,2.3
2023,3,Robbie Chosen,MIA,DEN,WR,0,0,0,0,0,0,0,0,1,1,68,1,13.8
2023,3,Tua Tagovailoa,MIA,DEN,QB,26,23,309,4,0,0,0,0,0,0,0,0,28.36
2023,3,Tyreek Hill,MIA,DEN,WR,0,0,0,0,0,0,0,0,11,9,157,1,30.7
2023,3,Alexander Mattison,MIN,LAC,RB,0,0,0,0,0,20,93,0,7,5,32,0,17.5
2023,3,Brandon Powell,MIN,LAC,WR,0,0,0,0,0,0,0,0,1,1,5,0,1.5
2023,3,C.J. Ham,MIN,LAC,RB,0,0,0,0,0,0,0,0,1,1,7,0,1.7
2023,3,Jordan Addison,MIN,LAC,WR,0,0,0,0,0,0,0,0,8,6,52,0,11.2
2023,3,Josh Oliver,MIN,LAC,TE,0,0,0,0,0,0,0,0,2,2,4,1,8.4
2023,3,Justin Jefferson,MIN,LAC,WR,0,0,0,0,0,0,0,0,13,7,149,1,27.9
2023,3,K.J. Osborn,MIN,LAC,WR,0,0,0,0,0,0,0,0,3,1,36,1,10.6
2023,3,Kirk Cousins,MIN,LAC,QB,50,32,367,3,1,1,10,0,0,0,0,0,25.68
2023,3,T.J. Hockenson,MIN,LAC,TE,0,0,0,0,0,0,0,0,11,8,78,0,13.8
2023,3,Ty Chandler,MIN,LAC,RB,0,0,0,0,0,3,27,0,2,1,4,0,4.1
2023,3,Chris Olave,NOR,GNB,WR,0,0,0,0,0,0,0,0,11,8,104,0,18.4
2023,3,Derek Carr,NOR,GNB,QB,18,13,103,1,0,0,0,0,0,0,0,0,8.12
2023,3,Jameis Winston,NOR,GNB,QB,16,10,101,0,0,0,0,0,0,0,0,0,4.04
2023,3,Jimmy Graham,NOR,GNB,TE,0,0,0,0,0,0,0,0,1,1,8,1,7.8
2023,3,Juwan Johnson,NOR,GNB,TE,0,0,0,0,0,0,0,0,4,2,12,0,3.2
2023,3,Keith Kirkwood,NOR,GNB,WR,0,0,0,0,0,0,0,0,1,0,0,0,0.0
2023,3,Kendre Miller,NOR,GNB,RB,0,0,0,0,0,9,34,0,1,1,0,0,4.4
2023,3,Michael Thomas,NOR,GNB,WR,0,0,0,0,0,0,0,0,9,6,50,0,11.0
2023,3,Rashid Shaheed,NOR,GNB,WR,0,0,0,0,0,1,0,0,2,0,0,0,6.0
2023,3,Taysom Hill,NOR,GNB,TE,0,0,0,0,0,4,12,0,1,1,9,0,3.1
2023,3,Tony Jones,NOR,GNB,RB,0,0,0,0,0,8,31,0,4,4,21,0,9.2
2023,3,DeMario Douglas,NWE,NYJ,WR,0,0,0,0,0,1,5,0,3,1,15,0,3.0
2023,3,DeVante Parker,NWE,NYJ,WR,0,0,0,0,0,0,0,0,3,2,19,0,3.9
2023,3,Ezekiel Elliott,NWE,NYJ,RB,0,0,0,0,0,16,80,0,1,1,7,0,9.7
2023,3,Hunter Henry,NWE,NYJ,TE,0,0,0,0,0,0,0,0,5,2,17,0,3.7
2023,3,JuJu Smith-Schuster,NWE,NYJ,WR,0,0,0,0,0,0,0,0,3,1,5,0,1.5
2023,3,Kendrick Bourne,NWE,NYJ,WR,0,0,0,0,0,0,0,0,5,4,46,0,8.6
2023,3,Mac Jones,NWE,NYJ,QB,29,15,201,1,0,4,13,0,0,0,0,0,13.34
2023,3,Mike Gesicki,NWE,NYJ,TE,0,0,0,0,0,0,0,0,1,1,18,0,2.8
2023,3,Pharaoh Brown,NWE,NYJ,TE,0,0,0,0,0,0,0,0,2,2,71,1,15.1
2023,3,Rhamondre Stevenson,NWE,NYJ,RB,0,0,0,0,0,19,59,0,4,1,3,0,7.2
2023,3,Daniel Bellinger,NYG,SFO,TE,0,0,0,0,0,0,0,0,1,1,8,0,1.8
2023,3,Daniel Jones,NYG,SFO,QB,32,22,137,0,1,2,5,0,0,0,0,0,3.98
2023,3,Darius Slayton,NYG,SFO,WR,0,0,0,0,0,0,0,0,6,3,32,0,6.2
2023,3,Darren Waller,NYG,SFO,TE,0,0,0,0,0,0,0,0,7,3,20,0,5.0
2023,3,Gary Brightwell,NYG,SFO,RB,0,0,0,0,0,4,5,0,3,2,31,0,5.6
2023,3,Isaiah Hodgins,NYG,SFO,WR,0,0,0,0,0,0,0,0,1,0,0,0,0.0
2023,3,Matt Breida,NYG,SFO,RB,0,0,0,0,0,4,17,1,3,3,1,0,10.8
2023,3,Parris Campbell,NYG,SFO,WR,0,0,0,0,0,0,0,0,6,6,24,0,8.4
2023,3,Tyrod Taylor,NYG,SFO,QB,1,0,0,0,0,1,2,0,0,0,0,0,0.2
2023,3,Wan'Dale Robinson,NYG,SFO,WR,0,0,0,0,0,0,0,0,5,4,21,0,6.1
2023,3,Allen Lazard,NYJ,NWE,WR,0,0,0,0,0,0,0,0,5,3,39,0,6.9
2023,3,Breece Hall,NYJ,NWE,RB,0,0,0,0,0,12,18,0,2,1,9,0,3.7
2023,3,C.J. Uzomah,NYJ,NWE,TE,0,0,0,0,0,0,0,0,1,1,9,0,1.9
2023,3,Dalvin Cook,NYJ,NWE,RB,0,0,0,0,0,8,18,0,3,3,11,0,5.9
2023,3,Garrett Wilson,NYJ,NWE,WR,0,0,0,0,0,0,0,0,9,5,48,0,9.8
2023,3,Michael Carter,NYJ,NWE,RB,0,0,0,0,0,0,0,0,1,1,3,0,1.3
2023,3,Nick Bawden,NYJ,NWE,RB,0,0,0,0,0,1,1,1,0,0,0,0,6.1
2023,3,Randall Cobb,NYJ,NWE,WR,0,0,0,0,0,0,0,0,2,1,12,0,2.2
2023,3,Tyler Conklin,NYJ,NWE,TE,0,0,0,0,0,0,0,0,5,3,26,0,5.6
2023,3,Zach Wilson,NYJ,NWE,QB,36,18,157,0,0,1,1,0,0,0,0,0,6.38
2023,3,A.J. Brown,PHI,TAM,WR,0,0,0,0,0,0,0,0,14,9,131,0,22.1
2023,3,D'Andre Swift,PHI,TAM,RB,0,0,0,0,0,16,130,0,2,1,8,0,14.8
2023,3,Dallas Goedert,PHI,TAM,TE,0,0,0,0,0,0,0,0,7,5,41,0,9.1
2023,3,DeVonta Smith,PHI,TAM,WR,0,0,0,0,0,0,0,0,5,4,28,0,6.8
2023,3,Jack Stoll,PHI,TAM,TE,0,0,0,0,0,0,0,0,2,1,6,0,1.6
2023,3,Jalen Hurts,PHI,TAM,QB,37,23,277,1,2,10,28,1,0,0,0,0,19.88
2023,3,Kenny Gainwell,PHI,TAM,RB,0,0,0,0,0,14,43,0,2,1,5,0,5.8
2023,3,Olamide Zaccheaus,PHI,TAM,WR,0,0,0,0,0,0,0,0,3,2,58,1,13.8
2023,3,Allen Robinson,PIT,LVR,WR,0,0,0,0,0,0,0,0,4,4,24,0,6.4
2023,3,Calvin Austin III,PIT,LVR,WR,0,0,0,0,0,0,0,0,6,2,72,1,15.2
2023,3,Connor Heyward,PIT,LVR,RB,0,0,0,0,0,1,0,0,2,0,0,0,0.0
2023,3,George Pickens,PIT,LVR,WR,0,0,0,0,0,0,0,0,6,4,75,0,11.5
2023,3,Jaylen Warren,PIT,LVR,RB,0,0,0,0,0,8,29,0,4,3,23,0,8.2
2023,3,Kenny Pickett,PIT,LVR,QB,28,16,235,2,0,3,11,0,0,0,0,0,18.5
2023,3,Najee Harris,PIT,LVR,RB,0,0,0,0,0,19,65,0,1,0,0,0,6.5
2023,3,Pat Freiermuth,PIT,LVR,TE,0,0,0,0,0,0,0,0,4,3,41,1,13.1
2023,3,Colby Parkinson,SEA,CAR,TE,0,0,0,0,0,0,0,0,4,3,38,0,6.8
2023,3,DK Metcalf,SEA,CAR,WR,0,0,0,0,0,0,0,0,8,6,112,0,17.2
2023,3,DeeJay Dallas,SEA,CAR,RB,0,0,0,0,0,2,7,0,1,1,-2,0,1.5
2023,3,Geno Smith,SEA,CAR,QB,36,23,296,1,1,4,-4,0,0,0,0,0,15.44
2023,3,Jake Bobo,SEA,CAR,WR,0,0,0,0,0,0,0,0,2,1,5,1,7.5
2023,3,Jaxon Smith-Njigba,SEA,CAR,WR,0,0,0,0,0,0,0,0,3,1,10,0,2.0
2023,3,Kenneth Walker III,SEA,CAR,RB,0,0,0,0,0,18,97,2,3,3,59,0,30.6
2023,3,Noah Fant,SEA,CAR,TE,0,0,0,0,0,0,0,0,5,4,41,0,8.1
2023,3,Tyler Lockett,SEA,CAR,WR,0,0,0,0,0,0,0,0,7,3,34,0,8.4
2023,3,Zach Charbonnet,SEA,CAR,RB,0,0,0,0,0,9,46,0,2,1,-1,0,5.5
2023,3,Brock Purdy,SFO,NYG,QB,37,25,310,2,0,4,-1,0,0,0,0,0,20.3
2023,3,Christian McCaffrey,SFO,NYG,RB,0,0,0,0,0,18,85,1,5,5,34,0,22.9
2023,3,Deebo Samuel Sr.,SFO,NYG,WR,0,0,0,0,0,1,2,0,12,6,129,1,25.1
2023,3,Elijah Mitchell,SFO,NYG,RB,0,0,0,0,0,11,42,0,3,3,2,0,7.4
2023,3,George Kittle,SFO,NYG,TE,0,0,0,0,0,0,0,0,9,7,90,0,16.0
2023,3,Jauan Jennings,SFO,NYG,WR,0,0,0,0,0,0,0,0,3,2,31,0,5.1
2023,3,Jordan Mason,SFO,NYG,RB,0,0,0,0,0,3,11,0,0,0,0,0,1.1
2023,3,Kyle Juszczyk,SFO,NYG,RB,0,0,0,0,0,1,3,0,0,0,0,0,0.3
2023,3,Ronnie Bell,SFO,NYG,WR,0,0,0,0,0,0,0,0,2,2,24,1,10.4
2023,3,Sam Darnold,SFO,NYG,QB,0,0,0,0,0,1,-1,0,0,0,0,0,-0.1
2023,3,Baker Mayfield,TAM,PHI,QB,25,15,146,1,1,1,2,0,0,0,0,0,10.04
2023,3,Cade Otton,TAM,PHI,TE,0,0,0,0,0,0,0,0,2,1,16,0,2.6
2023,3,Chris Godwin Jr.,TAM,PHI,WR,0,0,0,0,0,0,0,0,5,3,32,0,8.2
2023,3,Deven Thompkins,TAM,PHI,WR,0,0,0,0,0,0,0,0,4,2,6,0,2.6
2023,3,Mike Evans,TAM,PHI,WR,0,0,0,0,0,0,0,0,10,5,60,1,17.0
2023,3,Rachaad White,TAM,PHI,RB,0,0,0,0,0,14,38,0,3,3,24,0,7.2
2023,3,Sean Tucker,TAM,PHI,RB,0,0,0,0,0,2,1,0,0,0,0,0,0.1
2023,3,Trey Palmer,TAM,PHI,WR,0,0,0,0,0,0,0,0,1,1,8,0,1.8
2023,3,Chig Okonkwo,TEN,CLE,TE,0,0,0,0,0,0,0,0,4,3,7,0,3.7
2023,3,Chris Moore,TEN,CLE,WR,0,0,0,0,0,0,0,0,3,2,41,0,6.1
2023,3,DeAndre Hopkins,TEN,CLE,WR,0,0,0,0,0,0,0,0,7,3,48,0,7.8
2023,3,Derrick Henry,TEN,CLE,RB,0,0,0,0,0,11,20,0,0,0,0,0,2.0
2023,3,Ryan Tannehill,TEN,CLE,QB,25,13,104,0,0,0,0,0,0,0,0,0,4.16
2023,3,Treylon Burks,TEN,CLE,WR,0,0,0,0,0,0,0,0,6,1,5,0,1.5
2023,3,Tyjae Spears,TEN,CLE,RB,0,0,0,0,0,4,6,0,4,4,3,0,4.9
2023,3,Antonio Gibson,WAS,BUF,RB,0,0,0,0,0,2,17,0,5,3,7,0,3.4
2023,3,Brian Robinson,WAS,BUF,RB,0,0,0,0,0,10,70,0,0,0,0,0,7.0
2023,3,Cole Turner,WAS,BUF,TE,0,0,0,0,0,0,0,0,7,4,35,0,7.5
2023,3,Curtis Samuel,WAS,BUF,WR,0,0,0,0,0,0,0,0,4,2,54,0,7.4
2023,3,Dyami Brown,WAS,BUF,WR,0,0,0,0,0,0,0,0,1,0,0,0,0.0
2023,3,Jahan Dotson,WAS,BUF,WR,0,0,0,0,0,0,0,0,4,2,21,0,4.1
2023,3,John Bates,WAS,BUF,TE,0,0,0,0,0,0,0,0,2,2,12,0,3.2
2023,3,Sam Howell,WAS,BUF,QB,29,19,170,0,4,1,18,0,0,0,0,0,0.6
2023,3,Terry McLaurin,WAS,BUF,WR,0,0,0,0,0,0,0,0,6,6,41,0,10.1
2023,4,Emari Demercado,ARI,SFO,RB,0,0,0,0,0,1,3,0,4,3,21,0,5.4
2023,4,Geoff Swaim,ARI,SFO,TE,0,0,0,0,0,0,0,0,1,0,0,0,0.0
2023,4,James Conner,ARI,SFO,RB,0,0,0,0,0,11,52,0,2,1,4,0,6.6
2023,4,Joshua Dobbs,ARI,SFO,QB,41,28,265,2,0,12,48,0,0,0,0,0,23.4
2023,4,Marquise Brown,ARI,SFO,WR,0,0,0,0,0,0,0,0,10,7,96,0,16.6
2023,4,Michael Wilson,ARI,SFO,WR,0,0,0,0,0,0,0,0,7,7,76,2,26.6
2023,4,Rondale Moore,ARI,SFO,WR,0,0,0,0,0,0,0,0,2,0,0,0,0.0
2023,4,Trey McBride,ARI,SFO,TE,0,0,0,0,0,0,0,0,1,1,5,0,1.5
2023,4,Zach Ertz,ARI,SFO,TE,0,0,0,0,0,0,0,0,10,6,53,0,11.3
2023,4,Zach Pascal,ARI,SFO,WR,0,0,0,0,0,0,0,0,4,3,10,0,4.0
2023,4,Bijan Robinson,ATL,JAX,RB,0,0,0,0,0,14,105,0,5,5,32,0,18.7
2023,4,Desmond Ridder,ATL,JAX,QB,31,19,191,1,2,1,6,0,0,0,0,0,6.24
2023,4,Drake London,ATL,JAX,WR,0,0,0,0,0,0,0,0,7,3,28,1,11.8
2023,4,Jonnu Smith,ATL,JAX,TE,0,0,0,0,0,0,0,0,6,6,95,0,15.5
2023,4,KhaDarel Hodge,ATL,JAX,WR,0,0,0,0,0,0,0,0,2,2,19,0,3.9
2023,4,Kyle Pitts,ATL,JAX,TE,0,0,0,0,0,0,0,0,4,2,21,0,4.1
2023,4,Mack Hollins,ATL,JAX,WR,0,0,0,0,0,0,0,0,3,0,0,0,0.0
2023,4,MyCole Pruitt,ATL,JAX,TE,0,0,0,0,0,0,0,0,1,0,0,0,0.0
2023,4,Tyler Allgeier,ATL,JAX,RB,0,0,0,0,0,7,16,0,2,1,-4,0,2.2
2023,4,Devin Duvernay,BAL,CLE,WR,0,0,0,0,0,0,0,0,2,2,8,0,2.8
2023,4,Gus Edwards,BAL,CLE,RB,0,0,0,0,0,15,48,0,3,2,1,0,6.9
2023,4,Justice Hill,BAL,CLE,RB,0,0,0,0,0,3,33,0,0,0,0,0,3.3
2023,4,Lamar Jackson,BAL,CLE,QB,19,15,186,2,0,9,27,2,0,0,0,0,28.14
2023,4,Mark Andrews,BAL,CLE,TE,0,0,0,0,0,0,0,0,5,5,80,2,25.0
2023,4,Melvin Gordon,BAL,CLE,RB,0,0,0,0,0,3,21,0,1,1,23,0,5.4
2023,4,Nelson Agholor,BAL,CLE,WR,0,0,0,0,0,0,0,0,2,1,4,0,1.4
2023,4,Patrick Ricard,BAL,CLE,RB,0,0,0,0,0,0,0,0,1,1,14,0,2.4
2023,4,Tyler Huntley,BAL,CLE,QB,0,0,0,0,0,2,8,0,0,0,0,0,0.8
2023,4,Zay Flowers,BAL,CLE,WR,0,0,0,0,0,1,-6,0,4,3,56,0,8.0
2023,4,Dalton Kincaid,BUF,MIA,TE,0,0,0,0,0,0,0,0,5,4,27,0,6.7
2023,4,Damien Harris,BUF,MIA,RB,0,0,0,0,0,6,29,0,0,0,0,0,2.9
2023,4,Dawson Knox,BUF,MIA,TE,0,0,0,0,0,0,0,0,1,1,12,0,2.2
2023,4,Deonte Harty,BUF,MIA,WR,0,0,0,0,0,0,0,0,2,2,10,0,3.0
2023,4,Gabe Davis,BUF,MIA,WR,0,0,0,0,0,0,0,0,3,3,61,1,15.1
2023,4,James Cook,BUF,MIA,RB,0,0,0,0,0,12,29,1,1,1,48,0,14.7
2023,4,Josh Allen,BUF,MIA,QB,25,21,320,4,0,4,17,1,0,0,0,0,36.5
2023,4,Khalil Shakir,BUF,MIA,WR,0,0,0,0,0,0,0,0,1,0,0,0,0.0
2023,4,Kyle Allen,BUF,MIA,QB,0,0,0,0,0,3,-3,0,0,0,0,0,-0.3
2023,4,Latavius Murray,BUF,MIA,RB,0,0,0,0,0,4,32,0,2,2,24,0,7.6
2023,4,Stefon Diggs,BUF,MIA,WR,0,0,0,0,0,0,0,0,7,6,120,3,36.0
2023,4,Trent Sherfield,BUF,MIA,WR,0,0,0,0,0,0,0,0,3,2,18,0,3.8
2023,4,Adam Thielen,CAR,MIN,WR,0,0,0,0,0,1,6,0,8,7,76,0,15.2
2023,4,Bryce Young,CAR,MIN,QB,32,25,204,0,0,2,10,0,0,0,0,0,7.16
2023,4,Chuba Hubbard,CAR,MIN,RB,0,0,0,0,0,14,41,0,2,2,12,0,7.3
2023,4,DJ Chark,CAR,MIN,WR,0,0,0,0,0,0,0,0,3,2,28,0,4.8
2023,4,Hayden Hurst,CAR,MIN,TE,0,0,0,0,0,0,0,0,3,1,7,0,1.7
2023,4,Ian Thomas,CAR,MIN,TE,0,0,0,0,0,0,0,0,1,0,0,0,0.0
2023,4,Laviska Shenault Jr.,CAR,MIN,WR,0,0,0,0,0,1,7,0,1,1,12,0,2.9
2023,4,Miles Sanders,CAR,MIN,RB,0,0,0,0,0,13,19,0,3,3,13,0,6.2
2023,4,Terrace Marshall Jr.,CAR,MIN,WR,0,0,0,0,0,0,0,0,10,9,56,0,14.6
2023,4,Cole Kmet,CHI,DEN,TE,0,0,0,0,0,1,1,0,9,7,85,2,27.6
2023,4,DJ Moore,CHI,DEN,WR,0,0,0,0,0,0,0,0,9,8,131,1,27.1
2023,4,Darnell Mooney,CHI,DEN,WR,0,0,0,0,0,0,0,0,4,4,51,0,9.1
2023,4,Equanimeous St. Brown,CHI,DEN,WR,0,0,0,0,0,0,0,0,1,1,21,0,3.1
2023,4,Justin Fields,CHI,DEN,QB,35,28,335,4,1,4,25,0,0,0,0,0,27.9
2023,4,Khalil Herbert,CHI,DEN,RB,0,0,0,0,0,18,103,0,5,4,19,1,22.2
2023,4,Marcedes Lewis,CHI,DEN,TE,0,0,0,0,0,0,0,0,1,1,8,0,1.8
2023,4,Robert Tonyan,CHI,DEN,TE,0,0,0,0,0,0,0,0,2,2,18,0,3.8
2023,4,Roschon Johnson,CHI,DEN,RB,0,0,0,0,0,5,13,0,1,1,2,0,2.5
2023,4,Tyler Scott,CHI,DEN,WR,0,0,0,0,0,2,19,0,0,0,0,0,1.9
2023,4,Velus Jones Jr.,CHI,DEN,WR,0,0,0,0,0,1,10,0,0,0,0,0,1.0
2023,4,Chase Brown,CIN,TEN,RB,0,0,0,0,0,0,0,0,1,1,-3,0,0.7
2023,4,Drew Sample,CIN,TEN,TE,0,0,0,0,0,0,0,0,1,1,-1,0,0.9
2023,4,Ja'Marr Chase,CIN,TEN,WR,0,0,0,0,0,0,0,0,9,7,73,0,14.3
2023,4,Joe Burrow,CIN,TEN,QB,30,20,165,0,0,3,1,0,0,0,0,0,4.7
2023,4,Joe Mixon,CIN,TEN,RB,0,0,0,0,0,14,67,0,1,1,9,0,8.6
2023,4,Mitchell Wilcox,CIN,TEN,TE,0,0,0,0,0,0,0,0,1,1,7,0,1.7
2023,4,Tanner Hudson,CIN,TEN,TE,0,0,0,0,0,0,0,0,2,2,18,0,3.8
2023,4,Tee Higgins,CIN,TEN,WR,0,0,0,0,0,0,0,0,4,2,19,0,3.9
2023,4,Trayveon Williams,CIN,TEN,RB,0,0,0,0,0,1,4,0,0,0,0,0,0.4
2023,4,Trenton Irwin,CIN,TEN,WR,0,0,0,0,0,0,0,0,1,1,17,0,2.7
2023,4,Tyler Boyd,CIN,TEN,WR,0,0,0,0,0,0,0,0,7,4,26,0,6.6
2023,4,Amari Cooper,CLE,BAL,WR,0,0,0,0,0,0,0,0,6,1,16,0,2.6
2023,4,Cedric Tillman,CLE,BAL,WR,0,0,0,0,0,0,0,0,3,1,5,0,1.5
2023,4,David Njoku,CLE,BAL,TE,0,0,0,0,0,0,0,0,7,6,46,0,10.6
2023,4,Donovan Peoples-Jones,CLE,BAL,WR,0,0,0,0,0,0,0,0,4,1,7,0,1.7
2023,4,Dorian Thompson-Robinson,CLE,BAL,QB,36,19,121,0,3,4,24,0,0,0,0,0,1.24
2023,4,Elijah Moore,CLE,BAL,WR,0,0,0,0,0,1,-20,0,4,2,20,0,2.0
2023,4,Harrison Bryant,CLE,BAL,TE,0,0,0,0,0,1,2,0,1,1,2,0,1.4
2023,4,Jerome Ford,CLE,BAL,RB,0,0,0,0,0,9,26,0,6,5,19,0,9.5
2023,4,Jordan Akins,CLE,BAL,TE,0,0,0,0,0,0,0,0,2,1,6,0,1.6
2023,4,Kareem Hunt,CLE,BAL,RB,0,0,0,0,0,5,12,0,0,0,0,0,1.2
2023,4,Marquise Goodwin,CLE,BAL,WR,0,0,0,0,0,0,0,0,1,1,0,0,1.0
2023,4,Pierre Strong,CLE,BAL,RB,0,0,0,0,0,5,49,0,0,0,0,0,4.9
2023,4,Brandin Cooks,DAL,NWE,WR,0,0,0,0,0,0,0,0,4,4,27,0,6.7
2023,4,CeeDee Lamb,DAL,NWE,WR,0,0,0,0,0,1,12,0,6,4,36,1,14.8
2023,4,Cooper Rush,DAL,NWE,QB,2,2,20,0,0,3,-2,0,0,0,0,0,0.6
2023,4,Dak Prescott,DAL,NWE,QB,34,28,261,1,0,1,-1,0,0,0,0,0,14.34
2023,4,Deuce Vaughn,DAL,NWE,RB,0,0,0,0,0,8,9,0,1,1,2,0,2.1
2023,4,Hunter Luepke,DAL,NWE,RB,0,0,0,0,0,2,4,1,0,0,0,0,6.4
2023,4,Jake Ferguson,DAL,NWE,TE,0,0,0,0,0,0,0,0,7,7,77,0,14.7
2023,4,Jalen Tolbert,DAL,NWE,WR,0,0,0,0,0,0,0,0,4,4,53,0,9.3
2023,4,KaVontae Turpin,DAL,NWE,WR,0,0,0,0,0,1,46,0,1,1,5,0,6.1
2023,4,Luke Schoonmaker,DAL,NWE,TE,0,0,0,0,0,0,0,0,3,0,0,0,0.0
2023,4,Michael Gallup,DAL,NWE,WR,0,0,0,0,0,0,0,0,6,5,60,0,11.0
2023,4,Rico Dowdle,DAL,NWE,RB,0,0,0,0,0,3,9,0,1,1,8,0,2.7
2023,4,Tony Pollard,DAL,NWE,RB,0,0,0,0,0,11,47,0,3,3,13,0,9.0
2023,4,Adam Trautman,DEN,CHI,TE,0,0,0,0,0,0,0,0,1,0,0,0,0.0
2023,4,Brandon Johnson,DEN,CHI,WR,0,0,0,0,0,0,0,0,1,1,4,1,7.4
2023,4,Chris Manhertz,DEN,CHI,TE,0,0,0,0,0,0,0,0,1,1,10,0,2.0
2023,4,Courtland Sutton,DEN,CHI,WR,0,0,0,0,0,0,0,0,5,3,27,1,11.7
2023,4,Jaleel McLaughlin,DEN,CHI,RB,0,0,0,0,0,7,72,0,3,3,32,1,19.4
2023,4,Javonte Williams,DEN,CHI,RB,0,0,0,0,0,2,0,0,3,3,9,0,3.9
2023,4,Jerry Jeudy,DEN,CHI,WR,0,0,0,0,0,0,0,0,5,3,52,0,8.2
2023,4,Lil'Jordan Humphrey,DEN,CHI,WR,0,0,0,0,0,0,0,0,1,1,11,0,2.1
2023,4,Marvin Mims Jr.,DEN,CHI,WR,0,0,0,0,0,0,0,0,2,2,47,0,6.7
2023,4,Nate Adkins,DEN,CHI,TE,0,0,0,0,0,0,0,0,2,2,8,0,2.8
2023,4,Russell Wilson,DEN,CHI,QB,28,21,223,3,0,4,13,0,0,0,0,0,22.22
2023,4,Samaje Perine,DEN,CHI,RB,0,0,0,0,0,6,12,0,2,2,23,0,5.5
2023,4,Amon-Ra St. Brown,DET,GNB,WR,0,0,0,0,0,0,0,0,7,5,56,1,16.6
2023,4,David Montgomery,DET,GNB,RB,0,0,0,0,0,32,121,3,2,2,20,0,34.1
2023,4,Jahmyr Gibbs,DET,GNB,RB,0,0,0,0,0,8,40,0,5,4,11,0,9.1
2023,4,Jared Goff,DET,GNB,QB,28,19,210,1,1,2,10,0,0,0,0,0,11.4
2023,4,Josh Reynolds,DET,GNB,WR,0,0,0,0,0,0,0,0,6,3,69,0,9.9
2023,4,Kalif Raymond,DET,GNB,WR,0,0,0,0,0,1,40,0,1,1,-2,0,4.8
2023,4,Marvin Jones,DET,GNB,WR,0,0,0,0,0,0,0,0,1,0,0,0,0.0
2023,4,Sam LaPorta,DET,GNB,TE,0,0,0,0,0,0,0,0,5,4,56,0,9.6
2023,4,AJ Dillon,GNB,DET,RB,0,0,0,0,0,5,11,0,1,0,0,0,1.1
2023,4,Aaron Jones,GNB,DET,RB,0,0,0,0,0,5,18,0,2,1,-4,0,2.4
2023,4,Christian Watson,GNB,DET,WR,0,0,0,0,0,0,0,0,4,2,25,1,10.5
2023,4,Dontayvion Wicks,GNB,DET,WR,0,0,0,0,0,0,0,0,1,0,0,0,0.0
2023,4,Jayden Reed,GNB,DET,WR,0,0,0,0,0,0,0,0,5,3,55,0,10.5
2023,4,Jordan Love,GNB,DET,QB,36,23,246,1,2,2,-2,1,0,0,0,0,17.64
2023,4,Josiah Deguara,GNB,DET,TE,0,0,0,0,0,0,0,0,4,4,34,0,7.4
2023,4,Luke Musgrave,GNB,DET,TE,0,0,0,0,0,0,0,0,1,1,1,0,1.1
2023,4,Romeo Doubs,GNB,DET,WR,0,0,0,0,0,0,0,0,13,9,95,0,18.5
2023,4,Samori Toure,GNB,DET,WR,0,0,0,0,0,0,0,0,1,1,35,0,4.5
2023,4,Tucker Kraft,GNB,DET,TE,0,0,0,0,0,0,0,0,2,2,5,0,2.5
2023,4,Andrew Beck,HOU,PIT,RB,0,0,0,0,0,0,0,0,1,0,0,0,0.0
2023,4,C.J. Stroud,HOU,PIT,QB,30,16,306,2,0,4,16,0,0,0,0,0,21.84
2023,4,Dalton Schultz,HOU,PIT,TE,0,0,0,0,0,0,0,0,3,3,42,1,13.2
2023,4,Dameon Pierce,HOU,PIT,RB,0,0,0,0,0,24,81,0,2,1,27,0,11.8
2023,4,Devin Singletary,HOU,PIT,RB,1,1,6,1,0,7,25,0,1,1,11,0,8.84
2023,4,John Metchie III,HOU,PIT,WR,0,0,0,0,0,0,0,0,2,1,22,0,3.2
2023,4,Mike Boone,HOU,PIT,RB,0,0,0,0,0,1,4,0,0,0,0,0,0.4
2023,4,Nico Collins,HOU,PIT,WR,0,0,0,0,0,0,0,0,9,7,168,2,35.8
2023,4,Robert Woods,HOU,PIT,WR,0,0,0,0,0,0,0,0,6,3,26,0,5.6
2023,4,Tank Dell,HOU,PIT,WR,0,0,0,0,0,2,13,0,3,1,16,0,3.9
2023,4,Alec Pierce,IND,LAR,WR,0,0,0,0,0,0,0,0,2,1,38,0,4.8
2023,4,Andrew Ogletree,IND,LAR,TE,0,0,0,0,0,0,0,0,4,3,48,1,13.8
2023,4,Anthony Richardson,IND,LAR,QB,25,11,200,2,0,10,56,1,0,0,0,0,29.6
2023,4,Isaiah McKenzie,IND,LAR,WR,0,0,0,0,0,0,0,0,3,1,6,0,1.6
2023,4,Josh Downs,IND,LAR,WR,0,0,0,0,0,0,0,0,3,2,34,0,5.4
2023,4,Kylen Granson,IND,LAR,TE,0,0,0,0,0,0,0,0,5,2,24,0,4.4
2023,4,Michael Pittman,IND,LAR,WR,0,0,0,0,0,0,0,0,5,1,15,0,4.5
2023,4,Mo Alie-Cox,IND,LAR,TE,0,0,0,0,0,0,0,0,1,1,35,1,10.5
2023,4,Trey Sermon,IND,LAR,RB,0,0,0,0,0,3,7,0,0,0,0,0,0.7
2023,4,Zack Moss,IND,LAR,RB,0,0,0,0,0,18,70,0,1,0,0,0,9.0
2023,4,Calvin Ridley,JAX,ATL,WR,0,0,0,0,0,0,0,0,2,2,38,1,11.8
2023,4,Christian Kirk,JAX,ATL,WR,0,0,0,0,0,0,0,0,12,8,84,0,16.4
2023,4,D'Ernest Johnson,JAX,ATL,RB,0,0,0,0,0,1,-2,0,0,0,0,0,-0.2
2023,4,Evan Engram,JAX,ATL,TE,0,0,0,0,0,0,0,0,8,7,59,0,12.9
2023,4,JaMycal Hasty,JAX,ATL,RB,0,0,0,0,0,0,0,0,2,0,0,0,0.0
2023,4,Luke Farrell,JAX,ATL,TE,0,0,0,0,0,0,0,0,2,2,10,0,3.0
2023,4,Tank Bigsby,JAX,ATL,RB,0,0,0,0,0,3,10,0,0,0,0,0,1.0
2023,4,Tim Jones,JAX,ATL,WR,0,0,0,0,0,0,0,0,1,1,-1,0,0.9
2023,4,Travis Etienne,JAX,ATL,RB,0,0,0,0,0,20,55,0,3,3,17,0,10.2
2023,4,Trevor Lawrence,JAX,ATL,QB,30,23,207,1,0,8,42,0,0,0,0,0,16.48
2023,4,Clyde Edwards-Helaire,KAN,NYJ,RB,0,0,0,0,0,3,12,0,1,1,1,0,2.3
2023,4,Isiah Pacheco,KAN,NYJ,RB,0,0,0,0,0,20,115,1,3,3,43,0,24.8
2023,4,Jerick McKinnon,KAN,NYJ,RB,0,0,0,0,0,3,7,0,1,0,0,0,0.7
2023,4,Justin Watson,KAN,NYJ,WR,0,0,0,0,0,0,0,0,1,1,5,0,1.5
2023,4,Kadarius Toney,KAN,NYJ,WR,0,0,0,0,0,0,0,0,2,2,22,0,4.2
2023,4,Marquez Valdes-Scantling,KAN,NYJ,WR,0,0,0,0,0,0,0,0,2,1,6,0,1.6
2023,4,Noah Gray,KAN,NYJ,TE,0,0,0,0,0,0,0,0,3,1,34,1,10.4
2023,4,Patrick Mahomes,KAN,NYJ,QB,30,18,203,1,2,7,51,0,0,0,0,0,13.22
2023,4,Rashee Rice,KAN,NYJ,WR,0,0,0,0,0,0,0,0,5,3,32,0,6.2
2023,4,Skyy Moore,KAN,NYJ,WR,0,0,0,0,0,2,19,0,2,0,0,0,1.9
2023,4,Travis Kelce,KAN,NYJ,TE,0,0,0,0,0,0,0,0,9,6,60,0,12.0
2023,4,Derius Davis,LAC,LVR,WR,0,0,0,0,0,3,51,0,2,2,16,0,8.7
2023,4,Donald Parham,LAC,LVR,TE,0,0,0,0,0,0,0,0,1,0,0,0,0.0
2023,4,Gerald Everett,LAC,LVR,TE,0,0,0,0,0,0,0,0,2,2,9,0,2.9
2023,4,Isaiah Spiller,LAC,LVR,RB,0,0,0,0,0,5,12,0,2,2,15,0,4.7
2023,4,Josh Palmer,LAC,LVR,WR,0,0,0,0,0,0,0,0,8,3,77,0,10.7
2023,4,Joshua Kelley,LAC,LVR,RB,0,0,0,0,0,17,65,0,0,0,0,0,6.5
2023,4,Justin Herbert,LAC,LVR,QB,24,13,167,1,1,12,27,2,0,0,0,0,23.38
2023,4,Keenan Allen,LAC,LVR,WR,0,0,0,0,0,0,0,0,5,3,32,1,12.2
2023,4,Quentin Johnston,LAC,LVR,WR,0,0,0,0,0,0,0,0,3,1,18,0,2.8
2023,4,Stone Smartt,LAC,LVR,TE,0,0,0,0,0,0,0,0,1,0,0,0,0.0
2023,4,Brycen Hopkins,LAR,IND,TE,0,0,0,0,0,0,0,0,1,1,5,0,1.5
2023,4,Kyren Williams,LAR,IND,RB,0,0,0,0,0,25,103,2,3,3,24,0,27.7
2023,4,Matthew Stafford,LAR,IND,QB,40,27,319,1,1,2,14,0,0,0,0,0,16.16
2023,4,Puka Nacua,LAR,IND,WR,0,0,0,0,0,0,0,0,10,9,163,1,31.3
2023,4,Ronnie Rivers,LAR,IND,RB,0,0,0,0,0,9,47,0,2,2,10,0,7.7
2023,4,Tutu Atwell,LAR,IND,WR,0,0,0,0,0,0,0,0,9,5,24,0,7.4
2023,4,Tyler Higbee,LAR,IND,TE,0,0,0,0,0,0,0,0,11,5,64,0,11.4
2023,4,Van Jefferson,LAR,IND,WR,0,0,0,0,0,0,0,0,3,2,29,0,4.9
2023,4,Aidan O'Connell,LVR,LAC,QB,39,24,238,0,1,3,3,1,0,0,0,0,9.82
2023,4,Ameer Abdullah,LVR,LAC,RB,0,0,0,0,0,0,0,0,2,2,14,0,3.4
2023,4,Austin Hooper,LVR,LAC,TE,0,0,0,0,0,0,0,0,2,1,11,0,2.1
2023,4,Davante Adams,LVR,LAC,WR,0,0,0,0,0,0,0,0,13,8,75,0,15.5
2023,4,Hunter Renfrow,LVR,LAC,WR,0,0,0,0,0,0,0,0,4,2,12,0,3.2
2023,4,Jakob Johnson,LVR,LAC,RB,0,0,0,0,0,0,0,0,2,1,12,0,2.2
2023,4,Jakobi Meyers,LVR,LAC,WR,0,0,0,0,0,0,0,0,4,2,33,0,5.3
2023,4,Josh Jacobs,LVR,LAC,RB,0,0,0,0,0,17,58,1,11,8,81,0,27.9
2023,4,Zamir White,LVR,LAC,RB,0,0,0,0,0,3,15,0,0,0,0,0,1.5
2023,4,Alec Ingold,MIA,BUF,RB,0,0,0,0,0,0,0,0,1,1,23,0,3.3
2023,4,Braxton Berrios,MIA,BUF,WR,0,0,0,0,0,1,11,0,6,6,43,1,17.4
2023,4,Cedrick Wilson Jr.,MIA,BUF,WR,0,0,0,0,0,0,0,0,2,1,16,0,2.6
2023,4,De'Von Achane,MIA,BUF,RB,0,0,0,0,0,8,101,2,5,3,19,0,27.0
2023,4,Durham Smythe,MIA,BUF,TE,0,0,0,0,0,0,0,0,4,4,41,0,8.1
2023,4,Jaylen Waddle,MIA,BUF,WR,0,0,0,0,0,0,0,0,5,4,46,0,8.6
2023,4,Raheem Mostert,MIA,BUF,RB,0,0,0,0,0,7,9,0,5,3,36,0,5.5
2023,4,Robbie Chosen,MIA,BUF,WR,0,0,0,0,0,0,0,0,1,0,0,0,0.0
2023,4,Tua Tagovailoa,MIA,BUF,QB,35,25,282,1,1,2,7,0,0,0,0,0,13.98
2023,4,Tyreek Hill,MIA,BUF,WR,0,0,0,0,0,1,14,0,5,3,58,0,10.2
2023,4,Alexander Mattison,MIN,CAR,RB,0,0,0,0,0,17,95,0,1,1,3,0,10.8
2023,4,Cam Akers,MIN,CAR,RB,0,0,0,0,0,5,40,0,2,2,11,0,7.1
2023,4,Jordan Addison,MIN,CAR,WR,0,0,0,0,0,0,0,0,1,0,0,0,0.0
2023,4,Justin Jefferson,MIN,CAR,WR,0,0,0,0,0,0,0,0,9,6,85,2,26.5
2023,4,K.J. Osborn,MIN,CAR,WR,0,0,0,0,0,0,0,0,2,1,16,0,2.6
2023,4,Kirk Cousins,MIN,CAR,QB,19,12,139,2,2,1,0,0,0,0,0,0,9.56
2023,4,T.J. Hockenson,MIN,CAR,TE,0,0,0,0,0,0,0,0,3,2,24,0,4.4
2023,4,Adam Prentice,NOR,TAM,RB,0,0,0,0,0,1,5,0,2,1,5,0,0.0
2023,4,Alvin Kamara,NOR,TAM,RB,0,0,0,0,0,11,51,0,14,13,33,0,21.4
2023,4,Chris Olave,NOR,TAM,WR,0,0,0,0,0,0,0,0,6,1,4,0,1.4
2023,4,Derek Carr,NOR,TAM,QB,37,23,127,0,0,2,1,0,0,0,0,0,3.18
2023,4,Kendre Miller,NOR,TAM,RB,0,0,0,0,0,1,3,0,1,1,5,0,1.8
2023,4,Lynn Bowden,NOR,TAM,WR,0,0,0,0,0,0,0,0,1,0,0,0,0.0
2023,4,Michael Thomas,NOR,TAM,WR,0,0,0,0,0,0,0,0,6,4,53,0,9.3
2023,4,Rashid Shaheed,NOR,TAM,WR,0,0,0,0,0,0,0,0,7,3,33,0,6.3
2023,4,Taysom Hill,NOR,TAM,TE,1,1,13,0,0,4,10,0,1,1,7,0,3.22
2023,4,Bailey Zappe,NWE,DAL,QB,9,4,57,0,0,0,0,0,0,0,0,0,2.28
2023,4,DeMario Douglas,NWE,DAL,WR,0,0,0,0,0,0,0,0,3,2,45,0,6.5
2023,4,DeVante Parker,NWE,DAL,WR,0,0,0,0,0,0,0,0,4,2,33,0,5.3
2023,4,Ezekiel Elliott,NWE,DAL,RB,0,0,0,0,0,6,16,0,3,2,6,0,4.2
2023,4,Hunter Henry,NWE,DAL,TE,0,0,0,0,0,0,0,0,5,4,51,0,9.1
2023,4,JuJu Smith-Schuster,NWE,DAL,WR,0,0,0,0,0,0,0,0,5,1,14,0,2.4
2023,4,Kendrick Bourne,NWE,DAL,WR,0,0,0,0,0,0,0,0,3,2,36,0,5.6
2023,4,Mac Jones,NWE,DAL,QB,21,12,150,0,2,3,7,0,0,0,0,0,0.7
2023,4,Mike Gesicki,NWE,DAL,TE,0,0,0,0,0,0,0,0,3,1,12,0,2.2
2023,4,Rhamondre Stevenson,NWE,DAL,RB,0,0,0,0,0,14,30,0,3,2,10,0,6.0
2023,4,Daniel Bellinger,NYG,SEA,TE,0,0,0,0,0,0,0,0,1,1,6,0,1.6
2023,4,Daniel Jones,NYG,SEA,QB,34,27,203,0,2,10,66,0,0,0,0,0,8.72
2023,4,Darius Slayton,NYG,SEA,WR,0,0,0,0,0,0,0,0,3,2,23,0,4.3
2023,4,Darren Waller,NYG,SEA,TE,0,0,0,0,0,0,0,0,3,3,21,0,5.1
2023,4,Gary Brightwell,NYG,SEA,RB,0,0,0,0,0,4,9,0,2,1,10,0,2.9
2023,4,Isaiah Hodgins,NYG,SEA,WR,0,0,0,0,0,0,0,0,3,3,24,0,5.4
2023,4,Jalin Hyatt,NYG,SEA,WR,0,0,0,0,0,0,0,0,2,2,10,0,3.0
2023,4,Matt Breida,NYG,SEA,RB,0,0,0,0,0,14,30,0,5,5,48,0,12.8
2023,4,Parris Campbell,NYG,SEA,WR,0,0,0,0,0,0,0,0,5,3,15,0,4.5
2023,4,Sterling Shepard,NYG,SEA,WR,0,0,0,0,0,0,0,0,1,1,6,0,1.6
2023,4,Wan'Dale Robinson,NYG,SEA,WR,0,0,0,0,0,1,7,0,6,5,40,0,9.7
2023,4,Allen Lazard,NYJ,KAN,WR,0,0,0,0,0,0,0,0,3,3,61,1,15.1
2023,4,Breece Hall,NYJ,KAN,RB,0,0,0,0,0,6,56,0,4,3,13,0,9.9
2023,4,C.J. Uzomah,NYJ,KAN,TE,0,0,0,0,0,0,0,0,1,1,1,1,7.1
2023,4,Dalvin Cook,NYJ,KAN,RB,0,0,0,0,0,5,16,0,1,1,2,0,2.8
2023,4,Garrett Wilson,NYJ,KAN,WR,0,0,0,0,0,0,0,0,14,9,60,0,15.0
2023,4,Jeremy Ruckert,NYJ,KAN,TE,0,0,0,0,0,0,0,0,2,2,26,0,4.6
2023,4,Michael Carter,NYJ,KAN,RB,0,0,0,0,0,1,9,0,3,2,12,0,4.1
2023,4,Randall Cobb,NYJ,KAN,WR,0,0,0,0,0,0,0,0,4,2,8,0,2.8
2023,4,Tyler Conklin,NYJ,KAN,TE,0,0,0,0,0,0,0,0,6,4,58,0,9.8
2023,4,Xavier Gipson,NYJ,KAN,WR,0,0,0,0,0,2,13,0,1,1,4,0,2.7
2023,4,Zach Wilson,NYJ,KAN,QB,39,28,245,2,0,2,14,0,0,0,0,0,19.2
2023,4,A.J. Brown,PHI,WAS,WR,0,0,0,0,0,0,0,0,13,9,175,2,38.5
2023,4,D'Andre Swift,PHI,WAS,RB,0,0,0,0,0,14,56,1,4,4,23,0,17.9
2023,4,Dallas Goedert,PHI,WAS,TE,0,0,0,0,0,0,0,0,4,2,25,0,4.5
2023,4,DeVonta Smith,PHI,WAS,WR,0,0,0,0,0,0,0,0,9,7,78,0,14.8
2023,4,Jalen Hurts,PHI,WAS,QB,37,25,319,2,0,9,34,0,0,0,0,0,24.16
2023,4,Kenny Gainwell,PHI,WAS,RB,0,0,0,0,0,4,14,0,2,2,7,0,6.1
2023,4,Olamide Zaccheaus,PHI,WAS,WR,0,0,0,0,0,0,0,0,2,1,11,0,2.1
2023,4,Allen Robinson,PIT,HOU,WR,0,0,0,0,0,0,0,0,2,1,8,0,1.8
2023,4,Calvin Austin III,PIT,HOU,WR,0,0,0,0,0,1,5,0,5,3,24,0,5.9
2023,4,Darnell Washington,PIT,HOU,TE,0,0,0,0,0,0,0,0,1,1,10,0,2.0
2023,4,George Pickens,PIT,HOU,WR,0,0,0,0,0,0,0,0,7,3,25,0,5.5
2023,4,Jaylen Warren,PIT,HOU,RB,0,0,0,0,0,8,29,0,6,6,26,0,11.5
2023,4,Kenny Pickett,PIT,HOU,QB,23,15,114,0,1,2,9,0,0,0,0,0,3.46
2023,4,Mitchell Trubisky,PIT,HOU,QB,5,3,18,0,0,0,0,0,0,0,0,0,0.72
2023,4,Najee Harris,PIT,HOU,RB,0,0,0,0,0,14,71,0,2,1,32,0,11.3
2023,4,Pat Freiermuth,PIT,HOU,TE,0,0,0,0,0,0,0,0,4,3,7,0,3.7
2023,4,Cody Thompson,SEA,NYG,WR,0,0,0,0,0,0,0,0,1,1,10,0,2.0
2023,4,Colby Parkinson,SEA,NYG,TE,0,0,0,0,0,0,0,0,1,0,0,0,0.0
2023,4,DK Metcalf,SEA,NYG,WR,0,0,0,0,0,0,0,0,4,3,34,1,12.4
2023,4,DeeJay Dallas,SEA,NYG,RB,0,0,0,0,0,0,0,0,1,0,0,0,0.0
2023,4,Drew Lock,SEA,NYG,QB,6,2,63,0,0,1,11,0,0,0,0,0,3.62
2023,4,Geno Smith,SEA,NYG,QB,20,13,110,1,0,0,0,0,1,1,-2,0,9.2
2023,4,Jake Bobo,SEA,NYG,WR,0,0,0,0,0,0,0,0,1,0,0,0,0.0
2023,4,Jaxon Smith-Njigba,SEA,NYG,WR,0,0,0,0,0,0,0,0,6,3,5,0,3.5
2023,4,Kenneth Walker III,SEA,NYG,RB,0,0,0,0,0,17,79,1,0,0,0,0,13.9
2023,4,Noah Fant,SEA,NYG,TE,0,0,0,0,0,0,0,0,2,2,63,0,8.3
2023,4,Tyler Lockett,SEA,NYG,WR,0,0,0,0,0,0,0,0,6,4,54,0,9.4
2023,4,Zach Charbonnet,SEA,NYG,RB,0,0,0,0,0,5,31,0,3,1,9,0,5.0
2023,4,Brandon Aiyuk,SFO,ARI,WR,0,0,0,0,0,0,0,0,6,6,148,0,20.8
2023,4,Brock Purdy,SFO,ARI,QB,21,20,283,1,0,2,0,1,0,0,0,0,21.32
2023,4,Christian McCaffrey,SFO,ARI,RB,0,0,0,0,0,20,106,3,8,7,71,1,48.7
2023,4,Deebo Samuel Sr.,SFO,ARI,WR,0,0,0,0,0,3,6,0,0,0,0,0,0.6
2023,4,George Kittle,SFO,ARI,TE,0,0,0,0,0,0,0,0,1,1,9,0,1.9
2023,4,Jordan Mason,SFO,ARI,RB,0,0,0,0,0,3,10,0,1,1,13,0,3.3
2023,4,Kyle Juszczyk,SFO,ARI,RB,0,0,0,0,0,2,3,0,1,1,4,0,1.7
2023,4,Ray-Ray McCloud,SFO,ARI,WR,0,0,0,0,0,0,0,0,2,2,22,0,4.2
2023,4,Ronnie Bell,SFO,ARI,WR,0,0,0,0,0,0,0,0,1,1,7,0,1.7
2023,4,Sam Darnold,SFO,ARI,QB,0,0,0,0,0,1,-1,0,0,0,0,0,-0.1
2023,4,Willie Snead,SFO,ARI,WR,0,0,0,0,0,0,0,0,1,1,9,0,1.9
2023,4,Baker Mayfield,TAM,NOR,QB,32,25,246,3,1,8,31,0,0,0,0,0,22.94
2023,4,Cade Otton,TAM,NOR,TE,0,0,0,0,0,0,0,0,4,3,13,1,10.3
2023,4,Chris Godwin Jr.,TAM,NOR,WR,1,0,0,0,0,0,0,0,11,8,114,0,19.4
2023,4,Deven Thompkins,TAM,NOR,WR,0,0,0,0,0,1,11,0,4,4,45,1,15.6
2023,4,Ke'Shawn Vaughn,TAM,NOR,RB,0,0,0,0,0,9,16,0,1,1,3,0,2.9
2023,4,Mike Evans,TAM,NOR,WR,0,0,0,0,0,0,0,0,3,3,40,0,7.0
2023,4,Rachaad White,TAM,NOR,RB,0,0,0,0,0,15,56,0,3,3,22,0,10.8
2023,4,Rakim Jarrett,TAM,NOR,WR,0,0,0,0,0,0,0,0,1,1,3,0,1.3
2023,4,Trey Palmer,TAM,NOR,WR,0,0,0,0,0,0,0,0,3,2,6,1,8.6
2023,4,Chig Okonkwo,TEN,CIN,TE,0,0,0,0,0,0,0,0,3,3,29,0,5.9
2023,4,Chris Moore,TEN,CIN,WR,0,0,0,0,0,0,0,0,3,1,44,0,5.4
2023,4,Colton Dowell,TEN,CIN,WR,0,0,0,0,0,0,0,0,1,0,0,0,0.0
2023,4,DeAndre Hopkins,TEN,CIN,WR,0,0,0,0,0,0,0,0,6,4,63,0,10.3
2023,4,Derrick Henry,TEN,CIN,RB,1,1,2,1,0,22,122,1,1,1,11,0,24.38
2023,4,Josh Whyle,TEN,CIN,TE,0,0,0,0,0,0,0,0,2,2,26,1,10.6
2023,4,Nick Westbrook-Ikhine,TEN,CIN,WR,0,0,0,0,0,0,0,0,6,5,51,1,16.1
2023,4,Ryan Tannehill,TEN,CIN,QB,25,18,240,1,1,6,11,0,0,0,0,0,12.7
2023,4,Tyjae Spears,TEN,CIN,RB,0,0,0,0,0,5,40,0,4,3,18,0,8.8
2023,4,Antonio Gibson,WAS,PHI,RB,0,0,0,0,0,6,19,0,1,1,7,0,3.6
2023,4,Brian Robinson,WAS,PHI,RB,0,0,0,0,0,14,45,1,2,2,6,0,13.1
2023,4,Byron Pringle,WAS,PHI,WR,0,0,0,0,0,0,0,0,2,1,15,0,2.5
2023,4,Curtis Samuel,WAS,PHI,WR,0,0,0,0,0,1,1,1,8,7,51,0,18.2
2023,4,Dyami Brown,WAS,PHI,WR,0,0,0,0,0,0,0,0,3,2,51,0,7.1
2023,4,Jahan Dotson,WAS,PHI,WR,0,0,0,0,0,0,0,0,9,4,27,1,12.7
2023,4,John Bates,WAS,PHI,TE,0,0,0,0,0,0,0,0,1,1,6,0,1.6
2023,4,Logan Thomas,WAS,PHI,TE,0,0,0,0,0,1,2,0,3,3,41,0,7.3
2023,4,Sam Howell,WAS,PHI,QB,41,29,290,1,0,6,40,0,0,0,0,0,19.6
2023,4,Terry McLaurin,WAS,PHI,WR,0,0,0,0,0,0,0,0,10,8,86,0,16.6
2023,5,Emari Demercado,ARI,CIN,RB,0,0,0,0,0,10,45,1,3,1,12,0,12.7
2023,5,Geoff Swaim,ARI,CIN,TE,0,0,0,0,0,0,0,0,2,2,22,0,4.2
2023,5,James Conner,ARI,CIN,RB,0,0,0,0,0,6,46,0,0,0,0,0,4.6
2023,5,Joshua Dobbs,ARI,CIN,QB,32,15,166,2,2,3,1,0,0,0,0,0,8.74
2023,5,Marquise Brown,ARI,CIN,WR,0,0,0,0,0,0,0,0,10,4,61,1,16.1
2023,5,Michael Wilson,ARI,CIN,WR,0,0,0,0,0,0,0,0,2,1,18,0,2.8
2023,5,Rondale Moore,ARI,CIN,WR,0,0,0,0,0,3,50,0,5,3,26,0,10.6
2023,5,Trey McBride,ARI,CIN,TE,0,0,0,0,0,0,0,0,3,2,17,0,3.7
2023,5,Zach Ertz,ARI,CIN,TE,0,0,0,0,0,0,0,0,4,2,10,1,9.0
2023,5,Zach Pascal,ARI,CIN,WR,0,0,0,0,0,0,0,0,1,0,0,0,0.0
2023,5,Bijan Robinson,ATL,HOU,RB,0,0,0,0,0,14,46,0,2,2,12,1,11.8
2023,5,Cordarrelle Patterson,ATL,HOU,RB,0,0,0,0,0,0,0,0,1,1,7,0,1.7
2023,5,Desmond Ridder,ATL,HOU,QB,37,28,329,1,0,4,10,1,0,0,0,0,26.16
2023,5,Drake London,ATL,HOU,WR,1,1,22,0,0,0,0,0,9,6,78,0,14.68
2023,5,Jonnu Smith,ATL,HOU,TE,0,0,0,0,0,0,0,0,7,6,67,0,10.7
2023,5,Keith Smith,ATL,HOU,RB,0,0,0,0,0,0,0,0,1,1,28,0,3.8
2023,5,KhaDarel Hodge,ATL,HOU,WR,0,0,0,0,0,1,0,0,1,1,11,0,2.1
2023,5,Kyle Pitts,ATL,HOU,TE,0,0,0,0,0,0,0,0,11,7,87,0,15.7
2023,5,Mack Hollins,ATL,HOU,WR,0,0,0,0,0,0,0,0,2,2,29,0,4.9
2023,5,MyCole Pruitt,ATL,HOU,TE,0,0,0,0,0,0,0,0,1,1,22,0,3.2
2023,5,Scott Miller,ATL,HOU,WR,0,0,0,0,0,0,0,0,2,2,10,0,3.0
2023,5,Tyler Allgeier,ATL,HOU,RB,0,0,0,0,0,17,40,0,1,0,0,0,6.0
2023,5,Devin Duvernay,BAL,PIT,WR,0,0,0,0,0,0,0,0,1,0,0,0,0.0
2023,5,Gus Edwards,BAL,PIT,RB,0,0,0,0,0,12,48,0,0,0,0,0,4.8
2023,5,Justice Hill,BAL,PIT,RB,0,0,0,0,0,7,32,1,4,4,13,0,12.5
2023,5,Lamar Jackson,BAL,PIT,QB,38,22,236,0,1,6,45,0,0,0,0,0,9.94
2023,5,Mark Andrews,BAL,PIT,TE,0,0,0,0,0,0,0,0,10,6,65,0,12.5
2023,5,Nelson Agholor,BAL,PIT,WR,0,0,0,0,0,0,0,0,5,4,64,0,10.4
2023,5,Odell Beckham Jr.,BAL,PIT,WR,0,0,0,0,0,0,0,0,4,2,13,0,3.3
2023,5,Rashod Bateman,BAL,PIT,WR,0,0,0,0,0,0,0,0,3,1,8,0,1.8
2023,5,Zay Flowers,BAL,PIT,WR,0,0,0,0,0,0,0,0,11,5,73,0,12.3
2023,5,Dalton Kincaid,BUF,JAX,TE,0,0,0,0,0,0,0,0,2,2,19,0,3.9
2023,5,Damien Harris,BUF,JAX,RB,0,0,0,0,0,3,13,0,0,0,0,0,1.3
2023,5,Dawson Knox,BUF,JAX,TE,0,0,0,0,0,0,0,0,6,3,17,0,4.7
2023,5,Deonte Harty,BUF,JAX,WR,0,0,0,0,0,0,0,0,2,2,62,0,8.2
2023,5,Gabe Davis,BUF,JAX,WR,0,0,0,0,0,0,0,0,8,6,100,1,22.0
2023,5,James Cook,BUF,JAX,RB,0,0,0,0,0,5,-4,0,4,3,25,0,5.1
2023,5,Josh Allen,BUF,JAX,QB,40,27,359,2,1,4,14,1,0,0,0,0,27.76
2023,5,Khalil Shakir,BUF,JAX,WR,0,0,0,0,0,0,0,0,1,1,11,0,2.1
2023,5,Latavius Murray,BUF,JAX,RB,0,0,0,0,0,2,6,0,1,1,1,0,1.7
2023,5,Stefon Diggs,BUF,JAX,WR,0,0,0,0,0,0,0,0,11,8,121,1,24.1
2023,5,Trent Sherfield,BUF,JAX,WR,0,0,0,0,0,0,0,0,1,1,3,0,1.3
2023,5,Adam Thielen,CAR,DET,WR,0,0,0,0,0,0,0,0,13,11,107,1,27.7
2023,5,Andy Dalton,CAR,DET,QB,0,0,0,0,0,1,1,0,0,0,0,0,0.1
2023,5,Bryce Young,CAR,DET,QB,41,25,247,3,2,1,4,0,0,0,0,0,18.28
2023,5,Chuba Hubbard,CAR,DET,RB,0,0,0,0,0,9,35,0,2,1,0,0,4.5
2023,5,DJ Chark,CAR,DET,WR,0,0,0,0,0,0,0,0,6,3,42,1,13.2
2023,5,Hayden Hurst,CAR,DET,TE,0,0,0,0,0,0,0,0,3,3,21,0,5.1
2023,5,Ian Thomas,CAR,DET,TE,0,0,0,0,0,0,0,0,2,1,28,0,3.8
2023,5,Jonathan Mingo,CAR,DET,WR,0,0,0,0,0,0,0,0,7,5,48,0,9.8
2023,5,Laviska Shenault Jr.,CAR,DET,WR,0,0,0,0,0,5,27,0,0,0,0,0,2.7
2023,5,Miles Sanders,CAR,DET,RB,0,0,0,0,0,7,32,0,1,0,0,0,1.2
2023,5,Tommy Tremble,CAR,DET,TE,0,0,0,0,0,0,0,0,1,1,1,1,7.1
2023,5,Cole Kmet,CHI,WAS,TE,0,0,0,0,0,0,0,0,5,5,42,1,15.2
2023,5,DJ Moore,CHI,WAS,WR,0,0,0,0,0,0,0,0,10,8,230,3,49.0
2023,5,Darnell Mooney,CHI,WAS,WR,0,0,0,0,0,0,0,0,4,0,0,0,0.0
2023,5,Equanimeous St. Brown,CHI,WAS,WR,0,0,0,0,0,0,0,0,1,0,0,0,0.0
2023,5,Justin Fields,CHI,WAS,QB,29,15,282,4,0,11,57,0,0,0,0,0,32.98
2023,5,Khalil Herbert,CHI,WAS,RB,0,0,0,0,0,10,76,0,3,0,0,0,7.6
2023,5,Khari Blasingame,CHI,WAS,RB,0,0,0,0,0,8,26,0,0,0,0,0,2.6
2023,5,Robert Tonyan,CHI,WAS,TE,0,0,0,0,0,0,0,0,2,2,10,0,3.0
2023,5,Roschon Johnson,CHI,WAS,RB,0,0,0,0,0,3,19,0,0,0,0,0,1.9
2023,5,Andrei Iosivas,CIN,ARI,WR,0,0,0,0,0,0,0,0,2,1,9,0,1.9
2023,5,Chase Brown,CIN,ARI,RB,0,0,0,0,0,0,0,0,1,1,2,0,1.2
2023,5,Ja'Marr Chase,CIN,ARI,WR,0,0,0,0,0,0,0,0,19,15,192,3,52.2
2023,5,Joe Burrow,CIN,ARI,QB,46,36,317,3,1,4,7,0,0,0,0,0,23.38
2023,5,Joe Mixon,CIN,ARI,RB,0,0,0,0,0,25,81,0,4,4,13,0,13.4
2023,5,Kwamie Lassiter II,CIN,ARI,WR,0,0,0,0,0,0,0,0,1,1,2,0,1.2
2023,5,Trayveon Williams,CIN,ARI,RB,0,0,0,0,0,1,5,0,0,0,0,0,0.5
2023,5,Trenton Irwin,CIN,ARI,WR,0,0,0,0,0,0,0,0,10,8,60,0,14.0
2023,5,Tyler Boyd,CIN,ARI,WR,0,0,0,0,0,0,0,0,7,6,39,0,9.9
2023,5,Brandin Cooks,DAL,SFO,WR,0,0,0,0,0,1,6,0,4,1,7,0,2.3
2023,5,CeeDee Lamb,DAL,SFO,WR,0,0,0,0,0,0,0,0,5,4,49,0,8.9
2023,5,Cooper Rush,DAL,SFO,QB,2,2,8,0,0,1,-2,0,0,0,0,0,0.12
2023,5,Dak Prescott,DAL,SFO,QB,24,14,153,1,3,1,2,0,0,0,0,0,4.32
2023,5,Deuce Vaughn,DAL,SFO,RB,0,0,0,0,0,3,7,0,1,1,1,0,1.8
2023,5,Jake Ferguson,DAL,SFO,TE,0,0,0,0,0,0,0,0,3,3,28,0,5.8
2023,5,KaVontae Turpin,DAL,SFO,WR,0,0,0,0,0,0,0,0,1,1,26,1,9.6
2023,5,Luke Schoonmaker,DAL,SFO,TE,0,0,0,0,0,0,0,0,1,0,0,0,0.0
2023,5,Michael Gallup,DAL,SFO,WR,0,0,0,0,0,0,0,0,5,2,15,0,3.5
2023,5,Rico Dowdle,DAL,SFO,RB,0,0,0,0,0,5,15,0,1,0,0,0,1.5
2023,5,Tony Pollard,DAL,SFO,RB,0,0,0,0,0,8,29,0,5,4,35,0,8.4
2023,5,Adam Trautman,DEN,NYJ,TE,0,0,0,0,0,0,0,0,5,4,26,1,12.6
2023,5,Brandon Johnson,DEN,NYJ,WR,0,0,0,0,0,0,0,0,1,1,9,0,1.9
2023,5,Courtland Sutton,DEN,NYJ,WR,0,0,0,0,0,0,0,0,3,1,13,0,2.3
2023,5,Jaleel McLaughlin,DEN,NYJ,RB,0,0,0,0,0,9,68,0,4,3,21,1,17.9
2023,5,Jerry Jeudy,DEN,NYJ,WR,0,0,0,0,0,0,0,0,7,6,50,0,11.0
2023,5,Marvin Mims Jr.,DEN,NYJ,WR,0,0,0,0,0,0,0,0,1,1,4,0,1.4
2023,5,Nate Adkins,DEN,NYJ,TE,0,0,0,0,0,0,0,0,1,0,0,0,0.0
2023,5,Russell Wilson,DEN,NYJ,QB,31,20,196,2,0,7,49,0,0,0,0,0,18.74
2023,5,Samaje Perine,DEN,NYJ,RB,0,0,0,0,0,6,22,0,5,4,73,0,11.5
2023,5,Bam Knight,DET,CAR,RB,0,0,0,0,0,0,0,0,1,1,8,0,1.8
2023,5,Brock Wright,DET,CAR,TE,0,0,0,0,0,0,0,0,3,3,16,0,4.6
2023,5,Craig Reynolds,DET,CAR,RB,0,0,0,0,0,7,52,1,0,0,0,0,11.2
2023,5,David Montgomery,DET,CAR,RB,0,0,0,0,0,19,109,1,6,2,20,0,20.9
2023,5,Jameson Williams,DET,CAR,WR,0,0,0,0,0,0,0,0,3,2,2,0,2.2
2023,5,Jared Goff,DET,CAR,QB,28,20,236,3,0,2,0,1,0,0,0,0,27.44
2023,5,Josh Reynolds,DET,CAR,WR,0,0,0,0,0,0,0,0,5,4,76,1,17.6
2023,5,Kalif Raymond,DET,CAR,WR,0,0,0,0,0,0,0,0,3,3,45,0,7.5
2023,5,Marvin Jones,DET,CAR,WR,0,0,0,0,0,0,0,0,2,2,22,0,4.2
2023,5,Sam LaPorta,DET,CAR,TE,0,0,0,0,0,0,0,0,4,3,47,2,19.7
2023,5,Teddy Bridgewater,DET,CAR,QB,0,0,0,0,0,2,-2,0,0,0,0,0,-0.2
2023,5,AJ Dillon,GNB,LVR,RB,0,0,0,0,0,20,76,1,1,0,0,0,13.6
2023,5,Ben Sims,GNB,LVR,TE,0,0,0,0,0,0,0,0,1,1,12,0,2.2
2023,5,Christian Watson,GNB,LVR,WR,0,0,0,0,0,1,-5,0,7,3,91,0,11.6
2023,5,Dontayvion Wicks,GNB,LVR,WR,0,0,0,0,0,0,0,0,1,1,10,0,2.0
2023,5,Jayden Reed,GNB,LVR,WR,0,0,0,0,0,0,0,0,2,1,7,0,1.7
2023,5,Jordan Love,GNB,LVR,QB,30,16,182,0,3,2,37,0,0,0,0,0,4.98
2023,5,Josiah Deguara,GNB,LVR,TE,0,0,0,0,0,0,0,0,1,1,19,0,2.9
2023,5,Luke Musgrave,GNB,LVR,TE,0,0,0,0,0,0,0,0,7,6,34,0,9.4
2023,5,Patrick Taylor,GNB,LVR,RB,0,0,0,0,0,2,2,0,5,2,5,0,2.7
2023,5,Romeo Doubs,GNB,LVR,WR,0,0,0,0,0,0,0,0,4,1,4,0,1.4
2023,5,C.J. Stroud,HOU,ATL,QB,35,20,249,1,0,1,2,0,0,0,0,0,14.16
2023,5,Dalton Schultz,HOU,ATL,TE,0,0,0,0,0,0,0,0,10,7,65,1,19.5
2023,5,Dameon Pierce,HOU,ATL,RB,0,0,0,0,0,20,66,0,1,1,16,0,9.2
2023,5,Devin Singletary,HOU,ATL,RB,0,0,0,0,0,0,0,0,1,0,0,0,0.0
2023,5,John Metchie III,HOU,ATL,WR,0,0,0,0,0,0,0,0,2,2,20,0,4.0
2023,5,Nico Collins,HOU,ATL,WR,0,0,0,0,0,0,0,0,4,3,39,0,6.9
2023,5,Robert Woods,HOU,ATL,WR,0,0,0,0,0,0,0,0,9,3,30,0,6.0
2023,5,Tank Dell,HOU,ATL,WR,0,0,0,0,0,2,-4,0,4,3,57,0,8.3
2023,5,Teagan Quitoriano,HOU,ATL,TE,0,0,0,0,0,0,0,0,1,1,22,0,3.2
2023,5,Alec Pierce,IND,TEN,WR,0,0,0,0,0,0,0,0,2,1,10,0,2.0
2023,5,Andrew Ogletree,IND,TEN,TE,0,0,0,0,0,0,0,0,2,2,16,0,3.6
2023,5,Anthony Richardson,IND,TEN,QB,12,9,98,0,0,2,5,0,0,0,0,0,4.42
2023,5,Gardner Minshew,IND,TEN,QB,14,11,155,0,0,2,1,0,0,0,0,0,6.3
2023,5,Isaiah McKenzie,IND,TEN,WR,0,0,0,0,0,1,4,0,0,0,0,0,0.4
2023,5,Jonathan Taylor,IND,TEN,RB,0,0,0,0,0,6,18,0,1,1,16,0,4.4
2023,5,Josh Downs,IND,TEN,WR,0,0,0,0,0,0,0,0,6,6,97,0,15.7
2023,5,Kylen Granson,IND,TEN,TE,0,0,0,0,0,0,0,0,3,2,15,0,3.5
2023,5,Michael Pittman,IND,TEN,WR,0,0,0,0,0,0,0,0,7,5,52,0,10.2
2023,5,Mo Alie-Cox,IND,TEN,TE,0,0,0,0,0,0,0,0,1,1,17,0,2.7
2023,5,Zack Moss,IND,TEN,RB,0,0,0,0,0,23,165,2,2,2,30,0,33.5
2023,5,Brenton Strange,JAX,BUF,TE,0,0,0,0,0,0,0,0,1,0,0,0,0.0
2023,5,Calvin Ridley,JAX,BUF,WR,0,0,0,0,0,2,14,0,8,7,122,0,20.6
2023,5,Christian Kirk,JAX,BUF,WR,0,0,0,0,0,1,6,0,8,6,78,0,14.4
2023,5,Evan Engram,JAX,BUF,TE,0,0,0,0,0,0,0,0,8,4,28,0,6.8
2023,5,Jamal Agnew,JAX,BUF,WR,0,0,0,0,0,1,1,0,0,0,0,0,0.1
2023,5,Luke Farrell,JAX,BUF,TE,0,0,0,0,0,0,0,0,1,1,16,0,2.6
2023,5,Tank Bigsby,JAX,BUF,RB,0,0,0,0,0,3,8,0,0,0,0,0,0.8
2023,5,Tim Jones,JAX,BUF,WR,0,0,0,0,0,0,0,0,1,0,0,0,0.0
2023,5,Travis Etienne,JAX,BUF,RB,0,0,0,0,0,26,136,2,5,4,48,0,36.4
2023,5,Trevor Lawrence,JAX,BUF,QB,37,25,315,1,0,7,31,0,0,0,0,0,15.7
2023,5,Zay Jones,JAX,BUF,WR,0,0,0,0,0,0,0,0,5,3,23,1,11.3
2023,5,Clyde Edwards-Helaire,KAN,MIN,RB,0,0,0,0,0,3,4,0,0,0,0,0,0.4
2023,5,Isiah Pacheco,KAN,MIN,RB,0,0,0,0,0,16,55,1,1,1,9,0,13.4
2023,5,Jerick McKinnon,KAN,MIN,RB,0,0,0,0,0,1,7,0,3,2,18,0,4.5
2023,5,Justin Watson,KAN,MIN,WR,0,0,0,0,0,0,0,0,3,2,56,0,7.6
2023,5,Justyn Ross,KAN,MIN,WR,0,0,0,0,0,0,0,0,4,2,28,0,4.8
2023,5,Kadarius Toney,KAN,MIN,WR,0,0,0,0,0,1,1,0,6,5,26,0,7.7
2023,5,Marquez Valdes-Scantling,KAN,MIN,WR,0,0,0,0,0,0,0,0,2,1,12,0,2.2
2023,5,Noah Gray,KAN,MIN,TE,0,0,0,0,0,0,0,0,2,2,21,0,4.1
2023,5,Patrick Mahomes,KAN,MIN,QB,41,31,281,2,0,0,0,0,0,0,0,0,19.24
2023,5,Rashee Rice,KAN,MIN,WR,0,0,0,0,0,0,0,0,5,4,33,1,13.3
2023,5,Skyy Moore,KAN,MIN,WR,0,0,0,0,0,0,0,0,2,2,11,0,3.1
2023,5,Travis Kelce,KAN,MIN,TE,0,0,0,0,0,0,0,0,11,10,67,1,22.7
2023,5,Ben Skowronek,LAR,PHI,WR,0,0,0,0,0,0,0,0,1,0,0,0,0.0
2023,5,Cooper Kupp,LAR,PHI,WR,0,0,0,0,0,0,0,0,12,8,118,0,19.8
2023,5,Kyren Williams,LAR,PHI,RB,0,0,0,0,0,13,53,0,2,2,4,0,7.7
2023,5,Matthew Stafford,LAR,PHI,QB,37,21,222,2,0,0,0,0,0,0,0,0,16.88
2023,5,Puka Nacua,LAR,PHI,WR,0,0,0,0,0,0,0,0,11,7,71,1,20.1
2023,5,Ronnie Rivers,LAR,PHI,RB,0,0,0,0,0,1,1,0,0,0,0,0,0.1
2023,5,Tutu Atwell,LAR,PHI,WR,0,0,0,0,0,0,0,0,5,2,9,1,8.9
2023,5,Tyler Higbee,LAR,PHI,TE,0,0,0,0,0,0,0,0,3,2,20,0,4.0
2023,5,Ameer Abdullah,LVR,GNB,RB,0,0,0,0,0,1,4,0,1,1,11,0,2.5
2023,5,Austin Hooper,LVR,GNB,TE,0,0,0,0,0,0,0,0,2,2,11,0,3.1
2023,5,Davante Adams,LVR,GNB,WR,0,0,0,0,0,0,0,0,4,4,45,0,8.5
2023,5,DeAndre Carter,LVR,GNB,WR,0,0,0,0,0,2,3,0,1,0,0,0,0.3
2023,5,Hunter Renfrow,LVR,GNB,WR,0,0,0,0,0,0,0,0,2,1,7,0,1.7
2023,5,Jakobi Meyers,LVR,GNB,WR,0,0,0,0,0,1,0,0,10,7,75,1,20.5
2023,5,Jimmy Garoppolo,LVR,GNB,QB,31,22,208,1,1,4,4,0,0,0,0,0,10.72
2023,5,Josh Jacobs,LVR,GNB,RB,0,0,0,0,0,20,69,1,5,5,20,0,19.9
2023,5,Michael Mayer,LVR,GNB,TE,0,0,0,0,0,0,0,0,3,2,39,0,5.9
2023,5,Tre Tucker,LVR,GNB,WR,0,0,0,0,0,1,16,0,1,0,0,0,1.6
2023,5,Braxton Berrios,MIA,NYG,WR,0,0,0,0,0,0,0,0,2,2,13,0,3.3
2023,5,Cedrick Wilson Jr.,MIA,NYG,WR,0,0,0,0,0,0,0,0,4,4,52,0,9.2
2023,5,De'Von Achane,MIA,NYG,RB,0,0,0,0,0,11,151,1,1,1,14,0,21.5
2023,5,Jaylen Waddle,MIA,NYG,WR,0,0,0,0,0,0,0,0,10,5,35,1,14.5
2023,5,Raheem Mostert,MIA,NYG,RB,0,0,0,0,0,10,65,1,2,2,13,0,15.8
2023,5,Tua Tagovailoa,MIA,NYG,QB,30,22,308,2,2,2,6,0,0,0,0,0,16.92
2023,5,Tyreek Hill,MIA,NYG,WR,0,0,0,0,0,0,0,0,9,8,181,1,32.1
2023,5,Alexander Mattison,MIN,KAN,RB,0,0,0,0,0,8,26,0,3,2,20,1,12.6
2023,5,Brandon Powell,MIN,KAN,WR,0,0,0,0,0,1,9,0,6,4,43,0,9.2
2023,5,Cam Akers,MIN,KAN,RB,0,0,0,0,0,5,15,0,2,2,3,0,3.8
2023,5,Johnny Mundt,MIN,KAN,TE,0,0,0,0,0,0,0,0,1,1,11,0,2.1
2023,5,Jordan Addison,MIN,KAN,WR,0,0,0,0,0,0,0,0,9,6,64,1,18.4
2023,5,Josh Oliver,MIN,KAN,TE,0,0,0,0,0,0,0,0,2,1,15,0,0.5
2023,5,Justin Jefferson,MIN,KAN,WR,0,0,0,0,0,0,0,0,6,3,28,0,5.8
2023,5,K.J. Osborn,MIN,KAN,WR,0,0,0,0,0,0,0,0,9,5,49,0,9.9
2023,5,Kirk Cousins,MIN,KAN,QB,47,29,284,2,0,3,5,0,0,0,0,0,19.86
2023,5,T.J. Hockenson,MIN,KAN,TE,0,0,0,0,0,0,0,0,8,5,51,0,10.1
2023,5,Ty Chandler,MIN,KAN,RB,0,0,0,0,0,1,15,0,0,0,0,0,1.5
2023,5,Alvin Kamara,NOR,NWE,RB,0,0,0,0,0,22,80,1,3,3,17,0,18.7
2023,5,Chris Olave,NOR,NWE,WR,0,0,0,0,0,0,0,0,5,2,12,1,9.2
2023,5,Derek Carr,NOR,NWE,QB,26,18,183,2,0,2,4,0,0,0,0,0,15.72
2023,5,Foster Moreau,NOR,NWE,TE,0,0,0,0,0,0,0,0,1,1,6,1,7.6
2023,5,Jameis Winston,NOR,NWE,QB,0,0,0,0,0,3,-4,0,0,0,0,0,-0.4
2023,5,Jimmy Graham,NOR,NWE,TE,0,0,0,0,0,0,0,0,1,0,0,0,0.0
2023,5,Keith Kirkwood,NOR,NWE,WR,0,0,0,0,0,0,0,0,1,1,1,0,1.1
2023,5,Kendre Miller,NOR,NWE,RB,0,0,0,0,0,12,37,0,4,4,53,0,13.0
2023,5,Michael Thomas,NOR,NWE,WR,0,0,0,0,0,0,0,0,7,4,65,0,10.5
2023,5,Rashid Shaheed,NOR,NWE,WR,0,0,0,0,0,0,0,0,2,2,28,0,4.8
2023,5,Taysom Hill,NOR,NWE,TE,0,0,0,0,0,3,19,0,1,1,1,0,3.0
2023,5,Bailey Zappe,NWE,NOR,QB,9,3,22,0,0,0,0,0,0,0,0,0,0.88
2023,5,DeMario Douglas,NWE,NOR,WR,0,0,0,0,0,0,0,0,2,1,24,0,3.4
2023,5,DeVante Parker,NWE,NOR,WR,0,0,0,0,0,0,0,0,4,2,20,0,4.0
2023,5,Ezekiel Elliott,NWE,NOR,RB,0,0,0,0,0,8,21,0,4,4,17,0,7.8
2023,5,Hunter Henry,NWE,NOR,TE,0,0,0,0,0,0,0,0,2,0,0,0,0.0
2023,5,JuJu Smith-Schuster,NWE,NOR,WR,0,0,0,0,0,0,0,0,4,3,6,0,3.6
2023,5,Kendrick Bourne,NWE,NOR,WR,0,0,0,0,0,0,0,0,5,2,43,0,6.3
2023,5,Mac Jones,NWE,NOR,QB,22,12,110,0,2,1,0,0,0,0,0,0,-1.6
2023,5,Mike Gesicki,NWE,NOR,TE,0,0,0,0,0,0,0,0,4,2,17,0,3.7
2023,5,Rhamondre Stevenson,NWE,NOR,RB,0,0,0,0,0,8,24,0,2,0,0,0,2.4
2023,5,Ty Montgomery,NWE,NOR,WR,0,0,0,0,0,1,0,0,4,1,5,0,1.5
2023,5,Daniel Bellinger,NYG,MIA,TE,0,0,0,0,0,0,0,0,1,1,7,0,1.7
2023,5,Daniel Jones,NYG,MIA,QB,20,14,119,0,0,4,24,0,0,0,0,0,7.16
2023,5,Darius Slayton,NYG,MIA,WR,0,0,0,0,0,0,0,0,4,2,35,0,5.5
2023,5,Darren Waller,NYG,MIA,TE,0,0,0,0,0,0,0,0,11,8,86,0,16.6
2023,5,Eric Gray,NYG,MIA,RB,0,0,0,0,0,12,25,0,1,1,1,0,3.6
2023,5,Isaiah Hodgins,NYG,MIA,WR,0,0,0,0,0,0,0,0,2,2,19,0,3.9
2023,5,Matt Breida,NYG,MIA,RB,0,0,0,0,0,9,21,0,1,1,3,0,3.4
2023,5,Parris Campbell,NYG,MIA,WR,0,0,0,0,0,0,0,0,2,2,23,0,4.3
2023,5,Sterling Shepard,NYG,MIA,WR,0,0,0,0,0,0,0,0,2,1,13,0,2.3
2023,5,Tyrod Taylor,NYG,MIA,QB,12,9,86,0,0,3,14,0,0,0,0,0,4.84
2023,5,Wan'Dale Robinson,NYG,MIA,WR,0,0,0,0,0,1,1,0,6,5,18,0,6.9
2023,5,Allen Lazard,NYJ,DEN,WR,0,0,0,0,0,0,0,0,4,3,33,0,6.3
2023,5,Breece Hall,NYJ,DEN,RB,0,0,0,0,0,22,177,1,3,3,17,0,28.4
2023,5,C.J. Uzomah,NYJ,DEN,TE,0,0,0,0,0,0,0,0,2,2,12,0,3.2
2023,5,Dalvin Cook,NYJ,DEN,RB,0,0,0,0,0,6,23,0,0,0,0,0,2.3
2023,5,Garrett Wilson,NYJ,DEN,WR,0,0,0,0,0,0,0,0,7,3,54,0,8.4
2023,5,Jeremy Ruckert,NYJ,DEN,TE,0,0,0,0,0,0,0,0,1,1,2,0,1.2
2023,5,Michael Carter,NYJ,DEN,RB,0,0,0,0,0,1,8,0,3,3,14,0,5.2
2023,5,Randall Cobb,NYJ,DEN,WR,0,0,0,0,0,0,0,0,1,0,0,0,0.0
2023,5,Tyler Conklin,NYJ,DEN,TE,0,0,0,0,0,0,0,0,5,4,67,0,10.7
2023,5,Zach Wilson,NYJ,DEN,QB,26,19,199,0,1,3,26,0,0,0,0,0,8.56
2023,5,A.J. Brown,PHI,LAR,WR,0,0,0,0,0,0,0,0,8,6,127,0,18.7
2023,5,D'Andre Swift,PHI,LAR,RB,0,0,0,0,0,17,70,0,6,6,38,0,16.8
2023,5,Dallas Goedert,PHI,LAR,TE,0,0,0,0,0,0,0,0,9,8,117,1,25.7
2023,5,DeVonta Smith,PHI,LAR,WR,0,0,0,0,0,0,0,0,5,1,6,0,1.6
2023,5,Jack Stoll,PHI,LAR,TE,0,0,0,0,0,0,0,0,1,1,4,0,1.4
2023,5,Jalen Hurts,PHI,LAR,QB,38,25,303,1,1,15,72,1,0,0,0,0,27.32
2023,5,Kenny Gainwell,PHI,LAR,RB,0,0,0,0,0,7,17,0,2,1,7,0,3.4
2023,5,Quez Watkins,PHI,LAR,WR,0,0,0,0,0,0,0,0,3,2,4,0,2.4
2023,5,Allen Robinson,PIT,BAL,WR,0,0,0,0,0,0,0,0,9,5,29,0,7.9
2023,5,Calvin Austin III,PIT,BAL,WR,0,0,0,0,0,0,0,0,1,0,0,0,0.0
2023,5,Connor Heyward,PIT,BAL,RB,0,0,0,0,0,0,0,0,4,3,23,0,5.3
2023,5,Darnell Washington,PIT,BAL,TE,0,0,0,0,0,0,0,0,2,0,0,0,0.0
2023,5,George Pickens,PIT,BAL,WR,0,0,0,0,0,1,16,0,10,6,130,1,26.6
2023,5,Jaylen Warren,PIT,BAL,RB,0,0,0,0,0,9,40,0,3,3,39,0,10.9
2023,5,Kenny Pickett,PIT,BAL,QB,32,18,224,1,0,6,-6,0,0,0,0,0,12.36
2023,5,Miles Boykin,PIT,BAL,WR,0,0,0,0,0,0,0,0,1,0,0,0,0.0
2023,5,Najee Harris,PIT,BAL,RB,0,0,0,0,0,14,37,0,1,1,3,0,5.0
2023,5,Brandon Aiyuk,SFO,DAL,WR,0,0,0,0,0,0,0,0,7,4,58,0,9.8
2023,5,Brock Purdy,SFO,DAL,QB,24,17,252,4,0,0,0,0,0,0,0,0,26.08
2023,5,Christian McCaffrey,SFO,DAL,RB,0,0,0,0,0,19,51,1,3,2,27,0,13.8
2023,5,Deebo Samuel Sr.,SFO,DAL,WR,0,0,0,0,0,5,30,0,3,3,55,0,11.5
2023,5,George Kittle,SFO,DAL,TE,0,0,0,0,0,0,0,0,4,3,67,3,27.7
2023,5,Jauan Jennings,SFO,DAL,WR,0,0,0,0,0,0,0,0,1,1,19,0,2.9
2023,5,Jordan Mason,SFO,DAL,RB,0,0,0,0,0,10,69,1,1,0,0,0,12.9
2023,5,Kyle Juszczyk,SFO,DAL,RB,0,0,0,0,0,0,0,0,4,4,26,1,12.6
2023,5,Ray-Ray McCloud,SFO,DAL,WR,0,0,0,0,0,0,0,0,1,1,1,0,1.1
2023,5,Ronnie Bell,SFO,DAL,WR,0,0,0,0,0,0,0,0,1,0,0,0,0.0
2023,5,Sam Darnold,SFO,DAL,QB,1,1,1,0,0,1,-1,0,0,0,0,0,-0.06
2023,5,Tyrion Davis-Price,SFO,DAL,RB,0,0,0,0,0,6,21,0,0,0,0,0,2.1
2023,5,Chig Okonkwo,TEN,IND,TE,0,0,0,0,0,0,0,0,9,5,33,0,8.3
2023,5,DeAndre Hopkins,TEN,IND,WR,0,0,0,0,0,0,0,0,11,8,140,0,22.0
2023,5,Derrick Henry,TEN,IND,RB,1,0,0,0,0,13,43,0,3,3,19,0,9.2
2023,5,Josh Whyle,TEN,IND,TE,0,0,0,0,0,0,0,0,1,1,7,0,1.7
2023,5,Kyle Philips,TEN,IND,WR,0,0,0,0,0,0,0,0,1,0,0,0,0.0
2023,5,Nick Westbrook-Ikhine,TEN,IND,WR,0,0,0,0,0,0,0,0,3,1,9,0,1.9
2023,5,Ryan Tannehill,TEN,IND,QB,34,23,264,0,1,2,12,0,0,0,0,0,9.76
2023,5,Trevon Wesco,TEN,IND,TE,0,0,0,0,0,0,0,0,1,1,21,0,3.1
2023,5,Tyjae Spears,TEN,IND,RB,0,0,0,0,0,7,34,1,5,4,35,0,16.9
2023,5,Antonio Gibson,WAS,CHI,RB,0,0,0,0,0,0,0,0,6,4,64,0,10.4
2023,5,Brian Robinson,WAS,CHI,RB,0,0,0,0,0,6,10,0,4,4,33,0,8.3
2023,5,Byron Pringle,WAS,CHI,WR,0,0,0,0,0,0,0,0,2,1,10,0,2.0
2023,5,Cole Turner,WAS,CHI,TE,0,0,0,0,0,0,0,0,1,1,9,0,1.9
2023,5,Curtis Samuel,WAS,CHI,WR,0,0,0,0,0,0,0,0,7,6,65,1,18.5
2023,5,Dyami Brown,WAS,CHI,WR,0,0,0,0,0,0,0,0,3,1,11,0,2.1
2023,5,Jahan Dotson,WAS,CHI,WR,0,0,0,0,0,0,0,0,5,3,30,0,6.0
2023,5,Jamison Crowder,WAS,CHI,WR,0,0,0,0,0,0,0,0,2,2,21,0,4.1
2023,5,John Bates,WAS,CHI,TE,0,0,0,0,0,0,0,0,2,2,19,0,3.9
2023,5,Logan Thomas,WAS,CHI,TE,0,0,0,0,0,0,0,0,11,9,77,1,20.7
2023,5,Sam Howell,WAS,CHI,QB,51,37,388,2,1,4,19,0,0,0,0,0,25.42
2023,5,Terry McLaurin,WAS,CHI,WR,0,0,0,0,0,0,0,0,5,4,49,0,8.9
2023,6,Damien Williams,ARI,LAR,RB,0,0,0,0,0,8,36,0,1,1,8,0,5.4
2023,6,Emari Demercado,ARI,LAR,RB,0,0,0,0,0,2,11,0,1,1,6,0,2.7
2023,6,Greg Dortch,ARI,LAR,WR,0,0,0,0,0,0,0,0,1,0,0,0,0.0
2023,6,Joshua Dobbs,ARI,LAR,QB,41,21,235,0,1,7,47,0,0,0,0,0,10.1
2023,6,Keaontay Ingram,ARI,LAR,RB,0,0,0,0,0,10,40,0,2,2,11,0,7.1
2023,6,Marquise Brown,ARI,LAR,WR,0,0,0,0,0,0,0,0,11,4,34,0,7.4
2023,6,Michael Wilson,ARI,LAR,WR,0,0,0,0,0,0,0,0,4,3,62,0,9.2
2023,6,Rondale Moore,ARI,LAR,WR,0,0,0,0,0,3,-4,0,7,4,30,0,6.6
2023,6,Trey McBride,ARI,LAR,TE,0,0,0,0,0,0,0,0,5,4,62,0,10.2
2023,6,Zach Ertz,ARI,LAR,TE,0,0,0,0,0,0,0,0,5,2,22,0,4.2
2023,6,Zach Pascal,ARI,LAR,WR,0,0,0,0,0,0,0,0,1,0,0,0,0.0
2023,6,Bijan Robinson,ATL,WAS,RB,0,0,0,0,0,13,37,0,8,5,43,0,13.0
2023,6,Cordarrelle Patterson,ATL,WAS,RB,0,0,0,0,0,1,0,0,1,1,6,0,1.6
2023,6,Desmond Ridder,ATL,WAS,QB,47,28,307,2,3,2,18,0,0,0,0,0,16.08
2023,6,Drake London,ATL,WAS,WR,0,0,0,0,0,0,0,0,12,9,125,0,21.5
2023,6,Jonnu Smith,ATL,WAS,TE,0,0,0,0,0,0,0,0,5,4,36,1,13.6
2023,6,KhaDarel Hodge,ATL,WAS,WR,0,0,0,0,0,0,0,0,1,0,0,0,0.0
2023,6,Kyle Pitts,ATL,WAS,TE,0,0,0,0,0,0,0,0,6,4,43,1,14.3
2023,6,Mack Hollins,ATL,WAS,WR,0,0,0,0,0,0,0,0,4,3,41,0,7.1
2023,6,MyCole Pruitt,ATL,WAS,TE,0,0,0,0,0,0,0,0,2,1,9,0,1.9
2023,6,Scott Miller,ATL,WAS,WR,0,0,0,0,0,0,0,0,2,1,4,0,1.4
2023,6,Tyler Allgeier,ATL,WAS,RB,0,0,0,0,0,13,51,0,1,0,0,0,5.1
2023,6,Van Jefferson,ATL,WAS,WR,0,0,0,0,0,0,0,0,2,0,0,0,0.0
2023,6,Gus Edwards,BAL,TEN,RB,0,0,0,0,0,16,41,0,1,1,12,0,6.3
2023,6,Justice Hill,BAL,TEN,RB,0,0,0,0,0,8,35,0,3,3,0,0,6.5
2023,6,Lamar Jackson,BAL,TEN,QB,30,21,223,1,1,13,62,0,0,0,0,0,17.12
2023,6,Mark Andrews,BAL,TEN,TE,0,0,0,0,0,1,0,0,6,4,69,0,10.9
2023,6,Nelson Agholor,BAL,TEN,WR,0,0,0,0,0,0,0,0,3,2,40,0,6.0
2023,6,Odell Beckham Jr.,BAL,TEN,WR,0,0,0,0,0,0,0,0,4,2,34,0,5.4
2023,6,Patrick Ricard,BAL,TEN,RB,0,0,0,0,0,0,0,0,1,1,3,0,1.3
2023,6,Rashod Bateman,BAL,TEN,WR,0,0,0,0,0,0,0,0,3,2,15,0,3.5
2023,6,Zay Flowers,BAL,TEN,WR,0,0,0,0,0,1,1,0,8,6,50,1,17.1
2023,6,Damien Harris,BUF,NYG,RB,0,0,0,0,0,1,1,0,0,0,0,0,0.1
2023,6,Dawson Knox,BUF,NYG,TE,0,0,0,0,0,0,0,0,6,3,17,0,4.7
2023,6,Deonte Harty,BUF,NYG,WR,0,0,0,0,0,0,0,0,1,1,3,1,7.3
2023,6,Gabe Davis,BUF,NYG,WR,0,0,0,0,0,0,0,0,4,3,21,0,3.1
2023,6,James Cook,BUF,NYG,RB,0,0,0,0,0,14,71,0,0,0,0,0,7.1
2023,6,Josh Allen,BUF,NYG,QB,30,19,169,2,1,2,11,0,0,0,0,0,13.86
2023,6,Khalil Shakir,BUF,NYG,WR,0,0,0,0,0,0,0,0,1,1,13,0,2.3
2023,6,Latavius Murray,BUF,NYG,RB,0,0,0,0,0,12,45,0,0,0,0,0,4.5
2023,6,Quintin Morris,BUF,NYG,TE,0,0,0,0,0,0,0,0,1,1,15,1,8.5
2023,6,Stefon Diggs,BUF,NYG,WR,0,0,0,0,0,0,0,0,16,10,100,0,20.0
2023,6,Adam Thielen,CAR,MIA,WR,0,0,0,0,0,0,0,0,13,11,115,1,28.5
2023,6,Bryce Young,CAR,MIA,QB,38,23,217,1,0,0,0,0,0,0,0,0,12.68
2023,6,Chuba Hubbard,CAR,MIA,RB,0,0,0,0,0,19,88,1,1,1,2,0,16.0
2023,6,DJ Chark,CAR,MIA,WR,0,0,0,0,0,0,0,0,6,3,26,0,5.6
2023,6,Hayden Hurst,CAR,MIA,TE,0,0,0,0,0,0,0,0,3,1,16,0,2.6
2023,6,Jonathan Mingo,CAR,MIA,WR,0,0,0,0,0,0,0,0,3,2,21,0,4.1
2023,6,Laviska Shenault Jr.,CAR,MIA,WR,0,0,0,0,0,1,2,0,3,3,15,0,4.7
2023,6,Raheem Blackshear,CAR,MIA,RB,0,0,0,0,0,5,18,0,1,1,4,0,3.2
2023,6,Terrace Marshall Jr.,CAR,MIA,WR,0,0,0,0,0,0,0,0,3,0,0,0,0.0
2023,6,Tommy Tremble,CAR,MIA,TE,0,0,0,0,0,0,0,0,2,2,25,0,4.5
2023,6,Cole Kmet,CHI,MIN,TE,0,0,0,0,0,0,0,0,3,2,9,0,2.9
2023,6,D'Onta Foreman,CHI,MIN,RB,0,0,0,0,0,15,65,0,1,1,2,0,7.7
2023,6,DJ Moore,CHI,MIN,WR,0,0,0,0,0,0,0,0,8,5,51,0,10.1
2023,6,Darnell Mooney,CHI,MIN,WR,0,0,0,0,0,0,0,0,3,2,48,0,6.8
2023,6,Darrynton Evans,CHI,MIN,RB,0,0,0,0,0,9,32,0,1,1,2,0,4.4
2023,6,Justin Fields,CHI,MIN,QB,10,6,58,0,1,8,46,0,0,0,0,0,4.92
2023,6,Khari Blasingame,CHI,MIN,RB,0,0,0,0,0,0,0,0,1,1,1,0,1.1
2023,6,Robert Tonyan,CHI,MIN,TE,0,0,0,0,0,0,0,0,1,1,11,0,2.1
2023,6,Trent Taylor,CHI,MIN,WR,0,0,0,0,0,0,0,0,1,0,0,0,0.0
2023,6,Tyler Scott,CHI,MIN,WR,0,0,0,0,0,0,0,0,4,2,12,0,3.2
2023,6,Tyson Bagent,CHI,MIN,QB,14,10,83,0,1,2,4,1,0,0,0,0,5.72
2023,6,Velus Jones Jr.,CHI,MIN,WR,0,0,0,0,0,2,15,0,1,1,5,0,3.0
2023,6,Andrei Iosivas,CIN,SEA,WR,0,0,0,0,0,0,0,0,1,1,3,1,7.3
2023,6,Chase Brown,CIN,SEA,RB,0,0,0,0,0,1,4,0,1,1,8,0,2.2
2023,6,Drew Sample,CIN,SEA,TE,0,0,0,0,0,0,0,0,1,1,4,0,1.4
2023,6,Irv Smith,CIN,SEA,TE,0,0,0,0,0,0,0,0,2,1,5,0,1.5
2023,6,Ja'Marr Chase,CIN,SEA,WR,0,0,0,0,0,0,0,0,13,6,80,0,14.0
2023,6,Joe Burrow,CIN,SEA,QB,35,24,185,2,1,2,4,0,0,0,0,0,13.8
2023,6,Joe Mixon,CIN,SEA,RB,0,0,0,0,0,12,38,0,4,3,24,0,9.2
2023,6,Tee Higgins,CIN,SEA,WR,0,0,0,0,0,0,0,0,4,2,20,0,4.0
2023,6,Trayveon Williams,CIN,SEA,RB,0,0,0,0,0,0,0,0,2,2,3,0,2.3
2023,6,Tyler Boyd,CIN,SEA,WR,0,0,0,0,0,0,0,0,7,7,38,1,16.8
2023,6,Amari Cooper,CLE,SFO,WR,0,0,0,0,0,0,0,0,8,4,108,0,14.8
2023,6,David Bell,CLE,SFO,WR,0,0,0,0,0,0,0,0,3,1,6,0,1.6
2023,6,David Njoku,CLE,SFO,TE,0,0,0,0,0,0,0,0,4,3,24,0,5.4
2023,6,Donovan Peoples-Jones,CLE,SFO,WR,0,0,0,0,0,0,0,0,1,0,0,0,0.0
2023,6,Elijah Moore,CLE,SFO,WR,0,0,0,0,0,1,8,0,7,4,19,0,6.7
2023,6,Harrison Bryant,CLE,SFO,TE,0,0,0,0,0,0,0,0,1,0,0,0,0.0
2023,6,Jerome Ford,CLE,SFO,RB,0,0,0,0,0,17,84,0,2,2,7,0,11.1
2023,6,Jordan Akins,CLE,SFO,TE,0,0,0,0,0,0,0,0,2,0,0,0,0.0
2023,6,Kareem Hunt,CLE,SFO,RB,0,0,0,0,0,12,47,1,3,3,24,0,16.1
2023,6,Marquise Goodwin,CLE,SFO,WR,0,0,0,0,0,1,20,0,2,1,4,0,3.4
2023,6,PJ Walker,CLE,SFO,QB,34,18,192,0,2,3,1,0,0,0,0,0,3.78
2023,6,Brandin Cooks,DAL,LAC,WR,0,0,0,0,0,1,14,0,4,4,36,1,15.0
2023,6,CeeDee Lamb,DAL,LAC,WR,0,0,0,0,0,0,0,0,7,7,117,0,18.7
2023,6,Dak Prescott,DAL,LAC,QB,30,21,272,1,0,7,40,1,0,0,0,0,24.88
2023,6,Jake Ferguson,DAL,LAC,TE,0,0,0,0,0,0,0,0,1,1,15,0,2.5
2023,6,Michael Gallup,DAL,LAC,WR,0,0,0,0,0,0,0,0,10,3,24,0,5.4
2023,6,Rico Dowdle,DAL,LAC,RB,0,0,0,0,0,3,12,0,0,0,0,0,1.2
2023,6,Sean McKeon,DAL,LAC,TE,0,0,0,0,0,0,0,0,1,0,0,0,0.0
2023,6,Tony Pollard,DAL,LAC,RB,0,0,0,0,0,15,30,0,7,6,80,0,17.0
2023,6,Adam Trautman,DEN,KAN,TE,0,0,0,0,0,0,0,0,2,1,4,0,1.4
2023,6,Brandon Johnson,DEN,KAN,WR,0,0,0,0,0,0,0,0,2,0,0,0,0.0
2023,6,Chris Manhertz,DEN,KAN,TE,0,0,0,0,0,0,0,0,1,0,0,0,0.0
2023,6,Courtland Sutton,DEN,KAN,WR,0,0,0,0,0,0,0,0,6,4,46,1,14.6
2023,6,Greg Dulcich,DEN,KAN,TE,0,0,0,0,0,0,0,0,2,1,3,0,1.3
2023,6,Jaleel McLaughlin,DEN,KAN,RB,0,0,0,0,0,7,30,0,2,2,12,0,6.2
2023,6,Javonte Williams,DEN,KAN,RB,0,0,0,0,0,10,52,0,0,0,0,0,7.2
2023,6,Jerry Jeudy,DEN,KAN,WR,0,0,0,0,0,0,0,0,5,3,14,0,4.4
2023,6,Michael Burton,DEN,KAN,RB,0,0,0,0,0,2,2,0,0,0,0,0,0.2
2023,6,Russell Wilson,DEN,KAN,QB,22,13,95,1,2,4,31,0,0,0,0,0,6.9
2023,6,Samaje Perine,DEN,KAN,RB,0,0,0,0,0,0,0,0,2,2,16,0,1.6
2023,6,Amon-Ra St. Brown,DET,TAM,WR,0,0,0,0,0,0,0,0,15,12,124,1,30.4
2023,6,Brock Wright,DET,TAM,TE,0,0,0,0,0,0,0,0,1,1,7,0,1.7
2023,6,Craig Reynolds,DET,TAM,RB,0,0,0,0,0,10,15,0,2,2,28,0,6.3
2023,6,David Montgomery,DET,TAM,RB,0,0,0,0,0,6,14,0,1,1,19,0,4.3
2023,6,Devine Ozigbo,DET,TAM,RB,0,0,0,0,0,3,5,0,1,1,8,0,2.3
2023,6,Jameson Williams,DET,TAM,WR,0,0,0,0,0,0,0,0,3,2,53,1,13.3
2023,6,Jared Goff,DET,TAM,QB,44,30,353,2,0,2,3,0,0,0,0,0,22.42
2023,6,Josh Reynolds,DET,TAM,WR,0,0,0,0,0,0,0,0,3,3,50,0,8.0
2023,6,Kalif Raymond,DET,TAM,WR,0,0,0,0,0,1,3,0,3,3,23,0,5.6
2023,6,Marvin Jones,DET,TAM,WR,0,0,0,0,0,0,0,0,1,1,5,0,1.5
2023,6,Sam LaPorta,DET,TAM,TE,0,0,0,0,0,0,0,0,11,4,36,0,7.6
2023,6,Brevin Jordan,HOU,NOR,TE,0,0,0,0,0,0,0,0,1,1,11,0,2.1
2023,6,C.J. Stroud,HOU,NOR,QB,27,13,199,2,1,3,2,0,0,0,0,0,14.16
2023,6,Dalton Schultz,HOU,NOR,TE,0,0,0,0,0,0,0,0,7,4,61,1,16.1
2023,6,Dameon Pierce,HOU,NOR,RB,0,0,0,0,0,13,34,0,0,0,0,0,3.4
2023,6,Devin Singletary,HOU,NOR,RB,0,0,0,0,0,12,58,0,2,1,4,0,7.2
2023,6,Mike Boone,HOU,NOR,RB,0,0,0,0,0,1,11,0,0,0,0,0,1.1
2023,6,Nico Collins,HOU,NOR,WR,0,0,0,0,0,0,0,0,6,4,80,0,12.0
2023,6,Noah Brown,HOU,NOR,WR,0,0,0,0,0,0,0,0,5,2,37,0,5.7
2023,6,Robert Woods,HOU,NOR,WR,0,0,0,0,0,0,0,0,3,1,6,1,7.6
2023,6,Xavier Hutchinson,HOU,NOR,WR,0,0,0,0,0,2,15,0,0,0,0,0,1.5
2023,6,Alec Pierce,IND,JAX,WR,0,0,0,0,0,0,0,0,6,3,25,0,5.5
2023,6,Amari Rodgers,IND,JAX,WR,0,0,0,0,0,0,0,0,2,0,0,0,0.0
2023,6,Andrew Ogletree,IND,JAX,TE,0,0,0,0,0,0,0,0,1,0,0,0,0.0
2023,6,Gardner Minshew,IND,JAX,QB,55,33,329,1,3,2,4,0,0,0,0,0,9.56
2023,6,Isaiah McKenzie,IND,JAX,WR,0,0,0,0,0,0,0,0,2,2,23,0,4.3
2023,6,Jonathan Taylor,IND,JAX,RB,0,0,0,0,0,8,19,0,6,5,46,0,11.5
2023,6,Josh Downs,IND,JAX,WR,0,0,0,0,0,0,0,0,8,5,21,1,13.1
2023,6,Kylen Granson,IND,JAX,TE,0,0,0,0,0,0,0,0,4,3,67,0,9.7
2023,6,Michael Pittman,IND,JAX,WR,0,0,0,0,0,0,0,0,14,9,109,0,19.9
2023,6,Trey Sermon,IND,JAX,RB,0,0,0,0,0,0,0,0,1,0,0,0,0.0
2023,6,Will Mallory,IND,JAX,TE,0,0,0,0,0,0,0,0,1,0,0,0,0.0
2023,6,Zack Moss,IND,JAX,RB,0,0,0,0,0,7,21,1,7,6,38,0,17.9
2023,6,Brenton Strange,JAX,IND,TE,0,0,0,0,0,0,0,0,3,2,27,1,10.7
2023,6,C.J. Beathard,JAX,IND,QB,0,0,0,0,0,3,-2,0,0,0,0,0,-0.2
2023,6,Calvin Ridley,JAX,IND,WR,0,0,0,0,0,1,-4,0,8,4,30,0,6.6
2023,6,Christian Kirk,JAX,IND,WR,0,0,0,0,0,0,0,0,6,3,49,1,13.9
2023,6,D'Ernest Johnson,JAX,IND,RB,0,0,0,0,0,1,19,0,0,0,0,0,1.9
2023,6,Evan Engram,JAX,IND,TE,0,0,0,0,0,0,0,0,7,7,41,0,11.1
2023,6,Tank Bigsby,JAX,IND,RB,0,0,0,0,0,3,2,0,1,1,6,0,1.8
2023,6,Travis Etienne,JAX,IND,RB,0,0,0,0,0,18,55,2,3,3,28,0,23.3
2023,6,Trevor Lawrence,JAX,IND,QB,30,20,181,2,1,3,15,0,0,0,0,0,14.74
2023,6,Clyde Edwards-Helaire,KAN,DEN,RB,0,0,0,0,0,2,7,0,1,1,9,0,2.6
2023,6,Isiah Pacheco,KAN,DEN,RB,0,0,0,0,0,16,62,0,6,6,36,0,15.8
2023,6,Jerick McKinnon,KAN,DEN,RB,0,0,0,0,0,0,0,0,5,3,20,0,5.0
2023,6,Justin Watson,KAN,DEN,WR,0,0,0,0,0,0,0,0,1,0,0,0,0.0
2023,6,Kadarius Toney,KAN,DEN,WR,1,0,0,0,0,2,-5,0,6,3,9,1,9.4
2023,6,Marquez Valdes-Scantling,KAN,DEN,WR,0,0,0,0,0,0,0,0,1,0,0,0,0.0
2023,6,Noah Gray,KAN,DEN,TE,0,0,0,0,0,1,1,0,2,2,14,0,3.5
2023,6,Patrick Mahomes,KAN,DEN,QB,40,30,306,1,1,6,31,0,0,0,0,0,17.34
2023,6,Rashee Rice,KAN,DEN,WR,0,0,0,0,0,0,0,0,4,4,72,0,11.2
2023,6,Skyy Moore,KAN,DEN,WR,0,0,0,0,0,0,0,0,4,2,22,0,4.2
2023,6,Travis Kelce,KAN,DEN,TE,0,0,0,0,0,0,0,0,9,9,124,0,21.4
2023,6,Austin Ekeler,LAC,DAL,RB,0,0,0,0,0,14,27,0,6,4,35,0,10.2
2023,6,Donald Parham,LAC,DAL,TE,0,0,0,0,0,0,0,0,3,2,19,0,3.9
2023,6,Gerald Everett,LAC,DAL,TE,0,0,0,0,0,1,2,0,5,3,16,1,10.8
2023,6,Isaiah Spiller,LAC,DAL,RB,0,0,0,0,0,1,2,0,0,0,0,0,0.2
2023,6,Josh Palmer,LAC,DAL,WR,0,0,0,0,0,0,0,0,7,4,60,0,10.0
2023,6,Joshua Kelley,LAC,DAL,RB,0,0,0,0,0,1,2,0,2,1,2,0,1.4
2023,6,Justin Herbert,LAC,DAL,QB,37,22,227,2,1,6,20,0,1,1,10,0,19.08
2023,6,Keenan Allen,LAC,DAL,WR,0,0,0,0,0,0,0,0,11,7,85,1,21.5
2023,6,Quentin Johnston,LAC,DAL,WR,0,0,0,0,0,0,0,0,2,0,0,0,0.0
2023,6,Cooper Kupp,LAR,ARI,WR,0,0,0,0,0,0,0,0,9,7,148,1,27.8
2023,6,Kyren Williams,LAR,ARI,RB,0,0,0,0,0,20,158,1,0,0,0,0,21.8
2023,6,Matthew Stafford,LAR,ARI,QB,24,15,226,1,0,1,2,0,0,0,0,0,13.24
2023,6,Puka Nacua,LAR,ARI,WR,0,0,0,0,0,0,0,0,7,4,26,0,6.6
2023,6,Ronnie Rivers,LAR,ARI,RB,0,0,0,0,0,3,9,0,1,1,4,0,2.3
2023,6,Tutu Atwell,LAR,ARI,WR,0,0,0,0,0,0,0,0,1,1,30,0,4.0
2023,6,Tyler Higbee,LAR,ARI,TE,0,0,0,0,0,0,0,0,3,2,18,0,3.8
2023,6,Zach Evans,LAR,ARI,RB,0,0,0,0,0,4,10,0,0,0,0,0,1.0
2023,6,Ameer Abdullah,LVR,NWE,RB,0,0,0,0,0,0,0,0,1,0,0,0,0.0
2023,6,Austin Hooper,LVR,NWE,TE,0,0,0,0,0,0,0,0,2,2,19,0,3.9
2023,6,Brian Hoyer,LVR,NWE,QB,10,6,102,0,0,3,-3,0,0,0,0,0,3.78
2023,6,Davante Adams,LVR,NWE,WR,0,0,0,0,0,0,0,0,5,2,29,0,4.9
2023,6,DeAndre Carter,LVR,NWE,WR,0,0,0,0,0,0,0,0,1,0,0,0,0.0
2023,6,Jakobi Meyers,LVR,NWE,WR,0,0,0,0,0,0,0,0,7,5,61,1,17.1
2023,6,Jimmy Garoppolo,LVR,NWE,QB,22,14,162,1,1,2,4,0,0,0,0,0,8.88
2023,6,Josh Jacobs,LVR,NWE,RB,0,0,0,0,0,25,77,0,5,2,16,0,11.3
2023,6,Michael Mayer,LVR,NWE,TE,0,0,0,0,0,0,0,0,6,5,75,0,12.5
2023,6,Tre Tucker,LVR,NWE,WR,0,0,0,0,0,1,4,0,2,2,57,0,8.1
2023,6,Zamir White,LVR,NWE,RB,0,0,0,0,0,2,2,0,2,2,7,0,2.9
2023,6,Braxton Berrios,MIA,CAR,WR,0,0,0,0,0,0,0,0,2,2,20,0,4.0
2023,6,Chris Brooks,MIA,CAR,RB,0,0,0,0,0,6,28,0,0,0,0,0,2.8
2023,6,Durham Smythe,MIA,CAR,TE,0,0,0,0,0,0,0,0,1,0,0,0,0.0
2023,6,Jaylen Waddle,MIA,CAR,WR,0,0,0,0,0,0,0,0,9,7,51,1,18.1
2023,6,Mike White,MIA,CAR,QB,1,0,0,0,1,3,-4,0,0,0,0,0,-2.4
2023,6,Raheem Mostert,MIA,CAR,RB,0,0,0,0,0,17,115,2,3,3,17,1,34.2
2023,6,Salvon Ahmed,MIA,CAR,RB,0,0,0,0,0,6,23,1,5,3,11,0,12.4
2023,6,Tua Tagovailoa,MIA,CAR,QB,31,21,262,3,0,1,0,0,0,0,0,0,22.48
2023,6,Tyreek Hill,MIA,CAR,WR,0,0,0,0,0,0,0,0,10,6,163,1,28.3
2023,6,Alexander Mattison,MIN,CHI,RB,0,0,0,0,0,18,44,0,7,4,28,0,11.2
2023,6,Brandon Powell,MIN,CHI,WR,0,0,0,0,0,1,-1,0,4,3,20,0,4.9
2023,6,Cam Akers,MIN,CHI,RB,0,0,0,0,0,1,8,0,1,1,7,0,2.5
2023,6,Jordan Addison,MIN,CHI,WR,0,0,0,0,0,0,0,0,5,3,28,1,11.8
2023,6,K.J. Osborn,MIN,CHI,WR,0,0,0,0,0,0,0,0,5,4,48,0,8.8
2023,6,Kirk Cousins,MIN,CHI,QB,31,21,181,1,0,2,-5,0,0,0,0,0,8.74
2023,6,T.J. Hockenson,MIN,CHI,TE,0,0,0,0,0,0,0,0,8,6,50,0,11.0
2023,6,Alvin Kamara,NOR,HOU,RB,0,0,0,0,0,19,68,0,8,7,36,0,17.4
2023,6,Chris Olave,NOR,HOU,WR,0,0,0,0,0,0,0,0,10,7,96,0,16.6
2023,6,Derek Carr,NOR,HOU,QB,50,32,353,1,1,1,2,0,0,0,0,0,16.32
2023,6,Foster Moreau,NOR,HOU,TE,0,0,0,0,0,0,0,0,4,4,33,0,7.3
2023,6,Kendre Miller,NOR,HOU,RB,0,0,0,0,0,2,-1,0,2,1,13,0,2.2
2023,6,Michael Thomas,NOR,HOU,WR,0,0,0,0,0,0,0,0,8,5,45,0,9.5
2023,6,Rashid Shaheed,NOR,HOU,WR,0,0,0,0,0,2,18,0,6,2,85,1,18.3
2023,6,Taysom Hill,NOR,HOU,TE,1,1,4,0,0,1,2,0,8,7,49,0,12.26
2023,6,DeVante Parker,NWE,LVR,WR,0,0,0,0,0,0,0,0,3,1,7,0,1.7
2023,6,Ezekiel Elliott,NWE,LVR,RB,0,0,0,0,0,7,34,1,1,1,15,0,11.9
2023,6,Hunter Henry,NWE,LVR,TE,0,0,0,0,0,0,0,0,3,1,7,0,1.7
2023,6,Kendrick Bourne,NWE,LVR,WR,0,0,0,0,0,1,4,0,11,10,89,0,19.3
2023,6,Mac Jones,NWE,LVR,QB,33,24,200,0,1,1,-1,0,0,0,0,0,5.9
2023,6,Mike Gesicki,NWE,LVR,TE,0,0,0,0,0,0,0,0,3,3,28,0,5.8
2023,6,Pharaoh Brown,NWE,LVR,TE,0,0,0,0,0,0,0,0,1,1,15,0,2.5
2023,6,Rhamondre Stevenson,NWE,LVR,RB,0,0,0,0,0,10,46,1,6,5,24,0,18.0
2023,6,Ty Montgomery,NWE,LVR,WR,0,0,0,0,0,0,0,0,1,1,9,0,1.9
2023,6,Tyquan Thornton,NWE,LVR,WR,0,0,0,0,0,0,0,0,2,1,6,0,1.6
2023,6,Darius Slayton,NYG,BUF,WR,0,0,0,0,0,0,0,0,6,4,69,0,10.9
2023,6,Darren Waller,NYG,BUF,TE,0,0,0,0,0,0,0,0,7,5,43,0,9.3
2023,6,Eric Gray,NYG,BUF,RB,0,0,0,0,0,1,2,0,0,0,0,0,0.2
2023,6,Jalin Hyatt,NYG,BUF,WR,0,0,0,0,0,0,0,0,4,3,21,0,5.1
2023,6,Matt Breida,NYG,BUF,RB,0,0,0,0,0,4,13,0,1,0,0,0,1.3
2023,6,Saquon Barkley,NYG,BUF,RB,0,0,0,0,0,24,93,0,5,4,5,0,13.8
2023,6,Tyrod Taylor,NYG,BUF,QB,36,24,200,0,0,5,24,0,0,0,0,0,10.4
2023,6,Wan'Dale Robinson,NYG,BUF,WR,0,0,0,0,0,0,0,0,8,8,62,0,14.2
2023,6,Allen Lazard,NYJ,PHI,WR,0,0,0,0,0,0,0,0,3,1,8,0,1.8
2023,6,Breece Hall,NYJ,PHI,RB,0,0,0,0,0,12,39,1,5,5,54,0,20.3
2023,6,C.J. Uzomah,NYJ,PHI,TE,0,0,0,0,0,0,0,0,1,0,0,0,0.0
2023,6,Dalvin Cook,NYJ,PHI,RB,0,0,0,0,0,3,12,0,1,1,2,0,2.4
2023,6,Garrett Wilson,NYJ,PHI,WR,0,0,0,0,0,0,0,0,12,8,90,0,17.0
2023,6,Jeremy Ruckert,NYJ,PHI,TE,0,0,0,0,0,0,0,0,1,1,8,0,1.8
2023,6,Mecole Hardman,NYJ,PHI,WR,0,0,0,0,0,0,0,0,2,0,0,0,0.0
2023,6,Michael Carter,NYJ,PHI,RB,0,0,0,0,0,1,5,0,1,0,0,0,0.5
2023,6,Randall Cobb,NYJ,PHI,WR,0,0,0,0,0,0,0,0,3,0,0,0,2.0
2023,6,Tyler Conklin,NYJ,PHI,TE,0,0,0,0,0,0,0,0,4,3,24,0,5.4
2023,6,Xavier Gipson,NYJ,PHI,WR,0,0,0,0,0,1,18,0,0,0,0,0,1.8
2023,6,Zach Wilson,NYJ,PHI,QB,33,19,186,0,0,4,15,0,0,0,0,0,10.94
2023,6,A.J. Brown,PHI,NYJ,WR,0,0,0,0,0,0,0,0,9,7,131,0,20.1
2023,6,Boston Scott,PHI,NYJ,RB,0,0,0,0,0,2,2,0,1,1,14,0,2.6
2023,6,D'Andre Swift,PHI,NYJ,RB,0,0,0,0,0,10,18,0,10,8,40,1,17.8
2023,6,Dallas Goedert,PHI,NYJ,TE,0,0,0,0,0,0,0,0,8,5,42,0,9.2
2023,6,DeVonta Smith,PHI,NYJ,WR,0,0,0,0,0,0,0,0,11,5,44,0,9.4
2023,6,Jalen Hurts,PHI,NYJ,QB,45,28,280,1,3,8,47,1,0,0,0,0,19.9
2023,6,Kenny Gainwell,PHI,NYJ,RB,0,0,0,0,0,2,13,0,2,1,4,0,2.7
2023,6,Olamide Zaccheaus,PHI,NYJ,WR,0,0,0,0,0,0,0,0,2,1,5,0,1.5
2023,6,Colby Parkinson,SEA,CIN,TE,0,0,0,0,0,0,0,0,5,3,19,0,4.9
2023,6,DK Metcalf,SEA,CIN,WR,0,0,0,0,0,0,0,0,9,4,69,0,10.9
2023,6,DeeJay Dallas,SEA,CIN,RB,0,0,0,0,0,0,0,0,1,1,-1,0,0.9
2023,6,Geno Smith,SEA,CIN,QB,41,27,326,0,2,4,20,0,0,0,0,0,11.04
2023,6,Jake Bobo,SEA,CIN,WR,0,0,0,0,0,0,0,0,2,2,43,0,6.3
2023,6,Jaxon Smith-Njigba,SEA,CIN,WR,0,0,0,0,0,0,0,0,5,4,48,0,8.8
2023,6,Kenneth Walker III,SEA,CIN,RB,0,0,0,0,0,19,62,1,3,3,27,0,17.9
2023,6,Noah Fant,SEA,CIN,TE,0,0,0,0,0,0,0,0,1,1,9,0,1.9
2023,6,Tyler Lockett,SEA,CIN,WR,0,0,0,0,0,0,0,0,8,6,94,0,15.4
2023,6,Will Dissly,SEA,CIN,TE,0,0,0,0,0,0,0,0,1,1,4,0,1.4
2023,6,Zach Charbonnet,SEA,CIN,RB,0,0,0,0,0,2,5,0,2,2,14,0,3.9
2023,6,Brandon Aiyuk,SFO,CLE,WR,0,0,0,0,0,0,0,0,10,4,76,0,11.6
2023,6,Brock Purdy,SFO,CLE,QB,27,12,125,1,1,3,7,0,0,0,0,0,7.7
2023,6,Christian McCaffrey,SFO,CLE,RB,0,0,0,0,0,11,43,0,3,3,9,1,14.2
2023,6,Deebo Samuel Sr.,SFO,CLE,WR,0,0,0,0,0,2,11,0,1,0,0,0,1.1
2023,6,Elijah Mitchell,SFO,CLE,RB,0,0,0,0,0,2,-3,0,0,0,0,0,-0.3
2023,6,George Kittle,SFO,CLE,TE,0,0,0,0,0,0,0,0,2,1,1,0,1.1
2023,6,Jauan Jennings,SFO,CLE,WR,0,0,0,0,0,0,0,0,4,2,26,0,4.6
2023,6,Jordan Mason,SFO,CLE,RB,0,0,0,0,0,5,27,1,0,0,0,0,8.7
2023,6,Kyle Juszczyk,SFO,CLE,RB,0,0,0,0,0,0,0,0,1,1,9,0,1.9
2023,6,Ray-Ray McCloud,SFO,CLE,WR,0,0,0,0,0,2,23,0,2,1,4,0,3.7
2023,6,Ross Dwelley,SFO,CLE,TE,0,0,0,0,0,0,0,0,1,0,0,0,0.0
2023,6,Baker Mayfield,TAM,DET,QB,37,19,206,0,1,2,6,0,0,0,0,0,6.84
2023,6,Cade Otton,TAM,DET,TE,0,0,0,0,0,0,0,0,2,1,15,0,2.5
2023,6,Chris Godwin Jr.,TAM,DET,WR,0,0,0,0,0,0,0,0,7,6,77,0,13.7
2023,6,Deven Thompkins,TAM,DET,WR,0,0,0,0,0,1,5,0,4,2,-2,0,2.3
2023,6,Ke'Shawn Vaughn,TAM,DET,RB,0,0,0,0,0,6,9,0,2,0,0,0,0.9
2023,6,Mike Evans,TAM,DET,WR,0,0,0,0,0,0,0,0,10,4,49,0,8.9
2023,6,Payne Durham,TAM,DET,TE,0,0,0,0,0,0,0,0,1,1,8,0,1.8
2023,6,Rachaad White,TAM,DET,RB,0,0,0,0,0,7,26,0,4,3,12,0,6.8
2023,6,Trey Palmer,TAM,DET,WR,0,0,0,0,0,0,0,0,7,2,47,0,6.7
2023,6,Chig Okonkwo,TEN,BAL,TE,0,0,0,0,0,0,0,0,4,2,18,0,3.8
2023,6,Chris Moore,TEN,BAL,WR,0,0,0,0,0,0,0,0,1,1,6,0,1.6
2023,6,DeAndre Hopkins,TEN,BAL,WR,0,0,0,0,0,0,0,0,5,1,20,0,3.0
2023,6,Derrick Henry,TEN,BAL,RB,0,0,0,0,0,12,97,1,2,2,16,0,19.3
2023,6,Josh Whyle,TEN,BAL,TE,0,0,0,0,0,0,0,0,1,1,11,0,2.1
2023,6,Kyle Philips,TEN,BAL,WR,0,0,0,0,0,0,0,0,2,1,6,0,1.6
2023,6,Malik Willis,TEN,BAL,QB,5,4,74,0,0,3,17,0,0,0,0,0,4.66
2023,6,Nick Westbrook-Ikhine,TEN,BAL,WR,0,0,0,0,0,0,0,0,4,3,25,0,5.5
2023,6,Ryan Tannehill,TEN,BAL,QB,16,8,76,0,1,0,0,0,0,0,0,0,1.04
2023,6,Tyjae Spears,TEN,BAL,RB,0,0,0,0,0,4,15,0,1,1,48,0,7.3
2023,6,Antonio Gibson,WAS,ATL,RB,0,0,0,0,0,3,15,0,1,1,1,1,8.6
2023,6,Brian Robinson,WAS,ATL,RB,0,0,0,0,0,10,31,0,2,2,25,1,13.6
2023,6,Chris Rodriguez Jr.,WAS,ATL,RB,0,0,0,0,0,4,23,0,0,0,0,0,2.3
2023,6,Curtis Samuel,WAS,ATL,WR,0,0,0,0,0,1,0,0,4,4,42,1,14.2
2023,6,Dyami Brown,WAS,ATL,WR,0,0,0,0,0,0,0,0,1,0,0,0,0.0
2023,6,Jahan Dotson,WAS,ATL,WR,0,0,0,0,0,0,0,0,1,0,0,0,0.0
2023,6,Logan Thomas,WAS,ATL,TE,0,0,0,0,0,0,0,0,1,1,2,0,1.2
2023,6,Sam Howell,WAS,ATL,QB,23,14,151,3,0,4,3,0,0,0,0,0,18.34
2023,6,Terry McLaurin,WAS,ATL,WR,0,0,0,0,0,0,0,0,11,6,81,0,14.1
2023,7,Damien Williams,ARI,SEA,RB,0,0,0,0,0,1,2,0,0,0,0,0,0.2
2023,7,Elijah Higgins,ARI,SEA,TE,0,0,0,0,0,0,0,0,1,1,0,0,1.0
2023,7,Emari Demercado,ARI,SEA,RB,0,0,0,0,0,13,58,0,5,4,17,0,11.5
2023,7,Geoff Swaim,ARI,SEA,TE,0,0,0,0,0,0,0,0,1,1,8,0,1.8
2023,7,Joshua Dobbs,ARI,SEA,QB,33,19,146,0,0,7,43,1,0,0,0,0,16.14
2023,7,Marquise Brown,ARI,SEA,WR,0,0,0,0,0,0,0,0,7,3,49,0,7.9
2023,7,Michael Wilson,ARI,SEA,WR,0,0,0,0,0,0,0,0,5,3,26,0,5.6
2023,7,Rondale Moore,ARI,SEA,WR,0,0,0,0,0,4,24,0,4,2,2,0,4.6
2023,7,Trey McBride,ARI,SEA,TE,0,0,0,0,0,0,0,0,6,3,29,0,5.9
2023,7,Zach Ertz,ARI,SEA,TE,0,0,0,0,0,0,0,0,4,3,19,0,4.9
2023,7,Bijan Robinson,ATL,TAM,RB,0,0,0,0,0,1,3,0,0,0,0,0,0.3
2023,7,Cordarrelle Patterson,ATL,TAM,RB,0,0,0,0,0,10,56,0,0,0,0,0,5.6
2023,7,Desmond Ridder,ATL,TAM,QB,25,19,250,0,0,6,38,1,0,0,0,0,13.8
2023,7,Drake London,ATL,TAM,WR,0,0,0,0,0,0,0,0,7,6,54,0,11.4
2023,7,Jonnu Smith,ATL,TAM,TE,0,0,0,0,0,0,0,0,3,3,27,0,5.7
2023,7,Keith Smith,ATL,TAM,RB,0,0,0,0,0,0,0,0,1,1,-1,0,0.9
2023,7,KhaDarel Hodge,ATL,TAM,WR,0,0,0,0,0,0,0,0,1,1,19,0,2.9
2023,7,Kyle Pitts,ATL,TAM,TE,0,0,0,0,0,0,0,0,5,3,47,0,7.7
2023,7,Scott Miller,ATL,TAM,WR,0,0,0,0,0,0,0,0,1,1,46,0,5.6
2023,7,Tyler Allgeier,ATL,TAM,RB,0,0,0,0,0,21,59,0,3,3,53,0,14.2
2023,7,Van Jefferson,ATL,TAM,WR,0,0,0,0,0,0,0,0,2,1,5,0,1.5
2023,7,Gus Edwards,BAL,DET,RB,0,0,0,0,0,14,64,1,1,1,80,0,21.4
2023,7,Justice Hill,BAL,DET,RB,0,0,0,0,0,4,46,0,1,1,2,0,5.8
2023,7,Keaton Mitchell,BAL,DET,RB,0,0,0,0,0,0,0,0,1,1,9,0,1.9
2023,7,Lamar Jackson,BAL,DET,QB,27,21,357,3,0,9,36,1,0,0,0,0,33.88
2023,7,Mark Andrews,BAL,DET,TE,0,0,0,0,0,0,0,0,6,4,63,2,22.3
2023,7,Nelson Agholor,BAL,DET,WR,0,0,0,0,0,0,0,0,1,1,12,1,8.2
2023,7,Odell Beckham Jr.,BAL,DET,WR,0,0,0,0,0,0,0,0,7,5,49,0,9.9
2023,7,Patrick Ricard,BAL,DET,RB,0,0,0,0,0,0,0,0,2,2,31,0,5.1
2023,7,Rashod Bateman,BAL,DET,WR,0,0,0,0,0,0,0,0,3,2,36,0,5.6
2023,7,Zay Flowers,BAL,DET,WR,0,0,0,0,0,0,0,0,6,4,75,0,11.5
2023,7,Dalton Kincaid,BUF,NWE,TE,0,0,0,0,0,0,0,0,8,8,75,0,15.5
2023,7,Dawson Knox,BUF,NWE,TE,0,0,0,0,0,0,0,0,3,1,10,0,4.0
2023,7,Deonte Harty,BUF,NWE,WR,0,0,0,0,0,0,0,0,1,1,10,0,2.0
2023,7,Gabe Davis,BUF,NWE,WR,0,0,0,0,0,0,0,0,5,1,6,0,1.6
2023,7,James Cook,BUF,NWE,RB,0,0,0,0,0,13,56,0,3,3,46,1,19.2
2023,7,Josh Allen,BUF,NWE,QB,41,27,265,2,1,7,17,1,0,0,0,0,24.3
2023,7,Khalil Shakir,BUF,NWE,WR,0,0,0,0,0,0,0,0,4,4,35,0,7.5
2023,7,Latavius Murray,BUF,NWE,RB,0,0,0,0,0,4,8,0,2,2,20,0,4.8
2023,7,Stefon Diggs,BUF,NWE,WR,0,0,0,0,0,0,0,0,12,6,58,1,17.8
2023,7,Trent Sherfield,BUF,NWE,WR,0,0,0,0,0,0,0,0,1,1,5,0,1.5
2023,7,D'Onta Foreman,CHI,LVR,RB,0,0,0,0,0,16,89,2,5,3,31,1,33.0
2023,7,DJ Moore,CHI,LVR,WR,0,0,0,0,0,0,0,0,9,8,54,0,13.4
2023,7,Darnell Mooney,CHI,LVR,WR,0,0,0,0,0,1,2,0,5,4,32,0,7.4
2023,7,Darrynton Evans,CHI,LVR,RB,0,0,0,0,0,14,48,0,3,1,6,0,6.4
2023,7,Khari Blasingame,CHI,LVR,RB,0,0,0,0,0,0,0,0,1,1,4,0,1.4
2023,7,Marcedes Lewis,CHI,LVR,TE,0,0,0,0,0,0,0,0,1,1,16,0,2.6
2023,7,Nathan Peterman,CHI,LVR,QB,0,0,0,0,0,2,-4,0,0,0,0,0,-0.4
2023,7,Travis Homer,CHI,LVR,RB,0,0,0,0,0,0,0,0,1,0,0,0,0.0
2023,7,Tyler Scott,CHI,LVR,WR,0,0,0,0,0,2,14,0,3,2,19,0,5.3
2023,7,Tyson Bagent,CHI,LVR,QB,29,21,162,1,0,3,24,0,0,0,0,0,12.88
2023,7,Velus Jones Jr.,CHI,LVR,WR,0,0,0,0,0,0,0,0,1,1,0,0,1.0
2023,7,Amari Cooper,CLE,IND,WR,0,0,0,0,0,0,0,0,8,2,22,0,4.2
2023,7,David Njoku,CLE,IND,TE,0,0,0,0,0,0,0,0,9,5,54,0,10.4
2023,7,Deshaun Watson,CLE,IND,QB,5,1,5,0,1,0,0,0,0,0,0,0,-1.8
2023,7,Donovan Peoples-Jones,CLE,IND,WR,0,0,0,0,0,0,0,0,3,2,22,0,4.2
2023,7,Elijah Moore,CLE,IND,WR,0,0,0,0,0,0,0,0,7,4,59,0,9.9
2023,7,Harrison Bryant,CLE,IND,TE,0,0,0,0,0,0,0,0,1,0,0,0,0.0
2023,7,Jerome Ford,CLE,IND,RB,0,0,0,0,0,11,74,1,4,2,20,0,17.4
2023,7,Kareem Hunt,CLE,IND,RB,0,0,0,0,0,10,31,2,1,0,0,0,15.1
2023,7,Marquise Goodwin,CLE,IND,WR,0,0,0,0,0,1,17,0,2,1,6,0,3.3
2023,7,PJ Walker,CLE,IND,QB,32,15,178,0,1,3,3,0,0,0,0,0,5.42
2023,7,Pierre Strong,CLE,IND,RB,0,0,0,0,0,8,25,0,0,0,0,0,2.5
2023,7,Adam Trautman,DEN,GNB,TE,0,0,0,0,0,0,0,0,2,1,5,0,1.5
2023,7,Courtland Sutton,DEN,GNB,WR,0,0,0,0,0,0,0,0,6,6,76,1,19.6
2023,7,Jaleel McLaughlin,DEN,GNB,RB,0,0,0,0,0,5,45,0,2,1,1,0,5.6
2023,7,Javonte Williams,DEN,GNB,RB,0,0,0,0,0,15,82,0,4,3,14,0,12.6
2023,7,Jerry Jeudy,DEN,GNB,WR,0,0,0,0,0,0,0,0,5,5,64,0,11.4
2023,7,Marvin Mims Jr.,DEN,GNB,WR,0,0,0,0,0,1,-11,0,1,0,0,0,-1.1
2023,7,Michael Burton,DEN,GNB,RB,0,0,0,0,0,1,-2,0,0,0,0,0,-0.2
2023,7,Nate Adkins,DEN,GNB,TE,0,0,0,0,0,0,0,0,1,1,3,0,1.3
2023,7,Russell Wilson,DEN,GNB,QB,29,20,194,1,0,1,21,0,0,0,0,0,13.86
2023,7,Samaje Perine,DEN,GNB,RB,0,0,0,0,0,2,10,0,3,3,31,0,7.1
2023,7,Amon-Ra St. Brown,DET,BAL,WR,0,0,0,0,0,0,0,0,19,13,102,0,23.2
2023,7,Antoine Green,DET,BAL,WR,0,0,0,0,0,0,0,0,1,0,0,0,0.0
2023,7,Craig Reynolds,DET,BAL,RB,0,0,0,0,0,3,16,0,1,1,9,0,3.5
2023,7,Jahmyr Gibbs,DET,BAL,RB,0,0,0,0,0,11,68,1,10,9,58,0,27.6
2023,7,Jameson Williams,DET,BAL,WR,0,0,0,0,0,0,0,0,6,0,0,0,0.0
2023,7,Jared Goff,DET,BAL,QB,53,33,284,0,1,0,0,0,0,0,0,0,9.36
2023,7,Josh Reynolds,DET,BAL,WR,0,0,0,0,0,0,0,0,3,2,43,0,6.3
2023,7,Kalif Raymond,DET,BAL,WR,0,0,0,0,0,0,0,0,2,2,20,0,4.0
2023,7,Sam LaPorta,DET,BAL,TE,0,0,0,0,0,0,0,0,7,6,52,0,11.2
2023,7,AJ Dillon,GNB,DEN,RB,0,0,0,0,0,15,61,0,2,2,34,0,11.5
2023,7,Aaron Jones,GNB,DEN,RB,0,0,0,0,0,8,35,0,5,3,22,0,8.7
2023,7,Ben Sims,GNB,DEN,TE,0,0,0,0,0,0,0,0,1,1,2,0,1.2
2023,7,Christian Watson,GNB,DEN,WR,0,0,0,0,0,0,0,0,5,3,27,0,5.7
2023,7,Dontayvion Wicks,GNB,DEN,WR,1,1,14,0,0,1,1,0,1,1,17,0,3.36
2023,7,Emanuel Wilson,GNB,DEN,RB,0,0,0,0,0,2,19,0,2,2,8,0,4.7
2023,7,Jayden Reed,GNB,DEN,WR,0,0,0,0,0,0,0,0,4,3,21,1,11.1
2023,7,Jordan Love,GNB,DEN,QB,31,21,180,2,1,3,21,0,0,0,0,0,15.3
2023,7,Luke Musgrave,GNB,DEN,TE,0,0,0,0,0,0,0,0,5,4,30,0,7.0
2023,7,Romeo Doubs,GNB,DEN,WR,0,0,0,0,0,0,0,0,5,2,30,1,11.0
2023,7,Samori Toure,GNB,DEN,WR,0,0,0,0,0,0,0,0,2,1,3,0,1.3
2023,7,Alec Pierce,IND,CLE,WR,0,0,0,0,0,0,0,0,3,3,53,0,8.3
2023,7,Gardner Minshew,IND,CLE,QB,23,15,305,2,1,3,29,2,0,0,0,0,27.1
2023,7,Isaiah McKenzie,IND,CLE,WR,0,0,0,0,0,1,7,0,0,0,0,0,0.7
2023,7,Jonathan Taylor,IND,CLE,RB,0,0,0,0,0,18,75,1,4,3,45,0,21.0
2023,7,Josh Downs,IND,CLE,WR,0,0,0,0,0,0,0,0,6,5,125,1,23.5
2023,7,Michael Pittman,IND,CLE,WR,0,0,0,0,0,0,0,0,5,2,83,1,16.3
2023,7,Mo Alie-Cox,IND,CLE,TE,0,0,0,0,0,0,0,0,1,1,-6,0,0.4
2023,7,Will Mallory,IND,CLE,TE,0,0,0,0,0,0,0,0,1,0,0,0,0.0
2023,7,Zack Moss,IND,CLE,RB,0,0,0,0,0,18,57,0,2,1,5,0,7.2
2023,7,Calvin Ridley,JAX,NOR,WR,0,0,0,0,0,1,0,0,4,1,5,0,1.5
2023,7,Christian Kirk,JAX,NOR,WR,0,0,0,0,0,0,0,0,6,6,90,1,19.0
2023,7,Evan Engram,JAX,NOR,TE,0,0,0,0,0,0,0,0,7,5,45,0,9.5
2023,7,Jamal Agnew,JAX,NOR,WR,0,0,0,0,0,1,-1,0,6,4,36,0,7.5
2023,7,Tank Bigsby,JAX,NOR,RB,0,0,0,0,0,2,2,0,0,0,0,0,0.2
2023,7,Tim Jones,JAX,NOR,WR,0,0,0,0,0,0,0,0,2,2,17,0,3.7
2023,7,Travis Etienne,JAX,NOR,RB,0,0,0,0,0,14,53,2,5,3,24,0,22.7
2023,7,Trevor Lawrence,JAX,NOR,QB,29,20,204,1,0,8,59,0,0,0,0,0,18.06
2023,7,Blake Bell,KAN,LAC,TE,0,0,0,0,0,0,0,0,1,1,7,0,-0.3
2023,7,Clyde Edwards-Helaire,KAN,LAC,RB,0,0,0,0,0,2,5,0,1,0,0,0,0.5
2023,7,Isiah Pacheco,KAN,LAC,RB,0,0,0,0,0,13,32,0,4,4,28,1,16.0
2023,7,Jerick McKinnon,KAN,LAC,RB,0,0,0,0,0,2,2,0,2,2,24,0,4.6
2023,7,Kadarius Toney,KAN,LAC,WR,0,0,0,0,0,0,0,0,1,1,13,0,2.3
2023,7,Marquez Valdes-Scantling,KAN,LAC,WR,0,0,0,0,0,0,0,0,5,3,84,1,17.4
2023,7,Mecole Hardman,KAN,LAC,WR,0,0,0,0,0,0,0,0,3,1,6,0,1.6
2023,7,Noah Gray,KAN,LAC,TE,0,0,0,0,0,0,0,0,1,1,8,0,1.8
2023,7,Patrick Mahomes,KAN,LAC,QB,42,32,424,4,1,4,29,0,0,0,0,0,33.86
2023,7,Rashee Rice,KAN,LAC,WR,0,0,0,0,0,0,0,0,6,5,60,1,17.0
2023,7,Skyy Moore,KAN,LAC,WR,0,0,0,0,0,0,0,0,3,2,15,0,3.5
2023,7,Travis Kelce,KAN,LAC,TE,0,0,0,0,0,0,0,0,13,12,179,1,35.9
2023,7,Austin Ekeler,LAC,KAN,RB,0,0,0,0,0,14,45,0,2,1,1,0,5.6
2023,7,Derius Davis,LAC,KAN,WR,0,0,0,0,0,3,14,0,2,1,10,0,3.4
2023,7,Donald Parham,LAC,KAN,TE,0,0,0,0,0,0,0,0,3,1,9,0,1.9
2023,7,Gerald Everett,LAC,KAN,TE,0,0,0,0,0,0,0,0,4,3,26,1,11.6
2023,7,Josh Palmer,LAC,KAN,WR,0,0,0,0,0,0,0,0,7,5,133,0,18.3
2023,7,Joshua Kelley,LAC,KAN,RB,0,0,0,0,0,7,75,1,0,0,0,0,13.5
2023,7,Justin Herbert,LAC,KAN,QB,30,17,259,1,2,2,5,0,0,0,0,0,10.86
2023,7,Keenan Allen,LAC,KAN,WR,0,0,0,0,0,0,0,0,9,4,55,0,9.5
2023,7,Quentin Johnston,LAC,KAN,WR,0,0,0,0,0,0,0,0,2,1,20,0,3.0
2023,7,Stone Smartt,LAC,KAN,TE,0,0,0,0,0,0,0,0,1,1,5,0,1.5
2023,7,Brycen Hopkins,LAR,PIT,TE,0,0,0,0,0,0,0,0,1,1,5,0,1.5
2023,7,Cooper Kupp,LAR,PIT,WR,0,0,0,0,0,0,0,0,7,2,29,0,6.9
2023,7,Darrell Henderson,LAR,PIT,RB,0,0,0,0,0,18,61,1,2,1,5,0,13.6
2023,7,Matthew Stafford,LAR,PIT,QB,29,14,231,1,1,1,8,0,0,0,0,0,14.04
2023,7,Puka Nacua,LAR,PIT,WR,0,0,0,0,0,0,0,0,12,8,154,0,23.4
2023,7,Royce Freeman,LAR,PIT,RB,0,0,0,0,0,12,66,0,0,0,0,0,6.6
2023,7,Tutu Atwell,LAR,PIT,WR,0,0,0,0,0,0,0,0,2,1,31,1,10.1
2023,7,Tyler Higbee,LAR,PIT,TE,0,0,0,0,0,0,0,0,3,1,7,0,1.7
2023,7,Aidan O'Connell,LVR,CHI,QB,13,10,75,1,1,0,0,0,0,0,0,0,5.0
2023,7,Austin Hooper,LVR,CHI,TE,0,0,0,0,0,0,0,0,2,2,18,0,3.8
2023,7,Brian Hoyer,LVR,CHI,QB,32,17,129,0,2,0,0,0,0,0,0,0,1.16
2023,7,Davante Adams,LVR,CHI,WR,0,0,0,0,0,0,0,0,12,7,57,0,12.7
2023,7,Hunter Renfrow,LVR,CHI,WR,0,0,0,0,0,0,0,0,3,2,14,0,3.4
2023,7,Jakobi Meyers,LVR,CHI,WR,0,0,0,0,0,0,0,0,13,7,50,1,18.0
2023,7,Jesper Horsted,LVR,CHI,TE,0,0,0,0,0,0,0,0,1,1,4,0,1.4
2023,7,Josh Jacobs,LVR,CHI,RB,0,0,0,0,0,11,35,0,4,1,6,0,5.1
2023,7,Michael Mayer,LVR,CHI,TE,0,0,0,0,0,0,0,0,4,2,13,0,3.3
2023,7,Tre Tucker,LVR,CHI,WR,0,0,0,0,0,1,2,0,3,2,16,0,3.8
2023,7,Zamir White,LVR,CHI,RB,0,0,0,0,0,2,2,0,3,3,26,0,5.8
2023,7,Braxton Berrios,MIA,PHI,WR,0,0,0,0,0,0,0,0,2,1,7,0,1.7
2023,7,Cedrick Wilson Jr.,MIA,PHI,WR,0,0,0,0,0,0,0,0,3,2,48,0,6.8
2023,7,Jaylen Waddle,MIA,PHI,WR,0,0,0,0,0,0,0,0,6,6,63,0,12.3
2023,7,Jeff Wilson,MIA,PHI,RB,0,0,0,0,0,0,0,0,1,1,4,0,1.4
2023,7,Raheem Mostert,MIA,PHI,RB,0,0,0,0,0,9,45,0,3,1,6,0,6.1
2023,7,Salvon Ahmed,MIA,PHI,RB,0,0,0,0,0,2,3,0,2,1,0,0,1.3
2023,7,Tua Tagovailoa,MIA,PHI,QB,32,23,216,1,1,1,-3,0,0,0,0,0,10.34
2023,7,Tyreek Hill,MIA,PHI,WR,0,0,0,0,0,0,0,0,15,11,88,1,25.8
2023,7,Alexander Mattison,MIN,SFO,RB,0,0,0,0,0,8,39,0,3,2,3,0,6.2
2023,7,Brandon Powell,MIN,SFO,WR,0,0,0,0,0,1,5,0,5,4,64,0,10.9
2023,7,Cam Akers,MIN,SFO,RB,0,0,0,0,0,10,31,0,3,2,30,0,8.1
2023,7,Jordan Addison,MIN,SFO,WR,0,0,0,0,0,0,0,0,10,7,123,2,31.3
2023,7,Josh Oliver,MIN,SFO,TE,0,0,0,0,0,0,0,0,2,2,6,0,2.6
2023,7,K.J. Osborn,MIN,SFO,WR,0,0,0,0,0,0,0,0,6,5,47,0,9.7
2023,7,Kirk Cousins,MIN,SFO,QB,45,35,378,2,1,2,-1,0,0,0,0,0,21.02
2023,7,T.J. Hockenson,MIN,SFO,TE,0,0,0,0,0,0,0,0,12,11,86,0,19.6
2023,7,Trishton Jackson,MIN,SFO,WR,0,0,0,0,0,0,0,0,1,1,7,0,1.7
2023,7,Ty Chandler,MIN,SFO,RB,0,0,0,0,0,0,0,0,1,1,12,0,2.2
2023,7,Alvin Kamara,NOR,JAX,RB,0,0,0,0,0,17,62,0,14,12,91,0,29.3
2023,7,Chris Olave,NOR,JAX,WR,0,0,0,0,0,0,0,0,15,7,57,0,12.7
2023,7,Derek Carr,NOR,JAX,QB,55,33,301,1,1,3,14,0,0,0,0,0,17.44
2023,7,Foster Moreau,NOR,JAX,TE,0,0,0,0,0,0,0,0,4,3,33,0,6.3
2023,7,Jamaal Williams,NOR,JAX,RB,0,0,0,0,0,5,14,0,0,0,0,0,1.4
2023,7,Michael Thomas,NOR,JAX,WR,0,0,0,0,0,0,0,0,7,3,42,1,13.2
2023,7,Rashid Shaheed,NOR,JAX,WR,0,0,0,0,0,1,4,0,8,4,28,0,7.2
2023,7,Taysom Hill,NOR,JAX,TE,0,0,0,0,0,5,18,1,5,4,50,0,16.8
2023,7,DeMario Douglas,NWE,BUF,WR,0,0,0,0,0,1,20,0,6,4,54,0,11.4
2023,7,DeVante Parker,NWE,BUF,WR,0,0,0,0,0,0,0,0,1,1,8,0,1.8
2023,7,Ezekiel Elliott,NWE,BUF,RB,0,0,0,0,0,11,31,1,1,0,0,0,9.1
2023,7,Hunter Henry,NWE,BUF,TE,0,0,0,0,0,0,0,0,3,2,27,0,4.7
2023,7,Jalen Reagor,NWE,BUF,WR,0,0,0,0,0,0,0,0,1,1,11,0,2.1
2023,7,Kendrick Bourne,NWE,BUF,WR,0,0,0,0,0,0,0,0,7,6,63,1,16.3
2023,7,Mac Jones,NWE,BUF,QB,30,25,272,2,0,3,11,0,0,0,0,0,19.98
2023,7,Mike Gesicki,NWE,BUF,TE,0,0,0,0,0,0,0,0,2,2,5,1,8.5
2023,7,Pharaoh Brown,NWE,BUF,TE,0,0,0,0,0,0,0,0,2,2,51,0,7.1
2023,7,Rhamondre Stevenson,NWE,BUF,RB,0,0,0,0,0,9,34,0,6,6,51,0,14.5
2023,7,Tyquan Thornton,NWE,BUF,WR,0,0,0,0,0,0,0,0,1,1,2,0,1.2
2023,7,Darius Slayton,NYG,WAS,WR,0,0,0,0,0,0,0,0,2,1,22,0,3.2
2023,7,Darren Waller,NYG,WAS,TE,0,0,0,0,0,0,0,0,8,7,98,1,22.8
2023,7,Isaiah Hodgins,NYG,WAS,WR,0,0,0,0,0,0,0,0,4,2,13,0,3.3
2023,7,Jalin Hyatt,NYG,WAS,WR,0,0,0,0,0,0,0,0,5,2,75,0,9.5
2023,7,Matt Breida,NYG,WAS,RB,0,0,0,0,0,3,4,0,1,1,5,0,1.9
2023,7,Saquon Barkley,NYG,WAS,RB,0,0,0,0,0,21,77,0,4,3,41,1,18.8
2023,7,Sterling Shepard,NYG,WAS,WR,0,0,0,0,0,0,0,0,1,1,3,0,1.3
2023,7,Tyrod Taylor,NYG,WAS,QB,29,18,279,2,0,8,25,0,0,0,0,0,21.66
2023,7,Wan'Dale Robinson,NYG,WAS,WR,0,0,0,0,0,0,0,0,2,1,22,0,3.2
2023,7,A.J. Brown,PHI,MIA,WR,0,0,0,0,0,0,0,0,15,10,137,1,29.7
2023,7,D'Andre Swift,PHI,MIA,RB,0,0,0,0,0,15,62,0,3,3,13,0,10.5
2023,7,Dallas Goedert,PHI,MIA,TE,0,0,0,0,0,0,0,0,5,5,77,1,18.7
2023,7,DeVonta Smith,PHI,MIA,WR,0,0,0,0,0,0,0,0,5,4,49,0,8.9
2023,7,Jalen Hurts,PHI,MIA,QB,31,23,279,2,1,11,21,1,0,0,0,0,23.26
2023,7,Julio Jones,PHI,MIA,WR,0,0,0,0,0,0,0,0,1,1,3,0,1.3
2023,7,Kenny Gainwell,PHI,MIA,RB,0,0,0,0,0,8,16,1,0,0,0,0,7.6
2023,7,Olamide Zaccheaus,PHI,MIA,WR,0,0,0,0,0,0,0,0,1,0,0,0,0.0
2023,7,Allen Robinson,PIT,LAR,WR,0,0,0,0,0,0,0,0,1,1,7,0,1.7
2023,7,Calvin Austin III,PIT,LAR,WR,0,0,0,0,0,1,1,0,0,0,0,0,0.1
2023,7,Connor Heyward,PIT,LAR,RB,0,0,0,0,0,0,0,0,3,2,23,0,4.3
2023,7,Diontae Johnson,PIT,LAR,WR,0,0,0,0,0,0,0,0,6,5,79,0,12.9
2023,7,George Pickens,PIT,LAR,WR,0,0,0,0,0,0,0,0,8,5,107,0,15.7
2023,7,Jaylen Warren,PIT,LAR,RB,0,0,0,0,0,6,32,1,2,1,-1,0,10.1
2023,7,Kenny Pickett,PIT,LAR,QB,25,17,230,0,0,8,0,1,0,0,0,0,15.2
2023,7,Najee Harris,PIT,LAR,RB,0,0,0,0,0,14,53,1,3,3,15,0,15.8
2023,7,Colby Parkinson,SEA,ARI,TE,0,0,0,0,0,0,0,0,2,2,26,0,4.6
2023,7,DeeJay Dallas,SEA,ARI,RB,0,0,0,0,0,0,0,0,1,1,0,0,1.0
2023,7,Geno Smith,SEA,ARI,QB,24,18,219,2,1,6,10,0,0,0,0,0,13.76
2023,7,Jake Bobo,SEA,ARI,WR,0,0,0,0,0,0,0,0,5,4,61,1,16.1
2023,7,Jaxon Smith-Njigba,SEA,ARI,WR,0,0,0,0,0,0,0,0,7,4,63,1,16.3
2023,7,Kenneth Walker III,SEA,ARI,RB,0,0,0,0,0,26,105,0,3,2,6,0,13.1
2023,7,Noah Fant,SEA,ARI,TE,0,0,0,0,0,0,0,0,1,1,25,0,3.5
2023,7,Tyler Lockett,SEA,ARI,WR,0,0,0,0,0,0,0,0,5,4,38,0,7.8
2023,7,Brandon Aiyuk,SFO,MIN,WR,0,0,0,0,0,0,0,0,6,5,57,0,10.7
2023,7,Brock Purdy,SFO,MIN,QB,30,21,272,1,2,5,19,0,0,0,0,0,12.78
2023,7,Christian McCaffrey,SFO,MIN,RB,0,0,0,0,0,15,45,1,3,3,51,1,22.6
2023,7,Elijah Mitchell,SFO,MIN,RB,0,0,0,0,0,1,-1,0,0,0,0,0,-0.1
2023,7,George Kittle,SFO,MIN,TE,0,0,0,0,0,1,2,0,7,5,78,0,13.0
2023,7,Jauan Jennings,SFO,MIN,WR,0,0,0,0,0,0,0,0,9,5,54,0,10.4
2023,7,Ray-Ray McCloud,SFO,MIN,WR,0,0,0,0,0,0,0,0,3,2,20,0,4.0
2023,7,Ross Dwelley,SFO,MIN,TE,0,0,0,0,0,0,0,0,1,1,12,0,2.2
2023,7,Baker Mayfield,TAM,ATL,QB,42,27,275,1,1,3,32,0,0,0,0,0,16.2
2023,7,Cade Otton,TAM,ATL,TE,0,0,0,0,0,0,0,0,6,5,43,0,9.3
2023,7,Chris Godwin Jr.,TAM,ATL,WR,0,0,0,0,0,0,0,0,12,6,66,0,12.6
2023,7,Deven Thompkins,TAM,ATL,WR,0,0,0,0,0,0,0,0,3,3,14,0,2.4
2023,7,Ke'Shawn Vaughn,TAM,ATL,RB,0,0,0,0,0,4,7,0,1,0,0,0,0.7
2023,7,Mike Evans,TAM,ATL,WR,0,0,0,0,0,0,0,0,8,6,82,1,20.2
2023,7,Payne Durham,TAM,ATL,TE,0,0,0,0,0,0,0,0,1,0,0,0,0.0
2023,7,Rachaad White,TAM,ATL,RB,0,0,0,0,0,13,34,0,6,6,65,0,15.9
2023,7,Rakim Jarrett,TAM,ATL,WR,0,0,0,0,0,0,0,0,2,0,0,0,0.0
2023,7,Trey Palmer,TAM,ATL,WR,0,0,0,0,0,0,0,0,2,1,5,0,1.5
2023,7,Antonio Gibson,WAS,NYG,RB,0,0,0,0,0,2,7,0,2,2,24,0,5.1
2023,7,Brian Robinson,WAS,NYG,RB,0,0,0,0,0,8,23,1,1,0,0,0,8.3
2023,7,Byron Pringle,WAS,NYG,WR,0,0,0,0,0,0,0,0,1,1,16,0,2.6
2023,7,Chris Rodriguez Jr.,WAS,NYG,RB,0,0,0,0,0,7,31,0,0,0,0,0,3.1
2023,7,Curtis Samuel,WAS,NYG,WR,0,0,0,0,0,0,0,0,8,4,25,0,6.5
2023,7,Jahan Dotson,WAS,NYG,WR,0,0,0,0,0,0,0,0,8,5,43,0,9.3
2023,7,John Bates,WAS,NYG,TE,0,0,0,0,0,0,0,0,1,0,0,0,0.0
2023,7,Logan Thomas,WAS,NYG,TE,0,0,0,0,0,0,0,0,6,4,51,0,9.1
2023,7,Sam Howell,WAS,NYG,QB,42,22,249,0,1,2,15,0,0,0,0,0,9.46
2023,7,Terry McLaurin,WAS,NYG,WR,0,0,0,0,0,0,0,0,9,6,90,0,15.0
2023,8,Damien Williams,ARI,BAL,RB,0,0,0,0,0,2,5,0,1,1,4,0,1.9
2023,8,Emari Demercado,ARI,BAL,RB,0,0,0,0,0,20,78,0,1,1,1,0,8.9
2023,8,Joshua Dobbs,ARI,BAL,QB,37,25,208,2,2,6,26,1,0,0,0,0,22.92
2023,8,Keaontay Ingram,ARI,BAL,RB,0,0,0,0,0,2,9,0,1,1,7,0,2.6
2023,8,Marquise Brown,ARI,BAL,WR,0,0,0,0,0,0,0,0,9,6,33,1,15.3
2023,8,Michael Wilson,ARI,BAL,WR,0,0,0,0,0,0,0,0,6,4,58,0,9.8
2023,8,Rondale Moore,ARI,BAL,WR,0,0,0,0,0,2,11,0,3,2,10,0,4.1
2023,8,Trey McBride,ARI,BAL,TE,0,0,0,0,0,0,0,0,14,10,95,1,25.5
2023,8,Zach Pascal,ARI,BAL,WR,0,0,0,0,0,0,0,0,1,0,0,0,0.0
2023,8,Bijan Robinson,ATL,TEN,RB,0,0,0,0,0,11,62,1,5,0,0,0,12.2
2023,8,Cordarrelle Patterson,ATL,TEN,RB,0,0,0,0,0,2,7,0,0,0,0,0,0.7
2023,8,Desmond Ridder,ATL,TEN,QB,12,8,71,0,0,3,26,0,0,0,0,0,3.44
2023,8,Drake London,ATL,TEN,WR,0,0,0,0,0,0,0,0,7,5,55,0,10.5
2023,8,Jonnu Smith,ATL,TEN,TE,1,0,0,0,0,0,0,0,1,1,13,0,2.3
2023,8,KhaDarel Hodge,ATL,TEN,WR,0,0,0,0,0,0,0,0,3,3,75,0,10.5
2023,8,Kyle Pitts,ATL,TEN,TE,0,0,0,0,0,0,0,0,5,3,35,0,6.5
2023,8,Mack Hollins,ATL,TEN,WR,0,0,0,0,0,0,0,0,3,2,27,0,4.7
2023,8,MyCole Pruitt,ATL,TEN,TE,0,0,0,0,0,0,0,0,2,1,3,0,1.3
2023,8,Scott Miller,ATL,TEN,WR,0,0,0,0,0,0,0,0,2,2,14,1,9.4
2023,8,Taylor Heinicke,ATL,TEN,QB,21,12,175,1,0,2,14,0,0,0,0,0,12.4
2023,8,Tyler Allgeier,ATL,TEN,RB,0,0,0,0,0,8,31,0,0,0,0,0,3.1
2023,8,Van Jefferson,ATL,TEN,WR,0,0,0,0,0,0,0,0,5,3,24,0,5.4
2023,8,Gus Edwards,BAL,ARI,RB,0,0,0,0,0,19,80,3,2,2,14,0,29.4
2023,8,Isaiah Likely,BAL,ARI,TE,0,0,0,0,0,0,0,0,1,1,10,0,2.0
2023,8,Justice Hill,BAL,ARI,RB,0,0,0,0,0,4,15,0,4,4,40,0,9.5
2023,8,Lamar Jackson,BAL,ARI,QB,27,18,157,1,0,5,17,0,0,0,0,0,11.98
2023,8,Mark Andrews,BAL,ARI,TE,0,0,0,0,0,0,0,0,5,4,40,1,14.0
2023,8,Nelson Agholor,BAL,ARI,WR,0,0,0,0,0,0,0,0,1,0,0,0,0.0
2023,8,Odell Beckham Jr.,BAL,ARI,WR,0,0,0,0,0,0,0,0,4,0,0,0,0.0
2023,8,Rashod Bateman,BAL,ARI,WR,0,0,0,0,0,1,18,0,2,2,34,0,7.2
2023,8,Zay Flowers,BAL,ARI,WR,0,0,0,0,0,0,0,0,7,5,19,0,6.9
2023,8,Dalton Kincaid,BUF,TAM,TE,0,0,0,0,0,0,0,0,7,5,65,1,17.5
2023,8,Gabe Davis,BUF,TAM,WR,0,0,0,0,0,0,0,0,12,9,87,1,23.7
2023,8,James Cook,BUF,TAM,RB,0,0,0,0,0,14,67,0,1,1,6,0,8.3
2023,8,Josh Allen,BUF,TAM,QB,40,31,324,2,1,7,41,1,0,0,0,0,29.06
2023,8,Khalil Shakir,BUF,TAM,WR,0,0,0,0,0,0,0,0,6,6,92,0,15.2
2023,8,Latavius Murray,BUF,TAM,RB,0,0,0,0,0,5,7,0,1,1,4,0,2.1
2023,8,Stefon Diggs,BUF,TAM,WR,0,0,0,0,0,0,0,0,12,9,70,0,16.0
2023,8,Adam Thielen,CAR,HOU,WR,0,0,0,0,0,0,0,0,11,8,72,0,15.2
2023,8,Bryce Young,CAR,HOU,QB,31,22,235,1,0,4,11,0,0,0,0,0,14.5
2023,8,Chuba Hubbard,CAR,HOU,RB,0,0,0,0,0,15,28,0,2,2,26,0,7.4
2023,8,DJ Chark,CAR,HOU,WR,0,0,0,0,0,0,0,0,4,2,23,0,4.3
2023,8,Hayden Hurst,CAR,HOU,TE,0,0,0,0,0,0,0,0,2,0,0,0,0.0
2023,8,Jonathan Mingo,CAR,HOU,WR,0,0,0,0,0,0,0,0,5,4,62,0,10.2
2023,8,Miles Sanders,CAR,HOU,RB,0,0,0,0,0,2,0,0,0,0,0,0,0.0
2023,8,Raheem Blackshear,CAR,HOU,RB,0,0,0,0,0,3,5,0,2,2,26,0,5.1
2023,8,Stephen Sullivan,CAR,HOU,TE,0,0,0,0,0,0,0,0,1,1,13,0,2.3
2023,8,Terrace Marshall Jr.,CAR,HOU,WR,0,0,0,0,0,0,0,0,1,1,9,0,1.9
2023,8,Tommy Tremble,CAR,HOU,TE,0,0,0,0,0,0,0,0,3,2,4,1,8.4
2023,8,Cole Kmet,CHI,LAC,TE,0,0,0,0,0,0,0,0,10,10,79,0,17.9
2023,8,D'Onta Foreman,CHI,LAC,RB,0,0,0,0,0,9,34,0,2,1,2,0,4.6
2023,8,DJ Moore,CHI,LAC,WR,0,0,0,0,0,0,0,0,6,4,55,0,9.5
2023,8,Darnell Mooney,CHI,LAC,WR,0,0,0,0,0,1,3,0,4,1,41,0,5.4
2023,8,Darrynton Evans,CHI,LAC,RB,0,0,0,0,0,4,18,1,4,3,22,0,13.0
2023,8,Khari Blasingame,CHI,LAC,RB,0,0,0,0,0,0,0,0,1,0,0,0,0.0
2023,8,Robert Tonyan,CHI,LAC,TE,0,0,0,0,0,0,0,0,1,1,8,0,1.8
2023,8,Roschon Johnson,CHI,LAC,RB,0,0,0,0,0,6,21,0,4,3,10,0,6.1
2023,8,Trent Taylor,CHI,LAC,WR,0,0,0,0,0,1,-2,0,0,0,0,0,-0.2
2023,8,Tyler Scott,CHI,LAC,WR,0,0,0,0,0,0,0,0,3,1,11,0,2.1
2023,8,Tyson Bagent,CHI,LAC,QB,37,25,232,0,2,4,-1,1,0,0,0,0,11.18
2023,8,Velus Jones Jr.,CHI,LAC,WR,0,0,0,0,0,0,0,0,2,1,4,0,1.4
2023,8,Andrei Iosivas,CIN,SFO,WR,0,0,0,0,0,0,0,0,1,1,2,1,7.2
2023,8,Drew Sample,CIN,SFO,TE,0,0,0,0,0,0,0,0,1,0,0,0,0.0
2023,8,Irv Smith,CIN,SFO,TE,0,0,0,0,0,0,0,0,4,4,25,0,4.5
2023,8,Ja'Marr Chase,CIN,SFO,WR,0,0,0,0,0,2,-8,0,12,10,100,1,25.2
2023,8,Joe Burrow,CIN,SFO,QB,32,28,283,3,0,6,43,0,0,0,0,0,27.62
2023,8,Joe Mixon,CIN,SFO,RB,0,0,0,0,0,16,87,1,3,3,23,0,20.0
2023,8,Tee Higgins,CIN,SFO,WR,0,0,0,0,0,0,0,0,6,5,69,0,11.9
2023,8,Trayveon Williams,CIN,SFO,RB,0,0,0,0,0,2,6,0,0,0,0,0,0.6
2023,8,Trenton Irwin,CIN,SFO,WR,0,0,0,0,0,0,0,0,2,2,24,0,4.4
2023,8,Tyler Boyd,CIN,SFO,WR,0,0,0,0,0,1,6,0,3,3,40,1,13.6
2023,8,Amari Cooper,CLE,SEA,WR,0,0,0,0,0,0,0,0,11,6,89,0,14.9
2023,8,David Njoku,CLE,SEA,TE,0,0,0,0,0,0,0,0,8,4,77,1,17.7
2023,8,Elijah Moore,CLE,SEA,WR,0,0,0,0,0,0,0,0,5,2,30,0,5.0
2023,8,Harrison Bryant,CLE,SEA,TE,0,0,0,0,0,0,0,0,1,0,0,0,0.0
2023,8,Jerome Ford,CLE,SEA,RB,0,0,0,0,0,9,37,0,2,1,2,0,4.9
2023,8,Jordan Akins,CLE,SEA,TE,0,0,0,0,0,0,0,0,1,1,6,0,1.6
2023,8,Kareem Hunt,CLE,SEA,RB,0,0,0,0,0,14,55,1,1,1,12,0,13.7
2023,8,Marquise Goodwin,CLE,SEA,WR,0,0,0,0,0,1,-5,0,0,0,0,0,-0.5
2023,8,PJ Walker,CLE,SEA,QB,31,15,248,1,2,6,27,0,0,0,0,0,10.62
2023,8,Pierre Strong,CLE,SEA,RB,0,0,0,0,0,10,41,0,1,1,41,0,9.2
2023,8,Brandin Cooks,DAL,LAR,WR,0,0,0,0,0,1,3,0,4,3,49,1,14.2
2023,8,CeeDee Lamb,DAL,LAR,WR,0,0,0,0,0,1,12,0,14,12,158,2,41.0
2023,8,Cooper Rush,DAL,LAR,QB,3,2,3,0,0,3,-3,0,0,0,0,0,-0.18
2023,8,Dak Prescott,DAL,LAR,QB,31,25,304,4,1,4,19,0,0,0,0,0,28.06
2023,8,Hunter Luepke,DAL,LAR,RB,0,0,0,0,0,0,0,0,1,1,-2,0,0.8
2023,8,Jake Ferguson,DAL,LAR,TE,0,0,0,0,0,0,0,0,4,4,47,1,14.7
2023,8,Jalen Tolbert,DAL,LAR,WR,0,0,0,0,0,0,0,0,1,0,0,0,0.0
2023,8,KaVontae Turpin,DAL,LAR,WR,0,0,0,0,0,0,0,0,2,1,13,0,2.3
2023,8,Luke Schoonmaker,DAL,LAR,TE,0,0,0,0,0,0,0,0,1,1,13,0,2.3
2023,8,Michael Gallup,DAL,LAR,WR,0,0,0,0,0,0,0,0,3,2,20,0,4.0
2023,8,Rico Dowdle,DAL,LAR,RB,0,0,0,0,0,5,18,0,2,2,7,0,4.5
2023,8,Sean McKeon,DAL,LAR,TE,0,0,0,0,0,0,0,0,1,0,0,0,0.0
2023,8,Tony Pollard,DAL,LAR,RB,0,0,0,0,0,12,53,0,1,1,2,0,6.5
2023,8,Courtland Sutton,DEN,KAN,WR,0,0,0,0,0,0,0,0,3,2,29,1,10.9
2023,8,Jaleel McLaughlin,DEN,KAN,RB,0,0,0,0,0,4,33,0,2,2,6,0,5.9
2023,8,Javonte Williams,DEN,KAN,RB,0,0,0,0,0,27,85,0,3,3,13,1,18.8
2023,8,Jerry Jeudy,DEN,KAN,WR,0,0,0,0,0,0,0,0,6,2,50,1,13.0
2023,8,Marvin Mims Jr.,DEN,KAN,WR,0,0,0,0,0,0,0,0,1,1,0,0,1.0
2023,8,Russell Wilson,DEN,KAN,QB,19,12,114,3,0,8,30,0,0,0,0,0,17.56
2023,8,Samaje Perine,DEN,KAN,RB,0,0,0,0,0,1,5,0,3,2,16,0,4.1
2023,8,Amon-Ra St. Brown,DET,LVR,WR,0,0,0,0,0,0,0,0,9,6,108,0,16.8
2023,8,Brock Wright,DET,LVR,TE,0,0,0,0,0,0,0,0,1,1,5,0,1.5
2023,8,Craig Reynolds,DET,LVR,RB,0,0,0,0,0,14,74,0,1,1,12,0,7.6
2023,8,Jahmyr Gibbs,DET,LVR,RB,0,0,0,0,0,26,152,1,5,5,37,0,29.9
2023,8,Jameson Williams,DET,LVR,WR,0,0,0,0,0,0,0,0,3,2,16,0,3.6
2023,8,Jared Goff,DET,LVR,QB,37,26,272,1,1,2,-2,0,0,0,0,0,12.68
2023,8,Josh Reynolds,DET,LVR,WR,0,0,0,0,0,0,0,0,1,1,13,0,0.3
2023,8,Kalif Raymond,DET,LVR,WR,0,0,0,0,0,1,-2,0,4,2,24,0,4.2
2023,8,Sam LaPorta,DET,LVR,TE,0,0,0,0,0,0,0,0,10,8,57,1,19.7
2023,8,AJ Dillon,GNB,MIN,RB,0,0,0,0,0,6,11,0,5,5,41,0,10.2
2023,8,Aaron Jones,GNB,MIN,RB,0,0,0,0,0,7,29,0,5,4,17,0,8.6
2023,8,Christian Watson,GNB,MIN,WR,0,0,0,0,0,0,0,0,8,3,33,0,6.3
2023,8,Dontayvion Wicks,GNB,MIN,WR,0,0,0,0,0,0,0,0,4,2,28,0,4.8
2023,8,Jayden Reed,GNB,MIN,WR,0,0,0,0,0,0,0,0,6,4,83,0,12.3
2023,8,Jordan Love,GNB,MIN,QB,41,24,229,1,1,4,34,0,0,0,0,0,14.56
2023,8,Luke Musgrave,GNB,MIN,TE,0,0,0,0,0,0,0,0,3,2,9,0,2.9
2023,8,Romeo Doubs,GNB,MIN,WR,0,0,0,0,0,0,0,0,9,4,18,1,11.8
2023,8,Andrew Beck,HOU,CAR,RB,0,0,0,0,0,2,1,1,1,1,8,0,5.9
2023,8,C.J. Stroud,HOU,CAR,QB,24,16,140,0,0,2,13,1,0,0,0,0,12.9
2023,8,Dalton Schultz,HOU,CAR,TE,0,0,0,0,0,0,0,0,5,2,5,0,2.5
2023,8,Dameon Pierce,HOU,CAR,RB,0,0,0,0,0,12,46,0,0,0,0,0,4.6
2023,8,Devin Singletary,HOU,CAR,RB,0,0,0,0,0,10,30,0,2,2,13,0,6.3
2023,8,Mike Boone,HOU,CAR,RB,0,0,0,0,0,1,5,0,1,1,11,0,2.6
2023,8,Nico Collins,HOU,CAR,WR,0,0,0,0,0,0,0,0,6,4,30,0,7.0
2023,8,Noah Brown,HOU,CAR,WR,0,0,0,0,0,0,0,0,5,3,57,0,8.7
2023,8,Tank Dell,HOU,CAR,WR,0,0,0,0,0,3,15,0,4,3,16,0,6.1
2023,8,Alec Pierce,IND,NOR,WR,0,0,0,0,0,0,0,0,5,3,41,0,7.1
2023,8,Andrew Ogletree,IND,NOR,TE,0,0,0,0,0,0,0,0,3,1,33,1,10.3
2023,8,Gardner Minshew,IND,NOR,QB,41,23,213,2,1,1,3,0,0,0,0,0,14.82
2023,8,Jonathan Taylor,IND,NOR,RB,0,0,0,0,0,12,95,0,2,1,2,0,10.7
2023,8,Josh Downs,IND,NOR,WR,0,0,0,0,0,0,0,0,9,7,72,0,14.2
2023,8,Juwann Winfree,IND,NOR,WR,0,0,0,0,0,0,0,0,1,0,0,0,0.0
2023,8,Michael Pittman,IND,NOR,WR,0,0,0,0,0,0,0,0,13,8,40,1,18.0
2023,8,Mo Alie-Cox,IND,NOR,TE,0,0,0,0,0,0,0,0,2,1,11,0,2.1
2023,8,Will Mallory,IND,NOR,TE,0,0,0,0,0,0,0,0,2,1,6,0,1.6
2023,8,Zack Moss,IND,NOR,RB,0,0,0,0,0,11,66,1,1,1,8,0,14.4
2023,8,Calvin Ridley,JAX,PIT,WR,0,0,0,0,0,0,0,0,10,6,83,0,14.3
2023,8,Christian Kirk,JAX,PIT,WR,0,0,0,0,0,0,0,0,5,4,46,0,8.6
2023,8,D'Ernest Johnson,JAX,PIT,RB,0,0,0,0,0,2,8,0,0,0,0,0,0.8
2023,8,Evan Engram,JAX,PIT,TE,0,0,0,0,0,0,0,0,10,10,88,0,16.8
2023,8,Luke Farrell,JAX,PIT,TE,0,0,0,0,0,0,0,0,1,1,5,0,1.5
2023,8,Tank Bigsby,JAX,PIT,RB,0,0,0,0,0,3,9,0,0,0,0,0,-1.1
2023,8,Travis Etienne,JAX,PIT,RB,0,0,0,0,0,24,79,0,6,3,70,1,25.9
2023,8,Trevor Lawrence,JAX,PIT,QB,32,24,292,1,1,1,10,0,0,0,0,0,14.68
2023,8,Blake Bell,KAN,DEN,TE,0,0,0,0,0,0,0,0,1,0,0,0,0.0
2023,8,Clyde Edwards-Helaire,KAN,DEN,RB,0,0,0,0,0,1,4,0,0,0,0,0,0.4
2023,8,Isiah Pacheco,KAN,DEN,RB,0,0,0,0,0,8,40,0,4,3,-3,0,6.7
2023,8,Jerick McKinnon,KAN,DEN,RB,0,0,0,0,0,2,-2,0,2,1,10,0,1.8
2023,8,Justin Watson,KAN,DEN,WR,0,0,0,0,0,0,0,0,3,2,42,0,6.2
2023,8,Kadarius Toney,KAN,DEN,WR,0,0,0,0,0,1,-3,0,1,1,4,0,1.1
2023,8,Marquez Valdes-Scantling,KAN,DEN,WR,0,0,0,0,0,0,0,0,4,2,27,0,2.7
2023,8,Mecole Hardman,KAN,DEN,WR,0,0,0,0,0,1,3,0,2,2,13,0,3.6
2023,8,Noah Gray,KAN,DEN,TE,0,0,0,0,0,0,0,0,3,2,25,0,4.5
2023,8,Patrick Mahomes,KAN,DEN,QB,38,24,240,0,2,3,20,0,0,0,0,0,5.6
2023,8,Rashee Rice,KAN,DEN,WR,0,0,0,0,0,0,0,0,5,4,56,0,9.6
2023,8,Skyy Moore,KAN,DEN,WR,0,0,0,0,0,0,0,0,3,1,8,0,1.8
2023,8,Travis Kelce,KAN,DEN,TE,0,0,0,0,0,0,0,0,9,6,58,0,11.8
2023,8,Austin Ekeler,LAC,CHI,RB,0,0,0,0,0,15,29,0,8,7,94,1,23.3
2023,8,Derius Davis,LAC,CHI,WR,0,0,0,0,0,0,0,0,2,2,4,0,2.4
2023,8,Donald Parham,LAC,CHI,TE,0,0,0,0,0,0,0,0,5,4,43,1,14.3
2023,8,Isaiah Spiller,LAC,CHI,RB,0,0,0,0,0,3,3,0,1,1,5,0,1.8
2023,8,Josh Palmer,LAC,CHI,WR,0,0,0,0,0,0,0,0,4,3,24,0,5.4
2023,8,Joshua Kelley,LAC,CHI,RB,0,0,0,0,0,6,21,0,0,0,0,0,2.1
2023,8,Justin Herbert,LAC,CHI,QB,40,31,298,3,0,1,1,0,0,0,0,0,24.02
2023,8,Keenan Allen,LAC,CHI,WR,0,0,0,0,0,0,0,0,10,8,69,0,14.9
2023,8,Quentin Johnston,LAC,CHI,WR,0,0,0,0,0,0,0,0,6,5,50,0,10.0
2023,8,Simi Fehoko,LAC,CHI,WR,0,0,0,0,0,0,0,0,2,1,9,1,7.9
2023,8,Ben Skowronek,LAR,DAL,WR,0,0,0,0,0,0,0,0,1,1,20,1,9.0
2023,8,Brett Rypien,LAR,DAL,QB,10,5,42,0,0,0,0,0,0,0,0,0,1.68
2023,8,Cooper Kupp,LAR,DAL,WR,0,0,0,0,0,0,0,0,10,4,21,0,6.1
2023,8,Darrell Henderson,LAR,DAL,RB,0,0,0,0,0,12,31,0,3,3,54,0,11.5
2023,8,Matthew Stafford,LAR,DAL,QB,22,13,162,1,1,1,9,0,0,0,0,0,11.38
2023,8,Puka Nacua,LAR,DAL,WR,0,0,0,0,0,0,0,0,7,3,43,0,7.3
2023,8,Royce Freeman,LAR,DAL,RB,0,0,0,0,0,9,44,1,0,0,0,0,10.4
2023,8,Tutu Atwell,LAR,DAL,WR,0,0,0,0,0,2,8,0,4,2,21,0,6.9
2023,8,Tyler Higbee,LAR,DAL,TE,0,0,0,0,0,0,0,0,7,5,45,0,9.5
2023,8,Ameer Abdullah,LVR,DET,RB,0,0,0,0,0,1,7,0,1,1,12,0,2.9
2023,8,Austin Hooper,LVR,DET,TE,0,0,0,0,0,0,0,0,2,2,19,0,3.9
2023,8,Davante Adams,LVR,DET,WR,0,0,0,0,0,0,0,0,7,1,11,0,2.1
2023,8,Hunter Renfrow,LVR,DET,WR,0,0,0,0,0,0,0,0,4,2,19,0,3.9
2023,8,Jakobi Meyers,LVR,DET,WR,0,0,0,0,0,0,0,0,1,1,19,0,2.9
2023,8,Jimmy Garoppolo,LVR,DET,QB,21,10,126,0,1,2,12,0,0,0,0,0,4.24
2023,8,Josh Jacobs,LVR,DET,RB,0,0,0,0,0,15,61,1,4,2,27,0,16.8
2023,8,Michael Mayer,LVR,DET,TE,0,0,0,0,0,0,0,0,2,1,19,0,2.9
2023,8,Alec Ingold,MIA,NWE,RB,0,0,0,0,0,0,0,0,2,1,5,0,1.5
2023,8,Braxton Berrios,MIA,NWE,WR,0,0,0,0,0,0,0,0,3,2,8,0,2.8
2023,8,Cedrick Wilson Jr.,MIA,NWE,WR,0,0,0,0,0,0,0,0,1,1,1,1,7.1
2023,8,Chase Claypool,MIA,NWE,WR,0,0,0,0,0,0,0,0,2,1,15,0,2.5
2023,8,Durham Smythe,MIA,NWE,TE,0,0,0,0,0,0,0,0,3,3,28,0,5.8
2023,8,Jaylen Waddle,MIA,NWE,WR,0,0,0,0,0,0,0,0,12,7,121,1,25.1
2023,8,Jeff Wilson,MIA,NWE,RB,0,0,0,0,0,5,23,0,2,2,14,0,5.7
2023,8,Julian Hill,MIA,NWE,TE,0,0,0,0,0,0,0,0,2,1,4,0,1.4
2023,8,Raheem Mostert,MIA,NWE,RB,0,0,0,0,0,13,46,1,0,0,0,0,10.6
2023,8,Salvon Ahmed,MIA,NWE,RB,0,0,0,0,0,2,1,0,4,4,16,0,5.7
2023,8,Tua Tagovailoa,MIA,NWE,QB,45,30,324,3,1,6,8,0,0,0,0,0,21.76
2023,8,Tyreek Hill,MIA,NWE,WR,0,0,0,0,0,0,0,0,13,8,112,1,25.2
2023,8,Alexander Mattison,MIN,GNB,RB,0,0,0,0,0,16,31,0,1,1,2,0,4.3
2023,8,Brandon Powell,MIN,GNB,WR,0,0,0,0,0,1,2,0,3,1,10,0,2.2
2023,8,C.J. Ham,MIN,GNB,RB,0,0,0,0,0,0,0,0,1,1,2,0,1.2
2023,8,Cam Akers,MIN,GNB,RB,0,0,0,0,0,9,19,1,1,1,6,0,9.5
2023,8,Jaren Hall,MIN,GNB,QB,4,3,23,0,0,2,-1,0,0,0,0,0,-1.18
2023,8,Johnny Mundt,MIN,GNB,TE,0,0,0,0,0,0,0,0,1,1,8,0,1.8
2023,8,Jordan Addison,MIN,GNB,WR,0,0,0,0,0,1,2,0,8,7,82,1,21.4
2023,8,K.J. Osborn,MIN,GNB,WR,0,0,0,0,0,0,0,0,10,8,99,0,17.9
2023,8,Kirk Cousins,MIN,GNB,QB,31,23,274,2,0,2,9,0,0,0,0,0,19.86
2023,8,T.J. Hockenson,MIN,GNB,TE,0,0,0,0,0,0,0,0,9,6,88,1,20.8
2023,8,Alvin Kamara,NOR,IND,RB,0,0,0,0,0,17,59,1,5,4,51,1,27.0
2023,8,Chris Olave,NOR,IND,WR,0,0,0,0,0,0,0,0,9,5,46,0,9.6
2023,8,Derek Carr,NOR,IND,QB,27,19,310,2,0,1,-1,0,0,0,0,0,18.3
2023,8,Jamaal Williams,NOR,IND,RB,0,0,0,0,0,6,30,0,1,1,8,0,4.8
2023,8,Juwan Johnson,NOR,IND,TE,0,0,0,0,0,0,0,0,2,1,5,0,1.5
2023,8,Kendre Miller,NOR,IND,RB,0,0,0,0,0,3,10,0,1,1,9,0,2.9
2023,8,Michael Thomas,NOR,IND,WR,0,0,0,0,0,0,0,0,7,4,68,0,10.8
2023,8,Rashid Shaheed,NOR,IND,WR,0,0,0,0,0,0,0,0,3,3,153,1,24.3
2023,8,Taysom Hill,NOR,IND,TE,2,1,44,0,0,9,63,2,1,1,14,0,22.46
2023,8,DeMario Douglas,NWE,MIA,WR,0,0,0,0,0,1,4,0,7,5,25,0,7.9
2023,8,DeVante Parker,NWE,MIA,WR,0,0,0,0,0,0,0,0,2,1,14,0,2.4
2023,8,Ezekiel Elliott,NWE,MIA,RB,0,0,0,0,0,7,36,0,0,0,0,0,3.6
2023,8,Hunter Henry,NWE,MIA,TE,0,0,0,0,0,0,0,0,3,3,28,0,5.8
2023,8,Jalen Reagor,NWE,MIA,WR,0,0,0,0,0,0,0,0,2,0,0,0,0.0
2023,8,JuJu Smith-Schuster,NWE,MIA,WR,0,0,0,0,0,0,0,0,1,1,3,1,7.3
2023,8,Kendrick Bourne,NWE,MIA,WR,0,0,0,0,0,0,0,0,4,3,36,1,12.6
2023,8,Mac Jones,NWE,MIA,QB,29,19,161,2,1,1,-2,0,0,0,0,0,12.24
2023,8,Mike Gesicki,NWE,MIA,TE,0,0,0,0,0,0,0,0,3,2,11,0,3.1
2023,8,Pharaoh Brown,NWE,MIA,TE,0,0,0,0,0,0,0,0,2,2,33,0,5.3
2023,8,Rhamondre Stevenson,NWE,MIA,RB,0,0,0,0,0,10,39,0,4,2,11,0,7.0
2023,8,Daniel Bellinger,NYG,NYJ,TE,0,0,0,0,0,0,0,0,1,0,0,0,0.0
2023,8,Darius Slayton,NYG,NYJ,WR,0,0,0,0,0,0,0,0,2,1,-1,0,0.9
2023,8,Darren Waller,NYG,NYJ,TE,0,0,0,0,0,0,0,0,2,1,4,0,1.4
2023,8,Matt Breida,NYG,NYJ,RB,0,0,0,0,0,5,13,0,1,1,4,0,2.7
2023,8,Saquon Barkley,NYG,NYJ,RB,0,0,0,0,0,36,128,0,5,3,0,0,15.8
2023,8,Tommy DeVito,NYG,NYJ,QB,7,2,-1,0,0,4,12,1,0,0,0,0,7.16
2023,8,Tyrod Taylor,NYG,NYJ,QB,7,4,8,0,0,5,33,0,0,0,0,0,3.62
2023,8,Wan'Dale Robinson,NYG,NYJ,WR,0,0,0,0,0,2,17,0,1,0,0,0,1.7
2023,8,Allen Lazard,NYJ,NYG,WR,0,0,0,0,0,0,0,0,6,3,45,0,7.5
2023,8,Breece Hall,NYJ,NYG,RB,0,0,0,0,0,12,17,0,9,6,76,1,21.3
2023,8,C.J. Uzomah,NYJ,NYG,TE,0,0,0,0,0,0,0,0,1,1,19,0,2.9
2023,8,Dalvin Cook,NYJ,NYG,RB,0,0,0,0,0,2,5,0,0,0,0,0,0.5
2023,8,Garrett Wilson,NYJ,NYG,WR,0,0,0,0,0,1,6,0,13,7,100,0,17.6
2023,8,Jeremy Ruckert,NYJ,NYG,TE,0,0,0,0,0,0,0,0,1,0,0,0,0.0
2023,8,Michael Carter,NYJ,NYG,RB,0,0,0,0,0,2,2,0,1,0,0,0,0.2
2023,8,Tyler Conklin,NYJ,NYG,TE,0,0,0,0,0,0,0,0,2,0,0,0,0.0
2023,8,Xavier Gipson,NYJ,NYG,WR,0,0,0,0,0,1,3,0,1,0,0,0,0.3
2023,8,Zach Wilson,NYJ,NYG,QB,36,17,240,1,0,4,25,0,0,0,0,0,12.1
2023,8,A.J. Brown,PHI,WAS,WR,0,0,0,0,0,0,0,0,8,8,130,2,33.0
2023,8,Boston Scott,PHI,WAS,RB,0,0,0,0,0,0,0,0,1,1,4,0,1.4
2023,8,D'Andre Swift,PHI,WAS,RB,0,0,0,0,0,16,57,1,3,2,7,0,14.4
2023,8,Dallas Goedert,PHI,WAS,TE,0,0,0,0,0,0,0,0,7,4,36,0,7.6
2023,8,DeVonta Smith,PHI,WAS,WR,0,0,0,0,0,0,0,0,7,7,99,1,22.9
2023,8,Jalen Hurts,PHI,WAS,QB,38,29,319,4,0,4,6,0,0,0,0,0,27.36
2023,8,Julio Jones,PHI,WAS,WR,0,0,0,0,0,0,0,0,2,1,8,1,7.8
2023,8,Kenny Gainwell,PHI,WAS,RB,0,0,0,0,0,2,-4,0,5,5,30,0,5.6
2023,8,Olamide Zaccheaus,PHI,WAS,WR,0,0,0,0,0,0,0,0,2,1,5,0,1.5
2023,8,Allen Robinson,PIT,JAX,WR,0,0,0,0,0,0,0,0,1,0,0,0,0.0
2023,8,Calvin Austin III,PIT,JAX,WR,0,0,0,0,0,2,10,0,2,2,19,0,4.9
2023,8,Connor Heyward,PIT,JAX,RB,0,0,0,0,0,0,0,0,6,5,24,0,7.4
2023,8,Diontae Johnson,PIT,JAX,WR,0,0,0,0,0,0,0,0,14,8,85,0,16.5
2023,8,George Pickens,PIT,JAX,WR,0,0,0,0,0,0,0,0,5,1,22,1,9.2
2023,8,Jaylen Warren,PIT,JAX,RB,0,0,0,0,0,5,19,0,5,4,19,0,7.8
2023,8,Kenny Pickett,PIT,JAX,QB,16,10,73,0,0,1,10,0,0,0,0,0,3.92
2023,8,Mitchell Trubisky,PIT,JAX,QB,27,15,138,1,2,3,18,0,0,0,0,0,7.32
2023,8,Najee Harris,PIT,JAX,RB,0,0,0,0,0,7,13,0,5,5,42,0,10.5
2023,8,Rod Williams,PIT,JAX,TE,0,0,0,0,0,0,0,0,2,0,0,0,0.0
2023,8,DK Metcalf,SEA,CLE,WR,0,0,0,0,0,0,0,0,14,5,67,0,11.7
2023,8,Dee Eskridge,SEA,CLE,WR,0,0,0,0,0,1,-5,0,0,0,0,0,-0.5
2023,8,Geno Smith,SEA,CLE,QB,37,23,254,2,2,2,-3,0,0,0,0,0,13.86
2023,8,Jake Bobo,SEA,CLE,WR,0,0,0,0,0,1,3,1,2,2,23,0,10.6
2023,8,Jaxon Smith-Njigba,SEA,CLE,WR,0,0,0,0,0,0,0,0,4,3,36,1,12.6
2023,8,Kenneth Walker III,SEA,CLE,RB,0,0,0,0,0,8,66,0,2,1,4,0,8.0
2023,8,Noah Fant,SEA,CLE,TE,0,0,0,0,0,0,0,0,3,2,32,0,5.2
2023,8,Tyler Lockett,SEA,CLE,WR,0,0,0,0,0,0,0,0,9,8,81,1,22.1
2023,8,Zach Charbonnet,SEA,CLE,RB,0,0,0,0,0,5,53,0,2,2,11,0,8.4
2023,8,Brandon Aiyuk,SFO,CIN,WR,0,0,0,0,0,0,0,0,9,5,109,0,15.9
2023,8,Brock Purdy,SFO,CIN,QB,31,22,365,1,2,6,57,0,0,0,0,0,18.3
2023,8,Christian McCaffrey,SFO,CIN,RB,0,0,0,0,0,12,54,1,7,6,64,1,29.8
2023,8,Elijah Mitchell,SFO,CIN,RB,0,0,0,0,0,3,2,0,1,0,0,0,0.2
2023,8,George Kittle,SFO,CIN,TE,0,0,0,0,0,0,0,0,11,9,149,0,23.9
2023,8,Kyle Juszczyk,SFO,CIN,RB,0,0,0,0,0,2,0,0,0,0,0,0,0.0
2023,8,Ray-Ray McCloud,SFO,CIN,WR,0,0,0,0,0,0,0,0,2,2,43,0,6.3
2023,8,Baker Mayfield,TAM,BUF,QB,42,25,237,2,0,3,19,0,0,0,0,0,21.38
2023,8,Cade Otton,TAM,BUF,TE,0,0,0,0,0,0,0,0,6,4,27,0,8.7
2023,8,Chase Edmonds,TAM,BUF,RB,0,0,0,0,0,3,5,0,3,2,16,0,4.1
2023,8,Chris Godwin Jr.,TAM,BUF,WR,0,0,0,0,0,1,14,0,7,5,54,1,17.8
2023,8,Ke'Shawn Vaughn,TAM,BUF,RB,0,0,0,0,0,1,1,0,0,0,0,0,0.1
2023,8,Mike Evans,TAM,BUF,WR,0,0,0,0,0,0,0,0,6,3,39,1,12.9
2023,8,Payne Durham,TAM,BUF,TE,0,0,0,0,0,0,0,0,1,0,0,0,0.0
2023,8,Rachaad White,TAM,BUF,RB,0,0,0,0,0,9,39,0,7,7,70,0,17.9
2023,8,Rakim Jarrett,TAM,BUF,WR,0,0,0,0,0,0,0,0,3,1,9,0,1.9
2023,8,Trey Palmer,TAM,BUF,WR,0,0,0,0,0,0,0,0,6,3,22,0,5.2
2023,8,Chig Okonkwo,TEN,ATL,TE,0,0,0,0,0,1,4,0,5,4,23,0,6.7
2023,8,DeAndre Hopkins,TEN,ATL,WR,0,0,0,0,0,0,0,0,6,4,128,3,34.8
2023,8,Derrick Henry,TEN,ATL,RB,0,0,0,0,0,22,101,0,4,4,21,0,16.2
2023,8,Kyle Philips,TEN,ATL,WR,0,0,0,0,0,0,0,0,3,3,24,0,5.4
2023,8,Malik Willis,TEN,ATL,QB,0,0,0,0,0,2,4,0,0,0,0,0,-1.6
2023,8,Nick Westbrook-Ikhine,TEN,ATL,WR,0,0,0,0,0,0,0,0,2,1,33,1,10.3
2023,8,Treylon Burks,TEN,ATL,WR,0,0,0,0,0,0,0,0,2,0,0,0,0.0
2023,8,Tyjae Spears,TEN,ATL,RB,0,0,0,0,0,3,27,0,4,3,9,0,6.6
2023,8,Will Levis,TEN,ATL,QB,29,19,238,4,0,7,11,0,0,0,0,0,26.62
2023,8,Alex Armah,WAS,PHI,RB,0,0,0,0,0,0,0,0,1,1,0,0,1.0
2023,8,Antonio Gibson,WAS,PHI,RB,0,0,0,0,0,2,14,0,5,5,28,0,9.2
2023,8,Brian Robinson,WAS,PHI,RB,0,0,0,0,0,10,59,0,2,2,20,0,9.9
2023,8,Byron Pringle,WAS,PHI,WR,0,0,0,0,0,0,0,0,1,0,0,0,0.0
2023,8,Curtis Samuel,WAS,PHI,WR,0,0,0,0,0,0,0,0,4,4,22,0,6.2
2023,8,Dyami Brown,WAS,PHI,WR,0,0,0,0,0,1,0,0,0,0,0,0,0.0
2023,8,Jahan Dotson,WAS,PHI,WR,0,0,0,0,0,0,0,0,10,8,108,1,24.8
2023,8,Jamison Crowder,WAS,PHI,WR,0,0,0,0,0,0,0,0,7,7,95,1,22.5
2023,8,John Bates,WAS,PHI,TE,0,0,0,0,0,0,0,0,1,1,17,0,2.7
2023,8,Logan Thomas,WAS,PHI,TE,0,0,0,0,0,0,0,0,8,6,44,1,16.4
2023,8,Sam Howell,WAS,PHI,QB,52,39,397,4,1,3,11,0,0,0,0,0,30.98
2023,8,Terry McLaurin,WAS,PHI,WR,0,0,0,0,0,0,0,0,12,5,63,1,17.3
2023,9,Clayton Tune,ARI,CLE,QB,20,11,58,0,2,5,28,0,0,0,0,0,-0.88
2023,9,Greg Dortch,ARI,CLE,WR,0,0,0,0,0,0,0,0,1,1,2,0,1.2
2023,9,Keaontay Ingram,ARI,CLE,RB,0,0,0,0,0,9,8,0,0,0,0,0,0.8
2023,9,Marquise Brown,ARI,CLE,WR,0,0,0,0,0,0,0,0,8,4,24,0,6.4
2023,9,Rondale Moore,ARI,CLE,WR,0,0,0,0,0,4,3,0,2,1,5,0,1.8
2023,9,Tony Jones,ARI,CLE,RB,0,0,0,0,0,3,2,0,3,2,5,0,2.7
2023,9,Trey McBride,ARI,CLE,TE,0,0,0,0,0,0,0,0,5,3,22,0,5.2
2023,9,Zach Pascal,ARI,CLE,WR,0,0,0,0,0,0,0,0,1,0,0,0,0.0
2023,9,Bijan Robinson,ATL,MIN,RB,0,0,0,0,0,11,51,0,4,2,8,0,5.9
2023,9,Cordarrelle Patterson,ATL,MIN,RB,0,0,0,0,0,1,0,0,1,1,3,0,1.3
2023,9,Damiere Byrd,ATL,MIN,WR,0,0,0,0,0,0,0,0,2,0,0,0,0.0
2023,9,Jonnu Smith,ATL,MIN,TE,0,0,0,0,0,1,0,0,6,5,100,1,21.0
2023,9,KhaDarel Hodge,ATL,MIN,WR,0,0,0,0,0,0,0,0,6,3,60,0,9.0
2023,9,Kyle Pitts,ATL,MIN,TE,0,0,0,0,0,0,0,0,5,4,56,0,9.6
2023,9,Mack Hollins,ATL,MIN,WR,0,0,0,0,0,0,0,0,3,3,36,0,6.6
2023,9,Taylor Heinicke,ATL,MIN,QB,38,21,268,1,1,3,20,0,0,0,0,0,14.72
2023,9,Tyler Allgeier,ATL,MIN,RB,0,0,0,0,0,12,39,1,3,2,-9,0,11.0
2023,9,Van Jefferson,ATL,MIN,WR,0,0,0,0,0,0,0,0,4,1,14,0,2.4
2023,9,Devin Duvernay,BAL,SEA,WR,0,0,0,0,0,0,0,0,2,2,10,0,3.0
2023,9,Gus Edwards,BAL,SEA,RB,0,0,0,0,0,5,52,2,0,0,0,0,17.2
2023,9,Isaiah Likely,BAL,SEA,TE,0,0,0,0,0,0,0,0,4,4,42,0,8.2
2023,9,Justice Hill,BAL,SEA,RB,0,0,0,0,0,13,40,0,1,0,0,0,4.0
2023,9,Keaton Mitchell,BAL,SEA,RB,0,0,0,0,0,9,138,1,1,1,-4,0,20.4
2023,9,Lamar Jackson,BAL,SEA,QB,26,21,187,0,0,10,60,0,0,0,0,0,11.48
2023,9,Mark Andrews,BAL,SEA,TE,0,0,0,0,0,0,0,0,10,9,80,0,17.0
2023,9,Nelson Agholor,BAL,SEA,WR,0,0,0,0,0,0,0,0,1,1,2,0,1.2
2023,9,Odell Beckham Jr.,BAL,SEA,WR,0,0,0,0,0,0,0,0,7,5,56,1,14.6
2023,9,Rashod Bateman,BAL,SEA,WR,0,0,0,0,0,0,0,0,5,3,28,0,5.8
2023,9,Tyler Huntley,BAL,SEA,QB,7,5,38,1,0,4,8,0,0,0,0,0,6.32
2023,9,Zay Flowers,BAL,SEA,WR,0,0,0,0,0,0,0,0,1,1,11,0,2.1
2023,9,Dalton Kincaid,BUF,CIN,TE,0,0,0,0,0,0,0,0,11,10,81,0,16.1
2023,9,Deonte Harty,BUF,CIN,WR,0,0,0,0,0,0,0,0,1,0,0,0,0.0
2023,9,Gabe Davis,BUF,CIN,WR,0,0,0,0,0,0,0,0,2,0,0,0,0.0
2023,9,James Cook,BUF,CIN,RB,0,0,0,0,0,6,20,0,4,4,19,0,7.9
2023,9,Josh Allen,BUF,CIN,QB,38,26,258,1,1,8,44,1,0,0,0,0,24.72
2023,9,Khalil Shakir,BUF,CIN,WR,0,0,0,0,0,0,0,0,4,4,57,0,9.7
2023,9,Latavius Murray,BUF,CIN,RB,0,0,0,0,0,2,4,0,1,1,6,0,2.0
2023,9,Stefon Diggs,BUF,CIN,WR,0,0,0,0,0,0,0,0,7,6,86,1,22.6
2023,9,Trent Sherfield,BUF,CIN,WR,0,0,0,0,0,0,0,0,2,1,9,0,1.9
2023,9,Adam Thielen,CAR,IND,WR,0,0,0,0,0,0,0,0,6,5,29,0,7.9
2023,9,Bryce Young,CAR,IND,QB,39,24,173,1,3,5,41,0,0,0,0,0,9.02
2023,9,Chuba Hubbard,CAR,IND,RB,0,0,0,0,0,16,58,0,6,4,9,0,10.7
2023,9,DJ Chark,CAR,IND,WR,0,0,0,0,0,0,0,0,3,2,9,1,8.9
2023,9,Hayden Hurst,CAR,IND,TE,0,0,0,0,0,0,0,0,4,2,54,0,7.4
2023,9,Jonathan Mingo,CAR,IND,WR,0,0,0,0,0,0,0,0,4,1,5,0,1.5
2023,9,Miles Sanders,CAR,IND,RB,0,0,0,0,0,6,39,0,5,3,22,0,9.1
2023,9,Raheem Blackshear,CAR,IND,RB,0,0,0,0,0,1,0,0,1,1,5,0,1.5
2023,9,Stephen Sullivan,CAR,IND,TE,0,0,0,0,0,0,0,0,5,4,28,0,6.8
2023,9,Terrace Marshall Jr.,CAR,IND,WR,0,0,0,0,0,0,0,0,1,0,0,0,0.0
2023,9,Tommy Tremble,CAR,IND,TE,0,0,0,0,0,0,0,0,2,2,12,0,3.2
2023,9,Cole Kmet,CHI,NOR,TE,0,0,0,0,0,0,0,0,8,6,55,2,23.5
2023,9,D'Onta Foreman,CHI,NOR,RB,0,0,0,0,0,20,83,0,0,0,0,0,8.3
2023,9,DJ Moore,CHI,NOR,WR,0,0,0,0,0,0,0,0,5,3,44,0,5.4
2023,9,Darnell Mooney,CHI,NOR,WR,0,0,0,0,0,0,0,0,6,5,82,0,13.2
2023,9,Darrynton Evans,CHI,NOR,RB,0,0,0,0,0,1,2,0,2,2,19,0,4.1
2023,9,Robert Tonyan,CHI,NOR,TE,0,0,0,0,0,0,0,0,1,1,11,0,2.1
2023,9,Roschon Johnson,CHI,NOR,RB,0,0,0,0,0,2,6,0,1,1,9,0,2.5
2023,9,Tyler Scott,CHI,NOR,WR,0,0,0,0,0,1,-5,0,2,0,0,0,-0.5
2023,9,Tyson Bagent,CHI,NOR,QB,30,18,220,2,3,8,70,0,0,0,0,0,15.8
2023,9,Velus Jones Jr.,CHI,NOR,WR,0,0,0,0,0,0,0,0,1,0,0,0,0.0
2023,9,Andrei Iosivas,CIN,BUF,WR,0,0,0,0,0,0,0,0,1,1,9,0,1.9
2023,9,Drew Sample,CIN,BUF,TE,0,0,0,0,0,0,0,0,4,3,30,1,12.0
2023,9,Irv Smith,CIN,BUF,TE,0,0,0,0,0,0,0,0,4,3,26,1,11.6
2023,9,Ja'Marr Chase,CIN,BUF,WR,0,0,0,0,0,0,0,0,8,4,41,0,8.1
2023,9,Joe Burrow,CIN,BUF,QB,44,31,348,2,0,5,4,0,0,0,0,0,22.32
2023,9,Joe Mixon,CIN,BUF,RB,0,0,0,0,0,14,37,1,6,5,31,0,17.8
2023,9,Tanner Hudson,CIN,BUF,TE,0,0,0,0,0,0,0,0,5,4,45,0,8.5
2023,9,Tee Higgins,CIN,BUF,WR,0,0,0,0,0,0,0,0,9,8,110,0,19.0
2023,9,Trayveon Williams,CIN,BUF,RB,0,0,0,0,0,3,13,0,0,0,0,0,1.3
2023,9,Tyler Boyd,CIN,BUF,WR,0,0,0,0,0,0,0,0,5,3,56,0,8.6
2023,9,Amari Cooper,CLE,ARI,WR,0,0,0,0,0,0,0,0,5,5,139,1,24.9
2023,9,Cedric Tillman,CLE,ARI,WR,0,0,0,0,0,0,0,0,1,1,3,0,1.3
2023,9,David Njoku,CLE,ARI,TE,0,0,0,0,0,0,0,0,6,4,26,1,12.6
2023,9,Deshaun Watson,CLE,ARI,QB,30,19,219,2,0,3,22,0,0,0,0,0,18.96
2023,9,Elijah Moore,CLE,ARI,WR,0,0,0,0,0,0,0,0,2,2,14,0,3.4
2023,9,Jerome Ford,CLE,ARI,RB,0,0,0,0,0,20,44,0,7,5,33,0,12.7
2023,9,Jordan Akins,CLE,ARI,TE,0,0,0,0,0,0,0,0,3,1,11,0,2.1
2023,9,Kareem Hunt,CLE,ARI,RB,0,0,0,0,0,14,38,1,1,0,0,0,9.8
2023,9,Marquise Goodwin,CLE,ARI,WR,0,0,0,0,0,0,0,0,2,0,0,0,0.0
2023,9,Pierre Strong,CLE,ARI,RB,0,0,0,0,0,3,9,0,1,1,-7,0,1.2
2023,9,Brandin Cooks,DAL,PHI,WR,0,0,0,0,0,0,0,0,2,1,7,0,1.7
2023,9,CeeDee Lamb,DAL,PHI,WR,0,0,0,0,0,0,0,0,16,11,191,0,28.1
2023,9,Dak Prescott,DAL,PHI,QB,44,29,374,3,0,6,14,0,0,0,0,0,28.36
2023,9,Hunter Luepke,DAL,PHI,RB,0,0,0,0,0,0,0,0,1,0,0,0,0.0
2023,9,Jake Ferguson,DAL,PHI,TE,0,0,0,0,0,0,0,0,10,7,91,1,22.1
2023,9,Jalen Tolbert,DAL,PHI,WR,0,0,0,0,0,0,0,0,5,3,49,1,13.9
2023,9,KaVontae Turpin,DAL,PHI,WR,0,0,0,0,0,1,0,0,1,1,5,1,7.5
2023,9,Luke Schoonmaker,DAL,PHI,TE,0,0,0,0,0,0,0,0,1,1,0,0,1.0
2023,9,Michael Gallup,DAL,PHI,WR,0,0,0,0,0,0,0,0,3,2,19,0,3.9
2023,9,Rico Dowdle,DAL,PHI,RB,0,0,0,0,0,2,8,0,0,0,0,0,0.8
2023,9,Tony Pollard,DAL,PHI,RB,0,0,0,0,0,12,51,0,5,3,12,0,9.3
2023,9,AJ Dillon,GNB,LAR,RB,0,0,0,0,0,9,40,0,1,1,3,0,5.3
2023,9,Aaron Jones,GNB,LAR,RB,0,0,0,0,0,20,73,1,6,4,26,0,17.9
2023,9,Christian Watson,GNB,LAR,WR,0,0,0,0,0,0,0,0,2,1,37,0,4.7
2023,9,Dontayvion Wicks,GNB,LAR,WR,0,0,0,0,0,0,0,0,4,4,49,0,6.9
2023,9,Emanuel Wilson,GNB,LAR,RB,0,0,0,0,0,4,43,0,0,0,0,0,4.3
2023,9,Jayden Reed,GNB,LAR,WR,0,0,0,0,0,1,21,0,3,3,19,0,7.0
2023,9,Jordan Love,GNB,LAR,QB,26,20,228,1,0,4,7,0,0,0,0,0,13.82
2023,9,Josiah Deguara,GNB,LAR,TE,0,0,0,0,0,0,0,0,1,1,7,0,1.7
2023,9,Luke Musgrave,GNB,LAR,TE,0,0,0,0,0,0,0,0,4,3,51,1,14.1
2023,9,Malik Heath,GNB,LAR,WR,0,0,0,0,0,0,0,0,1,0,0,0,0.0
2023,9,Romeo Doubs,GNB,LAR,WR,0,0,0,0,0,0,0,0,3,3,36,0,6.6
2023,9,Andrew Beck,HOU,TAM,RB,0,0,0,0,0,0,0,0,2,2,5,0,2.5
2023,9,C.J. Stroud,HOU,TAM,QB,42,30,470,5,0,0,10,0,0,0,0,0,41.8
2023,9,Dalton Schultz,HOU,TAM,TE,0,0,0,0,0,0,0,0,11,10,130,1,27.0
2023,9,Devin Singletary,HOU,TAM,RB,0,0,0,0,0,13,26,0,2,2,0,0,4.6
2023,9,John Metchie III,HOU,TAM,WR,0,0,0,0,0,0,0,0,1,1,14,0,2.4
2023,9,Mike Boone,HOU,TAM,RB,0,0,0,0,0,1,3,0,0,0,0,0,0.3
2023,9,Nico Collins,HOU,TAM,WR,0,0,0,0,0,0,0,0,5,3,54,1,14.4
2023,9,Noah Brown,HOU,TAM,WR,0,0,0,0,0,0,0,0,6,6,153,1,27.3
2023,9,Tank Dell,HOU,TAM,WR,0,0,0,0,0,2,2,0,11,6,114,2,29.6
2023,9,Xavier Hutchinson,HOU,TAM,WR,0,0,0,0,0,1,12,0,0,0,0,0,1.2
2023,9,Alec Pierce,IND,CAR,WR,0,0,0,0,0,0,0,0,2,0,0,0,0.0
2023,9,Andrew Ogletree,IND,CAR,TE,0,0,0,0,0,0,0,0,3,1,19,0,2.9
2023,9,Gardner Minshew,IND,CAR,QB,26,17,127,1,0,5,5,0,0,0,0,0,9.58
2023,9,Isaiah McKenzie,IND,CAR,WR,0,0,0,0,0,0,0,0,3,2,12,0,3.2
2023,9,Jonathan Taylor,IND,CAR,RB,0,0,0,0,0,18,47,0,5,5,22,1,17.9
2023,9,Josh Downs,IND,CAR,WR,0,0,0,0,0,0,0,0,1,1,10,0,2.0
2023,9,Kylen Granson,IND,CAR,TE,0,0,0,0,0,0,0,0,2,0,0,0,0.0
2023,9,Michael Pittman,IND,CAR,WR,0,0,0,0,0,0,0,0,8,8,64,0,14.4
2023,9,Zack Moss,IND,CAR,RB,0,0,0,0,0,7,26,0,0,0,0,0,2.6
2023,9,Isiah Pacheco,KAN,MIA,RB,0,0,0,0,0,16,66,0,1,0,0,0,6.6
2023,9,Jerick McKinnon,KAN,MIA,RB,0,0,0,0,0,1,2,0,2,2,22,1,10.4
2023,9,Justin Watson,KAN,MIA,WR,0,0,0,0,0,0,0,0,5,2,15,0,3.5
2023,9,Kadarius Toney,KAN,MIA,WR,0,0,0,0,0,0,0,0,1,1,18,0,2.8
2023,9,La'Mical Perine,KAN,MIA,RB,0,0,0,0,0,1,1,0,1,0,0,0,0.1
2023,9,Marquez Valdes-Scantling,KAN,MIA,WR,0,0,0,0,0,0,0,0,3,2,22,0,4.2
2023,9,Mecole Hardman,KAN,MIA,WR,0,0,0,0,0,0,0,0,3,3,10,0,4.0
2023,9,Noah Gray,KAN,MIA,TE,0,0,0,0,0,0,0,0,3,3,34,0,6.4
2023,9,Patrick Mahomes,KAN,MIA,QB,30,20,185,2,0,6,24,0,0,0,0,0,15.8
2023,9,Rashee Rice,KAN,MIA,WR,0,0,0,0,0,0,0,0,2,2,17,1,9.7
2023,9,Skyy Moore,KAN,MIA,WR,0,0,0,0,0,0,0,0,3,2,33,0,5.3
2023,9,Travis Kelce,KAN,MIA,TE,0,0,0,0,0,0,0,0,4,3,14,0,4.4
2023,9,Austin Ekeler,LAC,NYJ,RB,0,0,0,0,0,14,47,2,7,2,23,0,21.0
2023,9,Derius Davis,LAC,NYJ,WR,0,0,0,0,0,0,0,0,1,1,0,0,7.0
2023,9,Donald Parham,LAC,NYJ,TE,0,0,0,0,0,0,0,0,2,0,0,0,0.0
2023,9,Gerald Everett,LAC,NYJ,TE,0,0,0,0,0,0,0,0,2,2,18,0,3.8
2023,9,Jalen Guyton,LAC,NYJ,WR,0,0,0,0,0,0,0,0,2,0,0,0,0.0
2023,9,Joshua Kelley,LAC,NYJ,RB,0,0,0,0,0,3,18,0,1,1,4,0,3.2
2023,9,Justin Herbert,LAC,NYJ,QB,30,16,136,0,0,3,17,0,0,0,0,0,7.14
2023,9,Keenan Allen,LAC,NYJ,WR,0,0,0,0,0,0,0,0,9,8,77,0,15.7
2023,9,Quentin Johnston,LAC,NYJ,WR,0,0,0,0,0,1,2,0,3,2,14,0,3.6
2023,9,Stone Smartt,LAC,NYJ,TE,0,0,0,0,0,0,0,0,1,0,0,0,0.0
2023,9,Austin Trammell,LAR,GNB,WR,0,0,0,0,0,0,0,0,1,1,6,0,1.6
2023,9,Ben Skowronek,LAR,GNB,WR,0,0,0,0,0,1,-2,0,0,0,0,0,-0.2
2023,9,Brett Rypien,LAR,GNB,QB,28,13,130,0,1,3,19,0,0,0,0,0,3.1
2023,9,Cooper Kupp,LAR,GNB,WR,0,0,0,0,0,0,0,0,7,2,48,0,6.8
2023,9,Darrell Henderson,LAR,GNB,RB,0,0,0,0,0,10,19,0,2,2,16,0,5.5
2023,9,Demarcus Robinson,LAR,GNB,WR,0,0,0,0,0,0,0,0,1,1,15,0,2.5
2023,9,Puka Nacua,LAR,GNB,WR,0,0,0,0,0,0,0,0,7,3,32,0,6.2
2023,9,Royce Freeman,LAR,GNB,RB,0,0,0,0,0,12,32,0,1,0,0,0,3.2
2023,9,Tutu Atwell,LAR,GNB,WR,0,0,0,0,0,0,0,0,7,4,13,0,5.3
2023,9,Tyler Higbee,LAR,GNB,TE,0,0,0,0,0,0,0,0,1,0,0,0,0.0
2023,9,Aidan O'Connell,LVR,NYG,QB,25,16,209,0,0,0,0,0,0,0,0,0,8.36
2023,9,Ameer Abdullah,LVR,NYG,RB,0,0,0,0,0,2,8,0,2,2,17,0,4.5
2023,9,Austin Hooper,LVR,NYG,TE,0,0,0,0,0,0,0,0,1,1,10,0,2.0
2023,9,Davante Adams,LVR,NYG,WR,0,0,0,0,0,0,0,0,7,4,34,0,7.4
2023,9,DeAndre Carter,LVR,NYG,WR,0,0,0,0,0,0,0,0,1,1,15,0,2.5
2023,9,Hunter Renfrow,LVR,NYG,WR,0,0,0,0,0,0,0,0,3,2,32,0,5.2
2023,9,Jakobi Meyers,LVR,NYG,WR,0,0,0,0,0,1,17,1,5,2,38,0,13.5
2023,9,Josh Jacobs,LVR,NYG,RB,0,0,0,0,0,26,98,2,0,0,0,0,21.8
2023,9,Michael Mayer,LVR,NYG,TE,0,0,0,0,0,0,0,0,2,2,11,0,3.1
2023,9,Tre Tucker,LVR,NYG,WR,0,0,0,0,0,1,4,0,3,2,52,0,7.6
2023,9,Zamir White,LVR,NYG,RB,0,0,0,0,0,4,-2,0,0,0,0,0,-0.2
2023,9,Alec Ingold,MIA,KAN,RB,0,0,0,0,0,0,0,0,1,1,1,0,1.1
2023,9,Cedrick Wilson Jr.,MIA,KAN,WR,0,0,0,0,0,0,0,0,5,1,31,1,10.1
2023,9,Durham Smythe,MIA,KAN,TE,0,0,0,0,0,0,0,0,3,3,17,0,4.7
2023,9,Jaylen Waddle,MIA,KAN,WR,0,0,0,0,0,1,12,0,6,3,42,0,8.4
2023,9,Jeff Wilson,MIA,KAN,RB,0,0,0,0,0,2,6,0,4,3,32,0,6.8
2023,9,Raheem Mostert,MIA,KAN,RB,0,0,0,0,0,12,85,1,1,0,0,0,14.5
2023,9,Salvon Ahmed,MIA,KAN,RB,0,0,0,0,0,3,4,0,3,2,8,0,3.2
2023,9,Tua Tagovailoa,MIA,KAN,QB,34,21,193,1,0,2,7,0,0,0,0,0,12.42
2023,9,Tyreek Hill,MIA,KAN,WR,0,0,0,0,0,1,3,0,10,8,62,0,12.5
2023,9,Alexander Mattison,MIN,ATL,RB,0,0,0,0,0,16,44,0,2,2,49,1,17.3
2023,9,Brandon Powell,MIN,ATL,WR,0,0,0,0,0,0,0,0,3,2,15,1,9.5
2023,9,Cam Akers,MIN,ATL,RB,0,0,0,0,0,8,25,0,3,3,13,0,6.8
2023,9,Jaren Hall,MIN,ATL,QB,6,5,78,0,0,2,11,0,0,0,0,0,4.22
2023,9,Johnny Mundt,MIN,ATL,TE,0,0,0,0,0,0,0,0,1,1,18,0,2.8
2023,9,Jordan Addison,MIN,ATL,WR,0,0,0,0,0,0,0,0,7,5,52,0,10.2
2023,9,Josh Oliver,MIN,ATL,TE,0,0,0,0,0,0,0,0,2,2,1,0,2.1
2023,9,Joshua Dobbs,MIN,ATL,QB,30,20,158,2,0,7,66,1,0,0,0,0,24.92
2023,9,K.J. Osborn,MIN,ATL,WR,0,0,0,0,0,0,0,0,2,2,17,0,3.7
2023,9,T.J. Hockenson,MIN,ATL,TE,0,0,0,0,0,0,0,0,12,7,69,0,13.9
2023,9,Trishton Jackson,MIN,ATL,WR,0,0,0,0,0,0,0,0,3,1,2,0,3.2
2023,9,Alvin Kamara,NOR,CHI,RB,0,0,0,0,0,9,26,0,5,4,44,0,11.0
2023,9,Chris Olave,NOR,CHI,WR,0,0,0,0,0,0,0,0,8,6,46,1,16.6
2023,9,Derek Carr,NOR,CHI,QB,34,25,211,2,0,3,3,0,0,0,0,0,16.74
2023,9,Foster Moreau,NOR,CHI,TE,0,0,0,0,0,0,0,0,1,1,23,0,3.3
2023,9,Jamaal Williams,NOR,CHI,RB,0,0,0,0,0,3,6,0,3,2,6,0,3.2
2023,9,Juwan Johnson,NOR,CHI,TE,0,0,0,0,0,0,0,0,5,5,29,1,13.9
2023,9,Kendre Miller,NOR,CHI,RB,0,0,0,0,0,1,0,0,1,1,31,0,4.1
2023,9,Michael Thomas,NOR,CHI,WR,0,0,0,0,0,0,0,0,1,0,0,0,0.0
2023,9,Rashid Shaheed,NOR,CHI,WR,0,0,0,0,0,0,0,0,3,3,22,0,5.2
2023,9,Taysom Hill,NOR,CHI,TE,1,1,3,1,0,11,52,0,5,4,13,1,20.62
2023,9,DeMario Douglas,NWE,WAS,WR,0,0,0,0,0,1,0,0,7,5,55,0,10.5
2023,9,Ezekiel Elliott,NWE,WAS,RB,0,0,0,0,0,6,17,0,5,3,15,0,6.2
2023,9,Hunter Henry,NWE,WAS,TE,0,0,0,0,0,0,0,0,6,4,39,1,13.9
2023,9,Jalen Reagor,NWE,WAS,WR,0,0,0,0,0,0,0,0,6,1,11,0,2.1
2023,9,JuJu Smith-Schuster,NWE,WAS,WR,0,0,0,0,0,0,0,0,7,6,51,0,11.1
2023,9,Mac Jones,NWE,WAS,QB,44,24,220,1,1,3,3,0,0,0,0,0,11.1
2023,9,Mike Gesicki,NWE,WAS,TE,0,0,0,0,0,0,0,0,2,0,0,0,0.0
2023,9,Rhamondre Stevenson,NWE,WAS,RB,0,0,0,0,0,9,87,1,6,4,42,0,22.9
2023,9,Tyquan Thornton,NWE,WAS,WR,0,0,0,0,0,0,0,0,4,1,7,0,1.7
2023,9,Daniel Bellinger,NYG,LVR,TE,0,0,0,0,0,0,0,0,3,3,43,0,7.3
2023,9,Daniel Jones,NYG,LVR,QB,9,4,25,0,0,2,9,0,0,0,0,0,1.9
2023,9,Darius Slayton,NYG,LVR,WR,0,0,0,0,0,0,0,0,7,4,59,0,9.9
2023,9,Deon Jackson,NYG,LVR,RB,0,0,0,0,0,1,2,0,0,0,0,0,0.2
2023,9,Isaiah Hodgins,NYG,LVR,WR,0,0,0,0,0,0,0,0,1,0,0,0,0.0
2023,9,Jalin Hyatt,NYG,LVR,WR,0,0,0,0,0,0,0,0,5,2,19,0,3.9
2023,9,Matt Breida,NYG,LVR,RB,0,0,0,0,0,2,5,0,2,1,6,0,2.1
2023,9,Parris Campbell,NYG,LVR,WR,0,0,0,0,0,0,0,0,2,2,15,0,3.5
2023,9,Saquon Barkley,NYG,LVR,RB,0,0,0,0,0,16,90,0,4,3,23,0,14.3
2023,9,Tommy DeVito,NYG,LVR,QB,20,15,175,1,2,4,17,0,0,0,0,0,8.7
2023,9,Wan'Dale Robinson,NYG,LVR,WR,0,0,0,0,0,0,0,0,5,4,35,1,13.5
2023,9,Allen Lazard,NYJ,LAC,WR,0,0,0,0,0,0,0,0,6,2,18,0,3.8
2023,9,Breece Hall,NYJ,LAC,RB,0,0,0,0,0,16,50,0,4,4,10,0,10.0
2023,9,C.J. Uzomah,NYJ,LAC,TE,0,0,0,0,0,0,0,0,5,2,11,0,3.1
2023,9,Dalvin Cook,NYJ,LAC,RB,0,0,0,0,0,2,7,0,2,1,1,0,1.8
2023,9,Garrett Wilson,NYJ,LAC,WR,0,0,0,0,0,0,0,0,13,7,80,0,13.0
2023,9,Jeremy Ruckert,NYJ,LAC,TE,0,0,0,0,0,0,0,0,1,1,7,0,1.7
2023,9,Malik Taylor,NYJ,LAC,WR,0,0,0,0,0,0,0,0,2,1,7,0,1.7
2023,9,Michael Carter,NYJ,LAC,RB,0,0,0,0,0,0,0,0,6,6,24,0,8.4
2023,9,Nick Bawden,NYJ,LAC,RB,0,0,0,0,0,0,0,0,1,1,7,0,1.7
2023,9,Tyler Conklin,NYJ,LAC,TE,0,0,0,0,0,0,0,0,6,6,66,0,12.6
2023,9,Xavier Gipson,NYJ,LAC,WR,0,0,0,0,0,0,0,0,2,2,32,0,5.2
2023,9,Zach Wilson,NYJ,LAC,QB,49,33,263,0,0,2,7,0,0,0,0,0,7.22
2023,9,A.J. Brown,PHI,DAL,WR,0,0,0,0,0,0,0,0,9,7,66,1,19.6
2023,9,D'Andre Swift,PHI,DAL,RB,0,0,0,0,0,18,43,0,2,2,31,0,9.4
2023,9,Dallas Goedert,PHI,DAL,TE,0,0,0,0,0,0,0,0,4,3,50,0,8.0
2023,9,DeVonta Smith,PHI,DAL,WR,0,0,0,0,0,0,0,0,3,3,51,1,14.1
2023,9,Jalen Hurts,PHI,DAL,QB,23,17,207,2,0,10,36,1,0,0,0,0,25.88
2023,9,Kenny Gainwell,PHI,DAL,RB,0,0,0,0,0,3,22,1,1,1,1,0,9.3
2023,9,Olamide Zaccheaus,PHI,DAL,WR,0,0,0,0,0,0,0,0,2,1,8,0,1.8
2023,9,Rashaad Penny,PHI,DAL,RB,0,0,0,0,0,2,8,0,0,0,0,0,0.8
2023,9,Allen Robinson,PIT,TEN,WR,0,0,0,0,0,0,0,0,2,1,10,0,2.0
2023,9,Calvin Austin III,PIT,TEN,WR,0,0,0,0,0,2,10,0,1,0,0,0,1.0
2023,9,Connor Heyward,PIT,TEN,RB,0,0,0,0,0,0,0,0,3,2,16,0,3.6
2023,9,Darnell Washington,PIT,TEN,TE,0,0,0,0,0,0,0,0,1,1,7,0,1.7
2023,9,Diontae Johnson,PIT,TEN,WR,0,0,0,0,0,0,0,0,9,7,90,1,22.0
2023,9,George Pickens,PIT,TEN,WR,0,0,0,0,0,0,0,0,5,2,-1,0,1.9
2023,9,Jaylen Warren,PIT,TEN,RB,0,0,0,0,0,11,88,0,3,3,25,0,14.3
2023,9,Kenny Pickett,PIT,TEN,QB,30,19,160,1,0,1,-1,0,0,0,0,0,10.3
2023,9,Miles Boykin,PIT,TEN,WR,0,0,0,0,0,0,0,0,1,1,6,0,1.6
2023,9,Najee Harris,PIT,TEN,RB,0,0,0,0,0,16,69,1,4,2,7,0,15.6
2023,9,Colby Parkinson,SEA,BAL,TE,0,0,0,0,0,0,0,0,1,1,6,0,1.6
2023,9,DK Metcalf,SEA,BAL,WR,0,0,0,0,0,0,0,0,4,1,50,0,6.0
2023,9,Geno Smith,SEA,BAL,QB,28,13,157,0,1,2,4,0,0,0,0,0,2.68
2023,9,Jaxon Smith-Njigba,SEA,BAL,WR,0,0,0,0,0,0,0,0,7,6,63,0,12.3
2023,9,Kenneth Walker III,SEA,BAL,RB,0,0,0,0,0,9,16,0,2,1,1,0,2.7
2023,9,Noah Fant,SEA,BAL,TE,0,0,0,0,0,0,0,0,1,0,0,0,0.0
2023,9,Tyler Lockett,SEA,BAL,WR,0,0,0,0,0,0,0,0,8,3,32,0,6.2
2023,9,Will Dissly,SEA,BAL,TE,0,0,0,0,0,0,0,0,1,0,0,0,0.0
2023,9,Zach Charbonnet,SEA,BAL,RB,0,0,0,0,0,4,8,0,1,1,5,0,2.3
2023,9,Baker Mayfield,TAM,HOU,QB,30,21,265,2,0,4,4,0,0,0,0,0,19.0
2023,9,Cade Otton,TAM,HOU,TE,0,0,0,0,0,0,0,0,9,6,70,2,25.0
2023,9,Chase Edmonds,TAM,HOU,RB,0,0,0,0,0,3,-5,0,1,1,-1,0,0.4
2023,9,Chris Godwin Jr.,TAM,HOU,WR,0,0,0,0,0,0,0,0,6,2,16,0,3.6
2023,9,Ke'Shawn Vaughn,TAM,HOU,RB,0,0,0,0,0,4,9,0,1,1,-1,0,1.8
2023,9,Mike Evans,TAM,HOU,WR,0,0,0,0,0,0,0,0,5,4,87,0,12.7
2023,9,Rachaad White,TAM,HOU,RB,0,0,0,0,0,20,73,2,4,4,46,0,27.9
2023,9,Trey Palmer,TAM,HOU,WR,0,0,0,0,0,0,0,0,4,3,51,0,8.1
2023,9,Chig Okonkwo,TEN,PIT,TE,0,0,0,0,0,0,0,0,4,3,28,0,5.8
2023,9,Chris Moore,TEN,PIT,WR,0,0,0,0,0,0,0,0,2,1,29,0,3.9
2023,9,DeAndre Hopkins,TEN,PIT,WR,0,0,0,0,0,1,5,0,11,4,60,0,10.5
2023,9,Derrick Henry,TEN,PIT,RB,0,0,0,0,0,17,75,1,4,3,27,0,19.2
2023,9,Josh Whyle,TEN,PIT,TE,0,0,0,0,0,0,0,0,1,0,0,0,0.0
2023,9,Kyle Philips,TEN,PIT,WR,0,0,0,0,0,0,0,0,5,4,68,0,10.8
2023,9,Nick Westbrook-Ikhine,TEN,PIT,WR,0,0,0,0,0,0,0,0,1,1,23,0,3.3
2023,9,Treylon Burks,TEN,PIT,WR,0,0,0,0,0,1,5,0,3,2,23,0,4.8
2023,9,Tyjae Spears,TEN,PIT,RB,0,0,0,0,0,5,18,0,6,4,4,0,6.2
2023,9,Will Levis,TEN,PIT,QB,39,22,262,0,1,1,2,0,0,0,0,0,8.68
2023,9,Antonio Gibson,WAS,NWE,RB,0,0,0,0,0,6,34,0,5,5,42,0,12.6
2023,9,Brian Robinson,WAS,NWE,RB,0,0,0,0,0,18,63,1,2,1,4,0,11.7
2023,9,Byron Pringle,WAS,NWE,WR,0,0,0,0,0,0,0,0,4,3,55,0,8.5
2023,9,Dyami Brown,WAS,NWE,WR,0,0,0,0,0,0,0,0,4,2,33,0,5.3
2023,9,Jahan Dotson,WAS,NWE,WR,0,0,0,0,0,0,0,0,8,4,69,1,16.9
2023,9,Jamison Crowder,WAS,NWE,WR,0,0,0,0,0,0,0,0,6,4,23,0,6.3
2023,9,John Bates,WAS,NWE,TE,0,0,0,0,0,0,0,0,2,1,-5,0,0.5
2023,9,Logan Thomas,WAS,NWE,TE,0,0,0,0,0,0,0,0,5,4,31,0,7.1
2023,9,Sam Howell,WAS,NWE,QB,45,29,325,1,1,5,27,0,0,0,0,0,17.7
2023,9,Terry McLaurin,WAS,NWE,WR,0,0,0,0,0,0,0,0,8,5,73,0,12.3
2023,10,Clayton Tune,ARI,ATL,QB,0,0,0,0,0,1,1,1,0,0,0,0,6.1
2023,10,Elijah Higgins,ARI,ATL,TE,0,0,0,0,0,0,0,0,1,0,0,0,0.0
2023,10,Geoff Swaim,ARI,ATL,TE,0,0,0,0,0,0,0,0,2,2,13,0,3.3
2023,10,James Conner,ARI,ATL,RB,0,0,0,0,0,16,73,0,0,0,0,0,7.3
2023,10,Keaontay Ingram,ARI,ATL,RB,0,0,0,0,0,2,2,0,0,0,0,0,0.2
2023,10,Kyler Murray,ARI,ATL,QB,32,19,249,0,1,6,33,1,0,0,0,0,17.26
2023,10,Marquise Brown,ARI,ATL,WR,0,0,0,0,0,0,0,0,4,1,28,0,3.8
2023,10,Michael Wilson,ARI,ATL,WR,0,0,0,0,0,0,0,0,6,3,34,0,6.4
2023,10,Rondale Moore,ARI,ATL,WR,0,0,0,0,0,0,0,0,8,5,43,0,9.3
2023,10,Tony Jones,ARI,ATL,RB,0,0,0,0,0,1,13,0,0,0,0,0,1.3
2023,10,Trey McBride,ARI,ATL,TE,0,0,0,0,0,0,0,0,9,8,131,0,21.1
2023,10,Zach Pascal,ARI,ATL,WR,0,0,0,0,0,0,0,0,1,0,0,0,0.0
2023,10,Bijan Robinson,ATL,ARI,RB,0,0,0,0,0,22,95,1,2,1,11,0,17.6
2023,10,Cordarrelle Patterson,ATL,ARI,RB,0,0,0,0,0,3,13,0,2,2,7,0,4.0
2023,10,Desmond Ridder,ATL,ARI,QB,6,4,39,0,0,3,11,1,0,0,0,0,8.66
2023,10,Drake London,ATL,ARI,WR,0,0,0,0,0,0,0,0,4,3,36,0,6.6
2023,10,Jonnu Smith,ATL,ARI,TE,0,0,0,0,0,0,0,0,3,1,1,0,1.1
2023,10,Kyle Pitts,ATL,ARI,TE,0,0,0,0,0,0,0,0,5,3,30,0,6.0
2023,10,Scott Miller,ATL,ARI,WR,0,0,0,0,0,0,0,0,1,1,2,1,7.2
2023,10,Taylor Heinicke,ATL,ARI,QB,15,8,55,1,0,4,34,0,0,0,0,0,9.6
2023,10,Tyler Allgeier,ATL,ARI,RB,0,0,0,0,0,9,31,0,1,1,7,0,4.8
2023,10,Van Jefferson,ATL,ARI,WR,0,0,0,0,0,0,0,0,1,0,0,0,0.0
2023,10,Gus Edwards,BAL,CLE,RB,0,0,0,0,0,11,24,1,1,1,4,0,9.8
2023,10,Isaiah Likely,BAL,CLE,TE,0,0,0,0,0,0,0,0,1,1,5,0,1.5
2023,10,Justice Hill,BAL,CLE,RB,0,0,0,0,0,2,7,0,0,0,0,0,0.7
2023,10,Keaton Mitchell,BAL,CLE,RB,0,0,0,0,0,3,34,1,2,1,32,0,13.6
2023,10,Lamar Jackson,BAL,CLE,QB,23,13,223,1,2,8,41,0,0,0,0,0,13.02
2023,10,Mark Andrews,BAL,CLE,TE,0,0,0,0,0,0,0,0,4,2,44,0,6.4
2023,10,Nelson Agholor,BAL,CLE,WR,0,0,0,0,0,0,0,0,2,0,0,0,0.0
2023,10,Odell Beckham Jr.,BAL,CLE,WR,0,0,0,0,0,0,0,0,2,1,40,1,11.0
2023,10,Patrick Ricard,BAL,CLE,RB,0,0,0,0,0,0,0,0,1,0,0,0,0.0
2023,10,Rashod Bateman,BAL,CLE,WR,0,0,0,0,0,0,0,0,4,2,25,0,4.5
2023,10,Zay Flowers,BAL,CLE,WR,0,0,0,0,0,0,0,0,6,5,73,0,12.3
2023,10,Dalton Kincaid,BUF,DEN,TE,0,0,0,0,0,0,0,0,6,5,51,1,16.1
2023,10,Deonte Harty,BUF,DEN,WR,0,0,0,0,0,0,0,0,1,0,0,0,0.0
2023,10,Gabe Davis,BUF,DEN,WR,0,0,0,0,0,0,0,0,6,2,56,0,9.6
2023,10,James Cook,BUF,DEN,RB,0,0,0,0,0,12,109,0,2,2,11,0,12.0
2023,10,Josh Allen,BUF,DEN,QB,26,15,177,1,2,4,13,1,0,0,0,0,14.38
2023,10,Khalil Shakir,BUF,DEN,WR,0,0,0,0,0,0,0,0,2,1,24,0,3.4
2023,10,Latavius Murray,BUF,DEN,RB,0,0,0,0,0,9,68,1,3,2,1,0,14.9
2023,10,Stefon Diggs,BUF,DEN,WR,0,0,0,0,0,0,0,0,5,3,34,0,6.4
2023,10,Ty Johnson,BUF,DEN,RB,0,0,0,0,0,1,2,0,0,0,0,0,0.2
2023,10,Adam Thielen,CAR,CHI,WR,0,0,0,0,0,0,0,0,10,6,42,0,10.2
2023,10,Bryce Young,CAR,CHI,QB,38,21,185,0,0,3,18,0,0,0,0,0,9.2
2023,10,Chuba Hubbard,CAR,CHI,RB,0,0,0,0,0,9,23,0,2,2,16,0,5.9
2023,10,Hayden Hurst,CAR,CHI,TE,0,0,0,0,0,0,0,0,4,2,14,0,3.4
2023,10,Jonathan Mingo,CAR,CHI,WR,0,0,0,0,0,0,0,0,7,3,20,0,5.0
2023,10,Mike Strachan,CAR,CHI,WR,0,0,0,0,0,0,0,0,2,1,45,0,5.5
2023,10,Miles Sanders,CAR,CHI,RB,0,0,0,0,0,2,-5,0,2,2,15,0,3.0
2023,10,Raheem Blackshear,CAR,CHI,RB,0,0,0,0,0,2,7,0,1,1,6,0,2.3
2023,10,Terrace Marshall Jr.,CAR,CHI,WR,0,0,0,0,0,0,0,0,3,1,11,0,2.1
2023,10,Tommy Tremble,CAR,CHI,TE,0,0,0,0,0,0,0,0,3,3,16,0,4.6
2023,10,Cole Kmet,CHI,CAR,TE,0,0,0,0,0,1,1,0,7,5,45,0,9.6
2023,10,D'Onta Foreman,CHI,CAR,RB,0,0,0,0,0,21,80,1,2,2,12,0,17.2
2023,10,DJ Moore,CHI,CAR,WR,0,0,0,0,0,1,1,0,9,5,58,0,10.9
2023,10,Darnell Mooney,CHI,CAR,WR,0,0,0,0,0,0,0,0,4,2,14,0,3.4
2023,10,Darrynton Evans,CHI,CAR,RB,0,0,0,0,0,2,5,0,2,0,0,0,0.5
2023,10,Equanimeous St. Brown,CHI,CAR,WR,0,0,0,0,0,0,0,0,1,1,4,0,1.4
2023,10,Roschon Johnson,CHI,CAR,RB,0,0,0,0,0,5,18,0,6,4,14,0,7.2
2023,10,Tyler Scott,CHI,CAR,WR,0,0,0,0,0,1,16,0,1,1,15,0,4.1
2023,10,Tyson Bagent,CHI,CAR,QB,33,20,162,0,0,6,12,0,0,0,0,0,7.68
2023,10,Andrei Iosivas,CIN,HOU,WR,0,0,0,0,0,0,0,0,1,0,0,0,0.0
2023,10,Drew Sample,CIN,HOU,TE,0,0,0,0,0,0,0,0,3,2,12,0,3.2
2023,10,Irv Smith,CIN,HOU,TE,0,0,0,0,0,0,0,0,1,1,6,0,1.6
2023,10,Ja'Marr Chase,CIN,HOU,WR,0,0,0,0,0,0,0,0,6,5,124,1,23.4
2023,10,Joe Burrow,CIN,HOU,QB,40,27,347,2,2,5,20,0,0,0,0,0,19.88
2023,10,Joe Mixon,CIN,HOU,RB,0,0,0,0,0,11,46,1,3,2,-1,0,12.5
2023,10,Mitchell Wilcox,CIN,HOU,TE,0,0,0,0,0,0,0,0,1,0,0,0,0.0
2023,10,Tanner Hudson,CIN,HOU,TE,0,0,0,0,0,0,0,0,7,6,33,0,9.3
2023,10,Trayveon Williams,CIN,HOU,RB,0,0,0,0,0,0,0,0,1,1,2,0,1.2
2023,10,Trenton Irwin,CIN,HOU,WR,0,0,0,0,0,0,0,0,4,2,54,1,13.4
2023,10,Tyler Boyd,CIN,HOU,WR,0,0,0,0,0,0,0,0,12,8,117,0,19.7
2023,10,Amari Cooper,CLE,BAL,WR,0,0,0,0,0,0,0,0,9,6,98,0,15.8
2023,10,Cedric Tillman,CLE,BAL,WR,0,0,0,0,0,0,0,0,3,0,0,0,0.0
2023,10,David Njoku,CLE,BAL,TE,0,0,0,0,0,0,0,0,9,6,58,0,11.8
2023,10,Deshaun Watson,CLE,BAL,QB,34,20,213,1,1,8,37,0,0,0,0,0,16.22
2023,10,Elijah Moore,CLE,BAL,WR,0,0,0,0,0,0,0,0,7,5,44,1,15.4
2023,10,Harrison Bryant,CLE,BAL,TE,0,0,0,0,0,1,2,0,1,1,3,0,1.5
2023,10,James Proche,CLE,BAL,WR,0,0,0,0,0,0,0,0,1,0,0,0,0.0
2023,10,Jerome Ford,CLE,BAL,RB,0,0,0,0,0,17,107,0,1,1,2,0,11.9
2023,10,Jordan Akins,CLE,BAL,TE,0,0,0,0,0,0,0,0,1,1,8,0,1.8
2023,10,Kareem Hunt,CLE,BAL,RB,0,0,0,0,0,10,32,1,0,0,0,0,9.2
2023,10,Brandin Cooks,DAL,NYG,WR,0,0,0,0,0,0,0,0,10,9,173,1,32.3
2023,10,CeeDee Lamb,DAL,NYG,WR,0,0,0,0,0,1,14,1,14,11,151,1,39.5
2023,10,Cooper Rush,DAL,NYG,QB,9,7,68,0,1,2,5,0,0,0,0,0,1.22
2023,10,Dak Prescott,DAL,NYG,QB,35,26,404,4,1,2,17,1,0,0,0,0,37.86
2023,10,Deuce Vaughn,DAL,NYG,RB,0,0,0,0,0,1,-2,0,1,1,11,0,1.9
2023,10,Jake Ferguson,DAL,NYG,TE,0,0,0,0,0,0,0,0,7,4,26,1,12.6
2023,10,Jalen Brooks,DAL,NYG,WR,0,0,0,0,0,0,0,0,4,4,39,0,7.9
2023,10,Jalen Tolbert,DAL,NYG,WR,0,0,0,0,0,0,0,0,5,2,2,0,2.2
2023,10,Luke Schoonmaker,DAL,NYG,TE,0,0,0,0,0,0,0,0,1,0,0,0,0.0
2023,10,Michael Gallup,DAL,NYG,WR,0,0,0,0,0,0,0,0,2,2,70,1,15.0
2023,10,Rico Dowdle,DAL,NYG,RB,0,0,0,0,0,12,79,1,0,0,0,0,13.9
2023,10,Tony Pollard,DAL,NYG,RB,0,0,0,0,0,15,55,0,0,0,0,0,5.5
2023,10,Adam Trautman,DEN,BUF,TE,0,0,0,0,0,0,0,0,2,2,15,0,3.5
2023,10,Chris Manhertz,DEN,BUF,TE,0,0,0,0,0,0,0,0,1,1,6,0,1.6
2023,10,Courtland Sutton,DEN,BUF,WR,0,0,0,0,0,0,0,0,11,8,53,1,17.3
2023,10,Jaleel McLaughlin,DEN,BUF,RB,0,0,0,0,0,6,8,0,2,2,4,0,3.2
2023,10,Javonte Williams,DEN,BUF,RB,0,0,0,0,0,21,79,0,4,4,31,1,21.0
2023,10,Jerry Jeudy,DEN,BUF,WR,0,0,0,0,0,0,0,0,3,3,35,0,6.5
2023,10,Lil'Jordan Humphrey,DEN,BUF,WR,0,0,0,0,0,0,0,0,1,1,14,0,2.4
2023,10,Lucas Krull,DEN,BUF,TE,0,0,0,0,0,0,0,0,1,0,0,0,0.0
2023,10,Marvin Mims Jr.,DEN,BUF,WR,0,0,0,0,0,1,-3,0,1,0,0,0,-0.3
2023,10,Russell Wilson,DEN,BUF,QB,29,24,193,2,0,9,30,0,0,0,0,0,18.72
2023,10,Samaje Perine,DEN,BUF,RB,0,0,0,0,0,1,8,0,3,3,35,0,7.3
2023,10,Amon-Ra St. Brown,DET,LAC,WR,0,0,0,0,0,2,9,0,9,8,156,1,30.5
2023,10,Brock Wright,DET,LAC,TE,0,0,0,0,0,0,0,0,3,2,23,1,10.3
2023,10,David Montgomery,DET,LAC,RB,0,0,0,0,0,12,116,1,0,0,0,0,17.6
2023,10,Jahmyr Gibbs,DET,LAC,RB,0,0,0,0,0,14,77,2,5,3,35,0,26.2
2023,10,Jameson Williams,DET,LAC,WR,0,0,0,0,0,0,0,0,2,2,18,0,3.8
2023,10,Jared Goff,DET,LAC,QB,33,23,333,2,0,3,-2,0,0,0,0,0,21.12
2023,10,Josh Reynolds,DET,LAC,WR,0,0,0,0,0,0,0,0,4,2,15,0,3.5
2023,10,Kalif Raymond,DET,LAC,WR,0,0,0,0,0,0,0,0,4,2,46,0,6.6
2023,10,Sam LaPorta,DET,LAC,TE,0,0,0,0,0,0,0,0,5,4,40,0,8.0
2023,10,AJ Dillon,GNB,PIT,RB,0,0,0,0,0,9,70,0,3,1,11,0,9.1
2023,10,Aaron Jones,GNB,PIT,RB,0,0,0,0,0,13,35,0,6,4,19,0,9.4
2023,10,Christian Watson,GNB,PIT,WR,0,0,0,0,0,0,0,0,7,2,23,0,4.3
2023,10,Dontayvion Wicks,GNB,PIT,WR,0,0,0,0,0,0,0,0,4,3,51,0,8.1
2023,10,Jayden Reed,GNB,PIT,WR,0,0,0,0,0,0,0,0,5,5,84,1,19.4
2023,10,Jordan Love,GNB,PIT,QB,40,21,289,2,2,2,11,0,0,0,0,0,16.66
2023,10,Luke Musgrave,GNB,PIT,TE,0,0,0,0,0,0,0,0,4,2,64,0,8.4
2023,10,Romeo Doubs,GNB,PIT,WR,0,0,0,0,0,0,0,0,5,3,31,1,12.1
2023,10,Tucker Kraft,GNB,PIT,TE,0,0,0,0,0,0,0,0,3,1,6,0,1.6
2023,10,C.J. Stroud,HOU,CIN,QB,39,23,356,1,1,2,8,1,0,0,0,0,19.04
2023,10,Dalton Schultz,HOU,CIN,TE,0,0,0,0,0,0,0,0,6,4,71,0,11.1
2023,10,Devin Singletary,HOU,CIN,RB,0,0,0,0,0,30,150,1,2,1,11,0,23.1
2023,10,John Metchie III,HOU,CIN,WR,0,0,0,0,0,0,0,0,2,2,25,0,4.5
2023,10,Mike Boone,HOU,CIN,RB,0,0,0,0,0,0,0,0,3,2,6,0,2.6
2023,10,Noah Brown,HOU,CIN,WR,0,0,0,0,0,0,0,0,8,7,172,0,24.2
2023,10,Robert Woods,HOU,CIN,WR,0,0,0,0,0,0,0,0,3,1,15,0,2.5
2023,10,Tank Dell,HOU,CIN,WR,0,0,0,0,0,1,13,0,14,6,56,1,18.9
2023,10,Xavier Hutchinson,HOU,CIN,WR,0,0,0,0,0,1,17,0,1,0,0,0,1.7
2023,10,Alec Pierce,IND,NWE,WR,0,0,0,0,0,0,0,0,1,1,21,0,3.1
2023,10,Gardner Minshew,IND,NWE,QB,28,18,194,0,1,2,-1,0,0,0,0,0,5.66
2023,10,Isaiah McKenzie,IND,NWE,WR,0,0,0,0,0,0,0,0,4,4,31,0,7.1
2023,10,Jonathan Taylor,IND,NWE,RB,0,0,0,0,0,23,69,1,1,1,6,0,14.5
2023,10,Josh Downs,IND,NWE,WR,0,0,0,0,0,0,0,0,3,2,40,0,6.0
2023,10,Kylen Granson,IND,NWE,TE,0,0,0,0,0,0,0,0,2,1,5,0,1.5
2023,10,Michael Pittman,IND,NWE,WR,0,0,0,0,0,0,0,0,12,8,84,0,16.4
2023,10,Mo Alie-Cox,IND,NWE,TE,0,0,0,0,0,0,0,0,1,0,0,0,0.0
2023,10,Will Mallory,IND,NWE,TE,0,0,0,0,0,0,0,0,2,1,7,0,1.7
2023,10,Zack Moss,IND,NWE,RB,0,0,0,0,0,1,2,0,0,0,0,0,0.2
2023,10,Brenton Strange,JAX,SFO,TE,0,0,0,0,0,0,0,0,1,0,0,0,0.0
2023,10,Calvin Ridley,JAX,SFO,WR,0,0,0,0,0,0,0,0,3,2,20,0,4.0
2023,10,Christian Kirk,JAX,SFO,WR,1,0,0,0,0,0,0,0,11,6,104,0,14.4
2023,10,D'Ernest Johnson,JAX,SFO,RB,0,0,0,0,0,3,12,0,2,2,28,0,6.0
2023,10,Evan Engram,JAX,SFO,TE,0,0,0,0,0,0,0,0,7,4,12,0,5.2
2023,10,Tank Bigsby,JAX,SFO,RB,0,0,0,0,0,3,5,0,1,0,0,0,0.5
2023,10,Tim Jones,JAX,SFO,WR,0,0,0,0,0,0,0,0,2,2,17,0,3.7
2023,10,Travis Etienne,JAX,SFO,RB,0,0,0,0,0,9,35,0,4,2,9,0,6.4
2023,10,Trevor Lawrence,JAX,SFO,QB,29,17,185,0,2,2,7,0,0,0,0,0,2.1
2023,10,Austin Ekeler,LAC,DET,RB,0,0,0,0,0,19,67,1,7,4,48,0,21.5
2023,10,Derius Davis,LAC,DET,WR,0,0,0,0,0,0,0,0,2,2,7,0,2.7
2023,10,Donald Parham,LAC,DET,TE,0,0,0,0,0,0,0,0,2,2,18,0,3.8
2023,10,Gerald Everett,LAC,DET,TE,0,0,0,0,0,0,0,0,2,0,0,0,0.0
2023,10,Jalen Guyton,LAC,DET,WR,0,0,0,0,0,0,0,0,6,4,41,1,14.1
2023,10,Joshua Kelley,LAC,DET,RB,0,0,0,0,0,5,16,0,0,0,0,0,1.6
2023,10,Justin Herbert,LAC,DET,QB,40,27,323,4,1,4,15,0,0,0,0,0,28.42
2023,10,Keenan Allen,LAC,DET,WR,0,0,0,0,0,0,0,0,14,11,175,2,40.5
2023,10,Quentin Johnston,LAC,DET,WR,0,0,0,0,0,0,0,0,4,4,34,1,13.4
2023,10,Stone Smartt,LAC,DET,TE,0,0,0,0,0,0,0,0,3,0,0,0,0.0
2023,10,Aidan O'Connell,LVR,NYJ,QB,27,16,153,1,1,2,3,0,0,0,0,0,8.42
2023,10,Ameer Abdullah,LVR,NYJ,RB,0,0,0,0,0,0,0,0,1,1,4,0,1.4
2023,10,Austin Hooper,LVR,NYJ,TE,0,0,0,0,0,0,0,0,1,1,7,0,1.7
2023,10,Davante Adams,LVR,NYJ,WR,0,0,0,0,0,0,0,0,13,6,86,0,14.6
2023,10,DeAndre Carter,LVR,NYJ,WR,0,0,0,0,0,1,15,0,0,0,0,0,1.5
2023,10,Hunter Renfrow,LVR,NYJ,WR,0,0,0,0,0,0,0,0,1,1,5,0,1.5
2023,10,Jakobi Meyers,LVR,NYJ,WR,0,0,0,0,0,0,0,0,2,2,21,0,4.1
2023,10,Josh Jacobs,LVR,NYJ,RB,0,0,0,0,0,27,116,0,2,2,11,0,12.7
2023,10,Michael Mayer,LVR,NYJ,TE,0,0,0,0,0,0,0,0,5,3,19,1,10.9
2023,10,Tre Tucker,LVR,NYJ,WR,0,0,0,0,0,1,9,0,0,0,0,0,0.9
2023,10,Zamir White,LVR,NYJ,RB,0,0,0,0,0,1,5,0,0,0,0,0,0.5
2023,10,Alexander Mattison,MIN,NOR,RB,0,0,0,0,0,8,27,0,2,1,6,0,4.3
2023,10,Brandon Powell,MIN,NOR,WR,0,0,0,0,0,0,0,0,5,4,35,0,7.5
2023,10,Jalen Nailor,MIN,NOR,WR,0,0,0,0,0,0,0,0,1,1,16,0,2.6
2023,10,Johnny Mundt,MIN,NOR,TE,0,0,0,0,0,0,0,0,2,2,8,0,2.8
2023,10,Jordan Addison,MIN,NOR,WR,0,0,0,0,0,0,0,0,7,4,69,0,10.9
2023,10,Joshua Dobbs,MIN,NOR,QB,34,23,268,1,0,8,44,1,0,0,0,0,25.12
2023,10,Kene Nwangwu,MIN,NOR,RB,0,0,0,0,0,2,9,0,0,0,0,0,0.9
2023,10,T.J. Hockenson,MIN,NOR,TE,0,0,0,0,0,0,0,0,15,11,134,1,30.4
2023,10,Ty Chandler,MIN,NOR,RB,0,0,0,0,0,15,45,1,0,0,0,0,10.5
2023,10,A.T. Perry,NOR,MIN,WR,0,0,0,0,0,0,0,0,4,2,38,1,11.8
2023,10,Alvin Kamara,NOR,MIN,RB,0,0,0,0,0,9,42,0,7,7,33,0,18.5
2023,10,Chris Olave,NOR,MIN,WR,0,0,0,0,0,0,0,0,9,6,94,1,21.4
2023,10,Derek Carr,NOR,MIN,QB,18,13,110,0,0,1,10,0,0,0,0,0,5.4
2023,10,Jamaal Williams,NOR,MIN,RB,0,0,0,0,0,4,7,0,1,1,3,0,2.0
2023,10,Jameis Winston,NOR,MIN,QB,25,13,122,2,2,0,0,0,0,0,0,0,8.88
2023,10,Juwan Johnson,NOR,MIN,TE,0,0,0,0,0,0,0,0,3,1,2,0,1.2
2023,10,Lynn Bowden,NOR,MIN,WR,0,0,0,0,0,0,0,0,1,1,12,0,2.2
2023,10,Michael Thomas,NOR,MIN,WR,0,0,0,0,0,0,0,0,2,1,9,0,1.9
2023,10,Rashid Shaheed,NOR,MIN,WR,0,0,0,0,0,0,0,0,9,5,24,0,7.4
2023,10,Taysom Hill,NOR,MIN,TE,0,0,0,0,0,1,6,0,4,2,17,0,4.3
2023,10,Bailey Zappe,NWE,IND,QB,7,3,25,0,1,0,0,0,0,0,0,0,-1.0
2023,10,DeMario Douglas,NWE,IND,WR,0,0,0,0,0,0,0,0,9,6,84,0,14.4
2023,10,Ezekiel Elliott,NWE,IND,RB,0,0,0,0,0,13,54,0,2,2,34,0,10.8
2023,10,Hunter Henry,NWE,IND,TE,0,0,0,0,0,0,0,0,5,3,21,0,5.1
2023,10,JuJu Smith-Schuster,NWE,IND,WR,0,0,0,0,0,0,0,0,1,1,9,0,1.9
2023,10,Kayshon Boutte,NWE,IND,WR,0,0,0,0,0,0,0,0,1,1,11,0,2.1
2023,10,Mac Jones,NWE,IND,QB,20,15,170,0,1,3,25,0,0,0,0,0,7.3
2023,10,Mike Gesicki,NWE,IND,TE,0,0,0,0,0,0,0,0,3,2,22,0,4.2
2023,10,Rhamondre Stevenson,NWE,IND,RB,0,0,0,0,0,20,88,0,5,3,14,0,13.2
2023,10,Daniel Bellinger,NYG,DAL,TE,0,0,0,0,0,0,0,0,3,2,34,0,5.4
2023,10,Darius Slayton,NYG,DAL,WR,0,0,0,0,0,0,0,0,4,3,21,0,5.1
2023,10,Isaiah Hodgins,NYG,DAL,WR,0,0,0,0,0,0,0,0,2,0,0,0,0.0
2023,10,Jalin Hyatt,NYG,DAL,WR,0,0,0,0,0,0,0,0,1,0,0,0,0.0
2023,10,Jashaun Corbin,NYG,DAL,RB,0,0,0,0,0,1,1,0,3,3,12,0,4.3
2023,10,Lawrence Cager,NYG,DAL,TE,0,0,0,0,0,0,0,0,2,1,10,1,8.0
2023,10,Matt Breida,NYG,DAL,RB,0,0,0,0,0,1,3,0,0,0,0,0,0.3
2023,10,Parris Campbell,NYG,DAL,WR,0,0,0,0,0,0,0,0,1,1,6,0,1.6
2023,10,Saquon Barkley,NYG,DAL,RB,0,0,0,0,0,13,66,0,3,1,-5,0,7.1
2023,10,Sterling Shepard,NYG,DAL,WR,0,0,0,0,0,0,0,0,4,1,2,1,7.2
2023,10,Tommy DeVito,NYG,DAL,QB,27,14,86,2,1,7,41,0,0,0,0,0,13.54
2023,10,Wan'Dale Robinson,NYG,DAL,WR,0,0,0,0,0,1,0,0,3,2,6,0,2.6
2023,10,Allen Lazard,NYJ,LVR,WR,0,0,0,0,0,0,0,0,5,1,17,0,2.7
2023,10,Breece Hall,NYJ,LVR,RB,0,0,0,0,0,13,28,0,3,3,47,0,10.5
2023,10,C.J. Uzomah,NYJ,LVR,TE,0,0,0,0,0,0,0,0,1,1,6,0,1.6
2023,10,Dalvin Cook,NYJ,LVR,RB,0,0,0,0,0,4,26,0,1,0,0,0,2.6
2023,10,Garrett Wilson,NYJ,LVR,WR,1,0,0,0,0,0,0,0,14,9,93,0,18.3
2023,10,Malik Taylor,NYJ,LVR,WR,0,0,0,0,0,0,0,0,2,1,6,0,1.6
2023,10,Michael Carter,NYJ,LVR,RB,0,0,0,0,0,0,0,0,1,0,0,0,0.0
2023,10,Tyler Conklin,NYJ,LVR,TE,0,0,0,0,0,0,0,0,7,7,70,0,14.0
2023,10,Xavier Gipson,NYJ,LVR,WR,0,0,0,0,0,0,0,0,3,1,24,0,3.4
2023,10,Zach Wilson,NYJ,LVR,QB,39,23,263,0,1,4,54,0,0,0,0,0,13.92
2023,10,Calvin Austin III,PIT,GNB,WR,0,0,0,0,0,1,6,0,1,1,3,0,1.9
2023,10,Connor Heyward,PIT,GNB,RB,0,0,0,0,0,0,0,0,4,3,32,0,6.2
2023,10,Darnell Washington,PIT,GNB,TE,0,0,0,0,0,0,0,0,1,1,6,0,1.6
2023,10,Diontae Johnson,PIT,GNB,WR,0,0,0,0,0,0,0,0,4,1,17,0,2.7
2023,10,George Pickens,PIT,GNB,WR,0,0,0,0,0,0,0,0,4,3,45,0,7.5
2023,10,Jaylen Warren,PIT,GNB,RB,0,0,0,0,0,15,101,1,4,2,9,0,19.0
2023,10,Kenny Pickett,PIT,GNB,QB,23,14,126,0,0,4,16,0,0,0,0,0,6.64
2023,10,Najee Harris,PIT,GNB,RB,0,0,0,0,0,16,82,1,4,3,14,0,18.6
2023,10,Colby Parkinson,SEA,WAS,TE,0,0,0,0,0,0,0,0,1,1,3,0,1.3
2023,10,DK Metcalf,SEA,WAS,WR,0,0,0,0,0,0,0,0,12,7,98,0,16.8
2023,10,Geno Smith,SEA,WAS,QB,47,31,369,2,0,1,13,0,0,0,0,0,24.06
2023,10,Jake Bobo,SEA,WAS,WR,0,0,0,0,0,0,0,0,2,2,13,0,3.3
2023,10,Jaxon Smith-Njigba,SEA,WAS,WR,0,0,0,0,0,0,0,0,5,4,53,0,9.3
2023,10,Kenneth Walker III,SEA,WAS,RB,0,0,0,0,0,19,63,0,2,1,64,1,19.7
2023,10,Noah Fant,SEA,WAS,TE,0,0,0,0,0,0,0,0,3,2,6,0,2.6
2023,10,Tyler Lockett,SEA,WAS,WR,0,0,0,0,0,0,0,0,10,8,92,1,23.2
2023,10,Will Dissly,SEA,WAS,TE,0,0,0,0,0,0,0,0,2,2,22,0,4.2
2023,10,Zach Charbonnet,SEA,WAS,RB,0,0,0,0,0,6,44,0,5,4,18,0,10.2
2023,10,Brandon Aiyuk,SFO,JAX,WR,0,0,0,0,0,0,0,0,3,3,55,1,14.5
2023,10,Brock Purdy,SFO,JAX,QB,26,19,296,3,0,0,0,0,0,0,0,0,23.84
2023,10,Christian McCaffrey,SFO,JAX,RB,0,0,0,0,0,16,95,0,10,6,47,0,20.2
2023,10,Deebo Samuel Sr.,SFO,JAX,WR,0,0,0,0,0,3,29,1,4,4,30,0,15.9
2023,10,Elijah Mitchell,SFO,JAX,RB,0,0,0,0,0,8,23,0,0,0,0,0,2.3
2023,10,George Kittle,SFO,JAX,TE,0,0,0,0,0,0,0,0,4,3,116,1,20.6
2023,10,Jauan Jennings,SFO,JAX,WR,0,0,0,0,0,0,0,0,2,1,8,0,1.8
2023,10,Kyle Juszczyk,SFO,JAX,RB,0,0,0,0,0,0,0,0,3,2,26,1,10.6
2023,10,Ronnie Bell,SFO,JAX,WR,0,0,0,0,0,0,0,0,1,1,20,0,3.0
2023,10,Sam Darnold,SFO,JAX,QB,2,1,6,0,0,3,-3,0,0,0,0,0,-0.06
2023,10,Baker Mayfield,TAM,TEN,QB,29,18,278,2,1,3,12,0,0,0,0,0,18.32
2023,10,Cade Otton,TAM,TEN,TE,0,0,0,0,0,0,0,0,3,2,10,0,3.0
2023,10,Chase Edmonds,TAM,TEN,RB,0,0,0,0,0,4,9,0,1,1,-2,0,1.7
2023,10,Chris Godwin Jr.,TAM,TEN,WR,0,0,0,0,0,0,0,0,6,4,54,0,9.4
2023,10,Deven Thompkins,TAM,TEN,WR,0,0,0,0,0,1,6,0,2,1,5,0,2.1
2023,10,Kyle Trask,TAM,TEN,QB,0,0,0,0,0,1,-1,0,0,0,0,0,-0.1
2023,10,Mike Evans,TAM,TEN,WR,0,0,0,0,0,0,0,0,10,6,143,1,26.3
2023,10,Rachaad White,TAM,TEN,RB,0,0,0,0,0,20,51,0,3,2,47,1,17.8
2023,10,Trey Palmer,TAM,TEN,WR,0,0,0,0,0,0,0,0,4,2,21,0,4.1
2023,10,Chig Okonkwo,TEN,TAM,TE,0,0,0,0,0,0,0,0,6,3,27,0,5.7
2023,10,Chris Moore,TEN,TAM,WR,0,0,0,0,0,0,0,0,4,2,21,0,4.1
2023,10,DeAndre Hopkins,TEN,TAM,WR,0,0,0,0,0,0,0,0,9,3,27,0,5.7
2023,10,Derrick Henry,TEN,TAM,RB,0,0,0,0,0,11,24,0,1,1,-4,0,3.0
2023,10,Josh Whyle,TEN,TAM,TE,0,0,0,0,0,0,0,0,5,2,16,0,3.6
2023,10,Kyle Philips,TEN,TAM,WR,0,0,0,0,0,0,0,0,5,3,61,0,9.1
2023,10,Nick Westbrook-Ikhine,TEN,TAM,WR,0,0,0,0,0,0,0,0,4,1,9,0,1.9
2023,10,Tyjae Spears,TEN,TAM,RB,0,0,0,0,0,5,18,0,5,4,42,0,10.0
2023,10,Will Levis,TEN,TAM,QB,39,19,199,0,1,0,0,0,0,0,0,0,5.96
2023,10,Alex Armah,WAS,SEA,RB,0,0,0,0,0,0,0,0,1,1,3,0,1.3
2023,10,Antonio Gibson,WAS,SEA,RB,0,0,0,0,0,4,13,0,6,5,42,1,16.5
2023,10,Brian Robinson,WAS,SEA,RB,0,0,0,0,0,8,38,0,6,6,119,1,27.7
2023,10,Byron Pringle,WAS,SEA,WR,0,0,0,0,0,0,0,0,2,1,7,0,1.7
2023,10,Curtis Samuel,WAS,SEA,WR,0,0,0,0,0,0,0,0,6,2,6,0,2.6
2023,10,Dyami Brown,WAS,SEA,WR,0,0,0,0,0,0,0,0,2,2,41,1,12.1
2023,10,Jahan Dotson,WAS,SEA,WR,0,0,0,0,0,0,0,0,2,0,0,0,0.0
2023,10,Jamison Crowder,WAS,SEA,WR,0,0,0,0,0,0,0,0,1,0,0,0,0.0
2023,10,John Bates,WAS,SEA,TE,0,0,0,0,0,0,0,0,3,3,21,0,5.1
2023,10,Logan Thomas,WAS,SEA,TE,0,0,0,0,0,0,0,0,5,5,40,0,9.0
2023,10,Sam Howell,WAS,SEA,QB,44,29,312,3,0,2,17,0,0,0,0,0,24.18
2023,10,Terry McLaurin,WAS,SEA,WR,0,0,0,0,0,0,0,0,8,4,33,0,7.3
2023,11,Elijah Higgins,ARI,HOU,TE,0,0,0,0,0,0,0,0,2,1,2,0,1.2
2023,11,Geoff Swaim,ARI,HOU,TE,0,0,0,0,0,0,0,0,2,2,15,0,3.5
2023,11,Greg Dortch,ARI,HOU,WR,0,0,0,0,0,0,0,0,8,6,76,0,13.6
2023,11,James Conner,ARI,HOU,RB,0,0,0,0,0,14,62,0,3,2,1,0,8.3
2023,11,Kyler Murray,ARI,HOU,QB,30,20,214,1,1,7,51,1,0,0,0,0,21.66
2023,11,Marquise Brown,ARI,HOU,WR,0,0,0,0,0,1,-6,0,5,2,18,0,3.2
2023,11,Rondale Moore,ARI,HOU,WR,0,0,0,0,0,2,6,0,1,1,48,1,12.4
2023,11,Tony Jones,ARI,HOU,RB,0,0,0,0,0,1,10,0,1,1,11,0,3.1
2023,11,Trey McBride,ARI,HOU,TE,0,0,0,0,0,0,0,0,7,5,43,0,9.3
2023,11,Charlie Kolar,BAL,CIN,TE,0,0,0,0,0,0,0,0,1,1,13,0,2.3
2023,11,Gus Edwards,BAL,CIN,RB,0,0,0,0,0,12,62,2,2,2,8,0,21.0
2023,11,Isaiah Likely,BAL,CIN,TE,0,0,0,0,0,0,0,0,2,0,0,0,0.0
2023,11,Justice Hill,BAL,CIN,RB,0,0,0,0,0,1,1,0,1,1,6,0,1.7
2023,11,Keaton Mitchell,BAL,CIN,RB,0,0,0,0,0,8,33,0,1,1,8,0,5.1
2023,11,Lamar Jackson,BAL,CIN,QB,26,16,264,2,0,9,54,0,0,0,0,0,23.96
2023,11,Mark Andrews,BAL,CIN,TE,0,0,0,0,0,0,0,0,2,2,23,0,4.3
2023,11,Nelson Agholor,BAL,CIN,WR,0,0,0,0,0,0,0,0,1,1,37,1,10.7
2023,11,Odell Beckham Jr.,BAL,CIN,WR,0,0,0,0,0,0,0,0,7,4,116,0,15.6
2023,11,Rashod Bateman,BAL,CIN,WR,0,0,0,0,0,0,0,0,2,1,10,1,8.0
2023,11,Zay Flowers,BAL,CIN,WR,0,0,0,0,0,1,7,0,4,3,43,0,8.0
2023,11,Dalton Kincaid,BUF,NYJ,TE,0,0,0,0,0,0,0,0,7,6,46,0,10.6
2023,11,Deonte Harty,BUF,NYJ,WR,0,0,0,0,0,1,-2,0,1,0,0,0,-0.2
2023,11,James Cook,BUF,NYJ,RB,0,0,0,0,0,17,73,0,4,3,29,1,19.2
2023,11,Josh Allen,BUF,NYJ,QB,32,20,275,3,1,5,15,0,0,0,0,0,22.5
2023,11,Khalil Shakir,BUF,NYJ,WR,0,0,0,0,0,0,0,0,4,3,115,1,20.5
2023,11,Kyle Allen,BUF,NYJ,QB,0,0,0,0,0,2,-2,0,0,0,0,0,-0.2
2023,11,Latavius Murray,BUF,NYJ,RB,0,0,0,0,0,10,35,0,0,0,0,0,3.5
2023,11,Quintin Morris,BUF,NYJ,TE,0,0,0,0,0,0,0,0,2,1,11,0,2.1
2023,11,Stefon Diggs,BUF,NYJ,WR,0,0,0,0,0,0,0,0,8,4,27,0,6.7
2023,11,Ty Johnson,BUF,NYJ,RB,0,0,0,0,0,3,11,0,3,3,47,1,14.8
2023,11,Adam Thielen,CAR,DAL,WR,0,0,0,0,0,0,0,0,11,8,74,0,15.4
2023,11,Bryce Young,CAR,DAL,QB,29,16,123,1,1,2,3,0,0,0,0,0,5.22
2023,11,Chuba Hubbard,CAR,DAL,RB,0,0,0,0,0,10,57,0,2,2,8,0,8.5
2023,11,Jonathan Mingo,CAR,DAL,WR,0,0,0,0,0,0,0,0,6,1,6,0,1.6
2023,11,Laviska Shenault Jr.,CAR,DAL,WR,0,0,0,0,0,0,0,0,2,2,9,0,2.9
2023,11,Miles Sanders,CAR,DAL,RB,0,0,0,0,0,11,50,0,1,1,2,0,6.2
2023,11,Stephen Sullivan,CAR,DAL,TE,0,0,0,0,0,0,0,0,1,1,20,0,3.0
2023,11,Tommy Tremble,CAR,DAL,TE,0,0,0,0,0,0,0,0,3,1,4,1,7.4
2023,11,Cole Kmet,CHI,DET,TE,0,0,0,0,0,0,0,0,4,3,20,0,5.0
2023,11,D'Onta Foreman,CHI,DET,RB,0,0,0,0,0,6,14,1,0,0,0,0,7.4
2023,11,DJ Moore,CHI,DET,WR,0,0,0,0,0,0,0,0,9,7,96,1,22.6
2023,11,Darnell Mooney,CHI,DET,WR,0,0,0,0,0,0,0,0,1,1,24,0,3.4
2023,11,Equanimeous St. Brown,CHI,DET,WR,0,0,0,0,0,0,0,0,2,2,19,0,3.9
2023,11,Justin Fields,CHI,DET,QB,23,16,169,1,0,18,104,0,0,0,0,0,21.16
2023,11,Khalil Herbert,CHI,DET,RB,0,0,0,0,0,16,35,0,3,2,6,0,6.1
2023,11,Marcedes Lewis,CHI,DET,TE,0,0,0,0,0,0,0,0,1,0,0,0,0.0
2023,11,Roschon Johnson,CHI,DET,RB,0,0,0,0,0,6,30,0,0,0,0,0,3.0
2023,11,Tyler Scott,CHI,DET,WR,0,0,0,0,0,0,0,0,2,1,4,0,-0.6
2023,11,Drew Sample,CIN,BAL,TE,0,0,0,0,0,0,0,0,2,2,19,0,3.9
2023,11,Irv Smith,CIN,BAL,TE,0,0,0,0,0,0,0,0,1,0,0,0,0.0
2023,11,Ja'Marr Chase,CIN,BAL,WR,0,0,0,0,0,0,0,0,7,2,12,1,9.2
2023,11,Jake Browning,CIN,BAL,QB,14,8,68,1,0,4,40,0,0,0,0,0,10.72
2023,11,Joe Burrow,CIN,BAL,QB,17,11,101,1,0,1,7,0,0,0,0,0,8.74
2023,11,Joe Mixon,CIN,BAL,RB,0,0,0,0,0,16,69,0,5,5,31,1,21.0
2023,11,Shedrick Jackson,CIN,BAL,WR,0,0,0,0,0,0,0,0,1,0,0,0,0.0
2023,11,Tanner Hudson,CIN,BAL,TE,0,0,0,0,0,0,0,0,4,4,49,0,8.9
2023,11,Trayveon Williams,CIN,BAL,RB,0,0,0,0,0,2,20,0,0,0,0,0,2.0
2023,11,Trenton Irwin,CIN,BAL,WR,0,0,0,0,0,0,0,0,5,3,36,0,6.6
2023,11,Tyler Boyd,CIN,BAL,WR,0,0,0,0,0,0,0,0,6,3,22,0,5.2
2023,11,Amari Cooper,CLE,PIT,WR,0,0,0,0,0,0,0,0,8,4,34,0,7.4
2023,11,Cedric Tillman,CLE,PIT,WR,0,0,0,0,0,1,8,0,2,1,2,0,2.0
2023,11,David Njoku,CLE,PIT,TE,0,0,0,0,0,0,0,0,15,7,56,0,12.6
2023,11,Dorian Thompson-Robinson,CLE,PIT,QB,43,24,165,0,1,3,20,0,0,0,0,0,6.6
2023,11,Elijah Moore,CLE,PIT,WR,0,0,0,0,0,0,0,0,7,6,60,0,12.0
2023,11,Jerome Ford,CLE,PIT,RB,0,0,0,0,0,12,31,1,5,2,8,0,11.9
2023,11,Kareem Hunt,CLE,PIT,RB,0,0,0,0,0,12,36,0,3,3,1,0,6.7
2023,11,Pierre Strong,CLE,PIT,RB,0,0,0,0,0,1,1,0,1,1,4,0,1.5
2023,11,Brandin Cooks,DAL,CAR,WR,0,0,0,0,0,0,0,0,4,3,42,0,7.2
2023,11,CeeDee Lamb,DAL,CAR,WR,0,0,0,0,0,1,7,0,9,6,38,1,16.5
2023,11,Cooper Rush,DAL,CAR,QB,3,2,15,0,0,3,-3,0,0,0,0,0,0.3
2023,11,Dak Prescott,DAL,CAR,QB,38,25,189,2,0,2,6,0,0,0,0,0,16.16
2023,11,Jake Ferguson,DAL,CAR,TE,0,0,0,0,0,0,0,0,5,3,32,0,6.2
2023,11,Jalen Tolbert,DAL,CAR,WR,0,0,0,0,0,0,0,0,5,2,12,0,3.2
2023,11,KaVontae Turpin,DAL,CAR,WR,0,0,0,0,0,1,13,0,3,2,10,0,4.3
2023,11,Luke Schoonmaker,DAL,CAR,TE,0,0,0,0,0,0,0,0,2,2,23,1,10.3
2023,11,Michael Gallup,DAL,CAR,WR,0,0,0,0,0,0,0,0,5,3,31,0,6.1
2023,11,Rico Dowdle,DAL,CAR,RB,0,0,0,0,0,8,23,0,2,2,-3,0,4.0
2023,11,Tony Pollard,DAL,CAR,RB,0,0,0,0,0,12,61,1,5,4,19,0,18.0
2023,11,Adam Trautman,DEN,MIN,TE,0,0,0,0,0,0,0,0,2,2,33,0,5.3
2023,11,Courtland Sutton,DEN,MIN,WR,0,0,0,0,0,0,0,0,5,4,66,1,16.6
2023,11,Jaleel McLaughlin,DEN,MIN,RB,0,0,0,0,0,1,1,0,5,5,14,0,6.5
2023,11,Javonte Williams,DEN,MIN,RB,0,0,0,0,0,11,37,0,2,2,16,0,7.3
2023,11,Jerry Jeudy,DEN,MIN,WR,0,0,0,0,0,0,0,0,7,5,58,0,10.8
2023,11,Lil'Jordan Humphrey,DEN,MIN,WR,0,0,0,0,0,0,0,0,1,0,0,0,0.0
2023,11,Marvin Mims Jr.,DEN,MIN,WR,0,0,0,0,0,0,0,0,3,2,12,0,3.2
2023,11,Russell Wilson,DEN,MIN,QB,35,27,259,1,0,2,1,0,0,0,0,0,14.46
2023,11,Samaje Perine,DEN,MIN,RB,0,0,0,0,0,1,7,0,7,7,60,0,13.7
2023,11,Amon-Ra St. Brown,DET,CHI,WR,0,0,0,0,0,0,0,0,11,8,77,1,21.7
2023,11,David Montgomery,DET,CHI,RB,0,0,0,0,0,12,76,1,2,2,22,0,17.8
2023,11,Donovan Peoples-Jones,DET,CHI,WR,0,0,0,0,0,0,0,0,1,0,0,0,0.0
2023,11,Jahmyr Gibbs,DET,CHI,RB,0,0,0,0,0,8,36,1,6,6,59,0,21.5
2023,11,Jameson Williams,DET,CHI,WR,0,0,0,0,0,0,0,0,3,2,44,1,12.4
2023,11,Jared Goff,DET,CHI,QB,35,23,236,2,3,2,3,0,0,0,0,0,13.74
2023,11,Josh Reynolds,DET,CHI,WR,0,0,0,0,0,0,0,0,2,1,11,0,2.1
2023,11,Kalif Raymond,DET,CHI,WR,0,0,0,0,0,0,0,0,2,1,5,0,1.5
2023,11,Sam LaPorta,DET,CHI,TE,0,0,0,0,0,0,0,0,5,3,18,0,6.8
2023,11,AJ Dillon,GNB,LAC,RB,0,0,0,0,0,14,29,0,4,4,32,0,10.1
2023,11,Aaron Jones,GNB,LAC,RB,0,0,0,0,0,4,14,0,2,1,3,0,2.7
2023,11,Christian Watson,GNB,LAC,WR,0,0,0,0,0,1,1,0,4,2,21,1,10.2
2023,11,Dontayvion Wicks,GNB,LAC,WR,0,0,0,0,0,0,0,0,5,3,91,0,12.1
2023,11,Emanuel Wilson,GNB,LAC,RB,0,0,0,0,0,3,12,0,2,1,9,0,3.1
2023,11,Jayden Reed,GNB,LAC,WR,0,0,0,0,0,3,46,1,6,4,46,0,19.2
2023,11,Jordan Love,GNB,LAC,QB,40,27,322,2,0,3,0,0,0,0,0,0,20.88
2023,11,Luke Musgrave,GNB,LAC,TE,0,0,0,0,0,0,0,0,6,4,28,0,6.8
2023,11,Malik Heath,GNB,LAC,WR,0,0,0,0,0,0,0,0,1,1,7,0,1.7
2023,11,Romeo Doubs,GNB,LAC,WR,0,0,0,0,0,0,0,0,6,5,53,1,16.3
2023,11,Tucker Kraft,GNB,LAC,TE,0,0,0,0,0,0,0,0,2,2,32,0,5.2
2023,11,Andrew Beck,HOU,ARI,RB,0,0,0,0,0,1,0,0,0,0,0,0,0.0
2023,11,C.J. Stroud,HOU,ARI,QB,37,27,336,2,3,1,-1,0,0,0,0,0,15.34
2023,11,Dalton Schultz,HOU,ARI,TE,0,0,0,0,0,0,0,0,3,2,32,1,11.2
2023,11,Devin Singletary,HOU,ARI,RB,0,0,0,0,0,22,112,1,2,2,6,0,19.8
2023,11,John Metchie III,HOU,ARI,WR,0,0,0,0,0,0,0,0,1,1,12,0,2.2
2023,11,Mike Boone,HOU,ARI,RB,0,0,0,0,0,1,0,0,1,1,5,0,1.5
2023,11,Nico Collins,HOU,ARI,WR,0,0,0,0,0,0,0,0,11,7,65,0,13.5
2023,11,Robert Woods,HOU,ARI,WR,0,0,0,0,0,0,0,0,8,5,44,0,9.4
2023,11,Steven Sims,HOU,ARI,WR,0,0,0,0,0,0,0,0,2,2,25,0,4.5
2023,11,Tank Dell,HOU,ARI,WR,0,0,0,0,0,0,0,0,10,8,149,1,28.9
2023,11,Calvin Ridley,JAX,TEN,WR,0,0,0,0,0,1,18,0,9,7,103,2,31.1
2023,11,Christian Kirk,JAX,TEN,WR,0,0,0,0,0,0,0,0,6,3,48,0,7.8
2023,11,D'Ernest Johnson,JAX,TEN,RB,0,0,0,0,0,7,20,0,1,1,34,0,6.4
2023,11,Evan Engram,JAX,TEN,TE,0,0,0,0,0,0,0,0,6,4,29,0,6.9
2023,11,Luke Farrell,JAX,TEN,TE,0,0,0,0,0,0,0,0,2,2,21,0,4.1
2023,11,Tank Bigsby,JAX,TEN,RB,0,0,0,0,0,9,21,0,0,0,0,0,2.1
2023,11,Travis Etienne,JAX,TEN,RB,0,0,0,0,0,14,52,0,3,3,7,0,8.9
2023,11,Trevor Lawrence,JAX,TEN,QB,32,24,262,2,0,5,17,2,0,0,0,0,32.18
2023,11,Zay Jones,JAX,TEN,WR,0,0,0,0,0,0,0,0,4,4,20,0,6.0
2023,11,Clyde Edwards-Helaire,KAN,PHI,RB,0,0,0,0,0,2,20,0,0,0,0,0,2.0
2023,11,Isiah Pacheco,KAN,PHI,RB,0,0,0,0,0,19,89,0,1,1,2,0,10.1
2023,11,Jerick McKinnon,KAN,PHI,RB,0,0,0,0,0,1,7,0,3,2,8,0,3.5
2023,11,Justin Watson,KAN,PHI,WR,0,0,0,0,0,0,0,0,11,5,53,1,16.3
2023,11,Kadarius Toney,KAN,PHI,WR,0,0,0,0,0,2,14,0,2,2,12,0,4.6
2023,11,Marquez Valdes-Scantling,KAN,PHI,WR,0,0,0,0,0,0,0,0,3,0,0,0,0.0
2023,11,Mecole Hardman,KAN,PHI,WR,0,0,0,0,0,0,0,0,2,2,12,0,3.2
2023,11,Noah Gray,KAN,PHI,TE,0,0,0,0,0,0,0,0,1,0,0,0,0.0
2023,11,Patrick Mahomes,KAN,PHI,QB,43,24,177,2,1,6,38,0,0,0,0,0,16.88
2023,11,Rashee Rice,KAN,PHI,WR,0,0,0,0,0,0,0,0,5,4,42,0,8.2
2023,11,Skyy Moore,KAN,PHI,WR,0,0,0,0,0,0,0,0,2,1,4,0,1.4
2023,11,Travis Kelce,KAN,PHI,TE,0,0,0,0,0,0,0,0,9,7,44,1,15.4
2023,11,Alex Erickson,LAC,GNB,WR,0,0,0,0,0,0,0,0,1,1,12,0,2.2
2023,11,Austin Ekeler,LAC,GNB,RB,0,0,0,0,0,10,64,0,3,2,6,0,7.0
2023,11,Derius Davis,LAC,GNB,WR,0,0,0,0,0,0,0,0,1,1,-3,0,0.7
2023,11,Donald Parham,LAC,GNB,TE,0,0,0,0,0,0,0,0,6,4,57,0,9.7
2023,11,Joshua Kelley,LAC,GNB,RB,0,0,0,0,0,6,13,0,0,0,0,0,1.3
2023,11,Justin Herbert,LAC,GNB,QB,36,21,260,2,0,8,73,0,0,0,0,0,25.7
2023,11,Keenan Allen,LAC,GNB,WR,0,0,0,0,0,0,0,0,16,10,116,1,27.6
2023,11,Quentin Johnston,LAC,GNB,WR,0,0,0,0,0,0,0,0,6,2,21,0,4.1
2023,11,Stone Smartt,LAC,GNB,TE,0,0,0,0,0,0,0,0,3,1,51,1,12.1
2023,11,Austin Trammell,LAR,SEA,WR,0,0,0,0,0,0,0,0,6,3,23,0,5.3
2023,11,Cooper Kupp,LAR,SEA,WR,0,0,0,0,0,0,0,0,1,1,11,0,2.1
2023,11,Darrell Henderson,LAR,SEA,RB,0,0,0,0,0,6,1,1,7,4,28,0,12.9
2023,11,Demarcus Robinson,LAR,SEA,WR,0,0,0,0,0,0,0,0,2,2,24,0,4.4
2023,11,Matthew Stafford,LAR,SEA,QB,31,17,190,1,1,2,1,0,0,0,0,0,9.7
2023,11,Puka Nacua,LAR,SEA,WR,0,0,0,0,0,1,7,0,7,5,70,1,18.7
2023,11,Royce Freeman,LAR,SEA,RB,0,0,0,0,0,17,73,0,0,0,0,0,7.3
2023,11,Tutu Atwell,LAR,SEA,WR,0,0,0,0,0,0,0,0,3,1,17,0,2.7
2023,11,Tyler Higbee,LAR,SEA,TE,0,0,0,0,0,0,0,0,3,1,17,0,2.7
2023,11,Zach Evans,LAR,SEA,RB,0,0,0,0,0,1,0,0,0,0,0,0,0.0
2023,11,Aidan O'Connell,LVR,MIA,QB,41,24,271,1,3,1,3,0,0,0,0,0,9.14
2023,11,Ameer Abdullah,LVR,MIA,RB,0,0,0,0,0,0,0,0,1,1,4,0,1.4
2023,11,Austin Hooper,LVR,MIA,TE,0,0,0,0,0,0,0,0,1,0,0,0,0.0
2023,11,Davante Adams,LVR,MIA,WR,0,0,0,0,0,0,0,0,13,7,82,1,21.2
2023,11,Hunter Renfrow,LVR,MIA,WR,0,0,0,0,0,0,0,0,5,5,42,0,9.2
2023,11,Jakobi Meyers,LVR,MIA,WR,0,0,0,0,0,0,0,0,5,4,49,0,8.9
2023,11,Josh Jacobs,LVR,MIA,RB,0,0,0,0,0,14,39,0,1,1,12,0,6.1
2023,11,Michael Mayer,LVR,MIA,TE,0,0,0,0,0,0,0,0,5,4,46,0,8.6
2023,11,Tre Tucker,LVR,MIA,WR,0,0,0,0,0,1,-6,0,7,2,36,0,5.0
2023,11,Alec Ingold,MIA,LVR,RB,0,0,0,0,0,0,0,0,4,3,16,0,4.6
2023,11,Cedrick Wilson Jr.,MIA,LVR,WR,0,0,0,0,0,0,0,0,4,3,23,0,5.3
2023,11,De'Von Achane,MIA,LVR,RB,0,0,0,0,0,1,1,0,1,1,4,0,1.5
2023,11,Jaylen Waddle,MIA,LVR,WR,0,0,0,0,0,0,0,0,8,4,55,0,9.5
2023,11,Julian Hill,MIA,LVR,TE,0,0,0,0,0,0,0,0,1,1,10,0,0.0
2023,11,Raheem Mostert,MIA,LVR,RB,0,0,0,0,0,22,86,0,2,1,7,0,10.3
2023,11,Robbie Chosen,MIA,LVR,WR,0,0,0,0,0,0,0,0,2,2,39,0,5.9
2023,11,Salvon Ahmed,MIA,LVR,RB,0,0,0,0,0,3,6,0,3,3,25,1,12.1
2023,11,Tua Tagovailoa,MIA,LVR,QB,39,28,325,2,1,2,6,0,0,0,0,0,17.6
2023,11,Tyreek Hill,MIA,LVR,WR,0,0,0,0,0,0,0,0,11,10,146,1,30.6
2023,11,Alexander Mattison,MIN,DEN,RB,0,0,0,0,0,18,81,0,2,1,-1,0,7.0
2023,11,Brandon Powell,MIN,DEN,WR,0,0,0,0,0,0,0,0,4,3,32,0,6.2
2023,11,Jordan Addison,MIN,DEN,WR,0,0,0,0,0,0,0,0,6,3,44,0,7.4
2023,11,Josh Oliver,MIN,DEN,TE,0,0,0,0,0,0,0,0,4,4,47,1,14.7
2023,11,Joshua Dobbs,MIN,DEN,QB,32,20,221,1,1,8,21,1,0,0,0,0,16.94
2023,11,K.J. Osborn,MIN,DEN,WR,0,0,0,0,0,0,0,0,2,1,7,0,1.7
2023,11,T.J. Hockenson,MIN,DEN,TE,0,0,0,0,0,0,0,0,7,4,55,0,9.5
2023,11,Ty Chandler,MIN,DEN,RB,0,0,0,0,0,10,73,0,4,4,37,0,15.0
2023,11,Daniel Bellinger,NYG,WAS,TE,0,0,0,0,0,0,0,0,3,3,38,0,6.8
2023,11,Darius Slayton,NYG,WAS,WR,0,0,0,0,0,0,0,0,5,4,82,1,18.2
2023,11,Isaiah Hodgins,NYG,WAS,WR,0,0,0,0,0,0,0,0,3,2,22,0,4.2
2023,11,Jalin Hyatt,NYG,WAS,WR,0,0,0,0,0,0,0,0,2,1,7,0,1.7
2023,11,Matt Breida,NYG,WAS,RB,0,0,0,0,0,3,-1,0,1,0,0,0,-0.1
2023,11,Saquon Barkley,NYG,WAS,RB,0,0,0,0,0,14,83,0,5,4,57,2,30.0
2023,11,Sterling Shepard,NYG,WAS,WR,0,0,0,0,0,0,0,0,3,1,5,0,1.5
2023,11,Tommy DeVito,NYG,WAS,QB,26,18,246,3,0,1,7,0,0,0,0,0,22.54
2023,11,Wan'Dale Robinson,NYG,WAS,WR,0,0,0,0,0,1,2,0,4,3,35,0,6.7
2023,11,Allen Lazard,NYJ,BUF,WR,0,0,0,0,0,0,0,0,1,0,0,0,0.0
2023,11,Breece Hall,NYJ,BUF,RB,0,0,0,0,0,10,23,0,6,5,50,1,18.3
2023,11,Dalvin Cook,NYJ,BUF,RB,0,0,0,0,0,2,13,0,1,0,0,0,1.3
2023,11,Garrett Wilson,NYJ,BUF,WR,0,0,0,0,0,0,0,0,8,2,9,0,0.9
2023,11,Israel Abanikanda,NYJ,BUF,RB,0,0,0,0,0,1,11,0,2,1,5,0,2.6
2023,11,Jeremy Ruckert,NYJ,BUF,TE,0,0,0,0,0,0,0,0,4,3,25,0,5.5
2023,11,Tim Boyle,NYJ,BUF,QB,14,7,33,0,1,1,1,0,0,0,0,0,-0.58
2023,11,Tyler Conklin,NYJ,BUF,TE,0,0,0,0,0,0,0,0,3,2,18,0,3.8
2023,11,Xavier Gipson,NYJ,BUF,WR,0,0,0,0,0,0,0,0,2,1,7,0,1.7
2023,11,Zach Wilson,NYJ,BUF,QB,15,7,81,1,1,4,15,0,0,0,0,0,6.74
2023,11,A.J. Brown,PHI,KAN,WR,0,0,0,0,0,0,0,0,4,1,8,0,1.8
2023,11,Boston Scott,PHI,KAN,RB,0,0,0,0,0,2,8,0,0,0,0,0,0.8
2023,11,D'Andre Swift,PHI,KAN,RB,0,0,0,0,0,12,76,1,3,3,31,0,19.7
2023,11,DeVonta Smith,PHI,KAN,WR,0,0,0,0,0,0,0,0,8,6,99,0,15.9
2023,11,Jack Stoll,PHI,KAN,TE,0,0,0,0,0,0,0,0,2,1,3,0,1.3
2023,11,Jalen Hurts,PHI,KAN,QB,22,14,150,0,1,12,29,2,0,0,0,0,18.9
2023,11,Julio Jones,PHI,KAN,WR,0,0,0,0,0,0,0,0,2,2,5,0,2.5
2023,11,Kenny Gainwell,PHI,KAN,RB,0,0,0,0,0,1,1,0,1,1,4,0,1.5
2023,11,Olamide Zaccheaus,PHI,KAN,WR,0,0,0,0,0,0,0,0,1,0,0,0,0.0
2023,11,Allen Robinson,PIT,CLE,WR,0,0,0,0,0,0,0,0,4,3,20,0,5.0
2023,11,Darnell Washington,PIT,CLE,TE,0,0,0,0,0,0,0,0,1,1,8,0,1.8
2023,11,Diontae Johnson,PIT,CLE,WR,0,0,0,0,0,0,0,0,8,2,16,0,3.6
2023,11,George Pickens,PIT,CLE,WR,0,0,0,0,0,1,-1,0,6,4,38,0,7.7
2023,11,Jaylen Warren,PIT,CLE,RB,0,0,0,0,0,9,129,1,3,3,16,0,23.5
2023,11,Kenny Pickett,PIT,CLE,QB,28,15,106,0,0,4,9,0,0,0,0,0,5.14
2023,11,Najee Harris,PIT,CLE,RB,0,0,0,0,0,12,35,0,2,1,1,0,4.6
2023,11,Pat Freiermuth,PIT,CLE,TE,0,0,0,0,0,0,0,0,1,1,7,0,1.7
2023,11,DK Metcalf,SEA,LAR,WR,0,0,0,0,0,0,0,0,9,5,94,1,20.4
2023,11,Dee Eskridge,SEA,LAR,WR,0,0,0,0,0,0,0,0,1,0,0,0,0.0
2023,11,DeeJay Dallas,SEA,LAR,RB,0,0,0,0,0,1,4,0,1,1,10,0,2.4
2023,11,Drew Lock,SEA,LAR,QB,6,2,3,0,1,0,0,0,0,0,0,0,-1.88
2023,11,Geno Smith,SEA,LAR,QB,34,22,233,1,0,1,-1,0,0,0,0,0,13.22
2023,11,Jake Bobo,SEA,LAR,WR,0,0,0,0,0,0,0,0,2,1,8,0,1.8
2023,11,Jaxon Smith-Njigba,SEA,LAR,WR,0,0,0,0,0,0,0,0,6,3,40,0,7.0
2023,11,Kenneth Walker III,SEA,LAR,RB,0,0,0,0,0,4,18,0,1,1,-2,0,2.6
2023,11,Noah Fant,SEA,LAR,TE,0,0,0,0,0,0,0,0,2,1,4,0,1.4
2023,11,Tyler Lockett,SEA,LAR,WR,0,0,0,0,0,0,0,0,7,5,51,0,10.1
2023,11,Will Dissly,SEA,LAR,TE,0,0,0,0,0,0,0,0,3,1,9,0,1.9
2023,11,Zach Charbonnet,SEA,LAR,RB,0,0,0,0,0,15,47,0,6,6,22,0,12.9
2023,11,Brandon Aiyuk,SFO,TAM,WR,0,0,0,0,0,0,0,0,6,5,156,1,26.6
2023,11,Brock Purdy,SFO,TAM,QB,25,21,333,3,0,4,14,0,0,0,0,0,26.72
2023,11,Christian McCaffrey,SFO,TAM,RB,0,0,0,0,0,21,78,0,5,5,25,1,21.3
2023,11,Deebo Samuel Sr.,SFO,TAM,WR,0,0,0,0,0,1,-1,0,4,3,63,0,9.2
2023,11,Elijah Mitchell,SFO,TAM,RB,0,0,0,0,0,4,24,0,0,0,0,0,2.4
2023,11,George Kittle,SFO,TAM,TE,0,0,0,0,0,0,0,0,9,8,89,1,22.9
2023,11,Jauan Jennings,SFO,TAM,WR,0,0,0,0,0,0,0,0,1,0,0,0,0.0
2023,11,Baker Mayfield,TAM,SFO,QB,45,29,246,1,1,3,5,0,0,0,0,0,10.34
2023,11,Cade Otton,TAM,SFO,TE,0,0,0,0,0,0,0,0,5,4,49,0,8.9
2023,11,Chase Edmonds,TAM,SFO,RB,0,0,0,0,0,4,8,0,1,1,11,0,2.9
2023,11,Chris Godwin Jr.,TAM,SFO,WR,0,0,0,0,0,0,0,0,7,6,39,0,9.9
2023,11,Deven Thompkins,TAM,SFO,WR,0,0,0,0,0,1,17,0,1,0,0,0,1.7
2023,11,Mike Evans,TAM,SFO,WR,0,0,0,0,0,0,0,0,12,5,43,1,15.3
2023,11,Payne Durham,TAM,SFO,TE,0,0,0,0,0,0,0,0,2,2,13,0,3.3
2023,11,Rachaad White,TAM,SFO,RB,0,0,0,0,0,9,30,1,7,6,28,0,17.8
2023,11,Rakim Jarrett,TAM,SFO,WR,0,0,0,0,0,0,0,0,2,1,41,0,5.1
2023,11,Trey Palmer,TAM,SFO,WR,0,0,0,0,0,1,6,0,6,4,22,0,6.8
2023,11,Chig Okonkwo,TEN,JAX,TE,0,0,0,0,0,0,0,0,2,1,6,0,1.6
2023,11,Chris Moore,TEN,JAX,WR,0,0,0,0,0,1,38,0,1,1,49,0,9.7
2023,11,DeAndre Hopkins,TEN,JAX,WR,0,0,0,0,0,0,0,0,5,4,59,1,15.9
2023,11,Derrick Henry,TEN,JAX,RB,0,0,0,0,0,10,38,0,2,1,6,0,5.4
2023,11,Josh Whyle,TEN,JAX,TE,0,0,0,0,0,0,0,0,2,1,7,0,1.7
2023,11,Kyle Philips,TEN,JAX,WR,0,0,0,0,0,0,0,0,1,1,10,0,2.0
2023,11,Nick Westbrook-Ikhine,TEN,JAX,WR,0,0,0,0,0,0,0,0,1,1,7,0,1.7
2023,11,Tyjae Spears,TEN,JAX,RB,0,0,0,0,0,4,14,0,2,2,12,0,4.6
2023,11,Will Levis,TEN,JAX,QB,17,13,158,2,0,4,2,0,0,0,0,0,12.52
2023,11,Brian Robinson,WAS,NYG,RB,0,0,0,0,0,17,73,0,9,7,59,0,20.2
2023,11,Byron Pringle,WAS,NYG,WR,0,0,0,0,0,0,0,0,3,3,22,0,5.2
2023,11,Chris Rodriguez Jr.,WAS,NYG,RB,0,0,0,0,0,6,43,0,1,1,5,0,3.8
2023,11,Cole Turner,WAS,NYG,TE,0,0,0,0,0,0,0,0,1,1,7,0,1.7
2023,11,Curtis Samuel,WAS,NYG,WR,0,0,0,0,0,0,0,0,2,1,5,0,1.5
2023,11,Derrick Gore,WAS,NYG,RB,0,0,0,0,0,2,23,0,0,0,0,0,2.3
2023,11,Dyami Brown,WAS,NYG,WR,0,0,0,0,0,0,0,0,3,1,7,0,1.7
2023,11,Jahan Dotson,WAS,NYG,WR,0,0,0,0,0,0,0,0,4,3,23,1,11.3
2023,11,Jamison Crowder,WAS,NYG,WR,0,0,0,0,0,0,0,0,2,2,12,0,3.2
2023,11,John Bates,WAS,NYG,TE,0,0,0,0,0,0,0,0,2,2,15,0,3.5
2023,11,Logan Thomas,WAS,NYG,TE,0,0,0,0,0,0,0,0,8,5,58,0,8.8
2023,11,Sam Howell,WAS,NYG,QB,45,31,256,1,3,3,35,1,0,0,0,0,17.74
2023,11,Terry McLaurin,WAS,NYG,WR,0,0,0,0,0,0,0,0,7,5,43,0,9.3
2023,12,Elijah Higgins,ARI,LAR,TE,0,0,0,0,0,0,0,0,2,1,26,0,3.6
2023,12,Emari Demercado,ARI,LAR,RB,0,0,0,0,0,3,15,0,0,0,0,0,1.5
2023,12,Greg Dortch,ARI,LAR,WR,0,0,0,0,0,0,0,0,9,3,27,1,11.7
2023,12,James Conner,ARI,LAR,RB,0,0,0,0,0,6,27,0,5,4,5,0,7.2
2023,12,Kyler Murray,ARI,LAR,QB,45,27,256,1,0,1,2,1,0,0,0,0,20.44
2023,12,Marquise Brown,ARI,LAR,WR,0,0,0,0,0,0,0,0,12,6,88,0,14.8
2023,12,Michael Carter,ARI,LAR,RB,0,0,0,0,0,4,19,0,4,4,15,0,7.4
2023,12,Rondale Moore,ARI,LAR,WR,0,0,0,0,0,0,0,0,3,2,35,0,5.5
2023,12,Trey McBride,ARI,LAR,TE,0,0,0,0,0,0,0,0,9,7,60,0,13.0
2023,12,Bijan Robinson,ATL,NOR,RB,0,0,0,0,0,16,91,1,6,3,32,1,27.3
2023,12,Cordarrelle Patterson,ATL,NOR,RB,0,0,0,0,0,8,43,0,0,0,0,0,4.3
2023,12,Desmond Ridder,ATL,NOR,QB,21,13,168,1,2,7,30,0,0,0,0,0,9.72
2023,12,Drake London,ATL,NOR,WR,0,0,0,0,0,0,0,0,7,5,91,0,14.1
2023,12,Keith Smith,ATL,NOR,RB,0,0,0,0,0,0,0,0,1,1,6,0,1.6
2023,12,Kyle Pitts,ATL,NOR,TE,0,0,0,0,0,0,0,0,2,2,22,0,4.2
2023,12,Scott Miller,ATL,NOR,WR,0,0,0,0,0,0,0,0,2,1,4,0,1.4
2023,12,Tyler Allgeier,ATL,NOR,RB,0,0,0,0,0,10,64,0,0,0,0,0,6.4
2023,12,Van Jefferson,ATL,NOR,WR,0,0,0,0,0,0,0,0,2,1,13,0,2.3
2023,12,Devin Duvernay,BAL,LAC,WR,0,0,0,0,0,1,0,0,0,0,0,0,0.0
2023,12,Gus Edwards,BAL,LAC,RB,0,0,0,0,0,8,26,0,1,1,11,0,4.7
2023,12,Isaiah Likely,BAL,LAC,TE,0,0,0,0,0,0,0,0,6,4,40,0,8.0
2023,12,Justice Hill,BAL,LAC,RB,0,0,0,0,0,5,31,0,1,0,0,0,3.1
2023,12,Keaton Mitchell,BAL,LAC,RB,0,0,0,0,0,9,64,0,2,2,25,0,10.9
2023,12,Lamar Jackson,BAL,LAC,QB,32,18,177,1,0,11,39,0,0,0,0,0,14.98
2023,12,Nelson Agholor,BAL,LAC,WR,0,0,0,0,0,0,0,0,2,1,21,0,3.1
2023,12,Odell Beckham Jr.,BAL,LAC,WR,0,0,0,0,0,0,0,0,5,3,34,0,6.4
2023,12,Rashod Bateman,BAL,LAC,WR,0,0,0,0,0,0,0,0,5,2,21,0,4.1
2023,12,Zay Flowers,BAL,LAC,WR,0,0,0,0,0,1,37,1,8,5,25,1,23.2
2023,12,Dalton Kincaid,BUF,PHI,TE,0,0,0,0,0,0,0,0,6,5,38,0,8.8
2023,12,Gabe Davis,BUF,PHI,WR,0,0,0,0,0,0,0,0,12,6,105,1,22.5
2023,12,James Cook,BUF,PHI,RB,0,0,0,0,0,16,43,0,7,6,57,0,16.0
2023,12,Josh Allen,BUF,PHI,QB,51,29,339,2,1,9,81,2,0,0,0,0,39.66
2023,12,Khalil Shakir,BUF,PHI,WR,0,0,0,0,0,0,0,0,5,3,47,0,7.7
2023,12,Latavius Murray,BUF,PHI,RB,0,0,0,0,0,9,30,0,5,3,18,0,7.8
2023,12,Stefon Diggs,BUF,PHI,WR,0,0,0,0,0,0,0,0,11,6,74,1,19.4
2023,12,Trent Sherfield,BUF,PHI,WR,0,0,0,0,0,0,0,0,3,0,0,0,0.0
2023,12,Ty Johnson,BUF,PHI,RB,0,0,0,0,0,6,19,0,0,0,0,0,1.9
2023,12,Adam Thielen,CAR,TEN,WR,0,0,0,0,0,0,0,0,3,1,2,0,1.2
2023,12,Bryce Young,CAR,TEN,QB,31,18,194,0,0,3,23,0,0,0,0,0,8.06
2023,12,Chuba Hubbard,CAR,TEN,RB,0,0,0,0,0,14,45,1,5,5,47,0,20.2
2023,12,DJ Chark,CAR,TEN,WR,0,0,0,0,0,0,0,0,4,3,34,0,6.4
2023,12,Ian Thomas,CAR,TEN,TE,0,0,0,0,0,0,0,0,1,1,9,0,1.9
2023,12,Ihmir Smith-Marsette,CAR,TEN,WR,0,0,0,0,0,0,0,0,1,1,14,0,2.4
2023,12,Jonathan Mingo,CAR,TEN,WR,0,0,0,0,0,0,0,0,6,4,60,0,10.0
2023,12,Laviska Shenault Jr.,CAR,TEN,WR,0,0,0,0,0,0,0,0,1,1,8,0,1.8
2023,12,Miles Sanders,CAR,TEN,RB,0,0,0,0,0,15,28,0,1,0,0,0,2.8
2023,12,Stephen Sullivan,CAR,TEN,TE,0,0,0,0,0,0,0,0,1,1,13,0,2.3
2023,12,Tommy Tremble,CAR,TEN,TE,0,0,0,0,0,0,0,0,1,1,7,0,1.7
2023,12,Cole Kmet,CHI,MIN,TE,0,0,0,0,0,0,0,0,7,7,43,0,11.3
2023,12,DJ Moore,CHI,MIN,WR,0,0,0,0,0,0,0,0,13,11,114,0,22.4
2023,12,Darnell Mooney,CHI,MIN,WR,0,0,0,0,0,0,0,0,3,2,6,0,2.6
2023,12,Justin Fields,CHI,MIN,QB,37,27,217,0,0,12,59,0,0,0,0,0,10.58
2023,12,Khalil Herbert,CHI,MIN,RB,0,0,0,0,0,6,24,0,2,2,14,0,5.8
2023,12,Robert Tonyan,CHI,MIN,TE,0,0,0,0,0,0,0,0,1,0,0,0,0.0
2023,12,Roschon Johnson,CHI,MIN,RB,0,0,0,0,0,10,35,0,5,5,40,0,12.5
2023,12,Trent Taylor,CHI,MIN,WR,0,0,0,0,0,0,0,0,1,0,0,0,0.0
2023,12,Andrei Iosivas,CIN,PIT,WR,0,0,0,0,0,0,0,0,2,1,16,0,2.6
2023,12,Drew Sample,CIN,PIT,TE,0,0,0,0,0,0,0,0,1,1,11,1,8.1
2023,12,Irv Smith,CIN,PIT,TE,0,0,0,0,0,0,0,0,2,2,8,0,2.8
2023,12,Ja'Marr Chase,CIN,PIT,WR,0,0,0,0,0,0,0,0,6,4,81,0,12.1
2023,12,Jake Browning,CIN,PIT,QB,26,19,227,1,1,3,9,0,0,0,0,0,11.98
2023,12,Joe Mixon,CIN,PIT,RB,0,0,0,0,0,8,16,0,2,2,44,0,8.0
2023,12,Mitchell Wilcox,CIN,PIT,TE,0,0,0,0,0,0,0,0,1,1,1,0,1.1
2023,12,Tanner Hudson,CIN,PIT,TE,0,0,0,0,0,0,0,0,5,4,18,0,5.8
2023,12,Trenton Irwin,CIN,PIT,WR,0,0,0,0,0,0,0,0,1,1,25,0,3.5
2023,12,Tyler Boyd,CIN,PIT,WR,0,0,0,0,0,0,0,0,5,3,23,0,5.3
2023,12,Amari Cooper,CLE,DEN,WR,0,0,0,0,0,0,0,0,6,2,16,0,3.6
2023,12,Cedric Tillman,CLE,DEN,WR,0,0,0,0,0,0,0,0,5,4,55,0,9.5
2023,12,David Bell,CLE,DEN,WR,0,0,0,0,0,0,0,0,2,0,0,0,0.0
2023,12,David Njoku,CLE,DEN,TE,0,0,0,0,0,0,0,0,9,6,59,0,11.9
2023,12,Dorian Thompson-Robinson,CLE,DEN,QB,29,14,134,1,0,5,21,0,0,0,0,0,11.46
2023,12,Elijah Moore,CLE,DEN,WR,0,0,0,0,0,1,0,0,9,3,44,0,5.4
2023,12,Harrison Bryant,CLE,DEN,TE,0,0,0,0,0,1,0,0,1,1,2,1,5.2
2023,12,Jerome Ford,CLE,DEN,RB,0,0,0,0,0,9,65,0,7,4,14,0,11.9
2023,12,Kareem Hunt,CLE,DEN,RB,0,0,0,0,0,7,22,0,0,0,0,0,2.2
2023,12,PJ Walker,CLE,DEN,QB,13,6,56,0,0,1,-1,0,0,0,0,0,0.14
2023,12,Brandin Cooks,DAL,WAS,WR,0,0,0,0,0,0,0,0,5,4,72,1,17.2
2023,12,CeeDee Lamb,DAL,WAS,WR,0,0,0,0,0,1,0,0,9,4,53,1,17.3
2023,12,Dak Prescott,DAL,WAS,QB,32,22,331,4,0,1,10,0,0,0,0,0,32.24
2023,12,Jake Ferguson,DAL,WAS,TE,0,0,0,0,0,0,0,0,3,1,35,0,4.5
2023,12,Jalen Brooks,DAL,WAS,WR,0,0,0,0,0,0,0,0,1,1,24,0,3.4
2023,12,Jalen Tolbert,DAL,WAS,WR,0,0,0,0,0,0,0,0,3,2,49,0,6.9
2023,12,KaVontae Turpin,DAL,WAS,WR,0,0,0,0,0,0,0,0,1,1,34,1,10.4
2023,12,Luke Schoonmaker,DAL,WAS,TE,0,0,0,0,0,0,0,0,2,1,12,0,2.2
2023,12,Michael Gallup,DAL,WAS,WR,0,0,0,0,0,0,0,0,1,1,13,0,2.3
2023,12,Rico Dowdle,DAL,WAS,RB,0,0,0,0,0,3,11,0,1,1,15,1,9.6
2023,12,Tony Pollard,DAL,WAS,RB,0,0,0,0,0,13,79,1,6,6,24,0,22.3
2023,12,Adam Trautman,DEN,CLE,TE,0,0,0,0,0,0,0,0,1,1,8,1,7.8
2023,12,Courtland Sutton,DEN,CLE,WR,0,0,0,0,0,0,0,0,6,3,61,0,9.1
2023,12,Jaleel McLaughlin,DEN,CLE,RB,0,0,0,0,0,2,4,0,0,0,0,0,0.4
2023,12,Javonte Williams,DEN,CLE,RB,0,0,0,0,0,18,65,0,6,3,6,0,10.1
2023,12,Jerry Jeudy,DEN,CLE,WR,0,0,0,0,0,0,0,0,3,2,11,0,3.1
2023,12,Lil'Jordan Humphrey,DEN,CLE,WR,0,0,0,0,0,0,0,0,1,1,13,0,2.3
2023,12,Marvin Mims Jr.,DEN,CLE,WR,0,0,0,0,0,1,11,0,3,2,24,0,5.5
2023,12,Russell Wilson,DEN,CLE,QB,22,13,134,1,0,11,34,1,0,0,0,0,16.76
2023,12,Samaje Perine,DEN,CLE,RB,0,0,0,0,0,7,55,1,1,1,11,0,13.6
2023,12,Amon-Ra St. Brown,DET,GNB,WR,0,0,0,0,0,0,0,0,11,9,95,0,18.5
2023,12,Brock Wright,DET,GNB,TE,0,0,0,0,0,0,0,0,1,1,9,0,1.9
2023,12,David Montgomery,DET,GNB,RB,0,0,0,0,0,15,71,1,1,0,0,0,15.1
2023,12,Jahmyr Gibbs,DET,GNB,RB,0,0,0,0,0,11,54,0,8,4,19,0,11.3
2023,12,Jameson Williams,DET,GNB,WR,0,0,0,0,0,0,0,0,3,2,51,0,7.1
2023,12,Jared Goff,DET,GNB,QB,44,29,332,2,0,3,9,0,0,0,0,0,18.18
2023,12,Josh Reynolds,DET,GNB,WR,0,0,0,0,0,0,0,0,4,2,15,1,9.5
2023,12,Kalif Raymond,DET,GNB,WR,0,0,0,0,0,1,6,0,5,5,90,0,14.6
2023,12,Sam LaPorta,DET,GNB,TE,0,0,0,0,0,0,0,0,8,5,47,1,17.7
2023,12,AJ Dillon,GNB,DET,RB,0,0,0,0,0,14,43,0,3,3,38,0,11.1
2023,12,Ben Sims,GNB,DET,TE,0,0,0,0,0,0,0,0,1,0,0,0,0.0
2023,12,Christian Watson,GNB,DET,WR,0,0,0,0,0,0,0,0,7,5,94,1,20.4
2023,12,Jayden Reed,GNB,DET,WR,0,0,0,0,0,2,16,0,8,4,34,1,15.0
2023,12,Jordan Love,GNB,DET,QB,32,22,268,3,0,3,39,0,0,0,0,0,26.62
2023,12,Malik Heath,GNB,DET,WR,0,0,0,0,0,0,0,0,4,4,46,0,8.6
2023,12,Patrick Taylor,GNB,DET,RB,0,0,0,0,0,3,11,0,1,1,4,0,2.5
2023,12,Romeo Doubs,GNB,DET,WR,0,0,0,0,0,0,0,0,4,3,37,0,6.7
2023,12,Tucker Kraft,GNB,DET,TE,0,0,0,0,0,0,0,0,2,2,15,1,9.5
2023,12,Andrew Beck,HOU,JAX,RB,0,0,0,0,0,0,0,0,1,1,1,0,1.1
2023,12,Brevin Jordan,HOU,JAX,TE,0,0,0,0,0,0,0,0,2,1,9,0,1.9
2023,12,C.J. Stroud,HOU,JAX,QB,36,26,304,2,0,6,47,1,0,0,0,0,30.86
2023,12,Dalton Schultz,HOU,JAX,TE,0,0,0,0,0,0,0,0,2,1,2,0,1.2
2023,12,Dameon Pierce,HOU,JAX,RB,0,0,0,0,0,5,14,0,1,1,4,0,2.8
2023,12,Devin Singletary,HOU,JAX,RB,0,0,0,0,0,6,18,0,7,6,54,0,13.2
2023,12,John Metchie III,HOU,JAX,WR,0,0,0,0,0,0,0,0,2,1,6,0,1.6
2023,12,Nico Collins,HOU,JAX,WR,0,0,0,0,0,0,0,0,9,7,104,1,23.4
2023,12,Robert Woods,HOU,JAX,WR,0,0,0,0,0,0,0,0,3,2,40,0,6.0
2023,12,Tank Dell,HOU,JAX,WR,0,0,0,0,0,1,12,0,8,5,50,1,17.2
2023,12,Xavier Hutchinson,HOU,JAX,WR,0,0,0,0,0,0,0,0,1,1,34,0,4.4
2023,12,Alec Pierce,IND,TAM,WR,0,0,0,0,0,0,0,0,6,4,27,0,6.7
2023,12,Gardner Minshew,IND,TAM,QB,41,24,251,0,1,3,6,1,0,0,0,0,14.64
2023,12,Isaiah McKenzie,IND,TAM,WR,0,0,0,0,0,1,3,0,0,0,0,0,0.3
2023,12,Jonathan Taylor,IND,TAM,RB,0,0,0,0,0,15,91,2,0,0,0,0,21.1
2023,12,Josh Downs,IND,TAM,WR,0,0,0,0,0,0,0,0,13,5,43,0,9.3
2023,12,Kylen Granson,IND,TAM,TE,0,0,0,0,0,0,0,0,1,0,0,0,0.0
2023,12,Michael Pittman,IND,TAM,WR,0,0,0,0,0,0,0,0,13,10,107,0,20.7
2023,12,Mo Alie-Cox,IND,TAM,TE,0,0,0,0,0,0,0,0,1,1,30,0,4.0
2023,12,Will Mallory,IND,TAM,TE,0,0,0,0,0,0,0,0,3,2,29,0,4.9
2023,12,Zack Moss,IND,TAM,RB,0,0,0,0,0,8,55,0,3,2,15,0,9.0
2023,12,Calvin Ridley,JAX,HOU,WR,0,0,0,0,0,0,0,0,6,5,89,1,21.9
2023,12,Christian Kirk,JAX,HOU,WR,0,0,0,0,0,0,0,0,7,4,89,0,12.9
2023,12,D'Ernest Johnson,JAX,HOU,RB,0,0,0,0,0,7,19,0,2,1,42,0,7.1
2023,12,Evan Engram,JAX,HOU,TE,0,0,0,0,0,0,0,0,8,5,49,0,9.9
2023,12,Luke Farrell,JAX,HOU,TE,0,0,0,0,0,0,0,0,5,3,55,0,8.5
2023,12,Tank Bigsby,JAX,HOU,RB,0,0,0,0,0,1,6,0,0,0,0,0,0.6
2023,12,Travis Etienne,JAX,HOU,RB,0,0,0,0,0,20,56,0,6,4,30,0,12.6
2023,12,Trevor Lawrence,JAX,HOU,QB,38,23,364,1,1,2,0,1,0,0,0,0,24.56
2023,12,Zay Jones,JAX,HOU,WR,0,0,0,0,0,0,0,0,3,1,10,0,2.0
2023,12,Clyde Edwards-Helaire,KAN,LVR,RB,0,0,0,0,0,3,5,0,0,0,0,0,0.5
2023,12,Isiah Pacheco,KAN,LVR,RB,0,0,0,0,0,15,55,2,5,5,34,0,25.9
2023,12,Justin Watson,KAN,LVR,WR,0,0,0,0,0,0,0,0,3,1,3,1,7.3
2023,12,Marquez Valdes-Scantling,KAN,LVR,WR,0,0,0,0,0,0,0,0,1,1,-1,0,0.9
2023,12,Noah Gray,KAN,LVR,TE,0,0,0,0,0,0,0,0,3,3,30,0,6.0
2023,12,Patrick Mahomes,KAN,LVR,QB,34,27,298,2,0,5,9,0,0,0,0,0,20.82
2023,12,Rashee Rice,KAN,LVR,WR,0,0,0,0,0,0,0,0,10,8,107,1,24.7
2023,12,Skyy Moore,KAN,LVR,WR,0,0,0,0,0,0,0,0,3,3,34,0,6.4
2023,12,Travis Kelce,KAN,LVR,TE,0,0,0,0,0,0,0,0,7,6,91,0,15.1
2023,12,Alex Erickson,LAC,BAL,WR,0,0,0,0,0,0,0,0,3,1,17,0,2.7
2023,12,Austin Ekeler,LAC,BAL,RB,0,0,0,0,0,10,32,0,6,5,32,0,9.4
2023,12,Derius Davis,LAC,BAL,WR,0,0,0,0,0,2,-1,0,1,1,2,0,1.1
2023,12,Gerald Everett,LAC,BAL,TE,0,0,0,0,0,0,0,0,4,4,43,1,14.3
2023,12,Jalen Guyton,LAC,BAL,WR,0,0,0,0,0,0,0,0,5,1,4,0,1.4
2023,12,Joshua Kelley,LAC,BAL,RB,0,0,0,0,0,3,8,0,2,2,6,0,3.4
2023,12,Justin Herbert,LAC,BAL,QB,44,29,217,1,1,4,47,0,0,0,0,0,13.38
2023,12,Keenan Allen,LAC,BAL,WR,0,0,0,0,0,0,0,0,16,14,106,0,22.6
2023,12,Quentin Johnston,LAC,BAL,WR,0,0,0,0,0,0,0,0,3,1,7,0,1.7
2023,12,Stone Smartt,LAC,BAL,TE,0,0,0,0,0,0,0,0,1,0,0,0,0.0
2023,12,Ben Skowronek,LAR,ARI,WR,0,0,0,0,0,0,0,0,1,1,-1,0,0.9
2023,12,Cooper Kupp,LAR,ARI,WR,0,0,0,0,0,0,0,0,5,3,18,0,4.8
2023,12,Davis Allen,LAR,ARI,TE,0,0,0,0,0,0,0,0,1,1,6,0,1.6
2023,12,Demarcus Robinson,LAR,ARI,WR,0,0,0,0,0,0,0,0,2,2,13,0,3.3
2023,12,Kyren Williams,LAR,ARI,RB,0,0,0,0,0,16,143,0,6,6,61,2,38.4
2023,12,Matthew Stafford,LAR,ARI,QB,33,25,229,4,1,1,2,0,0,0,0,0,23.36
2023,12,Puka Nacua,LAR,ARI,WR,0,0,0,0,0,0,0,0,8,4,27,0,6.7
2023,12,Royce Freeman,LAR,ARI,RB,0,0,0,0,0,13,77,1,0,0,0,0,13.7
2023,12,Tutu Atwell,LAR,ARI,WR,0,0,0,0,0,0,0,0,3,3,76,0,10.6
2023,12,Tyler Higbee,LAR,ARI,TE,0,0,0,0,0,0,0,0,5,5,29,2,19.9
2023,12,Zach Evans,LAR,ARI,RB,0,0,0,0,0,3,6,0,0,0,0,0,0.6
2023,12,Aidan O'Connell,LVR,KAN,QB,33,23,248,1,0,0,0,0,0,0,0,0,13.92
2023,12,Ameer Abdullah,LVR,KAN,RB,0,0,0,0,0,1,11,0,1,1,2,0,2.3
2023,12,Austin Hooper,LVR,KAN,TE,0,0,0,0,0,0,0,0,2,1,14,0,2.4
2023,12,Davante Adams,LVR,KAN,WR,0,0,0,0,0,0,0,0,7,5,73,0,12.3
2023,12,Hunter Renfrow,LVR,KAN,WR,0,0,0,0,0,0,0,0,4,4,38,0,7.8
2023,12,Jakobi Meyers,LVR,KAN,WR,1,0,0,0,0,1,2,0,7,6,79,1,20.1
2023,12,Josh Jacobs,LVR,KAN,RB,0,0,0,0,0,20,110,1,6,4,15,0,22.5
2023,12,Michael Mayer,LVR,KAN,TE,0,0,0,0,0,0,0,0,4,2,27,0,4.7
2023,12,Tre Tucker,LVR,KAN,WR,0,0,0,0,0,0,0,0,1,0,0,0,0.0
2023,12,Zamir White,LVR,KAN,RB,0,0,0,0,0,1,0,0,0,0,0,0,0.0
2023,12,Braxton Berrios,MIA,NYJ,WR,0,0,0,0,0,0,0,0,1,0,0,0,0.0
2023,12,Darrynton Evans,MIA,NYJ,RB,0,0,0,0,0,2,16,0,0,0,0,0,1.6
2023,12,Durham Smythe,MIA,NYJ,TE,0,0,0,0,0,0,0,0,3,1,10,0,2.0
2023,12,Jaylen Waddle,MIA,NYJ,WR,0,0,0,0,0,0,0,0,8,8,114,0,19.4
2023,12,Jeff Wilson,MIA,NYJ,RB,0,0,0,0,0,11,56,0,3,3,17,0,10.3
2023,12,Mike White,MIA,NYJ,QB,0,0,0,0,0,1,-2,0,0,0,0,0,-0.2
2023,12,Raheem Mostert,MIA,NYJ,RB,0,0,0,0,0,20,94,2,1,0,0,0,21.4
2023,12,Tua Tagovailoa,MIA,NYJ,QB,30,21,243,1,2,2,1,0,0,0,0,0,7.82
2023,12,Tyreek Hill,MIA,NYJ,WR,0,0,0,0,0,1,2,0,12,9,102,1,25.4
2023,12,Alexander Mattison,MIN,CHI,RB,0,0,0,0,0,10,52,0,2,2,11,0,8.3
2023,12,Brandon Powell,MIN,CHI,WR,0,0,0,0,0,1,2,0,3,3,45,0,7.7
2023,12,C.J. Ham,MIN,CHI,RB,0,0,0,0,0,0,0,0,3,2,3,0,2.3
2023,12,Jordan Addison,MIN,CHI,WR,0,0,0,0,0,0,0,0,10,6,39,0,9.9
2023,12,Joshua Dobbs,MIN,CHI,QB,32,22,185,1,4,2,11,0,0,0,0,0,4.5
2023,12,K.J. Osborn,MIN,CHI,WR,0,0,0,0,0,0,0,0,4,3,34,0,6.4
2023,12,T.J. Hockenson,MIN,CHI,TE,0,0,0,0,0,0,0,0,6,5,50,1,16.0
2023,12,Ty Chandler,MIN,CHI,RB,0,0,0,0,0,4,8,0,2,1,3,0,2.1
2023,12,A.T. Perry,NOR,ATL,WR,0,0,0,0,0,0,0,0,2,1,7,0,1.7
2023,12,Alvin Kamara,NOR,ATL,RB,0,0,0,0,0,15,69,0,5,4,50,0,15.9
2023,12,Chris Olave,NOR,ATL,WR,0,0,0,0,0,0,0,0,9,7,114,0,18.4
2023,12,Derek Carr,NOR,ATL,QB,38,24,304,0,1,2,7,0,0,0,0,0,10.86
2023,12,Jamaal Williams,NOR,ATL,RB,0,0,0,0,0,2,6,0,2,2,4,0,3.0
2023,12,Juwan Johnson,NOR,ATL,TE,0,0,0,0,0,0,0,0,7,4,45,0,8.5
2023,12,Keith Kirkwood,NOR,ATL,WR,0,0,0,0,0,0,0,0,3,2,20,0,4.0
2023,12,Lynn Bowden,NOR,ATL,WR,0,0,0,0,0,2,40,0,2,0,0,0,4.0
2023,12,Rashid Shaheed,NOR,ATL,WR,0,0,0,0,0,0,0,0,5,2,9,0,2.9
2023,12,Taysom Hill,NOR,ATL,TE,0,0,0,0,0,7,26,0,2,2,55,0,8.1
2023,12,Bailey Zappe,NWE,NYG,QB,14,9,54,0,1,0,0,0,0,0,0,0,0.16
2023,12,DeMario Douglas,NWE,NYG,WR,0,0,0,0,0,0,0,0,9,6,49,0,10.9
2023,12,DeVante Parker,NWE,NYG,WR,0,0,0,0,0,0,0,0,5,3,42,0,7.2
2023,12,Ezekiel Elliott,NWE,NYG,RB,0,0,0,0,0,9,46,0,2,2,6,0,7.2
2023,12,JuJu Smith-Schuster,NWE,NYG,WR,0,0,0,0,0,0,0,0,4,2,10,0,3.0
2023,12,Kayshon Boutte,NWE,NYG,WR,0,0,0,0,0,0,0,0,2,1,8,0,1.8
2023,12,Mac Jones,NWE,NYG,QB,21,12,89,0,2,0,0,0,0,0,0,0,-0.44
2023,12,Mike Gesicki,NWE,NYG,TE,0,0,0,0,0,0,0,0,2,0,0,0,0.0
2023,12,Rhamondre Stevenson,NWE,NYG,RB,0,0,0,0,0,21,98,1,5,5,9,0,21.7
2023,12,Ty Montgomery,NWE,NYG,WR,0,0,0,0,0,0,0,0,1,0,0,0,0.0
2023,12,Tyquan Thornton,NWE,NYG,WR,0,0,0,0,0,1,3,0,5,2,19,0,4.2
2023,12,Daniel Bellinger,NYG,NWE,TE,0,0,0,0,0,0,0,0,1,1,8,0,1.8
2023,12,Darius Slayton,NYG,NWE,WR,0,0,0,0,0,0,0,0,3,2,16,0,3.6
2023,12,Isaiah Hodgins,NYG,NWE,WR,0,0,0,0,0,0,0,0,1,1,12,1,8.2
2023,12,Jalin Hyatt,NYG,NWE,WR,0,0,0,0,0,0,0,0,6,5,109,0,15.9
2023,12,Matt Breida,NYG,NWE,RB,0,0,0,0,0,2,6,0,1,1,10,0,2.6
2023,12,Parris Campbell,NYG,NWE,WR,0,0,0,0,0,0,0,0,1,1,-2,0,0.8
2023,12,Saquon Barkley,NYG,NWE,RB,0,0,0,0,0,12,46,0,3,1,6,0,6.2
2023,12,Sterling Shepard,NYG,NWE,WR,0,0,0,0,0,0,0,0,3,1,6,0,1.6
2023,12,Tommy DeVito,NYG,NWE,QB,25,17,191,1,0,5,6,0,0,0,0,0,10.24
2023,12,Wan'Dale Robinson,NYG,NWE,WR,0,0,0,0,0,0,0,0,5,4,26,0,6.6
2023,12,Breece Hall,NYJ,MIA,RB,0,0,0,0,0,7,25,0,9,7,24,0,11.9
2023,12,Dalvin Cook,NYJ,MIA,RB,0,0,0,0,0,1,2,0,3,2,19,0,4.1
2023,12,Garrett Wilson,NYJ,MIA,WR,0,0,0,0,0,0,0,0,10,7,44,1,17.4
2023,12,Jason Brownlee,NYJ,MIA,WR,0,0,0,0,0,0,0,0,2,2,20,0,4.0
2023,12,Jeremy Ruckert,NYJ,MIA,TE,0,0,0,0,0,0,0,0,4,2,18,0,3.8
2023,12,Nick Bawden,NYJ,MIA,RB,0,0,0,0,0,0,0,0,1,1,6,0,1.6
2023,12,Tim Boyle,NYJ,MIA,QB,38,27,179,1,2,2,2,0,0,0,0,0,7.36
2023,12,Tyler Conklin,NYJ,MIA,TE,0,0,0,0,0,0,0,0,5,4,33,0,7.3
2023,12,Xavier Gipson,NYJ,MIA,WR,0,0,0,0,0,0,0,0,2,2,15,0,3.5
2023,12,A.J. Brown,PHI,BUF,WR,0,0,0,0,0,0,0,0,9,5,37,1,14.7
2023,12,Boston Scott,PHI,BUF,RB,0,0,0,0,0,2,14,0,1,0,0,0,1.4
2023,12,D'Andre Swift,PHI,BUF,RB,0,0,0,0,0,14,80,0,1,1,4,0,9.4
2023,12,DeVonta Smith,PHI,BUF,WR,0,0,0,0,0,0,0,0,8,7,106,1,23.6
2023,12,Jack Stoll,PHI,BUF,TE,0,0,0,0,0,0,0,0,2,1,14,0,2.4
2023,12,Jalen Hurts,PHI,BUF,QB,31,18,200,3,1,14,65,2,0,0,0,0,34.5
2023,12,Julio Jones,PHI,BUF,WR,0,0,0,0,0,0,0,0,3,1,0,0,1.0
2023,12,Kenny Gainwell,PHI,BUF,RB,0,0,0,0,0,2,26,0,3,2,10,0,5.6
2023,12,Olamide Zaccheaus,PHI,BUF,WR,0,0,0,0,0,0,0,0,1,1,29,1,9.9
2023,12,Allen Robinson,PIT,CIN,WR,0,0,0,0,0,0,0,0,1,1,11,0,2.1
2023,12,Calvin Austin III,PIT,CIN,WR,0,0,0,0,0,0,0,0,1,1,5,0,1.5
2023,12,Connor Heyward,PIT,CIN,RB,0,0,0,0,0,0,0,0,2,2,11,0,3.1
2023,12,Darnell Washington,PIT,CIN,TE,0,0,0,0,0,0,0,0,1,1,10,0,2.0
2023,12,Diontae Johnson,PIT,CIN,WR,0,0,0,0,0,0,0,0,8,4,50,0,9.0
2023,12,George Pickens,PIT,CIN,WR,0,0,0,0,0,0,0,0,5,3,58,0,8.8
2023,12,Jaylen Warren,PIT,CIN,RB,0,0,0,0,0,13,49,0,3,3,13,0,7.2
2023,12,Kenny Pickett,PIT,CIN,QB,33,24,278,0,0,5,5,0,0,0,0,0,11.62
2023,12,Najee Harris,PIT,CIN,RB,0,0,0,0,0,15,99,1,0,0,0,0,15.9
2023,12,Pat Freiermuth,PIT,CIN,TE,0,0,0,0,0,0,0,0,11,9,120,0,21.0
2023,12,Colby Parkinson,SEA,SFO,TE,0,0,0,0,0,0,0,0,1,1,9,0,1.9
2023,12,DK Metcalf,SEA,SFO,WR,0,0,0,0,0,0,0,0,9,3,32,0,6.2
2023,12,Dee Eskridge,SEA,SFO,WR,0,0,0,0,0,1,10,0,0,0,0,0,1.0
2023,12,DeeJay Dallas,SEA,SFO,RB,0,0,0,0,0,2,10,0,1,1,5,0,2.5
2023,12,Geno Smith,SEA,SFO,QB,27,18,180,0,1,4,21,0,0,0,0,0,7.3
2023,12,Jake Bobo,SEA,SFO,WR,0,0,0,0,0,0,0,0,1,1,6,0,1.6
2023,12,Jaxon Smith-Njigba,SEA,SFO,WR,0,0,0,0,0,0,0,0,3,2,41,0,6.1
2023,12,Noah Fant,SEA,SFO,TE,0,0,0,0,0,0,0,0,2,2,25,0,4.5
2023,12,Tyler Lockett,SEA,SFO,WR,0,0,0,0,0,0,0,0,5,3,30,0,6.0
2023,12,Will Dissly,SEA,SFO,TE,0,0,0,0,0,0,0,0,1,1,21,0,3.1
2023,12,Zach Charbonnet,SEA,SFO,RB,0,0,0,0,0,14,47,0,4,4,11,0,9.8
2023,12,Brandon Aiyuk,SFO,SEA,WR,0,0,0,0,0,0,0,0,4,2,50,1,13.0
2023,12,Brock Purdy,SFO,SEA,QB,30,21,209,1,1,3,1,0,0,0,0,0,10.46
2023,12,Charlie Woerner,SFO,SEA,TE,0,0,0,0,0,0,0,0,1,1,9,0,1.9
2023,12,Christian McCaffrey,SFO,SEA,RB,0,0,0,0,0,19,114,2,6,5,25,0,30.9
2023,12,Deebo Samuel Sr.,SFO,SEA,WR,1,0,0,0,0,4,15,1,9,7,79,0,22.4
2023,12,Elijah Mitchell,SFO,SEA,RB,0,0,0,0,0,7,39,0,1,1,-3,0,4.6
2023,12,George Kittle,SFO,SEA,TE,0,0,0,0,0,0,0,0,5,3,19,0,4.9
2023,12,Jauan Jennings,SFO,SEA,WR,0,0,0,0,0,0,0,0,2,1,7,0,1.7
2023,12,Kyle Juszczyk,SFO,SEA,RB,0,0,0,0,0,0,0,0,1,0,0,0,0.0
2023,12,Ray-Ray McCloud,SFO,SEA,WR,0,0,0,0,0,0,0,0,1,1,23,0,3.3
2023,12,Baker Mayfield,TAM,IND,QB,30,20,199,2,1,3,14,0,0,0,0,0,13.36
2023,12,Cade Otton,TAM,IND,TE,0,0,0,0,0,0,0,0,4,4,45,0,8.5
2023,12,Chase Edmonds,TAM,IND,RB,0,0,0,0,0,1,11,0,1,0,0,0,1.1
2023,12,Chris Godwin Jr.,TAM,IND,WR,0,0,0,0,0,0,0,0,7,3,45,0,7.5
2023,12,David Moore,TAM,IND,WR,0,0,0,0,0,0,0,0,1,0,0,0,0.0
2023,12,Mike Evans,TAM,IND,WR,0,0,0,0,0,0,0,0,9,6,70,2,25.0
2023,12,Payne Durham,TAM,IND,TE,0,0,0,0,0,0,0,0,1,1,12,0,2.2
2023,12,Rachaad White,TAM,IND,RB,0,0,0,0,0,15,100,0,2,2,10,0,13.0
2023,12,Trey Palmer,TAM,IND,WR,0,0,0,0,0,0,0,0,5,4,17,0,5.7
2023,12,Chig Okonkwo,TEN,CAR,TE,0,0,0,0,0,0,0,0,5,4,45,0,8.5
2023,12,Chris Moore,TEN,CAR,WR,0,0,0,0,0,1,1,0,4,3,41,0,7.2
2023,12,DeAndre Hopkins,TEN,CAR,WR,0,0,0,0,0,0,0,0,5,3,49,0,7.9
2023,12,Derrick Henry,TEN,CAR,RB,0,0,0,0,0,18,76,2,2,1,0,0,20.6
2023,12,Josh Whyle,TEN,CAR,TE,0,0,0,0,0,0,0,0,1,1,11,0,2.1
2023,12,Kyle Philips,TEN,CAR,WR,0,0,0,0,0,0,0,0,2,1,-3,0,0.7
2023,12,Nick Westbrook-Ikhine,TEN,CAR,WR,0,0,0,0,0,0,0,0,5,4,41,0,8.1
2023,12,Tyjae Spears,TEN,CAR,RB,0,0,0,0,0,2,6,0,3,1,1,0,1.7
2023,12,Will Levis,TEN,CAR,QB,28,18,185,0,0,3,-3,0,0,0,0,0,7.1
2023,12,Antonio Gibson,WAS,DAL,RB,0,0,0,0,0,6,21,0,4,3,16,0,6.7
2023,12,Brian Robinson,WAS,DAL,RB,0,0,0,0,0,15,53,0,3,2,11,0,8.4
2023,12,Byron Pringle,WAS,DAL,WR,0,0,0,0,0,0,0,0,2,2,27,0,4.7
2023,12,Chris Rodriguez Jr.,WAS,DAL,RB,0,0,0,0,0,4,21,0,0,0,0,0,2.1
2023,12,Cole Turner,WAS,DAL,TE,0,0,0,0,0,0,0,0,1,1,29,0,3.9
2023,12,Curtis Samuel,WAS,DAL,WR,0,0,0,0,0,0,0,0,12,9,100,0,19.0
2023,12,Dyami Brown,WAS,DAL,WR,0,0,0,0,0,0,0,0,1,0,0,0,0.0
2023,12,Jahan Dotson,WAS,DAL,WR,0,0,0,0,0,0,0,0,6,5,52,0,10.2
2023,12,Logan Thomas,WAS,DAL,TE,0,0,0,0,0,0,0,0,4,2,15,0,3.5
2023,12,Sam Howell,WAS,DAL,QB,44,28,300,0,1,2,13,1,0,0,0,0,17.3
2023,12,Terry McLaurin,WAS,DAL,WR,0,0,0,0,0,0,0,0,11,4,50,0,9.0
2023,13,Elijah Higgins,ARI,PIT,TE,0,0,0,0,0,0,0,0,2,1,21,0,3.1
2023,13,Geoff Swaim,ARI,PIT,TE,0,0,0,0,0,0,0,0,2,2,10,0,3.0
2023,13,Greg Dortch,ARI,PIT,WR,0,0,0,0,0,0,0,0,3,1,19,0,2.9
2023,13,James Conner,ARI,PIT,RB,0,0,0,0,0,25,105,2,2,0,0,0,22.5
2023,13,Kyler Murray,ARI,PIT,QB,23,13,145,1,0,9,20,0,0,0,0,0,11.8
2023,13,Marquise Brown,ARI,PIT,WR,0,0,0,0,0,0,0,0,3,0,0,0,0.0
2023,13,Michael Carter,ARI,PIT,RB,0,0,0,0,0,4,25,0,0,0,0,0,2.5
2023,13,Rondale Moore,ARI,PIT,WR,0,0,0,0,0,0,0,0,2,1,6,0,1.6
2023,13,Trey McBride,ARI,PIT,TE,0,0,0,0,0,0,0,0,9,8,89,1,22.9
2023,13,Bijan Robinson,ATL,NYJ,RB,0,0,0,0,0,18,53,0,5,3,26,0,10.9
2023,13,Cordarrelle Patterson,ATL,NYJ,RB,0,0,0,0,0,5,11,0,2,1,6,0,2.7
2023,13,Desmond Ridder,ATL,NYJ,QB,27,12,121,1,0,3,0,0,0,0,0,0,8.84
2023,13,Drake London,ATL,NYJ,WR,0,0,0,0,0,0,0,0,5,1,8,0,1.8
2023,13,Jonnu Smith,ATL,NYJ,TE,0,0,0,0,0,0,0,0,3,2,10,0,3.0
2023,13,KhaDarel Hodge,ATL,NYJ,WR,0,0,0,0,0,0,0,0,1,0,0,0,0.0
2023,13,Kyle Pitts,ATL,NYJ,TE,0,0,0,0,0,0,0,0,8,4,51,0,9.1
2023,13,MyCole Pruitt,ATL,NYJ,TE,0,0,0,0,0,0,0,0,1,1,20,1,9.0
2023,13,Tyler Allgeier,ATL,NYJ,RB,0,0,0,0,0,8,26,0,0,0,0,0,2.6
2023,13,Adam Thielen,CAR,TAM,WR,0,0,0,0,0,0,0,0,6,3,25,0,5.5
2023,13,Bryce Young,CAR,TAM,QB,31,15,178,0,1,0,0,0,0,0,0,0,7.12
2023,13,Chuba Hubbard,CAR,TAM,RB,0,0,0,0,0,25,104,2,0,0,0,0,22.4
2023,13,DJ Chark,CAR,TAM,WR,0,0,0,0,0,0,0,0,4,3,56,0,8.6
2023,13,Ian Thomas,CAR,TAM,TE,0,0,0,0,0,0,0,0,1,1,6,0,1.6
2023,13,Jonathan Mingo,CAR,TAM,WR,0,0,0,0,0,0,0,0,10,6,69,0,12.9
2023,13,Mike Strachan,CAR,TAM,WR,0,0,0,0,0,0,0,0,1,0,0,0,0.0
2023,13,Miles Sanders,CAR,TAM,RB,0,0,0,0,0,8,23,0,2,1,6,0,3.9
2023,13,Raheem Blackshear,CAR,TAM,RB,0,0,0,0,0,1,6,0,0,0,0,0,0.6
2023,13,Stephen Sullivan,CAR,TAM,TE,0,0,0,0,0,0,0,0,2,1,16,0,2.6
2023,13,Chase Brown,CIN,JAX,RB,0,0,0,0,0,9,61,0,0,0,0,0,6.1
2023,13,Drew Sample,CIN,JAX,TE,0,0,0,0,0,0,0,0,1,1,11,0,2.1
2023,13,Ja'Marr Chase,CIN,JAX,WR,1,1,-7,0,0,0,0,0,12,11,149,1,31.62
2023,13,Jake Browning,CIN,JAX,QB,37,32,354,1,0,2,22,1,1,1,-7,0,26.66
2023,13,Joe Mixon,CIN,JAX,RB,0,0,0,0,0,19,68,2,7,6,49,0,29.7
2023,13,Mitchell Wilcox,CIN,JAX,TE,0,0,0,0,0,0,0,0,1,1,12,0,2.2
2023,13,Tanner Hudson,CIN,JAX,TE,0,0,0,0,0,0,0,0,4,4,35,0,7.5
2023,13,Tee Higgins,CIN,JAX,WR,0,0,0,0,0,0,0,0,3,3,36,0,6.6
2023,13,Trenton Irwin,CIN,JAX,WR,0,0,0,0,0,0,0,0,1,1,25,0,3.5
2023,13,Tyler Boyd,CIN,JAX,WR,1,0,0,0,1,1,5,0,7,5,37,0,7.2
2023,13,Amari Cooper,CLE,LAR,WR,0,0,0,0,0,0,0,0,5,3,34,0,6.4
2023,13,Cedric Tillman,CLE,LAR,WR,0,0,0,0,0,0,0,0,6,2,20,0,4.0
2023,13,David Bell,CLE,LAR,WR,0,0,0,0,0,0,0,0,2,2,12,0,3.2
2023,13,David Njoku,CLE,LAR,TE,0,0,0,0,0,0,0,0,6,2,17,0,3.7
2023,13,Elijah Moore,CLE,LAR,WR,0,0,0,0,0,0,0,0,12,4,83,0,12.3
2023,13,Harrison Bryant,CLE,LAR,TE,0,0,0,0,0,0,0,0,5,5,49,1,15.9
2023,13,Jerome Ford,CLE,LAR,RB,0,0,0,0,0,9,19,0,3,3,33,1,14.2
2023,13,Joe Flacco,CLE,LAR,QB,44,23,254,2,1,0,0,0,0,0,0,0,16.16
2023,13,Jordan Akins,CLE,LAR,TE,0,0,0,0,0,0,0,0,1,1,6,0,1.6
2023,13,Kareem Hunt,CLE,LAR,RB,0,0,0,0,0,12,48,0,1,1,0,0,5.8
2023,13,Pierre Strong,CLE,LAR,RB,0,0,0,0,0,2,20,0,0,0,0,0,2.0
2023,13,Brandin Cooks,DAL,SEA,WR,0,0,0,0,0,0,0,0,4,4,45,1,16.5
2023,13,CeeDee Lamb,DAL,SEA,WR,0,0,0,0,0,2,30,0,17,12,116,1,32.6
2023,13,Dak Prescott,DAL,SEA,QB,41,29,299,3,0,7,23,0,0,0,0,0,28.26
2023,13,Jake Ferguson,DAL,SEA,TE,0,0,0,0,0,0,0,0,8,6,77,1,19.7
2023,13,Jalen Tolbert,DAL,SEA,WR,0,0,0,0,0,0,0,0,1,1,17,0,2.7
2023,13,KaVontae Turpin,DAL,SEA,WR,0,0,0,0,0,0,0,0,3,1,10,0,2.0
2023,13,Luke Schoonmaker,DAL,SEA,TE,0,0,0,0,0,0,0,0,1,1,12,0,2.2
2023,13,Michael Gallup,DAL,SEA,WR,0,0,0,0,0,0,0,0,1,0,0,0,0.0
2023,13,Rico Dowdle,DAL,SEA,RB,0,0,0,0,0,5,15,0,1,1,7,0,3.2
2023,13,Tony Pollard,DAL,SEA,RB,0,0,0,0,0,20,68,1,4,3,15,0,17.3
2023,13,Adam Trautman,DEN,HOU,TE,0,0,0,0,0,0,0,0,2,1,6,0,1.6
2023,13,Courtland Sutton,DEN,HOU,WR,0,0,0,0,0,0,0,0,7,2,77,1,15.7
2023,13,Jaleel McLaughlin,DEN,HOU,RB,0,0,0,0,0,4,15,0,2,2,6,0,4.1
2023,13,Javonte Williams,DEN,HOU,RB,0,0,0,0,0,13,46,0,3,3,24,0,10.0
2023,13,Jerry Jeudy,DEN,HOU,WR,0,0,0,0,0,0,0,0,4,3,51,0,8.1
2023,13,Lil'Jordan Humphrey,DEN,HOU,WR,0,0,0,0,0,0,0,0,1,1,12,0,2.2
2023,13,Lucas Krull,DEN,HOU,TE,0,0,0,0,0,0,0,0,1,0,0,0,0.0
2023,13,Marvin Mims Jr.,DEN,HOU,WR,0,0,0,0,0,1,8,0,2,1,5,0,2.3
2023,13,Michael Burton,DEN,HOU,RB,0,0,0,0,0,1,4,0,0,0,0,0,0.4
2023,13,Russell Wilson,DEN,HOU,QB,26,15,186,1,3,10,44,1,0,0,0,0,15.84
2023,13,Samaje Perine,DEN,HOU,RB,0,0,0,0,0,1,1,0,2,2,5,0,2.6
2023,13,Amon-Ra St. Brown,DET,NOR,WR,0,0,0,0,0,0,0,0,6,2,49,1,12.9
2023,13,Brock Wright,DET,NOR,TE,0,0,0,0,0,0,0,0,1,1,8,0,1.8
2023,13,David Montgomery,DET,NOR,RB,0,0,0,0,0,18,56,1,2,1,-1,0,12.5
2023,13,Donovan Peoples-Jones,DET,NOR,WR,0,0,0,0,0,0,0,0,1,0,0,0,0.0
2023,13,Jahmyr Gibbs,DET,NOR,RB,0,0,0,0,0,8,60,0,2,1,-6,0,6.4
2023,13,Jameson Williams,DET,NOR,WR,0,0,0,0,0,1,19,1,1,1,11,0,10.0
2023,13,Jared Goff,DET,NOR,QB,25,16,213,2,0,2,-2,0,0,0,0,0,16.32
2023,13,Josh Reynolds,DET,NOR,WR,0,0,0,0,0,0,0,0,3,1,12,0,2.2
2023,13,Kalif Raymond,DET,NOR,WR,0,0,0,0,0,1,9,0,0,0,0,0,0.9
2023,13,Sam LaPorta,DET,NOR,TE,0,0,0,0,0,0,0,0,9,9,140,1,29.0
2023,13,AJ Dillon,GNB,KAN,RB,0,0,0,0,0,18,73,0,1,1,14,0,9.7
2023,13,Ben Sims,GNB,KAN,TE,0,0,0,0,0,0,0,0,1,1,1,1,7.1
2023,13,Christian Watson,GNB,KAN,WR,0,0,0,0,0,2,15,0,9,7,71,2,27.6
2023,13,Dontayvion Wicks,GNB,KAN,WR,0,0,0,0,0,0,0,0,4,3,43,0,7.3
2023,13,James Robinson,GNB,KAN,RB,0,0,0,0,0,1,2,0,1,1,-2,0,1.0
2023,13,Jayden Reed,GNB,KAN,WR,0,0,0,0,0,0,0,0,5,4,16,0,5.6
2023,13,Jordan Love,GNB,KAN,QB,36,25,267,3,0,2,10,0,0,0,0,0,23.68
2023,13,Malik Heath,GNB,KAN,WR,0,0,0,0,0,0,0,0,2,1,15,0,2.5
2023,13,Patrick Taylor,GNB,KAN,RB,0,0,0,0,0,2,29,0,1,0,0,0,2.9
2023,13,Romeo Doubs,GNB,KAN,WR,0,0,0,0,0,0,0,0,5,4,72,0,11.2
2023,13,Tucker Kraft,GNB,KAN,TE,0,0,0,0,0,0,0,0,6,3,37,0,6.7
2023,13,Andrew Beck,HOU,DEN,RB,0,0,0,0,0,0,0,0,2,1,5,0,1.5
2023,13,Brevin Jordan,HOU,DEN,TE,0,0,0,0,0,0,0,0,5,3,64,0,9.4
2023,13,C.J. Stroud,HOU,DEN,QB,27,16,274,1,0,6,11,0,0,0,0,0,16.06
2023,13,Dameon Pierce,HOU,DEN,RB,0,0,0,0,0,15,41,1,0,0,0,0,10.1
2023,13,Dare Ogunbowale,HOU,DEN,RB,0,0,0,0,0,1,1,0,1,1,14,0,2.5
2023,13,Devin Singletary,HOU,DEN,RB,0,0,0,0,0,8,36,0,1,1,4,0,5.0
2023,13,Eric Saubert,HOU,DEN,TE,0,0,0,0,0,0,0,0,1,1,5,0,1.5
2023,13,John Metchie III,HOU,DEN,WR,0,0,0,0,0,0,0,0,3,1,9,0,1.9
2023,13,Nico Collins,HOU,DEN,WR,0,0,0,0,0,0,0,0,12,9,191,1,34.1
2023,13,Noah Brown,HOU,DEN,WR,0,0,0,0,0,0,0,0,2,0,0,0,0.0
2023,13,Alec Pierce,IND,TEN,WR,0,0,0,0,0,0,0,0,6,3,100,1,19.0
2023,13,Andrew Ogletree,IND,TEN,TE,0,0,0,0,0,0,0,0,1,0,0,0,0.0
2023,13,Gardner Minshew,IND,TEN,QB,42,26,312,2,0,3,2,0,0,0,0,0,18.68
2023,13,Josh Downs,IND,TEN,WR,0,0,0,0,0,0,0,0,5,3,14,0,4.4
2023,13,Kylen Granson,IND,TEN,TE,0,0,0,0,0,1,2,0,3,3,72,0,10.4
2023,13,Michael Pittman,IND,TEN,WR,0,0,0,0,0,0,0,0,16,11,105,1,27.5
2023,13,Trey Sermon,IND,TEN,RB,0,0,0,0,0,0,0,0,1,0,0,0,0.0
2023,13,Tyler Goodson,IND,TEN,RB,0,0,0,0,0,0,0,0,2,2,11,0,3.1
2023,13,Will Mallory,IND,TEN,TE,0,0,0,0,0,0,0,0,4,2,4,0,2.4
2023,13,Zack Moss,IND,TEN,RB,0,0,0,0,0,19,51,0,3,2,6,0,7.7
2023,13,C.J. Beathard,JAX,CIN,QB,10,9,63,0,0,1,7,0,0,0,0,0,3.22
2023,13,Calvin Ridley,JAX,CIN,WR,0,0,0,0,0,3,7,0,8,4,26,0,7.3
2023,13,Christian Kirk,JAX,CIN,WR,0,0,0,0,0,0,0,0,1,1,26,0,3.6
2023,13,D'Ernest Johnson,JAX,CIN,RB,0,0,0,0,0,5,4,0,1,1,5,0,1.9
2023,13,Evan Engram,JAX,CIN,TE,0,0,0,0,0,0,0,0,9,9,82,1,23.2
2023,13,Luke Farrell,JAX,CIN,TE,0,0,0,0,0,0,0,0,1,1,9,0,1.9
2023,13,Parker Washington,JAX,CIN,WR,0,0,0,0,0,0,0,0,6,6,61,1,18.1
2023,13,Tim Jones,JAX,CIN,WR,0,0,0,0,0,0,0,0,1,0,0,0,0.0
2023,13,Travis Etienne,JAX,CIN,RB,0,0,0,0,0,11,45,1,4,4,34,0,17.9
2023,13,Trevor Lawrence,JAX,CIN,QB,29,22,258,2,0,5,8,1,0,0,0,0,25.12
2023,13,Zay Jones,JAX,CIN,WR,0,0,0,0,0,0,0,0,8,5,78,0,12.8
2023,13,Clyde Edwards-Helaire,KAN,GNB,RB,0,0,0,0,0,2,6,0,2,1,8,0,2.4
2023,13,Isiah Pacheco,KAN,GNB,RB,0,0,0,0,0,18,110,1,4,3,13,0,21.3
2023,13,Kadarius Toney,KAN,GNB,WR,0,0,0,0,0,1,6,0,0,0,0,0,0.6
2023,13,Marquez Valdes-Scantling,KAN,GNB,WR,0,0,0,0,0,0,0,0,5,2,25,0,4.5
2023,13,Noah Gray,KAN,GNB,TE,0,0,0,0,0,0,0,0,1,1,2,1,7.2
2023,13,Patrick Mahomes,KAN,GNB,QB,33,21,210,1,1,4,26,0,0,0,0,0,13.0
2023,13,Rashee Rice,KAN,GNB,WR,0,0,0,0,0,0,0,0,9,8,64,0,14.4
2023,13,Richie James,KAN,GNB,WR,0,0,0,0,0,0,0,0,2,1,12,0,2.2
2023,13,Skyy Moore,KAN,GNB,WR,0,0,0,0,0,0,0,0,2,1,5,0,1.5
2023,13,Travis Kelce,KAN,GNB,TE,0,0,0,0,0,0,0,0,5,4,81,0,12.1
2023,13,Alex Erickson,LAC,NWE,WR,0,0,0,0,0,0,0,0,1,1,23,0,3.3
2023,13,Austin Ekeler,LAC,NWE,RB,0,0,0,0,0,14,18,0,3,2,9,0,4.7
2023,13,Donald Parham,LAC,NWE,TE,0,0,0,0,0,0,0,0,4,2,12,0,3.2
2023,13,Gerald Everett,LAC,NWE,TE,0,0,0,0,0,0,0,0,5,4,44,0,8.4
2023,13,Jalen Guyton,LAC,NWE,WR,0,0,0,0,0,0,0,0,3,1,5,0,1.5
2023,13,Joshua Kelley,LAC,NWE,RB,0,0,0,0,0,6,16,0,3,2,9,0,4.5
2023,13,Justin Herbert,LAC,NWE,QB,37,22,212,0,0,4,-5,0,0,0,0,0,7.98
2023,13,Keenan Allen,LAC,NWE,WR,0,0,0,0,0,0,0,0,9,5,58,0,10.8
2023,13,Quentin Johnston,LAC,NWE,WR,0,0,0,0,0,0,0,0,7,5,52,0,10.2
2023,13,Stone Smartt,LAC,NWE,TE,0,0,0,0,0,0,0,0,1,0,0,0,0.0
2023,13,Ben Skowronek,LAR,CLE,WR,0,0,0,0,0,0,0,0,3,2,12,0,3.2
2023,13,Cooper Kupp,LAR,CLE,WR,0,0,0,0,0,0,0,0,8,6,39,1,15.9
2023,13,Demarcus Robinson,LAR,CLE,WR,0,0,0,0,0,0,0,0,5,4,55,1,15.5
2023,13,Kyren Williams,LAR,CLE,RB,0,0,0,0,0,21,88,1,5,3,24,0,20.2
2023,13,Matthew Stafford,LAR,CLE,QB,37,22,279,3,0,1,-2,0,0,0,0,0,22.96
2023,13,Puka Nacua,LAR,CLE,WR,0,0,0,0,0,2,34,0,7,4,105,1,23.9
2023,13,Royce Freeman,LAR,CLE,RB,0,0,0,0,0,1,0,0,0,0,0,0,0.0
2023,13,Tutu Atwell,LAR,CLE,WR,0,0,0,0,0,0,0,0,2,1,9,0,1.9
2023,13,Tyler Higbee,LAR,CLE,TE,0,0,0,0,0,0,0,0,4,2,35,0,5.5
2023,13,Alec Ingold,MIA,WAS,RB,0,0,0,0,0,0,0,0,1,1,-3,0,0.7
2023,13,De'Von Achane,MIA,WAS,RB,0,0,0,0,0,17,73,2,4,3,30,0,25.3
2023,13,Jaylen Waddle,MIA,WAS,WR,0,0,0,0,0,0,0,0,8,5,52,0,10.2
2023,13,Jeff Wilson,MIA,WAS,RB,0,0,0,0,0,4,11,0,0,0,0,0,1.1
2023,13,Julian Hill,MIA,WAS,TE,0,0,0,0,0,0,0,0,2,2,23,0,4.3
2023,13,Raheem Mostert,MIA,WAS,RB,0,0,0,0,0,11,43,1,1,1,8,0,12.1
2023,13,River Cracraft,MIA,WAS,WR,0,0,0,0,0,0,0,0,2,2,16,0,3.6
2023,13,Tua Tagovailoa,MIA,WAS,QB,24,18,280,2,0,0,0,0,0,0,0,0,19.2
2023,13,Tyreek Hill,MIA,WAS,WR,0,0,0,0,0,2,-4,0,7,5,157,2,32.3
2023,13,A.T. Perry,NOR,DET,WR,0,0,0,0,0,0,0,0,3,1,30,0,4.0
2023,13,Alvin Kamara,NOR,DET,RB,0,0,0,0,0,14,51,2,8,6,58,0,28.9
2023,13,Chris Olave,NOR,DET,WR,0,0,0,0,0,0,0,0,8,5,119,0,16.9
2023,13,Derek Carr,NOR,DET,QB,22,17,226,1,1,2,-1,0,0,0,0,0,8.94
2023,13,Foster Moreau,NOR,DET,TE,0,0,0,0,0,0,0,0,2,2,28,0,4.8
2023,13,Jamaal Williams,NOR,DET,RB,0,0,0,0,0,5,10,0,1,1,6,0,2.6
2023,13,Jameis Winston,NOR,DET,QB,5,2,41,0,0,0,0,0,0,0,0,0,1.64
2023,13,Jimmy Graham,NOR,DET,TE,0,0,0,0,0,0,0,0,1,1,6,1,7.6
2023,13,Juwan Johnson,NOR,DET,TE,0,0,0,0,0,0,0,0,3,0,0,0,0.0
2023,13,Lynn Bowden,NOR,DET,WR,0,0,0,0,0,2,-6,0,1,1,5,0,0.9
2023,13,Taysom Hill,NOR,DET,TE,2,0,0,0,0,13,59,1,2,2,15,0,15.4
2023,13,Bailey Zappe,NWE,LAC,QB,25,13,141,0,0,4,16,0,0,0,0,0,7.24
2023,13,DeVante Parker,NWE,LAC,WR,0,0,0,0,0,0,0,0,9,4,64,0,10.4
2023,13,Ezekiel Elliott,NWE,LAC,RB,0,0,0,0,0,17,52,0,5,4,40,0,13.2
2023,13,Hunter Henry,NWE,LAC,TE,0,0,0,0,0,0,0,0,4,2,15,0,3.5
2023,13,Jalen Reagor,NWE,LAC,WR,0,0,0,0,0,0,0,0,1,1,11,0,2.1
2023,13,JuJu Smith-Schuster,NWE,LAC,WR,0,0,0,0,0,0,0,0,3,1,11,0,2.1
2023,13,Rhamondre Stevenson,NWE,LAC,RB,0,0,0,0,0,9,39,0,1,1,0,0,2.9
2023,13,Ty Montgomery,NWE,LAC,WR,0,0,0,0,0,1,2,0,0,0,0,0,0.2
2023,13,Tyquan Thornton,NWE,LAC,WR,0,0,0,0,0,1,39,0,1,0,0,0,3.9
2023,13,Allen Lazard,NYJ,ATL,WR,0,0,0,0,0,0,0,0,1,0,0,0,0.0
2023,13,Breece Hall,NYJ,ATL,RB,0,0,0,0,0,13,16,0,8,6,29,0,10.5
2023,13,Dalvin Cook,NYJ,ATL,RB,0,0,0,0,0,9,35,0,2,1,11,0,3.6
2023,13,Garrett Wilson,NYJ,ATL,WR,0,0,0,0,0,0,0,0,7,3,50,0,8.0
2023,13,Jeremy Ruckert,NYJ,ATL,TE,0,0,0,0,0,0,0,0,3,1,12,0,2.2
2023,13,Tim Boyle,NYJ,ATL,QB,25,14,148,0,1,1,2,0,0,0,0,0,4.12
2023,13,Trevor Siemian,NYJ,ATL,QB,13,5,66,0,0,1,8,0,0,0,0,0,1.44
2023,13,Tyler Conklin,NYJ,ATL,TE,0,0,0,0,0,0,0,0,9,3,35,0,6.5
2023,13,Xavier Gipson,NYJ,ATL,WR,0,0,0,0,0,1,1,0,6,5,77,0,12.8
2023,13,A.J. Brown,PHI,SFO,WR,0,0,0,0,0,0,0,0,13,8,114,0,19.4
2023,13,Albert Okwuegbunam,PHI,SFO,TE,0,0,0,0,0,0,0,0,1,0,0,0,0.0
2023,13,Boston Scott,PHI,SFO,RB,0,0,0,0,0,1,2,0,1,1,27,0,3.9
2023,13,D'Andre Swift,PHI,SFO,RB,0,0,0,0,0,6,13,0,6,2,7,0,4.0
2023,13,DeVonta Smith,PHI,SFO,WR,0,0,0,0,0,0,0,0,11,9,96,1,24.6
2023,13,Jalen Hurts,PHI,SFO,QB,45,26,298,1,0,7,20,1,0,0,0,0,23.92
2023,13,Kenny Gainwell,PHI,SFO,RB,0,0,0,0,0,2,5,0,6,5,42,0,9.7
2023,13,Marcus Mariota,PHI,SFO,QB,3,2,16,0,0,2,6,0,0,0,0,0,1.24
2023,13,Quez Watkins,PHI,SFO,WR,0,0,0,0,0,0,0,0,4,3,28,0,5.8
2023,13,Allen Robinson,PIT,ARI,WR,0,0,0,0,0,0,0,0,3,3,19,0,4.9
2023,13,Calvin Austin III,PIT,ARI,WR,0,0,0,0,0,0,0,0,1,1,10,0,2.0
2023,13,Connor Heyward,PIT,ARI,RB,0,0,0,0,0,0,0,0,2,0,0,0,0.0
2023,13,Diontae Johnson,PIT,ARI,WR,0,0,0,0,0,0,0,0,5,4,33,1,13.3
2023,13,George Pickens,PIT,ARI,WR,0,0,0,0,0,0,0,0,5,4,86,0,12.6
2023,13,Jaylen Warren,PIT,ARI,RB,0,0,0,0,0,9,59,0,3,1,-4,0,6.5
2023,13,Kenny Pickett,PIT,ARI,QB,10,7,70,0,0,3,3,0,0,0,0,0,3.1
2023,13,Mitchell Trubisky,PIT,ARI,QB,17,11,117,1,0,3,5,0,0,0,0,0,7.18
2023,13,Najee Harris,PIT,ARI,RB,0,0,0,0,0,16,63,0,3,2,14,0,9.7
2023,13,Pat Freiermuth,PIT,ARI,TE,0,0,0,0,0,0,0,0,5,3,29,0,5.9
2023,13,DK Metcalf,SEA,DAL,WR,0,0,0,0,0,0,0,0,8,6,134,3,37.4
2023,13,DeeJay Dallas,SEA,DAL,RB,0,0,0,0,0,1,6,0,2,0,0,0,0.6
2023,13,Geno Smith,SEA,DAL,QB,41,23,334,3,1,2,6,1,0,0,0,0,29.96
2023,13,Jake Bobo,SEA,DAL,WR,0,0,0,0,0,0,0,0,1,1,9,0,1.9
2023,13,Jaxon Smith-Njigba,SEA,DAL,WR,0,0,0,0,0,0,0,0,11,7,62,0,13.2
2023,13,Noah Fant,SEA,DAL,TE,0,0,0,0,0,0,0,0,4,3,43,0,7.3
2023,13,Tyler Lockett,SEA,DAL,WR,0,0,0,0,0,0,0,0,8,5,47,0,9.7
2023,13,Will Dissly,SEA,DAL,TE,0,0,0,0,0,0,0,0,2,0,0,0,0.0
2023,13,Zach Charbonnet,SEA,DAL,RB,0,0,0,0,0,19,60,1,2,1,39,0,16.9
2023,13,Brandon Aiyuk,SFO,PHI,WR,0,0,0,0,0,0,0,0,7,5,46,1,15.6
2023,13,Brock Purdy,SFO,PHI,QB,27,19,314,4,0,2,9,0,0,0,0,0,29.46
2023,13,Christian McCaffrey,SFO,PHI,RB,0,0,0,0,0,17,93,1,4,3,40,0,22.3
2023,13,Deebo Samuel Sr.,SFO,PHI,WR,0,0,0,0,0,3,22,1,4,4,116,2,35.8
2023,13,Elijah Mitchell,SFO,PHI,RB,0,0,0,0,0,3,13,0,0,0,0,0,1.3
2023,13,George Kittle,SFO,PHI,TE,0,0,0,0,0,0,0,0,6,4,68,0,10.8
2023,13,Jauan Jennings,SFO,PHI,WR,0,0,0,0,0,0,0,0,4,3,44,1,13.4
2023,13,Jordan Mason,SFO,PHI,RB,0,0,0,0,0,2,10,0,0,0,0,0,1.0
2023,13,Sam Darnold,SFO,PHI,QB,0,0,0,0,0,1,-1,0,0,0,0,0,-0.1
2023,13,Baker Mayfield,TAM,CAR,QB,29,14,202,1,1,2,-2,0,0,0,0,0,9.88
2023,13,Chase Edmonds,TAM,CAR,RB,0,0,0,0,0,2,7,0,1,1,2,0,1.9
2023,13,Chris Godwin Jr.,TAM,CAR,WR,0,0,0,0,0,1,19,1,3,0,0,0,7.9
2023,13,Deven Thompkins,TAM,CAR,WR,0,0,0,0,0,2,7,0,1,1,4,0,2.1
2023,13,Mike Evans,TAM,CAR,WR,0,0,0,0,0,0,0,0,12,7,162,1,29.2
2023,13,Rachaad White,TAM,CAR,RB,0,0,0,0,0,20,84,1,5,3,22,0,19.6
2023,13,Trey Palmer,TAM,CAR,WR,0,0,0,0,0,1,13,0,5,2,12,0,4.5
2023,13,Chig Okonkwo,TEN,IND,TE,0,0,0,0,0,1,2,0,6,3,62,0,9.4
2023,13,Chris Moore,TEN,IND,WR,0,0,0,0,0,0,0,0,1,1,12,0,2.2
2023,13,DeAndre Hopkins,TEN,IND,WR,0,0,0,0,0,1,4,0,12,5,75,1,18.9
2023,13,Derrick Henry,TEN,IND,RB,0,0,0,0,0,21,102,2,2,1,18,0,25.0
2023,13,Josh Whyle,TEN,IND,TE,0,0,0,0,0,0,0,0,2,1,16,0,2.6
2023,13,Nick Westbrook-Ikhine,TEN,IND,WR,0,0,0,0,0,0,0,0,3,1,28,0,3.8
2023,13,Trevon Wesco,TEN,IND,TE,0,0,0,0,0,0,0,0,1,0,0,0,0.0
2023,13,Tyjae Spears,TEN,IND,RB,0,0,0,0,0,16,75,0,6,4,13,0,12.8
2023,13,Will Levis,TEN,IND,QB,33,16,224,1,0,2,5,0,0,0,0,0,11.46
2023,13,Antonio Gibson,WAS,MIA,RB,0,0,0,0,0,10,35,0,5,4,37,0,11.2
2023,13,Brian Robinson,WAS,MIA,RB,0,0,0,0,0,7,53,0,0,0,0,0,5.3
2023,13,Chris Rodriguez Jr.,WAS,MIA,RB,0,0,0,0,0,7,29,0,0,0,0,0,2.9
2023,13,Cole Turner,WAS,MIA,TE,0,0,0,0,0,0,0,0,1,1,2,0,1.2
2023,13,Curtis Samuel,WAS,MIA,WR,0,0,0,0,0,0,0,0,5,4,65,0,10.5
2023,13,Dyami Brown,WAS,MIA,WR,0,0,0,0,0,0,0,0,1,1,0,0,1.0
2023,13,Jahan Dotson,WAS,MIA,WR,0,0,0,0,0,0,0,0,5,2,23,0,4.3
2023,13,John Bates,WAS,MIA,TE,0,0,0,0,0,0,0,0,1,0,0,0,0.0
2023,13,Logan Thomas,WAS,MIA,TE,0,0,0,0,0,0,0,0,1,0,0,0,2.0
2023,13,Sam Howell,WAS,MIA,QB,23,12,127,0,1,4,21,2,0,0,0,0,19.18
2023,13,Terry McLaurin,WAS,MIA,WR,0,0,0,0,0,0,0,0,3,0,0,0,0.0
2023,14,Bijan Robinson,ATL,TAM,RB,0,0,0,0,0,10,34,1,7,5,54,0,19.8
2023,14,Cordarrelle Patterson,ATL,TAM,RB,0,0,0,0,0,3,7,0,0,0,0,0,0.7
2023,14,Desmond Ridder,ATL,TAM,QB,40,26,347,1,1,4,15,1,0,0,0,0,25.38
2023,14,Drake London,ATL,TAM,WR,0,0,0,0,0,0,0,0,11,10,172,0,29.2
2023,14,Jonnu Smith,ATL,TAM,TE,0,0,0,0,0,0,0,0,7,4,27,0,6.7
2023,14,KhaDarel Hodge,ATL,TAM,WR,0,0,0,0,0,0,0,0,2,1,18,0,2.8
2023,14,Kyle Pitts,ATL,TAM,TE,0,0,0,0,0,0,0,0,6,3,57,1,14.7
2023,14,Mack Hollins,ATL,TAM,WR,0,0,0,0,0,0,0,0,1,1,4,0,1.4
2023,14,MyCole Pruitt,ATL,TAM,TE,0,0,0,0,0,0,0,0,2,2,15,0,3.5
2023,14,Scott Miller,ATL,TAM,WR,0,0,0,0,0,0,0,0,3,0,0,0,0.0
2023,14,Tyler Allgeier,ATL,TAM,RB,0,0,0,0,0,9,40,0,0,0,0,0,4.0
2023,14,Gus Edwards,BAL,LAR,RB,0,0,0,0,0,6,15,0,0,0,0,0,1.5
2023,14,Isaiah Likely,BAL,LAR,TE,0,0,0,0,0,0,0,0,7,5,83,1,19.3
2023,14,Justice Hill,BAL,LAR,RB,0,0,0,0,0,0,0,0,2,1,12,0,2.2
2023,14,Keaton Mitchell,BAL,LAR,RB,0,0,0,0,0,9,54,0,2,1,8,0,7.2
2023,14,Lamar Jackson,BAL,LAR,QB,43,24,316,3,1,11,70,0,0,0,0,0,31.64
2023,14,Nelson Agholor,BAL,LAR,WR,0,0,0,0,0,0,0,0,5,5,32,0,8.2
2023,14,Odell Beckham Jr.,BAL,LAR,WR,0,0,0,0,0,0,0,0,10,4,97,1,19.7
2023,14,Rashod Bateman,BAL,LAR,WR,0,0,0,0,0,0,0,0,4,2,24,0,4.4
2023,14,Zay Flowers,BAL,LAR,WR,0,0,0,0,0,0,0,0,10,6,60,1,20.0
2023,14,Dalton Kincaid,BUF,KAN,TE,0,0,0,0,0,0,0,0,8,5,21,0,7.1
2023,14,Dawson Knox,BUF,KAN,TE,0,0,0,0,0,0,0,0,3,3,36,0,6.6
2023,14,Deonte Harty,BUF,KAN,WR,0,0,0,0,0,0,0,0,1,1,25,0,3.5
2023,14,Gabe Davis,BUF,KAN,WR,0,0,0,0,0,0,0,0,2,0,0,0,0.0
2023,14,James Cook,BUF,KAN,RB,0,0,0,0,0,10,58,0,5,5,83,1,25.1
2023,14,Josh Allen,BUF,KAN,QB,42,23,233,1,1,10,32,1,0,0,0,0,20.52
2023,14,Khalil Shakir,BUF,KAN,WR,0,0,0,0,0,0,0,0,1,1,12,0,2.2
2023,14,Latavius Murray,BUF,KAN,RB,0,0,0,0,0,3,9,0,1,1,21,0,4.0
2023,14,Stefon Diggs,BUF,KAN,WR,0,0,0,0,0,0,0,0,11,4,24,0,6.4
2023,14,Trent Sherfield,BUF,KAN,WR,0,0,0,0,0,0,0,0,2,1,9,0,1.9
2023,14,Ty Johnson,BUF,KAN,RB,0,0,0,0,0,5,19,0,2,2,2,0,4.1
2023,14,Adam Thielen,CAR,NOR,WR,0,0,0,0,0,0,0,0,7,5,74,0,12.4
2023,14,Bryce Young,CAR,NOR,QB,36,13,137,0,0,3,40,0,0,0,0,0,7.48
2023,14,Chuba Hubbard,CAR,NOR,RB,0,0,0,0,0,23,87,0,2,2,9,0,11.6
2023,14,DJ Chark,CAR,NOR,WR,0,0,0,0,0,0,0,0,4,2,26,0,4.6
2023,14,Ihmir Smith-Marsette,CAR,NOR,WR,0,0,0,0,0,1,10,0,1,0,0,0,1.0
2023,14,Jonathan Mingo,CAR,NOR,WR,0,0,0,0,0,0,0,0,9,2,22,0,4.2
2023,14,Miles Sanders,CAR,NOR,RB,0,0,0,0,0,10,74,0,0,0,0,0,7.4
2023,14,Raheem Blackshear,CAR,NOR,RB,0,0,0,0,0,1,4,0,2,1,4,0,1.8
2023,14,Stephen Sullivan,CAR,NOR,TE,0,0,0,0,0,0,0,0,4,0,0,0,0.0
2023,14,Tommy Tremble,CAR,NOR,TE,0,0,0,0,0,0,0,0,3,1,2,0,1.2
2023,14,Cole Kmet,CHI,DET,TE,0,0,0,0,0,0,0,0,6,5,66,0,11.6
2023,14,D'Onta Foreman,CHI,DET,RB,0,0,0,0,0,11,50,0,3,2,22,0,9.2
2023,14,DJ Moore,CHI,DET,WR,0,0,0,0,0,3,20,1,10,6,68,1,26.8
2023,14,Darnell Mooney,CHI,DET,WR,0,0,0,0,0,0,0,0,7,2,44,0,6.4
2023,14,Justin Fields,CHI,DET,QB,33,19,223,1,0,12,58,1,0,0,0,0,24.72
2023,14,Khalil Herbert,CHI,DET,RB,0,0,0,0,0,3,8,0,0,0,0,0,0.8
2023,14,Khari Blasingame,CHI,DET,RB,0,0,0,0,0,0,0,0,1,1,-3,0,0.7
2023,14,Marcedes Lewis,CHI,DET,TE,0,0,0,0,0,0,0,0,1,1,4,0,1.4
2023,14,Roschon Johnson,CHI,DET,RB,0,0,0,0,0,1,6,0,0,0,0,0,0.6
2023,14,Tyler Scott,CHI,DET,WR,0,0,0,0,0,0,0,0,1,1,11,0,2.1
2023,14,Velus Jones Jr.,CHI,DET,WR,0,0,0,0,0,0,0,0,1,1,11,0,2.1
2023,14,Chase Brown,CIN,IND,RB,0,0,0,0,0,8,25,0,3,3,80,1,19.5
2023,14,Drew Sample,CIN,IND,TE,0,0,0,0,0,0,0,0,2,2,4,0,2.4
2023,14,Ja'Marr Chase,CIN,IND,WR,0,0,0,0,0,0,0,0,4,3,29,0,5.9
2023,14,Jake Browning,CIN,IND,QB,24,18,275,2,1,3,7,1,0,0,0,0,23.7
2023,14,Joe Mixon,CIN,IND,RB,0,0,0,0,0,21,79,1,4,3,46,0,21.5
2023,14,Mitchell Wilcox,CIN,IND,TE,0,0,0,0,0,0,0,0,1,1,0,0,1.0
2023,14,Tanner Hudson,CIN,IND,TE,0,0,0,0,0,0,0,0,3,2,21,1,10.1
2023,14,Tee Higgins,CIN,IND,WR,0,0,0,0,0,0,0,0,4,2,72,0,9.2
2023,14,Trayveon Williams,CIN,IND,RB,0,0,0,0,0,0,0,0,1,1,-1,0,0.9
2023,14,Tyler Boyd,CIN,IND,WR,0,0,0,0,0,0,0,0,3,2,23,0,4.3
2023,14,Amari Cooper,CLE,JAX,WR,0,0,0,0,0,0,0,0,14,7,77,0,12.7
2023,14,Cedric Tillman,CLE,JAX,WR,0,0,0,0,0,0,0,0,4,2,23,0,4.3
2023,14,David Bell,CLE,JAX,WR,0,0,0,0,0,0,0,0,3,1,41,1,11.1
2023,14,David Njoku,CLE,JAX,TE,0,0,0,0,0,0,0,0,8,6,91,2,27.1
2023,14,Dorian Thompson-Robinson,CLE,JAX,QB,0,0,0,0,0,1,5,0,0,0,0,0,0.5
2023,14,Elijah Moore,CLE,JAX,WR,0,0,0,0,0,0,0,0,6,3,42,0,7.2
2023,14,Jerome Ford,CLE,JAX,RB,0,0,0,0,0,12,51,0,6,5,31,0,13.2
2023,14,Joe Flacco,CLE,JAX,QB,45,26,311,3,1,4,-1,0,0,0,0,0,20.34
2023,14,Jordan Akins,CLE,JAX,TE,0,0,0,0,0,0,0,0,1,1,3,0,1.3
2023,14,Kareem Hunt,CLE,JAX,RB,0,0,0,0,0,10,27,1,1,1,3,0,10.0
2023,14,Pierre Strong,CLE,JAX,RB,0,0,0,0,0,1,0,0,0,0,0,0,0.0
2023,14,Brandin Cooks,DAL,PHI,WR,0,0,0,0,0,0,0,0,5,2,37,0,5.7
2023,14,CeeDee Lamb,DAL,PHI,WR,0,0,0,0,0,0,0,0,10,6,71,1,19.1
2023,14,Dak Prescott,DAL,PHI,QB,39,24,271,2,0,3,11,0,0,0,0,0,17.94
2023,14,Jake Ferguson,DAL,PHI,TE,0,0,0,0,0,0,0,0,8,5,72,0,12.2
2023,14,Jalen Tolbert,DAL,PHI,WR,0,0,0,0,0,0,0,0,1,0,0,0,0.0
2023,14,KaVontae Turpin,DAL,PHI,WR,0,0,0,0,0,1,22,0,1,0,0,0,2.2
2023,14,Michael Gallup,DAL,PHI,WR,0,0,0,0,0,0,0,0,5,3,48,1,13.8
2023,14,Rico Dowdle,DAL,PHI,RB,0,0,0,0,0,12,46,1,1,1,6,0,12.2
2023,14,Tony Pollard,DAL,PHI,RB,0,0,0,0,0,16,59,0,8,7,37,0,16.6
2023,14,Adam Trautman,DEN,LAC,TE,0,0,0,0,0,0,0,0,3,2,19,1,9.9
2023,14,Courtland Sutton,DEN,LAC,WR,0,0,0,0,0,0,0,0,4,3,62,1,15.2
2023,14,Jaleel McLaughlin,DEN,LAC,RB,0,0,0,0,0,5,25,0,2,1,7,0,4.2
2023,14,Javonte Williams,DEN,LAC,RB,0,0,0,0,0,17,66,1,4,3,25,0,18.1
2023,14,Jerry Jeudy,DEN,LAC,WR,0,0,0,0,0,0,0,0,6,2,16,0,3.6
2023,14,Lil'Jordan Humphrey,DEN,LAC,WR,0,0,0,0,0,0,0,0,1,1,12,0,2.2
2023,14,Lucas Krull,DEN,LAC,TE,0,0,0,0,0,0,0,0,1,1,35,0,4.5
2023,14,Marvin Mims Jr.,DEN,LAC,WR,0,0,0,0,0,0,0,0,3,2,11,0,3.1
2023,14,Michael Burton,DEN,LAC,RB,0,0,0,0,0,1,2,0,1,1,1,0,1.3
2023,14,Russell Wilson,DEN,LAC,QB,33,21,224,2,1,6,5,0,0,0,0,0,15.46
2023,14,Samaje Perine,DEN,LAC,RB,0,0,0,0,0,2,8,0,5,5,36,0,9.4
2023,14,Amon-Ra St. Brown,DET,CHI,WR,0,0,0,0,0,0,0,0,8,3,21,0,5.1
2023,14,Brock Wright,DET,CHI,TE,0,0,0,0,0,0,0,0,2,2,6,0,2.6
2023,14,David Montgomery,DET,CHI,RB,0,0,0,0,0,10,66,0,3,3,19,0,11.5
2023,14,Donovan Peoples-Jones,DET,CHI,WR,0,0,0,0,0,0,0,0,1,1,17,0,2.7
2023,14,Jahmyr Gibbs,DET,CHI,RB,0,0,0,0,0,11,66,1,4,3,16,0,17.2
2023,14,Jameson Williams,DET,CHI,WR,0,0,0,0,0,1,4,0,2,0,0,0,0.4
2023,14,Jared Goff,DET,CHI,QB,35,20,161,1,2,1,0,0,0,0,0,0,4.44
2023,14,Josh Reynolds,DET,CHI,WR,0,0,0,0,0,0,0,0,4,3,44,1,13.4
2023,14,Kalif Raymond,DET,CHI,WR,0,0,0,0,0,0,0,0,4,3,15,0,4.5
2023,14,Sam LaPorta,DET,CHI,TE,0,0,0,0,0,1,4,0,6,2,23,0,4.7
2023,14,AJ Dillon,GNB,NYG,RB,0,0,0,0,0,15,53,0,3,2,25,0,9.8
2023,14,Dontayvion Wicks,GNB,NYG,WR,0,0,0,0,0,0,0,0,6,2,20,0,4.0
2023,14,Jayden Reed,GNB,NYG,WR,0,0,0,0,0,4,38,1,10,8,27,0,20.5
2023,14,Jordan Love,GNB,NYG,QB,39,25,218,1,1,2,2,0,0,0,0,0,8.92
2023,14,Malik Heath,GNB,NYG,WR,0,0,0,0,0,0,0,0,2,1,6,1,7.6
2023,14,Patrick Taylor,GNB,NYG,RB,0,0,0,0,0,4,30,0,2,2,22,0,7.2
2023,14,Romeo Doubs,GNB,NYG,WR,0,0,0,0,0,0,0,0,7,4,32,0,7.2
2023,14,Samori Toure,GNB,NYG,WR,0,0,0,0,0,0,0,0,4,2,22,0,4.2
2023,14,Tucker Kraft,GNB,NYG,TE,0,0,0,0,0,0,0,0,4,4,64,0,10.4
2023,14,Andrew Beck,HOU,NYJ,RB,0,0,0,0,0,0,0,0,1,1,26,0,3.6
2023,14,Brevin Jordan,HOU,NYJ,TE,0,0,0,0,0,0,0,0,3,3,35,0,6.5
2023,14,C.J. Stroud,HOU,NYJ,QB,23,10,91,0,0,0,0,0,0,0,0,0,3.64
2023,14,Dameon Pierce,HOU,NYJ,RB,0,0,0,0,0,4,9,0,1,1,-2,0,1.7
2023,14,Dare Ogunbowale,HOU,NYJ,RB,0,0,0,0,0,2,7,0,2,1,4,0,2.1
2023,14,Davis Mills,HOU,NYJ,QB,5,1,4,0,0,0,0,0,0,0,0,0,0.16
2023,14,Devin Singletary,HOU,NYJ,RB,0,0,0,0,0,13,65,1,3,0,0,0,12.5
2023,14,John Metchie III,HOU,NYJ,WR,0,0,0,0,0,0,0,0,5,1,6,0,1.6
2023,14,Nico Collins,HOU,NYJ,WR,0,0,0,0,0,0,0,0,1,1,13,0,2.3
2023,14,Noah Brown,HOU,NYJ,WR,0,0,0,0,0,0,0,0,5,0,0,0,0.0
2023,14,Robert Woods,HOU,NYJ,WR,0,0,0,0,0,0,0,0,3,1,-2,0,0.8
2023,14,Xavier Hutchinson,HOU,NYJ,WR,0,0,0,0,0,0,0,0,3,2,15,0,3.5
2023,14,Alec Pierce,IND,CIN,WR,0,0,0,0,0,0,0,0,3,2,22,0,4.2
2023,14,Andrew Ogletree,IND,CIN,TE,0,0,0,0,0,0,0,0,2,0,0,0,0.0
2023,14,Gardner Minshew,IND,CIN,QB,39,26,240,1,1,2,5,0,0,0,0,0,14.1
2023,14,Josh Downs,IND,CIN,WR,0,0,0,0,0,0,0,0,3,3,32,0,6.2
2023,14,Kylen Granson,IND,CIN,TE,0,0,0,0,0,0,0,0,4,2,17,0,3.7
2023,14,Michael Pittman,IND,CIN,WR,0,0,0,0,0,0,0,0,11,8,95,0,19.5
2023,14,Mo Alie-Cox,IND,CIN,TE,0,0,0,0,0,0,0,0,1,1,2,1,7.2
2023,14,Trey Sermon,IND,CIN,RB,0,0,0,0,0,3,13,0,0,0,0,0,1.3
2023,14,Tyler Goodson,IND,CIN,RB,0,0,0,0,0,0,0,0,1,1,-2,0,0.8
2023,14,Will Mallory,IND,CIN,TE,0,0,0,0,0,0,0,0,5,5,46,0,9.6
2023,14,Zack Moss,IND,CIN,RB,0,0,0,0,0,13,28,0,8,4,28,0,9.6
2023,14,Calvin Ridley,JAX,CLE,WR,0,0,0,0,0,0,0,0,13,4,53,0,9.3
2023,14,D'Ernest Johnson,JAX,CLE,RB,0,0,0,0,0,3,12,0,3,2,16,0,4.8
2023,14,Evan Engram,JAX,CLE,TE,0,0,0,0,0,0,0,0,12,11,95,2,32.5
2023,14,Parker Washington,JAX,CLE,WR,0,0,0,0,0,0,0,0,3,2,27,1,8.7
2023,14,Travis Etienne,JAX,CLE,RB,0,0,0,0,0,14,35,1,4,4,37,0,17.2
2023,14,Trevor Lawrence,JAX,CLE,QB,50,28,257,3,3,3,11,0,0,0,0,0,17.38
2023,14,Zay Jones,JAX,CLE,WR,0,0,0,0,0,0,0,0,14,5,29,0,7.9
2023,14,Clyde Edwards-Helaire,KAN,BUF,RB,0,0,0,0,0,11,39,0,4,2,29,0,8.8
2023,14,Jerick McKinnon,KAN,BUF,RB,0,0,0,0,0,4,19,1,3,3,18,0,12.7
2023,14,Justin Watson,KAN,BUF,WR,0,0,0,0,0,0,0,0,1,1,18,0,2.8
2023,14,Kadarius Toney,KAN,BUF,WR,0,0,0,0,0,2,16,0,4,3,25,0,7.1
2023,14,Marquez Valdes-Scantling,KAN,BUF,WR,0,0,0,0,0,0,0,0,4,2,22,0,4.2
2023,14,Patrick Mahomes,KAN,BUF,QB,43,25,271,1,1,1,8,0,0,0,0,0,13.64
2023,14,Rashee Rice,KAN,BUF,WR,0,0,0,0,0,0,0,0,10,7,72,1,18.2
2023,14,Richie James,KAN,BUF,WR,0,0,0,0,0,0,0,0,2,1,4,0,1.4
2023,14,Skyy Moore,KAN,BUF,WR,0,0,0,0,0,0,0,0,1,0,0,0,0.0
2023,14,Travis Kelce,KAN,BUF,TE,0,0,0,0,0,0,0,0,10,6,83,0,14.3
2023,14,Alex Erickson,LAC,DEN,WR,0,0,0,0,0,0,0,0,7,1,9,0,1.9
2023,14,Austin Ekeler,LAC,DEN,RB,0,0,0,0,0,10,51,1,7,5,49,0,21.0
2023,14,Donald Parham,LAC,DEN,TE,0,0,0,0,0,0,0,0,2,1,11,0,2.1
2023,14,Easton Stick,LAC,DEN,QB,24,13,179,0,0,0,0,0,0,0,0,0,5.16
2023,14,Gerald Everett,LAC,DEN,TE,0,0,0,0,0,0,0,0,8,5,39,0,8.9
2023,14,Isaiah Spiller,LAC,DEN,RB,0,0,0,0,0,6,19,0,0,0,0,0,1.9
2023,14,Jalen Guyton,LAC,DEN,WR,0,0,0,0,0,0,0,0,1,1,8,0,1.8
2023,14,Joshua Kelley,LAC,DEN,RB,0,0,0,0,0,3,6,0,0,0,0,0,0.6
2023,14,Justin Herbert,LAC,DEN,QB,17,9,96,0,1,0,0,0,0,0,0,0,1.84
2023,14,Keenan Allen,LAC,DEN,WR,1,0,0,0,0,0,0,0,12,6,68,0,12.8
2023,14,Quentin Johnston,LAC,DEN,WR,0,0,0,0,0,0,0,0,4,3,91,0,12.1
2023,14,Cooper Kupp,LAR,BAL,WR,0,0,0,0,0,0,0,0,10,8,115,1,25.5
2023,14,Davis Allen,LAR,BAL,TE,0,0,0,0,0,0,0,0,5,4,50,1,15.0
2023,14,Demarcus Robinson,LAR,BAL,WR,0,0,0,0,0,0,0,0,10,3,46,1,13.6
2023,14,Kyren Williams,LAR,BAL,RB,0,0,0,0,0,25,114,0,4,3,-1,0,14.3
2023,14,Matthew Stafford,LAR,BAL,QB,41,23,294,3,0,1,-1,0,0,0,0,0,23.66
2023,14,Puka Nacua,LAR,BAL,WR,0,0,0,0,0,1,6,0,9,5,84,0,14.0
2023,14,Royce Freeman,LAR,BAL,RB,0,0,0,0,0,3,9,0,0,0,0,0,0.9
2023,14,Tutu Atwell,LAR,BAL,WR,0,0,0,0,0,0,0,0,1,0,0,0,0.0
2023,14,Aidan O'Connell,LVR,MIN,QB,32,21,171,0,1,1,2,0,0,0,0,0,5.04
2023,14,Ameer Abdullah,LVR,MIN,RB,0,0,0,0,0,1,12,0,2,2,7,0,3.9
2023,14,Austin Hooper,LVR,MIN,TE,0,0,0,0,0,0,0,0,1,1,5,0,1.5
2023,14,Davante Adams,LVR,MIN,WR,0,0,0,0,0,0,0,0,10,7,53,0,12.3
2023,14,Hunter Renfrow,LVR,MIN,WR,0,0,0,0,0,0,0,0,5,3,46,0,5.6
2023,14,Jakobi Meyers,LVR,MIN,WR,0,0,0,0,0,0,0,0,6,5,25,0,7.5
2023,14,Josh Jacobs,LVR,MIN,RB,0,0,0,0,0,13,34,0,2,2,16,0,7.0
2023,14,Michael Mayer,LVR,MIN,TE,0,0,0,0,0,0,0,0,2,1,14,0,2.4
2023,14,Tre Tucker,LVR,MIN,WR,0,0,0,0,0,0,0,0,1,0,0,0,0.0
2023,14,Zamir White,LVR,MIN,RB,0,0,0,0,0,2,8,0,0,0,0,0,0.8
2023,14,Alec Ingold,MIA,TEN,RB,0,0,0,0,0,0,0,0,1,1,13,0,2.3
2023,14,Braxton Berrios,MIA,TEN,WR,0,0,0,0,0,0,0,0,2,2,13,0,3.3
2023,14,Cedrick Wilson Jr.,MIA,TEN,WR,0,0,0,0,0,0,0,0,4,2,30,0,5.0
2023,14,De'Von Achane,MIA,TEN,RB,0,0,0,0,0,7,47,0,9,5,24,0,12.1
2023,14,Durham Smythe,MIA,TEN,TE,0,0,0,0,0,0,0,0,3,2,16,0,3.6
2023,14,Jaylen Waddle,MIA,TEN,WR,0,0,0,0,0,0,0,0,8,6,79,0,13.9
2023,14,Raheem Mostert,MIA,TEN,RB,0,0,0,0,0,21,96,2,1,1,4,0,23.0
2023,14,Tua Tagovailoa,MIA,TEN,QB,33,23,240,0,0,3,15,0,0,0,0,0,9.1
2023,14,Tyreek Hill,MIA,TEN,WR,0,0,0,0,0,0,0,0,5,4,61,0,10.1
2023,14,Alexander Mattison,MIN,LVR,RB,0,0,0,0,0,10,66,0,1,0,0,0,6.6
2023,14,Brandon Powell,MIN,LVR,WR,0,0,0,0,0,0,0,0,1,0,0,0,0.0
2023,14,C.J. Ham,MIN,LVR,RB,0,0,0,0,0,1,7,0,0,0,0,0,0.7
2023,14,Jalen Nailor,MIN,LVR,WR,0,0,0,0,0,0,0,0,5,2,13,0,3.3
2023,14,Johnny Mundt,MIN,LVR,TE,0,0,0,0,0,0,0,0,1,1,4,0,1.4
2023,14,Jordan Addison,MIN,LVR,WR,0,0,0,0,0,0,0,0,3,2,27,0,4.7
2023,14,Josh Oliver,MIN,LVR,TE,0,0,0,0,0,0,0,0,1,0,0,0,0.0
2023,14,Joshua Dobbs,MIN,LVR,QB,23,10,63,0,0,5,21,0,0,0,0,0,4.62
2023,14,Justin Jefferson,MIN,LVR,WR,0,0,0,0,0,0,0,0,3,2,27,0,4.7
2023,14,K.J. Osborn,MIN,LVR,WR,0,0,0,0,0,0,0,0,7,4,15,0,5.5
2023,14,Kene Nwangwu,MIN,LVR,RB,0,0,0,0,0,2,3,0,0,0,0,0,0.3
2023,14,Nick Mullens,MIN,LVR,QB,13,9,83,0,0,0,0,0,0,0,0,0,3.32
2023,14,T.J. Hockenson,MIN,LVR,TE,0,0,0,0,0,0,0,0,8,5,53,0,10.3
2023,14,Ty Chandler,MIN,LVR,RB,0,0,0,0,0,12,35,0,3,3,7,0,7.2
2023,14,A.T. Perry,NOR,CAR,WR,0,0,0,0,0,0,0,0,1,1,44,0,5.4
2023,14,Alvin Kamara,NOR,CAR,RB,0,0,0,0,0,12,56,1,4,3,-11,0,13.5
2023,14,Chris Olave,NOR,CAR,WR,0,0,0,0,0,0,0,0,5,4,28,1,12.8
2023,14,Derek Carr,NOR,CAR,QB,26,18,119,2,1,0,0,0,0,0,0,0,10.76
2023,14,Foster Moreau,NOR,CAR,TE,0,0,0,0,0,0,0,0,2,2,8,0,2.8
2023,14,Jamaal Williams,NOR,CAR,RB,0,0,0,0,0,11,43,0,1,0,0,0,4.3
2023,14,Jameis Winston,NOR,CAR,QB,0,0,0,0,0,2,-2,0,0,0,0,0,-0.2
2023,14,Jimmy Graham,NOR,CAR,TE,0,0,0,0,0,0,0,0,2,2,16,1,9.6
2023,14,Juwan Johnson,NOR,CAR,TE,0,0,0,0,0,0,0,0,3,2,10,0,3.0
2023,14,Lynn Bowden,NOR,CAR,WR,0,0,0,0,0,0,0,0,4,4,24,0,6.4
2023,14,Bailey Zappe,NWE,PIT,QB,28,19,240,3,1,3,13,0,0,0,0,0,20.9
2023,14,Ezekiel Elliott,NWE,PIT,RB,0,0,0,0,0,22,68,0,8,7,72,1,27.0
2023,14,Hunter Henry,NWE,PIT,TE,0,0,0,0,0,0,0,0,3,3,40,2,19.0
2023,14,Jalen Reagor,NWE,PIT,WR,0,0,0,0,0,0,0,0,1,0,0,0,0.0
2023,14,JuJu Smith-Schuster,NWE,PIT,WR,0,0,0,0,0,0,0,0,6,4,90,0,13.0
2023,14,Pharaoh Brown,NWE,PIT,TE,0,0,0,0,0,0,0,0,1,1,4,0,1.4
2023,14,Ty Montgomery,NWE,PIT,WR,0,0,0,0,0,0,0,0,2,1,17,0,2.7
2023,14,Tyquan Thornton,NWE,PIT,WR,0,0,0,0,0,0,0,0,5,3,17,0,4.7
2023,14,Daniel Bellinger,NYG,GNB,TE,0,0,0,0,0,0,0,0,2,2,15,0,3.5
2023,14,Darius Slayton,NYG,GNB,WR,0,0,0,0,0,0,0,0,2,2,14,0,3.4
2023,14,Isaiah Hodgins,NYG,GNB,WR,0,0,0,0,0,0,0,0,2,2,22,1,10.2
2023,14,Jalin Hyatt,NYG,GNB,WR,0,0,0,0,0,0,0,0,3,2,13,0,3.3
2023,14,Matt Breida,NYG,GNB,RB,0,0,0,0,0,2,16,0,0,0,0,0,1.6
2023,14,Saquon Barkley,NYG,GNB,RB,0,0,0,0,0,20,86,2,4,3,15,0,23.1
2023,14,Tommy DeVito,NYG,GNB,QB,21,17,158,1,0,10,71,0,0,0,0,0,17.42
2023,14,Wan'Dale Robinson,NYG,GNB,WR,0,0,0,0,0,2,36,0,7,6,79,0,17.5
2023,14,Breece Hall,NYJ,HOU,RB,0,0,0,0,0,10,40,0,9,8,86,1,26.6
2023,14,Dalvin Cook,NYJ,HOU,RB,0,0,0,0,0,7,13,0,1,1,-5,0,1.8
2023,14,Garrett Wilson,NYJ,HOU,WR,0,0,0,0,0,1,3,0,14,9,108,0,20.1
2023,14,Israel Abanikanda,NYJ,HOU,RB,0,0,0,0,0,3,-1,0,0,0,0,0,-0.1
2023,14,Jeremy Ruckert,NYJ,HOU,TE,0,0,0,0,0,0,0,0,3,3,37,0,6.7
2023,14,Nick Bawden,NYJ,HOU,RB,0,0,0,0,0,1,3,0,0,0,0,0,0.3
2023,14,Randall Cobb,NYJ,HOU,WR,0,0,0,0,0,0,0,0,1,1,15,1,8.5
2023,14,Tyler Conklin,NYJ,HOU,TE,0,0,0,0,0,0,0,0,6,4,57,0,9.7
2023,14,Xavier Gipson,NYJ,HOU,WR,0,0,0,0,0,1,9,1,1,1,3,0,8.2
2023,14,Zach Wilson,NYJ,HOU,QB,36,27,301,2,0,3,12,0,0,0,0,0,19.24
2023,14,A.J. Brown,PHI,DAL,WR,0,0,0,0,0,0,0,0,13,9,94,0,16.4
2023,14,Boston Scott,PHI,DAL,RB,0,0,0,0,0,3,9,0,0,0,0,0,0.9
2023,14,D'Andre Swift,PHI,DAL,RB,0,0,0,0,0,11,39,0,0,0,0,0,3.9
2023,14,Dallas Goedert,PHI,DAL,TE,0,0,0,0,0,0,0,0,4,4,30,0,7.0
2023,14,DeVonta Smith,PHI,DAL,WR,0,0,0,0,0,0,0,0,10,5,73,0,10.3
2023,14,Jalen Hurts,PHI,DAL,QB,27,18,197,0,0,5,30,0,0,0,0,0,8.88
2023,14,Kenny Gainwell,PHI,DAL,RB,0,0,0,0,0,4,28,0,0,0,0,0,2.8
2023,14,Olamide Zaccheaus,PHI,DAL,WR,0,0,0,0,0,0,0,0,1,1,28,0,3.8
2023,14,Allen Robinson,PIT,NWE,WR,0,0,0,0,0,0,0,0,3,1,21,0,3.1
2023,14,Calvin Austin III,PIT,NWE,WR,0,0,0,0,0,1,12,0,0,0,0,0,1.2
2023,14,Connor Heyward,PIT,NWE,RB,1,0,0,0,0,0,0,0,2,2,15,0,3.5
2023,14,Darnell Washington,PIT,NWE,TE,0,0,0,0,0,0,0,0,2,1,12,0,2.2
2023,14,Diontae Johnson,PIT,NWE,WR,0,0,0,0,0,0,0,0,7,3,57,1,14.7
2023,14,George Pickens,PIT,NWE,WR,0,0,0,0,0,0,0,0,6,5,19,0,6.9
2023,14,Jaylen Warren,PIT,NWE,RB,0,0,0,0,0,7,11,0,5,4,29,0,8.0
2023,14,Mitchell Trubisky,PIT,NWE,QB,35,22,190,1,1,8,30,1,0,0,0,0,20.6
2023,14,Najee Harris,PIT,NWE,RB,0,0,0,0,0,12,29,0,3,3,19,0,7.8
2023,14,Pat Freiermuth,PIT,NWE,TE,0,0,0,0,0,0,0,0,7,3,18,0,6.8
2023,14,Colby Parkinson,SEA,SFO,TE,0,0,0,0,0,0,0,0,2,2,28,1,10.8
2023,14,DK Metcalf,SEA,SFO,WR,0,0,0,0,0,0,0,0,5,2,52,1,13.2
2023,14,Drew Lock,SEA,SFO,QB,31,22,269,2,2,3,5,0,0,0,0,0,15.26
2023,14,Jaxon Smith-Njigba,SEA,SFO,WR,0,0,0,0,0,0,0,0,7,4,25,0,6.5
2023,14,Kenneth Walker III,SEA,SFO,RB,0,0,0,0,0,8,21,0,5,4,33,0,9.4
2023,14,Noah Fant,SEA,SFO,TE,0,0,0,0,0,0,0,0,4,2,35,0,5.5
2023,14,Tyler Lockett,SEA,SFO,WR,0,0,0,0,0,0,0,0,6,6,89,0,14.9
2023,14,Will Dissly,SEA,SFO,TE,0,0,0,0,0,0,0,0,1,1,3,0,1.3
2023,14,Zach Charbonnet,SEA,SFO,RB,0,0,0,0,0,9,44,0,1,1,4,0,5.8
2023,14,Brandon Aiyuk,SFO,SEA,WR,0,0,0,0,0,0,0,0,9,6,126,0,16.6
2023,14,Brock Purdy,SFO,SEA,QB,27,19,368,2,1,2,7,0,0,0,0,0,21.42
2023,14,Charlie Woerner,SFO,SEA,TE,0,0,0,0,0,0,0,0,1,1,3,0,1.3
2023,14,Christian McCaffrey,SFO,SEA,RB,0,0,0,0,0,16,145,0,1,1,8,0,16.3
2023,14,Deebo Samuel Sr.,SFO,SEA,WR,0,0,0,0,0,1,1,1,9,7,149,1,34.0
2023,14,George Kittle,SFO,SEA,TE,0,0,0,0,0,0,0,0,5,3,76,1,16.6
2023,14,Jauan Jennings,SFO,SEA,WR,0,0,0,0,0,0,0,0,1,0,0,0,0.0
2023,14,Jordan Mason,SFO,SEA,RB,0,0,0,0,0,4,20,1,1,1,6,0,9.6
2023,14,Baker Mayfield,TAM,ATL,QB,29,14,144,2,0,3,3,1,0,0,0,0,20.06
2023,14,Cade Otton,TAM,ATL,TE,0,0,0,0,0,0,0,0,5,2,16,1,9.6
2023,14,Chase Edmonds,TAM,ATL,RB,0,0,0,0,0,8,40,0,2,2,18,0,7.8
2023,14,Chris Godwin Jr.,TAM,ATL,WR,0,0,0,0,0,0,0,0,11,5,53,0,10.3
2023,14,David Moore,TAM,ATL,WR,0,0,0,0,0,0,0,0,1,1,11,0,2.1
2023,14,Ko Kieft,TAM,ATL,TE,0,0,0,0,0,0,0,0,1,0,0,0,0.0
2023,14,Mike Evans,TAM,ATL,WR,0,0,0,0,0,0,0,0,6,1,8,0,1.8
2023,14,Rachaad White,TAM,ATL,RB,0,0,0,0,0,25,102,0,2,2,33,1,21.5
2023,14,Trey Palmer,TAM,ATL,WR,0,0,0,0,0,1,3,0,1,1,5,0,1.8
2023,14,Chig Okonkwo,TEN,MIA,TE,0,0,0,0,0,0,0,0,6,5,46,0,9.6
2023,14,Chris Moore,TEN,MIA,WR,0,0,0,0,0,0,0,0,1,1,22,0,3.2
2023,14,DeAndre Hopkins,TEN,MIA,WR,0,0,0,0,0,0,0,0,12,7,124,1,25.4
2023,14,Derrick Henry,TEN,MIA,RB,0,0,0,0,0,17,34,2,2,1,17,0,18.1
2023,14,Nick Westbrook-Ikhine,TEN,MIA,WR,0,0,0,0,0,0,0,0,4,2,28,0,6.8
2023,14,Treylon Burks,TEN,MIA,WR,0,0,0,0,0,1,5,0,3,1,1,0,1.6
2023,14,Tyjae Spears,TEN,MIA,RB,0,0,0,0,0,7,29,0,8,6,89,0,17.8
2023,14,Will Levis,TEN,MIA,QB,38,23,327,1,1,4,15,0,0,0,0,0,16.58
2023,15,Clayton Tune,ARI,SFO,QB,0,0,0,0,0,1,0,0,0,0,0,0,0.0
2023,15,Elijah Higgins,ARI,SFO,TE,0,0,0,0,0,0,0,0,4,4,44,1,14.4
2023,15,Emari Demercado,ARI,SFO,RB,0,0,0,0,0,4,64,1,3,1,6,0,14.0
2023,15,Geoff Swaim,ARI,SFO,TE,0,0,0,0,0,0,0,0,1,1,26,0,3.6
2023,15,Greg Dortch,ARI,SFO,WR,0,0,0,0,0,1,5,0,3,2,15,0,4.0
2023,15,James Conner,ARI,SFO,RB,0,0,0,0,0,14,86,1,3,3,3,0,17.9
2023,15,Kyler Murray,ARI,SFO,QB,39,26,211,1,2,6,49,0,0,0,0,0,13.34
2023,15,Michael Carter,ARI,SFO,RB,0,0,0,0,0,3,27,0,3,3,10,0,6.7
2023,15,Michael Wilson,ARI,SFO,WR,0,0,0,0,0,0,0,0,3,0,0,0,0.0
2023,15,Rondale Moore,ARI,SFO,WR,0,0,0,0,0,1,3,0,3,2,5,0,2.8
2023,15,Trey McBride,ARI,SFO,TE,0,0,0,0,0,0,0,0,11,10,102,0,20.2
2023,15,Zach Pascal,ARI,SFO,WR,0,0,0,0,0,0,0,0,4,0,0,0,0.0
2023,15,Bijan Robinson,ATL,CAR,RB,0,0,0,0,0,7,11,0,3,1,3,0,0.4
2023,15,Cordarrelle Patterson,ATL,CAR,RB,0,0,0,0,0,5,-2,0,3,1,2,1,7.0
2023,15,Desmond Ridder,ATL,CAR,QB,20,12,152,1,1,5,-2,0,0,0,0,0,7.88
2023,15,Drake London,ATL,CAR,WR,0,0,0,0,0,0,0,0,3,2,24,0,4.4
2023,15,Jonnu Smith,ATL,CAR,TE,0,0,0,0,0,0,0,0,2,2,61,0,8.1
2023,15,KhaDarel Hodge,ATL,CAR,WR,0,0,0,0,0,0,0,0,1,1,10,0,2.0
2023,15,Kyle Pitts,ATL,CAR,TE,0,0,0,0,0,0,0,0,4,3,37,0,6.7
2023,15,Tucker Fisk,ATL,CAR,TE,0,0,0,0,0,0,0,0,1,1,9,0,1.9
2023,15,Tyler Allgeier,ATL,CAR,RB,0,0,0,0,0,14,45,0,1,1,6,0,6.1
2023,15,Van Jefferson,ATL,CAR,WR,0,0,0,0,0,0,0,0,1,0,0,0,0.0
2023,15,Charlie Kolar,BAL,JAX,TE,0,0,0,0,0,0,0,0,1,1,15,0,2.5
2023,15,Gus Edwards,BAL,JAX,RB,0,0,0,0,0,16,58,1,1,1,11,0,13.9
2023,15,Isaiah Likely,BAL,JAX,TE,0,0,0,0,0,0,0,0,6,5,70,1,18.0
2023,15,Justice Hill,BAL,JAX,RB,0,0,0,0,0,5,23,0,1,0,0,0,2.3
2023,15,Keaton Mitchell,BAL,JAX,RB,0,0,0,0,0,9,73,0,2,2,15,0,10.8
2023,15,Lamar Jackson,BAL,JAX,QB,24,14,171,1,1,12,97,0,0,0,0,0,18.54
2023,15,Nelson Agholor,BAL,JAX,WR,0,0,0,0,0,0,0,0,1,0,0,0,0.0
2023,15,Odell Beckham Jr.,BAL,JAX,WR,0,0,0,0,0,0,0,0,3,1,14,0,2.4
2023,15,Rashod Bateman,BAL,JAX,WR,0,0,0,0,0,0,0,0,6,3,39,0,6.9
2023,15,Zay Flowers,BAL,JAX,WR,0,0,0,0,0,0,0,0,2,1,7,0,1.7
2023,15,Dalton Kincaid,BUF,DAL,TE,0,0,0,0,0,0,0,0,2,0,0,0,0.0
2023,15,Gabe Davis,BUF,DAL,WR,0,0,0,0,0,0,0,0,1,0,0,0,0.0
2023,15,James Cook,BUF,DAL,RB,0,0,0,0,0,25,179,1,3,2,42,1,36.1
2023,15,Josh Allen,BUF,DAL,QB,15,7,94,1,0,8,24,1,0,0,0,0,16.16
2023,15,Khalil Shakir,BUF,DAL,WR,0,0,0,0,0,0,0,0,1,0,0,0,0.0
2023,15,Kyle Allen,BUF,DAL,QB,0,0,0,0,0,2,-2,0,0,0,0,0,-0.2
2023,15,Latavius Murray,BUF,DAL,RB,0,0,0,0,0,5,11,1,0,0,0,0,7.1
2023,15,Stefon Diggs,BUF,DAL,WR,0,0,0,0,0,0,0,0,5,4,48,0,8.8
2023,15,Ty Johnson,BUF,DAL,RB,0,0,0,0,0,9,54,0,1,1,4,0,6.8
2023,15,Adam Thielen,CAR,ATL,WR,0,0,0,0,0,0,0,0,7,4,43,0,8.3
2023,15,Bryce Young,CAR,ATL,QB,24,18,167,0,0,4,9,0,0,0,0,0,7.58
2023,15,Chuba Hubbard,CAR,ATL,RB,0,0,0,0,0,22,87,0,2,2,16,0,12.3
2023,15,DJ Chark,CAR,ATL,WR,0,0,0,0,0,0,0,0,2,1,18,0,2.8
2023,15,Ihmir Smith-Marsette,CAR,ATL,WR,0,0,0,0,0,4,31,0,2,2,1,0,5.2
2023,15,Jonathan Mingo,CAR,ATL,WR,0,0,0,0,0,0,0,0,5,4,32,0,7.2
2023,15,Miles Sanders,CAR,ATL,RB,0,0,0,0,0,6,2,0,2,2,11,0,3.3
2023,15,Stephen Sullivan,CAR,ATL,TE,0,0,0,0,0,0,0,0,1,1,14,0,2.4
2023,15,Tommy Tremble,CAR,ATL,TE,0,0,0,0,0,0,0,0,2,2,32,0,5.2
2023,15,Cole Kmet,CHI,CLE,TE,0,0,0,0,0,0,0,0,7,5,23,1,13.3
2023,15,D'Onta Foreman,CHI,CLE,RB,0,0,0,0,0,6,-6,0,0,0,0,0,-0.6
2023,15,DJ Moore,CHI,CLE,WR,0,0,0,0,0,0,0,0,8,4,52,0,9.2
2023,15,Darnell Mooney,CHI,CLE,WR,0,0,0,0,0,0,0,0,8,2,14,0,3.4
2023,15,Justin Fields,CHI,CLE,QB,40,19,166,1,2,7,30,0,0,0,0,0,9.64
2023,15,Khalil Herbert,CHI,CLE,RB,0,0,0,0,0,6,8,0,1,1,4,0,2.2
2023,15,Robert Tonyan,CHI,CLE,TE,0,0,0,0,0,0,0,0,1,0,0,0,0.0
2023,15,Roschon Johnson,CHI,CLE,RB,0,0,0,0,0,5,36,0,6,4,24,0,10.0
2023,15,Tyler Scott,CHI,CLE,WR,0,0,0,0,0,1,-3,0,4,3,49,0,7.6
2023,15,Velus Jones Jr.,CHI,CLE,WR,0,0,0,0,0,2,23,0,0,0,0,0,2.3
2023,15,Andrei Iosivas,CIN,MIN,WR,0,0,0,0,0,0,0,0,2,1,5,0,1.5
2023,15,Charlie Jones,CIN,MIN,WR,0,0,0,0,0,0,0,0,3,2,10,0,3.0
2023,15,Chase Brown,CIN,MIN,RB,0,0,0,0,0,7,23,0,3,3,28,0,8.1
2023,15,Drew Sample,CIN,MIN,TE,0,0,0,0,0,0,0,0,1,0,0,0,0.0
2023,15,Irv Smith,CIN,MIN,TE,0,0,0,0,0,0,0,0,3,2,18,0,3.8
2023,15,Ja'Marr Chase,CIN,MIN,WR,0,0,0,0,0,0,0,0,4,4,64,0,10.4
2023,15,Jake Browning,CIN,MIN,QB,42,29,324,2,1,4,0,0,0,0,0,0,18.96
2023,15,Joe Mixon,CIN,MIN,RB,0,0,0,0,0,10,47,1,3,3,14,0,15.1
2023,15,Mitchell Wilcox,CIN,MIN,TE,0,0,0,0,0,0,0,0,2,2,20,0,4.0
2023,15,Tanner Hudson,CIN,MIN,TE,0,0,0,0,0,0,0,0,5,5,49,0,9.9
2023,15,Tee Higgins,CIN,MIN,WR,0,0,0,0,0,0,0,0,8,4,61,2,22.1
2023,15,Trayveon Williams,CIN,MIN,RB,0,0,0,0,0,1,10,0,1,1,2,0,2.2
2023,15,Tyler Boyd,CIN,MIN,WR,0,0,0,0,0,0,0,0,5,2,53,0,7.3
2023,15,Amari Cooper,CLE,CHI,WR,0,0,0,0,0,0,0,0,8,4,109,1,20.9
2023,15,Cedric Tillman,CLE,CHI,WR,0,0,0,0,0,0,0,0,8,4,52,0,9.2
2023,15,David Njoku,CLE,CHI,TE,0,0,0,0,0,0,0,0,14,10,104,1,26.4
2023,15,Elijah Moore,CLE,CHI,WR,0,0,0,0,0,0,0,0,3,2,17,0,3.7
2023,15,Harrison Bryant,CLE,CHI,TE,0,0,0,0,0,0,0,0,1,0,0,0,0.0
2023,15,Jerome Ford,CLE,CHI,RB,0,0,0,0,0,8,20,0,5,4,11,0,7.1
2023,15,Joe Flacco,CLE,CHI,QB,44,28,374,2,3,1,-1,0,0,0,0,0,16.86
2023,15,Jordan Akins,CLE,CHI,TE,0,0,0,0,0,0,0,0,1,1,8,0,1.8
2023,15,Kareem Hunt,CLE,CHI,RB,0,0,0,0,0,7,8,0,1,1,12,0,3.0
2023,15,Marquise Goodwin,CLE,CHI,WR,0,0,0,0,0,0,0,0,1,1,57,0,6.7
2023,15,Pierre Strong,CLE,CHI,RB,0,0,0,0,0,2,2,0,2,2,9,0,3.1
2023,15,Brandin Cooks,DAL,BUF,WR,0,0,0,0,0,0,0,0,6,2,10,0,3.0
2023,15,CeeDee Lamb,DAL,BUF,WR,0,0,0,0,0,1,3,1,10,7,53,0,18.6
2023,15,Dak Prescott,DAL,BUF,QB,34,21,134,0,1,4,27,0,0,0,0,0,6.06
2023,15,Hunter Luepke,DAL,BUF,RB,0,0,0,0,0,1,3,0,0,0,0,0,0.3
2023,15,Jake Ferguson,DAL,BUF,TE,0,0,0,0,0,0,0,0,8,6,44,0,10.4
2023,15,Michael Gallup,DAL,BUF,WR,0,0,0,0,0,0,0,0,1,1,9,0,1.9
2023,15,Peyton Hendershot,DAL,BUF,TE,0,0,0,0,0,0,0,0,1,1,5,0,1.5
2023,15,Rico Dowdle,DAL,BUF,RB,0,0,0,0,0,3,4,0,3,2,8,0,3.2
2023,15,Tony Pollard,DAL,BUF,RB,0,0,0,0,0,11,52,0,3,2,5,0,7.7
2023,15,Adam Trautman,DEN,DET,TE,0,0,0,0,0,0,0,0,3,1,24,0,3.4
2023,15,Brandon Johnson,DEN,DET,WR,0,0,0,0,0,0,0,0,1,0,0,0,0.0
2023,15,Courtland Sutton,DEN,DET,WR,0,0,0,0,0,0,0,0,6,5,71,0,12.1
2023,15,Jaleel McLaughlin,DEN,DET,RB,0,0,0,0,0,2,2,0,3,2,16,0,3.8
2023,15,Javonte Williams,DEN,DET,RB,0,0,0,0,0,12,27,0,2,2,-7,0,4.0
2023,15,Jerry Jeudy,DEN,DET,WR,0,0,0,0,0,0,0,0,7,3,74,0,10.4
2023,15,Lil'Jordan Humphrey,DEN,DET,WR,0,0,0,0,0,0,0,0,4,3,16,1,10.6
2023,15,Lucas Krull,DEN,DET,TE,0,0,0,0,0,0,0,0,3,1,18,0,2.8
2023,15,Marvin Mims Jr.,DEN,DET,WR,0,0,0,0,0,1,11,0,2,0,0,0,1.1
2023,15,Russell Wilson,DEN,DET,QB,32,18,223,1,0,7,6,1,0,0,0,0,17.52
2023,15,Samaje Perine,DEN,DET,RB,0,0,0,0,0,6,37,0,1,1,11,0,5.8
2023,15,Amon-Ra St. Brown,DET,DEN,WR,0,0,0,0,0,0,0,0,9,7,112,1,24.2
2023,15,David Montgomery,DET,DEN,RB,0,0,0,0,0,17,85,0,3,2,-3,0,10.2
2023,15,Donovan Peoples-Jones,DET,DEN,WR,0,0,0,0,0,0,0,0,1,1,5,0,1.5
2023,15,Jahmyr Gibbs,DET,DEN,RB,0,0,0,0,0,11,100,1,2,2,8,1,24.8
2023,15,Jameson Williams,DET,DEN,WR,0,0,0,0,0,0,0,0,7,4,47,0,8.7
2023,15,Jared Goff,DET,DEN,QB,34,24,278,5,0,0,0,0,0,0,0,0,31.12
2023,15,Josh Reynolds,DET,DEN,WR,0,0,0,0,0,0,0,0,3,2,41,0,6.1
2023,15,Kalif Raymond,DET,DEN,WR,0,0,0,0,0,0,0,0,1,1,12,0,2.2
2023,15,Sam LaPorta,DET,DEN,TE,0,0,0,0,0,0,0,0,6,5,56,3,28.6
2023,15,Aaron Jones,GNB,TAM,RB,0,0,0,0,0,13,53,0,4,4,16,0,10.9
2023,15,Ben Sims,GNB,TAM,TE,0,0,0,0,0,0,0,0,1,0,0,0,0.0
2023,15,Bo Melton,GNB,TAM,WR,0,0,0,0,0,0,0,0,2,1,7,0,1.7
2023,15,Dontayvion Wicks,GNB,TAM,WR,0,0,0,0,0,0,0,0,7,6,97,0,15.7
2023,15,Jayden Reed,GNB,TAM,WR,0,0,0,0,0,0,0,0,8,6,52,1,17.2
2023,15,Jordan Love,GNB,TAM,QB,39,29,284,2,0,2,1,0,0,0,0,0,17.46
2023,15,Kenyan Drake,GNB,TAM,RB,0,0,0,0,0,1,0,0,0,0,0,0,0.0
2023,15,Malik Heath,GNB,TAM,WR,0,0,0,0,0,0,0,0,3,3,29,0,5.9
2023,15,Patrick Taylor,GNB,TAM,RB,0,0,0,0,0,1,6,0,2,2,-4,0,2.2
2023,15,Romeo Doubs,GNB,TAM,WR,0,0,0,0,0,0,0,0,3,3,30,0,6.0
2023,15,Tucker Kraft,GNB,TAM,TE,0,0,0,0,0,0,0,0,6,4,57,1,15.7
2023,15,Andrew Beck,HOU,TEN,RB,0,0,0,0,0,0,0,0,1,1,-5,0,0.5
2023,15,Brevin Jordan,HOU,TEN,TE,0,0,0,0,0,0,0,0,1,1,14,0,2.4
2023,15,Case Keenum,HOU,TEN,QB,36,23,229,1,1,2,1,0,0,0,0,0,11.26
2023,15,Dalton Schultz,HOU,TEN,TE,0,0,0,0,0,0,0,0,5,4,58,0,9.8
2023,15,Dameon Pierce,HOU,TEN,RB,0,0,0,0,0,1,3,0,0,0,0,0,0.3
2023,15,Dare Ogunbowale,HOU,TEN,RB,0,0,0,0,0,1,17,0,1,0,0,0,1.7
2023,15,Devin Singletary,HOU,TEN,RB,0,0,0,0,0,26,121,0,5,4,49,0,21.0
2023,15,John Metchie III,HOU,TEN,WR,0,0,0,0,0,0,0,0,1,1,1,0,1.1
2023,15,Noah Brown,HOU,TEN,WR,0,0,0,0,0,0,0,0,11,8,82,1,22.2
2023,15,Robert Woods,HOU,TEN,WR,0,0,0,0,0,0,0,0,5,3,30,0,6.0
2023,15,Steven Sims,HOU,TEN,WR,0,0,0,0,0,1,1,0,1,1,0,0,1.1
2023,15,Xavier Hutchinson,HOU,TEN,WR,0,0,0,0,0,1,5,0,3,0,0,0,0.5
2023,15,Alec Pierce,IND,PIT,WR,0,0,0,0,0,0,0,0,5,1,13,0,2.3
2023,15,Andrew Ogletree,IND,PIT,TE,0,0,0,0,0,0,0,0,1,0,0,0,0.0
2023,15,D.J. Montgomery,IND,PIT,WR,0,0,0,0,0,0,0,0,4,2,48,1,12.8
2023,15,Gardner Minshew,IND,PIT,QB,28,18,215,3,0,2,0,0,0,0,0,0,20.6
2023,15,Josh Downs,IND,PIT,WR,0,0,0,0,0,0,0,0,3,3,19,0,4.9
2023,15,Kylen Granson,IND,PIT,TE,0,0,0,0,0,0,0,0,1,1,6,0,1.6
2023,15,Michael Pittman,IND,PIT,WR,0,0,0,0,0,0,0,0,5,4,78,0,11.8
2023,15,Mo Alie-Cox,IND,PIT,TE,0,0,0,0,0,0,0,0,3,2,21,1,10.1
2023,15,Trey Sermon,IND,PIT,RB,0,0,0,0,0,17,88,0,0,0,0,0,8.8
2023,15,Tyler Goodson,IND,PIT,RB,0,0,0,0,0,11,69,0,2,2,10,0,9.9
2023,15,Zack Moss,IND,PIT,RB,0,0,0,0,0,4,13,0,3,3,20,1,12.3
2023,15,Calvin Ridley,JAX,BAL,WR,0,0,0,0,0,0,0,0,12,5,39,0,8.9
2023,15,D'Ernest Johnson,JAX,BAL,RB,0,0,0,0,0,2,5,0,0,0,0,0,0.5
2023,15,Elijah Cooks,JAX,BAL,WR,0,0,0,0,0,0,0,0,1,0,0,0,0.0
2023,15,Evan Engram,JAX,BAL,TE,0,0,0,0,0,0,0,0,6,4,28,0,6.8
2023,15,Jamal Agnew,JAX,BAL,WR,0,0,0,0,0,0,0,0,2,2,70,1,15.0
2023,15,Luke Farrell,JAX,BAL,TE,0,0,0,0,0,0,0,0,1,1,28,0,3.8
2023,15,Parker Washington,JAX,BAL,WR,0,0,0,0,0,0,0,0,6,4,12,0,5.2
2023,15,Tank Bigsby,JAX,BAL,RB,0,0,0,0,0,1,-2,0,0,0,0,0,-0.2
2023,15,Travis Etienne,JAX,BAL,RB,0,0,0,0,0,10,31,0,6,4,28,0,9.9
2023,15,Trevor Lawrence,JAX,BAL,QB,43,25,264,1,0,4,41,0,0,0,0,0,14.66
2023,15,Zay Jones,JAX,BAL,WR,0,0,0,0,0,0,0,0,8,5,59,0,10.9
2023,15,Blake Bell,KAN,NWE,TE,0,0,0,0,0,0,0,0,1,0,0,0,0.0
2023,15,Clyde Edwards-Helaire,KAN,NWE,RB,0,0,0,0,0,13,37,0,4,4,64,1,20.1
2023,15,Jerick McKinnon,KAN,NWE,RB,1,1,4,1,0,4,11,0,3,3,19,1,16.16
2023,15,Justin Watson,KAN,NWE,WR,0,0,0,0,0,0,0,0,3,1,31,0,4.1
2023,15,Kadarius Toney,KAN,NWE,WR,0,0,0,0,0,0,0,0,4,2,5,0,2.5
2023,15,Marquez Valdes-Scantling,KAN,NWE,WR,0,0,0,0,0,0,0,0,1,1,17,0,2.7
2023,15,Noah Gray,KAN,NWE,TE,0,0,0,0,0,0,0,0,2,2,37,0,5.7
2023,15,Patrick Mahomes,KAN,NWE,QB,37,27,305,2,2,3,-5,0,0,0,0,0,15.7
2023,15,Rashee Rice,KAN,NWE,WR,0,0,0,0,0,0,0,0,9,9,91,1,24.1
2023,15,Richie James,KAN,NWE,WR,0,0,0,0,0,0,0,0,1,1,17,0,2.7
2023,15,Travis Kelce,KAN,NWE,TE,0,0,0,0,0,0,0,0,7,5,28,0,7.8
2023,15,Alex Erickson,LAC,LVR,WR,0,0,0,0,0,0,0,0,2,1,13,1,8.3
2023,15,Austin Ekeler,LAC,LVR,RB,0,0,0,0,0,5,9,0,6,4,29,0,7.8
2023,15,Derius Davis,LAC,LVR,WR,0,0,0,0,0,0,0,0,2,1,-2,0,0.8
2023,15,Easton Stick,LAC,LVR,QB,32,23,257,3,1,2,11,0,0,0,0,0,17.38
2023,15,Gerald Everett,LAC,LVR,TE,0,0,0,0,0,0,0,0,8,5,41,0,9.1
2023,15,Isaiah Spiller,LAC,LVR,RB,0,0,0,0,0,16,50,0,0,0,0,0,5.0
2023,15,Jalen Guyton,LAC,LVR,WR,0,0,0,0,0,0,0,0,2,2,19,0,3.9
2023,15,Josh Palmer,LAC,LVR,WR,0,0,0,0,0,0,0,0,4,4,113,1,21.3
2023,15,Joshua Kelley,LAC,LVR,RB,0,0,0,0,0,5,22,0,1,1,6,0,1.8
2023,15,Quentin Johnston,LAC,LVR,WR,0,0,0,0,0,0,0,0,3,2,23,1,10.3
2023,15,Stone Smartt,LAC,LVR,TE,0,0,0,0,0,0,0,0,3,3,15,0,4.5
2023,15,Cooper Kupp,LAR,WAS,WR,0,0,0,0,0,0,0,0,8,8,111,1,25.1
2023,15,Davis Allen,LAR,WAS,TE,0,0,0,0,0,0,0,0,1,1,14,0,2.4
2023,15,Demarcus Robinson,LAR,WAS,WR,0,0,0,0,0,1,23,0,3,2,44,1,14.7
2023,15,Kyren Williams,LAR,WAS,RB,0,0,0,0,0,27,152,1,7,5,3,0,24.5
2023,15,Matthew Stafford,LAR,WAS,QB,33,25,258,2,0,1,2,0,0,0,0,0,18.52
2023,15,Puka Nacua,LAR,WAS,WR,0,0,0,0,0,2,3,0,8,5,50,0,10.3
2023,15,Royce Freeman,LAR,WAS,RB,0,0,0,0,0,6,16,0,0,0,0,0,1.6
2023,15,Tyler Higbee,LAR,WAS,TE,0,0,0,0,0,0,0,0,5,4,36,0,7.6
2023,15,Aidan O'Connell,LVR,LAC,QB,34,20,248,4,0,0,0,0,0,0,0,0,25.92
2023,15,Ameer Abdullah,LVR,LAC,RB,0,0,0,0,0,6,32,0,2,2,13,0,6.5
2023,15,Austin Hooper,LVR,LAC,TE,0,0,0,0,0,0,0,0,1,0,0,0,0.0
2023,15,Brandon Bolden,LVR,LAC,RB,0,0,0,0,0,2,25,1,0,0,0,0,8.5
2023,15,Davante Adams,LVR,LAC,WR,0,0,0,0,0,0,0,0,12,8,101,1,24.1
2023,15,Hunter Renfrow,LVR,LAC,WR,0,0,0,0,0,0,0,0,2,0,0,0,0.0
2023,15,Jakobi Meyers,LVR,LAC,WR,2,2,12,1,0,0,0,0,4,2,32,1,15.68
2023,15,Michael Mayer,LVR,LAC,TE,0,0,0,0,0,0,0,0,5,4,39,1,13.9
2023,15,Tre Tucker,LVR,LAC,WR,0,0,0,0,0,1,-2,0,4,3,59,2,20.7
2023,15,Zamir White,LVR,LAC,RB,0,0,0,0,0,17,69,1,4,3,16,0,17.5
2023,15,Braxton Berrios,MIA,NYJ,WR,0,0,0,0,0,0,0,0,1,1,12,0,2.2
2023,15,Cedrick Wilson Jr.,MIA,NYJ,WR,0,0,0,0,0,0,0,0,3,2,2,0,2.2
2023,15,Chase Claypool,MIA,NYJ,WR,0,0,0,0,0,0,0,0,2,2,8,0,2.8
2023,15,De'Von Achane,MIA,NYJ,RB,0,0,0,0,0,9,32,0,3,3,30,0,9.2
2023,15,Durham Smythe,MIA,NYJ,TE,0,0,0,0,0,0,0,0,4,4,32,0,7.2
2023,15,Jaylen Waddle,MIA,NYJ,WR,0,0,0,0,0,0,0,0,9,8,142,1,28.2
2023,15,Jeff Wilson,MIA,NYJ,RB,0,0,0,0,0,2,5,0,2,1,1,0,1.6
2023,15,Mike White,MIA,NYJ,QB,2,2,4,0,0,2,-2,0,0,0,0,0,-0.04
2023,15,Raheem Mostert,MIA,NYJ,RB,0,0,0,0,0,15,42,2,2,2,1,0,18.3
2023,15,Tua Tagovailoa,MIA,NYJ,QB,24,21,224,1,0,0,0,0,0,0,0,0,12.96
2023,15,Johnny Mundt,MIN,CIN,TE,0,0,0,0,0,0,0,0,1,1,3,0,1.3
2023,15,Jordan Addison,MIN,CIN,WR,0,0,0,0,0,0,0,0,6,6,111,2,29.1
2023,15,Josh Oliver,MIN,CIN,TE,0,0,0,0,0,0,0,0,2,2,14,0,3.4
2023,15,Justin Jefferson,MIN,CIN,WR,1,0,0,0,0,0,0,0,10,7,84,0,15.4
2023,15,K.J. Osborn,MIN,CIN,WR,0,0,0,0,0,0,0,0,2,1,3,0,1.3
2023,15,Kene Nwangwu,MIN,CIN,RB,0,0,0,0,0,1,1,0,0,0,0,0,0.1
2023,15,Nick Mullens,MIN,CIN,QB,33,26,303,2,2,6,10,0,0,0,0,0,17.12
2023,15,T.J. Hockenson,MIN,CIN,TE,0,0,0,0,0,0,0,0,7,6,63,0,12.3
2023,15,Ty Chandler,MIN,CIN,RB,0,0,0,0,0,23,132,1,4,3,25,0,24.7
2023,15,A.T. Perry,NOR,NYG,WR,0,0,0,0,0,0,0,0,2,2,34,0,5.4
2023,15,Alvin Kamara,NOR,NYG,RB,0,0,0,0,0,16,66,0,5,5,44,0,16.0
2023,15,Derek Carr,NOR,NYG,QB,28,23,218,3,0,3,-4,0,0,0,0,0,20.32
2023,15,Foster Moreau,NOR,NYG,TE,0,0,0,0,0,0,0,0,5,3,13,0,4.3
2023,15,Jamaal Williams,NOR,NYG,RB,0,0,0,0,0,8,24,0,1,1,2,0,3.6
2023,15,Jimmy Graham,NOR,NYG,TE,0,0,0,0,0,0,0,0,2,2,9,1,8.9
2023,15,Juwan Johnson,NOR,NYG,TE,0,0,0,0,0,0,0,0,2,2,38,1,11.8
2023,15,Keith Kirkwood,NOR,NYG,WR,0,0,0,0,0,0,0,0,1,1,7,1,7.7
2023,15,Lynn Bowden,NOR,NYG,WR,0,0,0,0,0,0,0,0,5,3,31,0,6.1
2023,15,Rashid Shaheed,NOR,NYG,WR,0,0,0,0,0,0,0,0,4,3,36,0,6.6
2023,15,Taysom Hill,NOR,NYG,TE,1,0,0,0,0,1,1,0,1,1,4,0,1.5
2023,15,Bailey Zappe,NWE,KAN,QB,31,23,180,1,1,1,2,0,0,0,0,0,9.4
2023,15,DeMario Douglas,NWE,KAN,WR,0,0,0,0,0,0,0,0,5,3,33,0,6.3
2023,15,DeVante Parker,NWE,KAN,WR,0,0,0,0,0,0,0,0,5,5,44,0,9.4
2023,15,Ezekiel Elliott,NWE,KAN,RB,0,0,0,0,0,11,25,0,6,5,21,0,9.6
2023,15,Hunter Henry,NWE,KAN,TE,0,0,0,0,0,0,0,0,9,7,66,1,19.6
2023,15,Jalen Reagor,NWE,KAN,WR,0,0,0,0,0,0,0,0,2,0,0,0,0.0
2023,15,Kevin Harris,NWE,KAN,RB,0,0,0,0,0,4,25,1,0,0,0,0,8.5
2023,15,Mike Gesicki,NWE,KAN,TE,0,0,0,0,0,0,0,0,2,1,7,0,1.7
2023,15,Pharaoh Brown,NWE,KAN,TE,0,0,0,0,0,0,0,0,1,1,4,0,1.4
2023,15,Tyquan Thornton,NWE,KAN,WR,0,0,0,0,0,0,0,0,1,1,5,0,1.5
2023,15,Daniel Bellinger,NYG,NOR,TE,0,0,0,0,0,0,0,0,2,2,13,0,3.3
2023,15,Darius Slayton,NYG,NOR,WR,0,0,0,0,0,0,0,0,8,4,63,0,10.3
2023,15,Darren Waller,NYG,NOR,TE,0,0,0,0,0,0,0,0,6,4,40,0,8.0
2023,15,Eric Gray,NYG,NOR,RB,0,0,0,0,0,0,0,0,4,3,6,0,3.6
2023,15,Isaiah Hodgins,NYG,NOR,WR,0,0,0,0,0,0,0,0,1,0,0,0,0.0
2023,15,Jalin Hyatt,NYG,NOR,WR,0,0,0,0,0,0,0,0,3,0,0,0,0.0
2023,15,Lawrence Cager,NYG,NOR,TE,0,0,0,0,0,0,0,0,1,1,9,0,1.9
2023,15,Matt Breida,NYG,NOR,RB,0,0,0,0,0,3,10,0,3,2,11,0,4.1
2023,15,Saquon Barkley,NYG,NOR,RB,0,0,0,0,0,9,14,0,2,2,23,0,5.7
2023,15,Tommy DeVito,NYG,NOR,QB,34,20,177,0,0,4,36,0,0,0,0,0,10.68
2023,15,Tyrod Taylor,NYG,NOR,QB,4,2,13,0,0,0,0,0,0,0,0,0,0.52
2023,15,Wan'Dale Robinson,NYG,NOR,WR,0,0,0,0,0,0,0,0,4,4,25,0,6.5
2023,15,Allen Lazard,NYJ,MIA,WR,0,0,0,0,0,0,0,0,6,3,21,0,5.1
2023,15,Breece Hall,NYJ,MIA,RB,0,0,0,0,0,6,12,0,2,1,6,0,2.8
2023,15,Dalvin Cook,NYJ,MIA,RB,0,0,0,0,0,1,4,0,1,1,6,0,2.0
2023,15,Garrett Wilson,NYJ,MIA,WR,0,0,0,0,0,0,0,0,4,3,29,0,5.9
2023,15,Israel Abanikanda,NYJ,MIA,RB,0,0,0,0,0,4,8,0,2,2,11,0,3.9
2023,15,Jeremy Ruckert,NYJ,MIA,TE,0,0,0,0,0,0,0,0,2,2,16,0,3.6
2023,15,Randall Cobb,NYJ,MIA,WR,0,0,0,0,0,0,0,0,3,0,0,0,0.0
2023,15,Trevor Siemian,NYJ,MIA,QB,26,14,110,0,2,0,0,0,0,0,0,0,-1.6
2023,15,Tyler Conklin,NYJ,MIA,TE,0,0,0,0,0,0,0,0,7,4,18,0,5.8
2023,15,Xavier Gipson,NYJ,MIA,WR,0,0,0,0,0,0,0,0,6,2,29,0,4.9
2023,15,Zach Wilson,NYJ,MIA,QB,11,4,26,0,0,0,0,0,0,0,0,0,-0.96
2023,15,A.J. Brown,PHI,SEA,WR,0,0,0,0,0,0,0,0,10,5,56,0,10.6
2023,15,D'Andre Swift,PHI,SEA,RB,0,0,0,0,0,18,74,0,3,2,1,0,9.5
2023,15,Dallas Goedert,PHI,SEA,TE,0,0,0,0,0,1,1,0,9,4,30,0,7.1
2023,15,DeVonta Smith,PHI,SEA,WR,0,0,0,0,0,0,0,0,5,5,50,0,10.0
2023,15,Jalen Hurts,PHI,SEA,QB,31,17,143,0,2,13,82,2,0,0,0,0,21.92
2023,15,Julio Jones,PHI,SEA,WR,0,0,0,0,0,0,0,0,1,1,6,0,1.6
2023,15,Kenny Gainwell,PHI,SEA,RB,0,0,0,0,0,6,21,0,1,0,0,0,2.1
2023,15,Quez Watkins,PHI,SEA,WR,0,0,0,0,0,0,0,0,1,0,0,0,0.0
2023,15,Allen Robinson,PIT,IND,WR,0,0,0,0,0,0,0,0,3,3,19,0,4.9
2023,15,Diontae Johnson,PIT,IND,WR,0,0,0,0,0,0,0,0,6,4,62,1,16.2
2023,15,George Pickens,PIT,IND,WR,0,0,0,0,0,0,0,0,7,3,47,0,7.7
2023,15,Jaylen Warren,PIT,IND,RB,0,0,0,0,0,10,40,0,6,5,28,0,11.8
2023,15,Mason Rudolph,PIT,IND,QB,3,2,3,0,0,0,0,0,0,0,0,0,0.12
2023,15,Mitchell Trubisky,PIT,IND,QB,23,16,169,1,2,2,1,1,0,0,0,0,12.86
2023,15,Najee Harris,PIT,IND,RB,0,0,0,0,0,12,33,0,0,0,0,0,1.3
2023,15,Pat Freiermuth,PIT,IND,TE,0,0,0,0,0,0,0,0,4,3,16,0,4.6
2023,15,Colby Parkinson,SEA,PHI,TE,0,0,0,0,0,0,0,0,1,1,6,0,1.6
2023,15,DK Metcalf,SEA,PHI,WR,0,0,0,0,0,0,0,0,6,5,78,0,12.8
2023,15,Drew Lock,SEA,PHI,QB,33,22,208,1,0,1,-2,0,0,0,0,0,12.12
2023,15,Jake Bobo,SEA,PHI,WR,0,0,0,0,0,0,0,0,1,1,4,0,1.4
2023,15,Jaxon Smith-Njigba,SEA,PHI,WR,0,0,0,0,0,0,0,0,4,4,48,1,14.8
2023,15,Kenneth Walker III,SEA,PHI,RB,0,0,0,0,0,19,86,1,3,3,26,0,20.2
2023,15,Noah Fant,SEA,PHI,TE,0,0,0,0,0,0,0,0,5,3,16,0,4.6
2023,15,Tyler Lockett,SEA,PHI,WR,0,0,0,0,0,0,0,0,9,3,21,0,5.1
2023,15,Will Dissly,SEA,PHI,TE,0,0,0,0,0,0,0,0,2,2,9,0,2.9
2023,15,Zach Charbonnet,SEA,PHI,RB,0,0,0,0,0,4,16,0,1,0,0,0,1.6
2023,15,Brandon Aiyuk,SFO,ARI,WR,0,0,0,0,0,0,0,0,5,3,37,0,6.7
2023,15,Brock Purdy,SFO,ARI,QB,25,16,242,4,0,0,0,0,0,0,0,0,25.68
2023,15,Christian McCaffrey,SFO,ARI,RB,0,0,0,0,0,18,115,1,5,5,72,2,41.7
2023,15,Deebo Samuel Sr.,SFO,ARI,WR,0,0,0,0,0,1,11,0,7,4,48,2,21.9
2023,15,George Kittle,SFO,ARI,TE,0,0,0,0,0,0,0,0,4,2,54,0,7.4
2023,15,Jauan Jennings,SFO,ARI,WR,0,0,0,0,0,0,0,0,2,2,25,0,4.5
2023,15,Jordan Mason,SFO,ARI,RB,0,0,0,0,0,5,20,0,0,0,0,0,2.0
2023,15,Kyle Juszczyk,SFO,ARI,RB,0,0,0,0,0,0,0,0,2,2,26,0,4.6
2023,15,Ronnie Bell,SFO,ARI,WR,0,0,0,0,0,0,0,0,1,0,0,0,0.0
2023,15,Sam Darnold,SFO,ARI,QB,3,2,20,0,0,2,-2,0,0,0,0,0,0.6
2023,15,Baker Mayfield,TAM,GNB,QB,28,22,381,4,0,2,-2,0,0,0,0,0,29.04
2023,15,Cade Otton,TAM,GNB,TE,0,0,0,0,0,0,0,0,2,2,44,0,6.4
2023,15,Chase Edmonds,TAM,GNB,RB,0,0,0,0,0,3,13,0,0,0,0,0,1.3
2023,15,Chris Godwin Jr.,TAM,GNB,WR,0,0,0,0,0,0,0,0,12,10,155,0,25.5
2023,15,David Moore,TAM,GNB,WR,0,0,0,0,0,0,0,0,2,2,68,1,14.8
2023,15,Deven Thompkins,TAM,GNB,WR,0,0,0,0,0,1,-1,0,0,0,0,0,-0.1
2023,15,Ko Kieft,TAM,GNB,TE,0,0,0,0,0,0,0,0,1,1,2,1,7.2
2023,15,Mike Evans,TAM,GNB,WR,0,0,0,0,0,0,0,0,6,4,57,1,15.7
2023,15,Rachaad White,TAM,GNB,RB,0,0,0,0,0,21,89,0,2,2,50,1,21.9
2023,15,Trey Palmer,TAM,GNB,WR,0,0,0,0,0,0,0,0,2,1,5,0,1.5
2023,15,Chig Okonkwo,TEN,HOU,TE,0,0,0,0,0,0,0,0,3,3,36,0,6.6
2023,15,Chris Moore,TEN,HOU,WR,0,0,0,0,0,0,0,0,4,3,39,0,6.9
2023,15,DeAndre Hopkins,TEN,HOU,WR,0,0,0,0,0,0,0,0,9,2,21,0,4.1
2023,15,Derrick Henry,TEN,HOU,RB,0,0,0,0,0,16,9,0,4,4,1,0,5.0
2023,15,Nick Westbrook-Ikhine,TEN,HOU,WR,0,0,0,0,0,0,0,0,2,1,33,0,4.3
2023,15,Treylon Burks,TEN,HOU,WR,0,0,0,0,0,1,2,0,3,3,62,0,9.4
2023,15,Tyjae Spears,TEN,HOU,RB,0,0,0,0,0,9,30,0,1,1,7,0,4.7
2023,15,Will Levis,TEN,HOU,QB,26,17,199,0,1,4,25,1,0,0,0,0,14.46
2023,15,Antonio Gibson,WAS,LAR,RB,0,0,0,0,0,4,15,0,5,5,20,0,8.5
2023,15,Byron Pringle,WAS,LAR,WR,0,0,0,0,0,0,0,0,1,1,5,0,1.5
2023,15,Chris Rodriguez Jr.,WAS,LAR,RB,0,0,0,0,0,10,35,0,0,0,0,0,3.5
2023,15,Curtis Samuel,WAS,LAR,WR,0,0,0,0,0,0,0,0,9,5,41,2,21.1
2023,15,Dyami Brown,WAS,LAR,WR,0,0,0,0,0,0,0,0,1,0,0,0,0.0
2023,15,Jacoby Brissett,WAS,LAR,QB,10,8,124,2,0,2,9,0,0,0,0,0,13.86
2023,15,Jahan Dotson,WAS,LAR,WR,0,0,0,0,0,0,0,0,1,1,12,0,2.2
2023,15,John Bates,WAS,LAR,TE,0,0,0,0,0,0,0,0,1,0,0,0,0.0
2023,15,Jonathan Williams,WAS,LAR,RB,0,0,0,0,0,1,-2,0,1,0,0,0,-0.2
2023,15,Logan Thomas,WAS,LAR,TE,0,0,0,0,0,0,0,0,3,1,7,0,1.7
2023,15,Sam Howell,WAS,LAR,QB,26,11,102,1,1,3,22,0,0,0,0,0,8.28
2023,15,Terry McLaurin,WAS,LAR,WR,0,0,0,0,0,0,0,0,12,6,141,1,26.1
2023,16,Elijah Higgins,ARI,CHI,TE,0,0,0,0,0,0,0,0,3,2,17,0,3.7
2023,16,Emari Demercado,ARI,CHI,RB,0,0,0,0,0,2,10,0,8,7,40,0,12.0
2023,16,Greg Dortch,ARI,CHI,WR,0,0,0,0,0,0,0,0,5,2,45,1,12.5
2023,16,James Conner,ARI,CHI,RB,0,0,0,0,0,12,45,0,5,5,67,1,22.2
2023,16,Kyler Murray,ARI,CHI,QB,38,24,230,2,0,5,32,0,0,0,0,0,20.4
2023,16,Michael Carter,ARI,CHI,RB,0,0,0,0,0,0,0,0,1,0,0,0,0.0
2023,16,Michael Wilson,ARI,CHI,WR,0,0,0,0,0,0,0,0,4,0,0,0,0.0
2023,16,Rondale Moore,ARI,CHI,WR,0,0,0,0,0,1,6,0,3,2,30,0,5.6
2023,16,Trey McBride,ARI,CHI,TE,0,0,0,0,0,0,0,0,8,6,31,0,9.1
2023,16,Bijan Robinson,ATL,IND,RB,0,0,0,0,0,12,72,0,10,7,50,0,19.2
2023,16,Cordarrelle Patterson,ATL,IND,RB,0,0,0,0,0,7,26,0,2,2,7,0,5.3
2023,16,Drake London,ATL,IND,WR,0,0,0,0,0,0,0,0,4,3,39,0,6.9
2023,16,Jonnu Smith,ATL,IND,TE,0,0,0,0,0,0,0,0,6,4,32,0,7.2
2023,16,KhaDarel Hodge,ATL,IND,WR,0,0,0,0,0,0,0,0,1,1,5,0,1.5
2023,16,Kyle Pitts,ATL,IND,TE,0,0,0,0,0,0,0,0,4,3,49,1,13.9
2023,16,Scott Miller,ATL,IND,WR,0,0,0,0,0,0,0,0,1,1,15,0,2.5
2023,16,Taylor Heinicke,ATL,IND,QB,33,23,229,1,0,2,10,0,0,0,0,0,14.16
2023,16,Tyler Allgeier,ATL,IND,RB,0,0,0,0,0,9,69,1,1,1,19,0,15.8
2023,16,Van Jefferson,ATL,IND,WR,0,0,0,0,0,0,0,0,3,1,13,0,2.3
2023,16,Charlie Kolar,BAL,SFO,TE,0,0,0,0,0,0,0,0,1,1,17,0,2.7
2023,16,Gus Edwards,BAL,SFO,RB,0,0,0,0,0,9,31,1,1,1,39,0,14.0
2023,16,Isaiah Likely,BAL,SFO,TE,0,0,0,0,0,0,0,0,4,3,56,0,8.6
2023,16,Justice Hill,BAL,SFO,RB,0,0,0,0,0,10,26,0,3,3,31,0,8.7
2023,16,Lamar Jackson,BAL,SFO,QB,35,23,252,2,0,7,45,0,0,0,0,0,22.58
2023,16,Nelson Agholor,BAL,SFO,WR,0,0,0,0,0,0,0,0,4,3,10,1,10.0
2023,16,Odell Beckham Jr.,BAL,SFO,WR,0,0,0,0,0,0,0,0,3,2,13,0,3.3
2023,16,Patrick Ricard,BAL,SFO,RB,0,0,0,0,0,0,0,0,1,0,0,0,0.0
2023,16,Rashod Bateman,BAL,SFO,WR,0,0,0,0,0,0,0,0,4,1,14,0,2.4
2023,16,Zay Flowers,BAL,SFO,WR,0,0,0,0,0,0,0,0,13,9,72,1,22.2
2023,16,Dalton Kincaid,BUF,LAC,TE,0,0,0,0,0,0,0,0,2,1,7,0,1.7
2023,16,Dawson Knox,BUF,LAC,TE,0,0,0,0,0,0,0,0,2,2,26,0,4.6
2023,16,Gabe Davis,BUF,LAC,WR,0,0,0,0,0,0,0,0,6,4,130,1,23.0
2023,16,James Cook,BUF,LAC,RB,0,0,0,0,0,20,70,0,0,0,0,0,5.0
2023,16,Josh Allen,BUF,LAC,QB,21,15,237,1,1,5,15,2,0,0,0,0,24.98
2023,16,Khalil Shakir,BUF,LAC,WR,0,0,0,0,0,0,0,0,3,3,45,0,7.5
2023,16,Leonard Fournette,BUF,LAC,RB,0,0,0,0,0,5,20,0,0,0,0,0,2.0
2023,16,Stefon Diggs,BUF,LAC,WR,0,0,0,0,0,0,0,0,8,5,29,0,7.9
2023,16,Adam Thielen,CAR,GNB,WR,0,0,0,0,0,0,0,0,8,6,94,0,15.4
2023,16,Bryce Young,CAR,GNB,QB,36,23,312,2,0,4,17,0,0,0,0,0,22.18
2023,16,Chuba Hubbard,CAR,GNB,RB,0,0,0,0,0,16,43,1,1,1,8,0,12.1
2023,16,DJ Chark,CAR,GNB,WR,0,0,0,0,0,0,0,0,8,6,98,2,27.8
2023,16,Ihmir Smith-Marsette,CAR,GNB,WR,0,0,0,0,0,2,33,1,1,1,18,0,12.1
2023,16,Jonathan Mingo,CAR,GNB,WR,0,0,0,0,0,0,0,0,1,1,9,0,1.9
2023,16,Miles Sanders,CAR,GNB,RB,0,0,0,0,0,3,3,0,2,1,5,0,1.8
2023,16,Stephen Sullivan,CAR,GNB,TE,0,0,0,0,0,0,0,0,5,3,21,0,5.1
2023,16,Tommy Tremble,CAR,GNB,TE,0,0,0,0,0,0,0,0,6,4,59,0,9.9
2023,16,Cole Kmet,CHI,ARI,TE,0,0,0,0,0,0,0,0,5,4,107,0,14.7
2023,16,DJ Moore,CHI,ARI,WR,0,0,0,0,0,0,0,0,6,3,18,0,4.8
2023,16,Darnell Mooney,CHI,ARI,WR,0,0,0,0,0,0,0,0,4,2,5,0,2.5
2023,16,Justin Fields,CHI,ARI,QB,27,15,170,1,1,9,97,1,0,0,0,0,24.5
2023,16,Khalil Herbert,CHI,ARI,RB,0,0,0,0,0,20,112,1,2,1,9,0,19.1
2023,16,Marcedes Lewis,CHI,ARI,TE,0,0,0,0,0,0,0,0,1,1,1,1,7.1
2023,16,Robert Tonyan,CHI,ARI,TE,0,0,0,0,0,0,0,0,1,1,14,0,2.4
2023,16,Roschon Johnson,CHI,ARI,RB,0,0,0,0,0,9,37,0,3,3,16,0,8.3
2023,16,Velus Jones Jr.,CHI,ARI,WR,0,0,0,0,0,1,4,0,1,0,0,0,0.4
2023,16,Andrei Iosivas,CIN,PIT,WR,0,0,0,0,0,0,0,0,8,4,36,0,7.6
2023,16,Charlie Jones,CIN,PIT,WR,0,0,0,0,0,0,0,0,1,1,-1,0,0.9
2023,16,Chase Brown,CIN,PIT,RB,0,0,0,0,0,4,16,0,2,2,8,0,4.4
2023,16,Drew Sample,CIN,PIT,TE,0,0,0,0,0,0,0,0,3,3,38,0,6.8
2023,16,Jake Browning,CIN,PIT,QB,42,28,335,1,3,1,0,0,0,0,0,0,13.4
2023,16,Joe Mixon,CIN,PIT,RB,0,0,0,0,0,11,43,0,4,2,7,0,9.0
2023,16,Mitchell Wilcox,CIN,PIT,TE,0,0,0,0,0,0,0,0,1,1,6,0,1.6
2023,16,Tanner Hudson,CIN,PIT,TE,0,0,0,0,0,0,0,0,2,1,5,0,1.5
2023,16,Tee Higgins,CIN,PIT,WR,0,0,0,0,0,0,0,0,8,5,140,1,25.0
2023,16,Trenton Irwin,CIN,PIT,WR,0,0,0,0,0,0,0,0,4,4,37,0,7.7
2023,16,Tyler Boyd,CIN,PIT,WR,0,0,0,0,0,0,0,0,7,5,59,0,10.9
2023,16,Amari Cooper,CLE,HOU,WR,0,0,0,0,0,0,0,0,15,11,265,2,51.5
2023,16,Cedric Tillman,CLE,HOU,WR,0,0,0,0,0,0,0,0,2,2,13,0,3.3
2023,16,David Bell,CLE,HOU,WR,0,0,0,0,0,0,0,0,2,1,6,0,1.6
2023,16,David Njoku,CLE,HOU,TE,0,0,0,0,0,0,0,0,9,6,44,1,16.4
2023,16,Dorian Thompson-Robinson,CLE,HOU,QB,2,1,6,0,0,1,-5,0,0,0,0,0,1.74
2023,16,Elijah Moore,CLE,HOU,WR,0,0,0,0,0,0,0,0,4,2,19,0,3.9
2023,16,Harrison Bryant,CLE,HOU,TE,0,0,0,0,0,0,0,0,1,1,6,0,1.6
2023,16,Jerome Ford,CLE,HOU,RB,0,0,0,0,0,15,25,1,2,1,-2,0,9.3
2023,16,Joe Flacco,CLE,HOU,QB,42,27,368,3,2,2,1,0,0,0,0,0,24.82
2023,16,Jordan Akins,CLE,HOU,TE,0,0,0,0,0,0,0,0,2,2,18,0,3.8
2023,16,Kareem Hunt,CLE,HOU,RB,0,0,0,0,0,7,11,1,4,2,5,0,9.6
2023,16,Marquise Goodwin,CLE,HOU,WR,0,0,0,0,0,0,0,0,1,0,0,0,0.0
2023,16,Pierre Strong,CLE,HOU,RB,0,0,0,0,0,5,22,0,1,0,0,0,2.2
2023,16,Brandin Cooks,DAL,MIA,WR,0,0,0,0,0,1,9,0,2,2,14,1,10.3
2023,16,CeeDee Lamb,DAL,MIA,WR,0,0,0,0,0,2,14,0,10,6,118,1,25.2
2023,16,Dak Prescott,DAL,MIA,QB,32,20,253,2,0,5,25,0,0,0,0,0,18.62
2023,16,Hunter Luepke,DAL,MIA,RB,0,0,0,0,0,2,3,0,1,1,8,0,2.1
2023,16,Jake Ferguson,DAL,MIA,TE,0,0,0,0,0,0,0,0,8,4,45,0,8.5
2023,16,Jalen Tolbert,DAL,MIA,WR,0,0,0,0,0,0,0,0,2,2,51,0,7.1
2023,16,KaVontae Turpin,DAL,MIA,WR,0,0,0,0,0,1,4,0,1,1,4,0,1.8
2023,16,Luke Schoonmaker,DAL,MIA,TE,0,0,0,0,0,0,0,0,1,1,4,0,1.4
2023,16,Michael Gallup,DAL,MIA,WR,0,0,0,0,0,0,0,0,2,2,4,0,2.4
2023,16,Peyton Hendershot,DAL,MIA,TE,0,0,0,0,0,0,0,0,2,0,0,0,0.0
2023,16,Rico Dowdle,DAL,MIA,RB,0,0,0,0,0,2,4,0,2,0,0,0,0.4
2023,16,Tony Pollard,DAL,MIA,RB,0,0,0,0,0,12,38,0,1,1,5,0,5.3
2023,16,Adam Trautman,DEN,NWE,TE,0,0,0,0,0,0,0,0,1,0,0,0,0.0
2023,16,Brandon Johnson,DEN,NWE,WR,0,0,0,0,0,0,0,0,5,3,47,1,15.7
2023,16,Courtland Sutton,DEN,NWE,WR,0,0,0,0,0,0,0,0,1,0,0,0,0.0
2023,16,Jaleel McLaughlin,DEN,NWE,RB,0,0,0,0,0,6,37,0,5,4,30,0,10.7
2023,16,Javonte Williams,DEN,NWE,RB,0,0,0,0,0,11,24,1,3,3,-5,0,10.9
2023,16,Jerry Jeudy,DEN,NWE,WR,0,0,0,0,0,0,0,0,5,3,44,0,7.4
2023,16,Lucas Krull,DEN,NWE,TE,0,0,0,0,0,0,0,0,5,4,28,1,12.8
2023,16,Marvin Mims Jr.,DEN,NWE,WR,0,0,0,0,0,0,0,0,4,3,63,0,9.3
2023,16,Michael Burton,DEN,NWE,RB,0,0,0,0,0,1,0,0,1,1,4,0,1.4
2023,16,Russell Wilson,DEN,NWE,QB,37,25,238,2,0,4,20,0,0,0,0,0,23.52
2023,16,Samaje Perine,DEN,NWE,RB,0,0,0,0,0,1,2,0,5,4,27,0,6.9
2023,16,Amon-Ra St. Brown,DET,MIN,WR,0,0,0,0,0,0,0,0,14,12,106,1,28.6
2023,16,David Montgomery,DET,MIN,RB,0,0,0,0,0,17,55,1,2,2,14,0,14.9
2023,16,Donovan Peoples-Jones,DET,MIN,WR,0,0,0,0,0,0,0,0,1,1,11,0,2.1
2023,16,Jahmyr Gibbs,DET,MIN,RB,0,0,0,0,0,15,80,2,7,4,20,0,24.0
2023,16,Jameson Williams,DET,MIN,WR,0,0,0,0,0,0,0,0,6,5,43,0,9.3
2023,16,Jared Goff,DET,MIN,QB,40,30,257,1,0,3,0,0,0,0,0,0,14.28
2023,16,Josh Reynolds,DET,MIN,WR,0,0,0,0,0,0,0,0,4,1,16,0,2.6
2023,16,Kalif Raymond,DET,MIN,WR,0,0,0,0,0,1,8,0,2,2,29,0,5.7
2023,16,Sam LaPorta,DET,MIN,TE,0,0,0,0,0,0,0,0,3,3,18,0,4.8
2023,16,AJ Dillon,GNB,CAR,RB,0,0,0,0,0,7,12,1,0,0,0,0,7.2
2023,16,Aaron Jones,GNB,CAR,RB,0,0,0,0,0,21,127,0,3,1,8,0,14.5
2023,16,Bo Melton,GNB,CAR,WR,0,0,0,0,0,1,7,0,6,4,44,0,9.1
2023,16,Dontayvion Wicks,GNB,CAR,WR,0,0,0,0,0,0,0,0,2,2,29,1,10.9
2023,16,Jordan Love,GNB,CAR,QB,28,17,219,2,0,2,12,1,0,0,0,0,23.96
2023,16,Malik Heath,GNB,CAR,WR,0,0,0,0,0,0,0,0,1,1,0,0,1.0
2023,16,Patrick Taylor,GNB,CAR,RB,0,0,0,0,0,3,4,0,1,1,-1,0,1.3
2023,16,Romeo Doubs,GNB,CAR,WR,0,0,0,0,0,0,0,0,5,4,79,1,17.9
2023,16,Samori Toure,GNB,CAR,WR,0,0,0,0,0,0,0,0,2,0,0,0,0.0
2023,16,Tucker Kraft,GNB,CAR,TE,0,0,0,0,0,0,0,0,6,4,60,0,10.0
2023,16,Andrew Beck,HOU,CLE,RB,0,0,0,0,0,0,0,0,2,2,6,1,8.6
2023,16,Brevin Jordan,HOU,CLE,TE,0,0,0,0,0,0,0,0,3,2,27,0,4.7
2023,16,Case Keenum,HOU,CLE,QB,17,11,62,0,2,0,0,0,0,0,0,0,-1.52
2023,16,Dalton Schultz,HOU,CLE,TE,0,0,0,0,0,0,0,0,11,8,61,0,14.1
2023,16,Dameon Pierce,HOU,CLE,RB,0,0,0,0,0,3,6,0,2,1,10,0,8.6
2023,16,Dare Ogunbowale,HOU,CLE,RB,0,0,0,0,0,1,6,0,3,0,0,0,0.6
2023,16,Davis Mills,HOU,CLE,QB,32,15,149,2,0,2,9,0,0,0,0,0,16.86
2023,16,Devin Singletary,HOU,CLE,RB,0,0,0,0,0,9,44,0,3,3,19,0,9.3
2023,16,John Metchie III,HOU,CLE,WR,0,0,0,0,0,0,0,0,3,0,0,0,0.0
2023,16,Nico Collins,HOU,CLE,WR,0,0,0,0,0,0,0,0,6,4,18,1,13.8
2023,16,Noah Brown,HOU,CLE,WR,0,0,0,0,0,0,0,0,7,3,38,0,6.8
2023,16,Robert Woods,HOU,CLE,WR,0,0,0,0,0,1,7,0,6,2,14,0,4.1
2023,16,Xavier Hutchinson,HOU,CLE,WR,0,0,0,0,0,0,0,0,2,1,18,0,2.8
2023,16,Alec Pierce,IND,ATL,WR,0,0,0,0,0,0,0,0,7,3,30,0,6.0
2023,16,D.J. Montgomery,IND,ATL,WR,0,0,0,0,0,0,0,0,4,1,8,0,1.8
2023,16,Gardner Minshew,IND,ATL,QB,37,20,201,0,1,4,31,0,0,0,0,0,9.14
2023,16,Jonathan Taylor,IND,ATL,RB,0,0,0,0,0,18,43,1,1,0,0,0,10.3
2023,16,Josh Downs,IND,ATL,WR,0,0,0,0,0,0,0,0,9,6,39,0,9.9
2023,16,Kylen Granson,IND,ATL,TE,0,0,0,0,0,0,0,0,7,5,62,0,11.2
2023,16,Mo Alie-Cox,IND,ATL,TE,0,0,0,0,0,0,0,0,1,0,0,0,0.0
2023,16,Trey Sermon,IND,ATL,RB,0,0,0,0,0,2,3,0,0,0,0,0,0.3
2023,16,Tyler Goodson,IND,ATL,RB,0,0,0,0,0,1,15,0,2,1,15,0,4.0
2023,16,Will Mallory,IND,ATL,TE,0,0,0,0,0,0,0,0,4,4,47,0,8.7
2023,16,C.J. Beathard,JAX,TAM,QB,15,11,94,1,0,1,6,0,0,0,0,0,8.36
2023,16,Calvin Ridley,JAX,TAM,WR,0,0,0,0,0,1,-12,0,9,6,90,2,25.8
2023,16,D'Ernest Johnson,JAX,TAM,RB,0,0,0,0,0,1,2,0,0,0,0,0,0.2
2023,16,Elijah Cooks,JAX,TAM,WR,0,0,0,0,0,0,0,0,3,3,38,0,6.8
2023,16,Evan Engram,JAX,TAM,TE,0,0,0,0,0,0,0,0,15,10,95,0,17.5
2023,16,Jamal Agnew,JAX,TAM,WR,0,0,0,0,0,0,0,0,5,1,12,0,2.2
2023,16,Parker Washington,JAX,TAM,WR,0,0,0,0,0,0,0,0,4,2,19,0,3.9
2023,16,Tim Jones,JAX,TAM,WR,0,0,0,0,0,0,0,0,5,3,32,0,6.2
2023,16,Travis Etienne,JAX,TAM,RB,0,0,0,0,0,6,12,0,3,3,19,0,6.1
2023,16,Trevor Lawrence,JAX,TAM,QB,29,17,211,1,2,4,29,0,0,0,0,0,9.34
2023,16,Blake Bell,KAN,LVR,TE,0,0,0,0,0,0,0,0,1,1,4,0,1.4
2023,16,Clyde Edwards-Helaire,KAN,LVR,RB,0,0,0,0,0,4,6,0,3,3,42,0,7.8
2023,16,Isiah Pacheco,KAN,LVR,RB,0,0,0,0,0,11,26,1,4,4,0,0,10.6
2023,16,Justin Watson,KAN,LVR,WR,0,0,0,0,0,0,0,0,6,4,38,1,13.8
2023,16,Justyn Ross,KAN,LVR,WR,0,0,0,0,0,0,0,0,1,1,2,0,1.2
2023,16,Marquez Valdes-Scantling,KAN,LVR,WR,0,0,0,0,0,0,0,0,1,0,0,0,0.0
2023,16,Noah Gray,KAN,LVR,TE,0,0,0,0,0,0,0,0,3,1,5,0,1.5
2023,16,Patrick Mahomes,KAN,LVR,QB,44,27,235,1,1,10,53,0,0,0,0,0,16.7
2023,16,Rashee Rice,KAN,LVR,WR,0,0,0,0,0,0,0,0,12,6,57,0,11.7
2023,16,Richie James,KAN,LVR,WR,0,0,0,0,0,0,0,0,3,3,54,0,8.4
2023,16,Travis Kelce,KAN,LVR,TE,0,0,0,0,0,0,0,0,7,5,44,0,9.4
2023,16,Alex Erickson,LAC,BUF,WR,0,0,0,0,0,0,0,0,2,2,31,0,5.1
2023,16,Austin Ekeler,LAC,BUF,RB,0,0,0,0,0,15,65,0,4,3,21,0,11.6
2023,16,Derius Davis,LAC,BUF,WR,0,0,0,0,0,1,8,0,1,1,6,0,2.4
2023,16,Easton Stick,LAC,BUF,QB,33,23,215,0,0,7,25,1,0,0,0,0,17.1
2023,16,Gerald Everett,LAC,BUF,TE,0,0,0,0,0,0,0,0,8,7,42,0,11.2
2023,16,Isaiah Spiller,LAC,BUF,RB,0,0,0,0,0,2,1,0,1,1,4,0,1.5
2023,16,Jalen Guyton,LAC,BUF,WR,0,0,0,0,0,0,0,0,2,1,12,0,2.2
2023,16,Josh Palmer,LAC,BUF,WR,0,0,0,0,0,0,0,0,8,5,47,0,9.7
2023,16,Joshua Kelley,LAC,BUF,RB,0,0,0,0,0,1,-2,0,0,0,0,0,-0.2
2023,16,Quentin Johnston,LAC,BUF,WR,0,0,0,0,0,1,1,0,5,2,29,0,5.0
2023,16,Stone Smartt,LAC,BUF,TE,0,0,0,0,0,0,0,0,1,1,23,0,3.3
2023,16,Cooper Kupp,LAR,NOR,WR,0,0,0,0,0,1,-3,0,12,6,52,0,10.9
2023,16,Demarcus Robinson,LAR,NOR,WR,0,0,0,0,0,0,0,0,6,6,82,1,20.2
2023,16,Kyren Williams,LAR,NOR,RB,0,0,0,0,0,22,104,1,0,0,0,0,16.4
2023,16,Matthew Stafford,LAR,NOR,QB,34,24,328,2,0,1,-4,0,0,0,0,0,20.72
2023,16,Puka Nacua,LAR,NOR,WR,0,0,0,0,0,2,16,0,11,9,164,1,33.0
2023,16,Ronnie Rivers,LAR,NOR,RB,0,0,0,0,0,6,20,0,0,0,0,0,2.0
2023,16,Tyler Higbee,LAR,NOR,TE,0,0,0,0,0,0,0,0,3,3,30,0,6.0
2023,16,Aidan O'Connell,LVR,KAN,QB,21,9,62,0,0,4,-4,0,0,0,0,0,2.08
2023,16,Ameer Abdullah,LVR,KAN,RB,0,0,0,0,0,2,11,0,1,1,1,0,2.2
2023,16,Austin Hooper,LVR,KAN,TE,0,0,0,0,0,0,0,0,3,2,13,0,3.3
2023,16,Cole Fotheringham,LVR,KAN,TE,0,0,0,0,0,0,0,0,1,1,6,0,1.6
2023,16,Davante Adams,LVR,KAN,WR,0,0,0,0,0,0,0,0,6,1,4,0,1.4
2023,16,Hunter Renfrow,LVR,KAN,WR,0,0,0,0,0,0,0,0,1,0,0,0,0.0
2023,16,Jakobi Meyers,LVR,KAN,WR,0,0,0,0,0,0,0,0,5,3,42,0,7.2
2023,16,Tre Tucker,LVR,KAN,WR,0,0,0,0,0,1,5,0,1,1,-4,0,1.1
2023,16,Zamir White,LVR,KAN,RB,0,0,0,0,0,22,145,0,1,0,0,0,14.5
2023,16,Alec Ingold,MIA,DAL,RB,0,0,0,0,0,0,0,0,2,2,12,0,3.2
2023,16,Cedrick Wilson Jr.,MIA,DAL,WR,0,0,0,0,0,0,0,0,5,3,42,0,7.2
2023,16,De'Von Achane,MIA,DAL,RB,0,0,0,0,0,7,24,0,3,1,7,0,4.1
2023,16,Durham Smythe,MIA,DAL,TE,0,0,0,0,0,0,0,0,5,5,56,0,10.6
2023,16,Jaylen Waddle,MIA,DAL,WR,0,0,0,0,0,1,2,0,4,1,50,0,6.2
2023,16,Jeff Wilson,MIA,DAL,RB,0,0,0,0,0,5,21,0,1,1,4,0,3.5
2023,16,Raheem Mostert,MIA,DAL,RB,0,0,0,0,0,11,46,0,1,1,4,1,12.0
2023,16,Robbie Chosen,MIA,DAL,WR,0,0,0,0,0,0,0,0,1,1,19,0,2.9
2023,16,Tua Tagovailoa,MIA,DAL,QB,37,24,293,1,0,2,-2,0,0,0,0,0,15.52
2023,16,Tyreek Hill,MIA,DAL,WR,0,0,0,0,0,0,0,0,14,9,99,0,18.9
2023,16,Alexander Mattison,MIN,DET,RB,0,0,0,0,0,2,-1,0,0,0,0,0,-0.1
2023,16,Brandon Powell,MIN,DET,WR,0,0,0,0,0,0,0,0,4,3,53,0,8.3
2023,16,C.J. Ham,MIN,DET,RB,0,0,0,0,0,0,0,0,1,1,6,0,1.6
2023,16,Johnny Mundt,MIN,DET,TE,0,0,0,0,0,0,0,0,3,1,23,0,3.3
2023,16,Jordan Addison,MIN,DET,WR,0,0,0,0,0,0,0,0,4,1,2,0,1.2
2023,16,Josh Oliver,MIN,DET,TE,0,0,0,0,0,0,0,0,2,1,33,0,4.3
2023,16,Justin Jefferson,MIN,DET,WR,0,0,0,0,0,0,0,0,10,6,141,1,26.1
2023,16,K.J. Osborn,MIN,DET,WR,0,0,0,0,0,0,0,0,7,5,95,1,20.5
2023,16,Nick Mullens,MIN,DET,QB,36,22,411,2,4,1,1,0,0,0,0,0,16.54
2023,16,T.J. Hockenson,MIN,DET,TE,0,0,0,0,0,0,0,0,4,4,58,0,9.8
2023,16,Ty Chandler,MIN,DET,RB,0,0,0,0,0,8,17,1,0,0,0,0,7.7
2023,16,A.T. Perry,NOR,LAR,WR,0,0,0,0,0,0,0,0,1,1,35,1,10.5
2023,16,Alvin Kamara,NOR,LAR,RB,0,0,0,0,0,9,19,0,6,5,16,0,8.5
2023,16,Chris Olave,NOR,LAR,WR,0,0,0,0,0,0,0,0,13,9,123,0,23.3
2023,16,Derek Carr,NOR,LAR,QB,40,27,319,3,1,2,2,0,0,0,0,0,24.96
2023,16,Foster Moreau,NOR,LAR,TE,0,0,0,0,0,0,0,0,2,1,13,0,2.3
2023,16,Jamaal Williams,NOR,LAR,RB,0,0,0,0,0,2,8,0,1,1,5,0,2.3
2023,16,Juwan Johnson,NOR,LAR,TE,0,0,0,0,0,0,0,0,7,4,48,1,14.8
2023,16,Keith Kirkwood,NOR,LAR,WR,0,0,0,0,0,0,0,0,1,1,9,0,1.9
2023,16,Rashid Shaheed,NOR,LAR,WR,0,0,0,0,0,1,4,0,9,5,70,1,18.4
2023,16,Taysom Hill,NOR,LAR,TE,0,0,0,0,0,2,2,0,0,0,0,0,0.2
2023,16,Bailey Zappe,NWE,DEN,QB,33,25,256,2,0,1,2,0,0,0,0,0,16.44
2023,16,DeMario Douglas,NWE,DEN,WR,0,0,0,0,0,0,0,0,8,5,74,0,12.4
2023,16,DeVante Parker,NWE,DEN,WR,0,0,0,0,0,0,0,0,5,4,65,0,10.5
2023,16,Ezekiel Elliott,NWE,DEN,RB,0,0,0,0,0,12,27,0,11,9,33,1,21.0
2023,16,Jalen Reagor,NWE,DEN,WR,0,0,0,0,0,0,0,0,2,2,33,0,5.3
2023,16,Kevin Harris,NWE,DEN,RB,0,0,0,0,0,7,21,0,0,0,0,0,2.1
2023,16,Mike Gesicki,NWE,DEN,TE,0,0,0,0,0,0,0,0,2,2,15,1,9.5
2023,16,Pharaoh Brown,NWE,DEN,TE,0,0,0,0,0,0,0,0,2,2,25,0,4.5
2023,16,Tyquan Thornton,NWE,DEN,WR,0,0,0,0,0,1,9,0,1,1,11,0,3.0
2023,16,Daniel Bellinger,NYG,PHI,TE,0,0,0,0,0,0,0,0,5,4,43,0,8.3
2023,16,Darius Slayton,NYG,PHI,WR,0,0,0,0,0,0,0,0,3,3,90,1,18.0
2023,16,Darren Waller,NYG,PHI,TE,0,0,0,0,0,0,0,0,5,2,32,0,5.2
2023,16,Matt Breida,NYG,PHI,RB,0,0,0,0,0,0,0,0,1,1,3,0,1.3
2023,16,Saquon Barkley,NYG,PHI,RB,0,0,0,0,0,23,80,1,6,3,4,0,19.4
2023,16,Tommy DeVito,NYG,PHI,QB,16,9,55,0,0,1,5,0,0,0,0,0,2.7
2023,16,Tyrod Taylor,NYG,PHI,QB,16,7,133,1,1,2,21,0,0,0,0,0,9.42
2023,16,Wan'Dale Robinson,NYG,PHI,WR,0,0,0,0,0,0,0,0,7,3,16,0,4.6
2023,16,Allen Lazard,NYJ,WAS,WR,0,0,0,0,0,0,0,0,1,0,0,0,0.0
2023,16,Breece Hall,NYJ,WAS,RB,0,0,0,0,0,20,95,2,16,12,96,0,43.1
2023,16,Garrett Wilson,NYJ,WAS,WR,0,0,0,0,0,1,-8,0,15,9,76,0,15.8
2023,16,Israel Abanikanda,NYJ,WAS,RB,0,0,0,0,0,9,43,0,0,0,0,0,4.3
2023,16,Jason Brownlee,NYJ,WAS,WR,0,0,0,0,0,0,0,0,3,1,8,1,7.8
2023,16,Kenny Yeboah,NYJ,WAS,TE,0,0,0,0,0,0,0,0,1,0,0,0,0.0
2023,16,Trevor Siemian,NYJ,WAS,QB,49,27,217,1,1,4,18,0,0,0,0,0,10.48
2023,16,Tyler Conklin,NYJ,WAS,TE,0,0,0,0,0,1,0,0,7,4,36,0,7.6
2023,16,Xavier Gipson,NYJ,WAS,WR,0,0,0,0,0,1,16,0,2,1,1,0,2.7
2023,16,A.J. Brown,PHI,NYG,WR,0,0,0,0,0,0,0,0,11,6,80,0,14.0
2023,16,Boston Scott,PHI,NYG,RB,0,0,0,0,0,1,3,0,0,0,0,0,0.3
2023,16,Britain Covey,PHI,NYG,WR,0,0,0,0,0,0,0,0,1,1,7,0,1.7
2023,16,D'Andre Swift,PHI,NYG,RB,0,0,0,0,0,20,92,1,0,0,0,0,15.2
2023,16,Dallas Goedert,PHI,NYG,TE,0,0,0,0,0,0,0,0,9,7,71,0,14.1
2023,16,DeVonta Smith,PHI,NYG,WR,0,0,0,0,0,0,0,0,5,4,79,1,17.9
2023,16,Grant Calcaterra,PHI,NYG,TE,0,0,0,0,0,0,0,0,2,2,21,0,4.1
2023,16,Jalen Hurts,PHI,NYG,QB,38,24,301,1,1,8,34,1,0,0,0,0,23.44
2023,16,Julio Jones,PHI,NYG,WR,0,0,0,0,0,0,0,0,4,1,5,0,1.5
2023,16,Kenny Gainwell,PHI,NYG,RB,0,0,0,0,0,6,41,0,3,3,38,0,10.9
2023,16,Olamide Zaccheaus,PHI,NYG,WR,0,0,0,0,0,0,0,0,1,0,0,0,0.0
2023,16,Allen Robinson,PIT,CIN,WR,0,0,0,0,0,0,0,0,4,4,36,0,7.6
2023,16,Calvin Austin III,PIT,CIN,WR,0,0,0,0,0,1,7,1,2,0,0,0,6.7
2023,16,Darnell Washington,PIT,CIN,TE,0,0,0,0,0,0,0,0,1,1,8,0,1.8
2023,16,Diontae Johnson,PIT,CIN,WR,0,0,0,0,0,0,0,0,5,2,15,0,3.5
2023,16,George Pickens,PIT,CIN,WR,0,0,0,0,0,0,0,0,6,4,195,2,35.5
2023,16,Jaylen Warren,PIT,CIN,RB,0,0,0,0,0,8,24,0,6,5,30,0,10.4
2023,16,Mason Rudolph,PIT,CIN,QB,27,17,290,2,0,2,4,0,0,0,0,0,20.0
2023,16,Miles Boykin,PIT,CIN,WR,0,0,0,0,0,0,0,0,1,1,6,0,1.6
2023,16,Najee Harris,PIT,CIN,RB,0,0,0,0,0,19,78,1,0,0,0,0,13.8
2023,16,Colby Parkinson,SEA,TEN,TE,0,0,0,0,0,0,0,0,4,3,17,1,10.7
2023,16,DK Metcalf,SEA,TEN,WR,0,0,0,0,0,0,0,0,6,4,56,1,15.6
2023,16,DeeJay Dallas,SEA,TEN,RB,0,0,0,0,0,1,2,0,0,0,0,0,0.2
2023,16,Geno Smith,SEA,TEN,QB,36,25,227,2,0,1,2,0,0,0,0,0,17.28
2023,16,Jake Bobo,SEA,TEN,WR,0,0,0,0,0,0,0,0,3,1,8,0,1.8
2023,16,Jaxon Smith-Njigba,SEA,TEN,WR,0,0,0,0,0,0,0,0,7,6,61,0,12.1
2023,16,Kenneth Walker III,SEA,TEN,RB,0,0,0,0,0,16,54,0,2,1,2,0,6.6
2023,16,Tyler Lockett,SEA,TEN,WR,0,0,0,0,0,0,0,0,11,8,81,0,16.1
2023,16,Will Dissly,SEA,TEN,TE,0,0,0,0,0,0,0,0,1,1,6,0,1.6
2023,16,Zach Charbonnet,SEA,TEN,RB,0,0,0,0,0,2,0,0,2,1,-4,0,0.6
2023,16,Brandon Aiyuk,SFO,BAL,WR,0,0,0,0,0,0,0,0,7,6,113,0,17.3
2023,16,Brock Purdy,SFO,BAL,QB,32,18,255,0,4,1,2,0,0,0,0,0,2.4
2023,16,Christian McCaffrey,SFO,BAL,RB,0,0,0,0,0,14,103,1,10,6,28,0,25.1
2023,16,Deebo Samuel Sr.,SFO,BAL,WR,0,0,0,0,0,2,7,0,12,4,47,0,9.4
2023,16,George Kittle,SFO,BAL,TE,0,0,0,0,0,0,0,0,10,7,126,0,19.6
2023,16,Kyle Juszczyk,SFO,BAL,RB,0,0,0,0,0,0,0,0,2,1,5,0,1.5
2023,16,Ronnie Bell,SFO,BAL,WR,0,0,0,0,0,0,0,0,1,1,12,1,8.2
2023,16,Sam Darnold,SFO,BAL,QB,14,8,81,1,1,1,9,0,0,0,0,0,6.14
2023,16,Willie Snead,SFO,BAL,WR,0,0,0,0,0,0,0,0,2,1,5,0,1.5
2023,16,Baker Mayfield,TAM,JAX,QB,35,26,283,2,0,5,5,0,0,0,0,0,19.82
2023,16,Cade Otton,TAM,JAX,TE,0,0,0,0,0,0,0,0,1,1,7,0,1.7
2023,16,Chase Edmonds,TAM,JAX,RB,0,0,0,0,0,10,25,0,0,0,0,0,2.5
2023,16,Chris Godwin Jr.,TAM,JAX,WR,0,0,0,0,0,1,1,0,10,6,78,0,13.9
2023,16,David Moore,TAM,JAX,WR,0,0,0,0,0,0,0,0,1,1,7,0,1.7
2023,16,Mike Evans,TAM,JAX,WR,0,0,0,0,0,0,0,0,9,7,86,2,27.6
2023,16,Payne Durham,TAM,JAX,TE,0,0,0,0,0,0,0,0,1,1,25,0,3.5
2023,16,Rachaad White,TAM,JAX,RB,0,0,0,0,0,20,39,1,7,6,38,0,19.7
2023,16,Trey Palmer,TAM,JAX,WR,0,0,0,0,0,0,0,0,6,4,42,0,8.2
2023,16,Chig Okonkwo,TEN,SEA,TE,0,0,0,0,0,0,0,0,7,6,63,1,18.3
2023,16,Chris Moore,TEN,SEA,WR,0,0,0,0,0,0,0,0,2,1,9,0,1.9
2023,16,Colton Dowell,TEN,SEA,WR,0,0,0,0,0,0,0,0,1,1,3,0,1.3
2023,16,DeAndre Hopkins,TEN,SEA,WR,0,0,0,0,0,0,0,0,4,2,20,0,4.0
2023,16,Derrick Henry,TEN,SEA,RB,1,1,12,1,0,19,88,1,1,1,11,0,21.38
2023,16,Mason Kinsey,TEN,SEA,WR,0,0,0,0,0,0,0,0,1,1,6,0,1.6
2023,16,Ryan Tannehill,TEN,SEA,QB,26,18,152,0,0,2,37,0,0,0,0,0,9.78
2023,16,Treylon Burks,TEN,SEA,WR,0,0,0,0,0,1,-3,0,3,2,25,0,4.2
2023,16,Tyjae Spears,TEN,SEA,RB,0,0,0,0,0,9,40,0,6,5,27,0,11.7
2023,16,Antonio Gibson,WAS,NYJ,RB,0,0,0,0,0,9,30,1,2,1,2,0,10.2
2023,16,Byron Pringle,WAS,NYJ,WR,0,0,0,0,0,0,0,0,2,0,0,0,0.0
2023,16,Chris Rodriguez Jr.,WAS,NYJ,RB,0,0,0,0,0,10,58,2,1,1,7,0,19.5
2023,16,Curtis Samuel,WAS,NYJ,WR,0,0,0,0,0,2,4,0,6,1,16,0,3.0
2023,16,Jacoby Brissett,WAS,NYJ,QB,13,10,100,1,0,1,10,0,0,0,0,0,9.0
2023,16,Jahan Dotson,WAS,NYJ,WR,0,0,0,0,0,0,0,0,4,2,31,0,5.1
2023,16,Jamison Crowder,WAS,NYJ,WR,0,0,0,0,0,0,0,0,1,0,0,0,0.0
2023,16,John Bates,WAS,NYJ,TE,0,0,0,0,0,0,0,0,5,3,14,0,4.4
2023,16,Logan Thomas,WAS,NYJ,TE,0,0,0,0,0,0,0,0,6,5,36,1,14.6
2023,16,Sam Howell,WAS,NYJ,QB,22,6,56,0,2,0,0,0,0,0,0,0,-1.76
2023,16,Terry McLaurin,WAS,NYJ,WR,0,0,0,0,0,0,0,0,5,3,50,0,8.0
2023,17,Elijah Higgins,ARI,PHI,TE,0,0,0,0,0,0,0,0,2,2,21,0,4.1
2023,17,Emari Demercado,ARI,PHI,RB,0,0,0,0,0,0,0,0,3,1,9,0,1.9
2023,17,Greg Dortch,ARI,PHI,WR,0,0,0,0,0,0,0,0,7,7,82,0,15.2
2023,17,James Conner,ARI,PHI,RB,0,0,0,0,0,26,128,1,1,1,5,1,26.3
2023,17,Kyler Murray,ARI,PHI,QB,31,25,232,3,1,5,24,0,0,0,0,0,23.68
2023,17,Michael Carter,ARI,PHI,RB,0,0,0,0,0,7,61,0,1,1,6,1,13.7
2023,17,Michael Wilson,ARI,PHI,WR,0,0,0,0,0,0,0,0,6,4,35,1,15.5
2023,17,Rondale Moore,ARI,PHI,WR,0,0,0,0,0,2,8,0,4,3,26,0,6.4
2023,17,Trey McBride,ARI,PHI,TE,0,0,0,0,0,0,0,0,7,6,48,0,10.8
2023,17,Bijan Robinson,ATL,CHI,RB,0,0,0,0,0,15,75,0,4,3,11,0,11.6
2023,17,Desmond Ridder,ATL,CHI,QB,4,3,17,0,1,0,0,0,0,0,0,0,-1.32
2023,17,Drake London,ATL,CHI,WR,0,0,0,0,0,0,0,0,10,4,56,0,9.6
2023,17,Jonnu Smith,ATL,CHI,TE,0,0,0,0,0,0,0,0,4,0,0,0,0.0
2023,17,KhaDarel Hodge,ATL,CHI,WR,0,0,0,0,0,0,0,0,2,0,0,0,0.0
2023,17,Kyle Pitts,ATL,CHI,TE,0,0,0,0,0,0,0,0,5,1,5,0,1.5
2023,17,MyCole Pruitt,ATL,CHI,TE,0,0,0,0,0,0,0,0,1,1,14,0,2.4
2023,17,Taylor Heinicke,ATL,CHI,QB,29,10,163,1,3,4,46,1,0,0,0,0,15.12
2023,17,Tyler Allgeier,ATL,CHI,RB,0,0,0,0,0,5,13,0,1,1,75,1,15.8
2023,17,Van Jefferson,ATL,CHI,WR,0,0,0,0,0,0,0,0,5,3,19,0,4.9
2023,17,Charlie Kolar,BAL,MIA,TE,0,0,0,0,0,0,0,0,1,1,19,1,8.9
2023,17,Gus Edwards,BAL,MIA,RB,0,0,0,0,0,16,68,1,0,0,0,0,10.8
2023,17,Isaiah Likely,BAL,MIA,TE,0,0,0,0,0,0,0,0,3,2,42,2,18.2
2023,17,Justice Hill,BAL,MIA,RB,0,0,0,0,0,3,48,0,5,5,64,1,22.2
2023,17,Lamar Jackson,BAL,MIA,QB,21,18,321,5,0,6,35,0,0,0,0,0,36.34
2023,17,Melvin Gordon,BAL,MIA,RB,0,0,0,0,0,6,10,1,0,0,0,0,7.0
2023,17,Nelson Agholor,BAL,MIA,WR,0,0,0,0,0,0,0,0,2,2,18,0,3.8
2023,17,Odell Beckham Jr.,BAL,MIA,WR,0,0,0,0,0,0,0,0,1,1,33,0,4.3
2023,17,Patrick Ricard,BAL,MIA,RB,0,0,0,0,0,0,0,0,1,1,4,1,7.4
2023,17,Rashod Bateman,BAL,MIA,WR,0,0,0,0,0,0,0,0,6,4,54,0,9.4
2023,17,Tyler Huntley,BAL,MIA,QB,1,1,19,1,0,1,-1,0,0,0,0,0,4.66
2023,17,Zay Flowers,BAL,MIA,WR,0,0,0,0,0,0,0,0,3,3,106,1,19.6
2023,17,Dalton Kincaid,BUF,NWE,TE,0,0,0,0,0,0,0,0,7,4,87,0,12.7
2023,17,Gabe Davis,BUF,NWE,WR,0,0,0,0,0,0,0,0,3,2,21,0,4.1
2023,17,James Cook,BUF,NWE,RB,0,0,0,0,0,16,48,0,3,1,-4,0,5.4
2023,17,Josh Allen,BUF,NWE,QB,30,15,169,0,1,11,44,2,0,0,0,0,21.16
2023,17,Khalil Shakir,BUF,NWE,WR,0,0,0,0,0,1,10,0,4,4,39,0,8.9
2023,17,Kyle Allen,BUF,NWE,QB,0,0,0,0,0,2,-2,0,0,0,0,0,-0.2
2023,17,Latavius Murray,BUF,NWE,RB,0,0,0,0,0,1,0,0,1,0,0,0,0.0
2023,17,Stefon Diggs,BUF,NWE,WR,0,0,0,0,0,1,5,0,7,4,26,0,7.1
2023,17,Trent Sherfield,BUF,NWE,WR,0,0,0,0,0,0,0,0,3,0,0,0,0.0
2023,17,Ty Johnson,BUF,NWE,RB,0,0,0,0,0,5,22,0,0,0,0,0,2.2
2023,17,Adam Thielen,CAR,JAX,WR,0,0,0,0,0,0,0,0,6,6,38,0,9.8
2023,17,Bryce Young,CAR,JAX,QB,32,19,112,0,1,1,2,0,0,0,0,0,2.68
2023,17,Chuba Hubbard,CAR,JAX,RB,0,0,0,0,0,11,45,0,5,4,26,0,11.1
2023,17,DJ Chark,CAR,JAX,WR,0,0,0,0,0,0,0,0,6,1,18,0,2.8
2023,17,Ian Thomas,CAR,JAX,TE,0,0,0,0,0,0,0,0,1,0,0,0,0.0
2023,17,Ihmir Smith-Marsette,CAR,JAX,WR,0,0,0,0,0,1,0,0,3,3,12,0,4.2
2023,17,Jonathan Mingo,CAR,JAX,WR,0,0,0,0,0,0,0,0,3,2,0,0,2.0
2023,17,Miles Sanders,CAR,JAX,RB,0,0,0,0,0,2,10,0,2,2,12,0,4.2
2023,17,Stephen Sullivan,CAR,JAX,TE,0,0,0,0,0,0,0,0,2,0,0,0,0.0
2023,17,Tommy Tremble,CAR,JAX,TE,0,0,0,0,0,0,0,0,3,1,6,0,1.6
2023,17,Collin Johnson,CHI,ATL,WR,0,0,0,0,0,0,0,0,1,1,11,0,2.1
2023,17,DJ Moore,CHI,ATL,WR,0,0,0,0,0,0,0,0,13,9,159,1,30.9
2023,17,Justin Fields,CHI,ATL,QB,32,20,268,1,0,11,45,1,0,0,0,0,25.22
2023,17,Khalil Herbert,CHI,ATL,RB,0,0,0,0,0,18,124,1,3,2,5,0,20.9
2023,17,Khari Blasingame,CHI,ATL,RB,0,0,0,0,0,0,0,0,1,0,0,0,0.0
2023,17,Robert Tonyan,CHI,ATL,TE,0,0,0,0,0,0,0,0,4,3,40,0,7.0
2023,17,Roschon Johnson,CHI,ATL,RB,0,0,0,0,0,7,21,1,3,3,38,0,14.9
2023,17,Tyler Scott,CHI,ATL,WR,0,0,0,0,0,0,0,0,5,2,15,0,3.5
2023,17,Velus Jones Jr.,CHI,ATL,WR,0,0,0,0,0,1,2,0,0,0,0,0,0.2
2023,17,Chase Brown,CIN,KAN,RB,0,0,0,0,0,3,5,0,2,2,23,0,4.8
2023,17,Drew Sample,CIN,KAN,TE,0,0,0,0,0,0,0,0,4,3,21,0,5.1
2023,17,Ja'Marr Chase,CIN,KAN,WR,0,0,0,0,0,0,0,0,7,3,41,0,7.1
2023,17,Jake Browning,CIN,KAN,QB,33,19,197,1,0,7,32,1,0,0,0,0,21.08
2023,17,Joe Mixon,CIN,KAN,RB,0,0,0,0,0,21,65,0,4,4,22,1,18.7
2023,17,Mitchell Wilcox,CIN,KAN,TE,0,0,0,0,0,0,0,0,1,0,0,0,0.0
2023,17,Tanner Hudson,CIN,KAN,TE,0,0,0,0,0,0,0,0,7,3,38,0,6.8
2023,17,Tee Higgins,CIN,KAN,WR,0,0,0,0,0,0,0,0,2,1,19,0,2.9
2023,17,Trayveon Williams,CIN,KAN,RB,0,0,0,0,0,1,2,0,0,0,0,0,0.2
2023,17,Trenton Irwin,CIN,KAN,WR,0,0,0,0,0,0,0,0,2,1,4,0,1.4
2023,17,Tyler Boyd,CIN,KAN,WR,0,0,0,0,0,0,0,0,2,2,29,0,4.9
2023,17,Cedric Tillman,CLE,NYJ,WR,0,0,0,0,0,0,0,0,4,1,8,0,1.8
2023,17,David Bell,CLE,NYJ,WR,0,0,0,0,0,0,0,0,3,2,7,0,2.7
2023,17,David Njoku,CLE,NYJ,TE,0,0,0,0,0,0,0,0,8,6,134,0,17.4
2023,17,Elijah Moore,CLE,NYJ,WR,0,0,0,0,0,0,0,0,6,5,61,1,17.1
2023,17,Harrison Bryant,CLE,NYJ,TE,0,0,0,0,0,0,0,0,3,2,14,0,3.4
2023,17,Jerome Ford,CLE,NYJ,RB,0,0,0,0,0,12,64,0,3,2,57,2,26.1
2023,17,Joe Flacco,CLE,NYJ,QB,29,19,309,3,1,2,3,0,0,0,0,0,22.66
2023,17,Jordan Akins,CLE,NYJ,TE,0,0,0,0,0,0,0,0,1,1,28,0,3.8
2023,17,Kareem Hunt,CLE,NYJ,RB,0,0,0,0,0,10,31,1,1,0,0,0,9.1
2023,17,Pierre Strong,CLE,NYJ,RB,0,0,0,0,0,4,29,0,0,0,0,0,0.9
2023,17,Brandin Cooks,DAL,DET,WR,0,0,0,0,0,0,0,0,8,5,60,1,17.0
2023,17,CeeDee Lamb,DAL,DET,WR,0,0,0,0,0,1,5,0,17,13,227,1,40.2
2023,17,Dak Prescott,DAL,DET,QB,38,26,345,2,1,2,5,0,0,0,0,0,20.3
2023,17,Deuce Vaughn,DAL,DET,RB,0,0,0,0,0,2,2,0,1,1,10,0,2.2
2023,17,Jake Ferguson,DAL,DET,TE,0,0,0,0,0,0,0,0,6,4,33,0,7.3
2023,17,Jalen Tolbert,DAL,DET,WR,0,0,0,0,0,0,0,0,1,1,9,0,1.9
2023,17,Peyton Hendershot,DAL,DET,TE,0,0,0,0,0,0,0,0,1,1,6,0,1.6
2023,17,Tony Pollard,DAL,DET,RB,0,0,0,0,0,16,49,0,3,1,0,0,5.9
2023,17,Adam Trautman,DEN,LAC,TE,0,0,0,0,0,0,0,0,2,1,9,0,1.9
2023,17,Brandon Johnson,DEN,LAC,WR,0,0,0,0,0,0,0,0,6,4,27,0,6.7
2023,17,Jaleel McLaughlin,DEN,LAC,RB,0,0,0,0,0,8,44,0,3,3,18,0,9.2
2023,17,Jarrett Stidham,DEN,LAC,QB,32,20,224,1,0,6,6,0,0,0,0,0,13.56
2023,17,Javonte Williams,DEN,LAC,RB,0,0,0,0,0,15,41,0,3,3,17,0,8.8
2023,17,Jerry Jeudy,DEN,LAC,WR,0,0,0,0,0,0,0,0,6,3,54,0,8.4
2023,17,Lil'Jordan Humphrey,DEN,LAC,WR,0,0,0,0,0,0,0,0,4,2,69,1,14.9
2023,17,Lucas Krull,DEN,LAC,TE,0,0,0,0,0,0,0,0,2,2,14,0,3.4
2023,17,Phillip Dorsett,DEN,LAC,WR,0,0,0,0,0,0,0,0,2,0,0,0,0.0
2023,17,Samaje Perine,DEN,LAC,RB,0,0,0,0,0,4,10,0,2,2,16,0,4.6
2023,17,Amon-Ra St. Brown,DET,DAL,WR,0,0,0,0,0,1,11,0,8,6,90,1,22.1
2023,17,David Montgomery,DET,DAL,RB,0,0,0,0,0,14,65,1,1,0,0,0,12.5
2023,17,Jahmyr Gibbs,DET,DAL,RB,0,0,0,0,0,15,43,0,3,1,0,0,5.3
2023,17,James Mitchell,DET,DAL,TE,0,0,0,0,0,0,0,0,1,1,4,0,1.4
2023,17,Jameson Williams,DET,DAL,WR,0,0,0,0,0,1,6,0,3,2,69,0,9.5
2023,17,Jared Goff,DET,DAL,QB,34,19,271,1,2,0,0,0,0,0,0,0,10.84
2023,17,Josh Reynolds,DET,DAL,WR,0,0,0,0,0,0,0,0,2,1,13,0,2.3
2023,17,Kalif Raymond,DET,DAL,WR,0,0,0,0,0,0,0,0,1,1,11,0,2.1
2023,17,Sam LaPorta,DET,DAL,TE,0,0,0,0,0,0,0,0,12,7,84,0,15.4
2023,17,AJ Dillon,GNB,MIN,RB,0,0,0,0,0,7,27,0,0,0,0,0,2.7
2023,17,Aaron Jones,GNB,MIN,RB,0,0,0,0,0,20,120,0,1,1,10,0,14.0
2023,17,Ben Sims,GNB,MIN,TE,0,0,0,0,0,0,0,0,1,1,6,0,1.6
2023,17,Bo Melton,GNB,MIN,WR,0,0,0,0,0,0,0,0,9,6,105,1,22.5
2023,17,Jayden Reed,GNB,MIN,WR,0,0,0,0,0,0,0,0,8,6,89,2,26.9
2023,17,Jordan Love,GNB,MIN,QB,33,24,256,3,0,2,2,1,0,0,0,0,28.44
2023,17,Malik Heath,GNB,MIN,WR,0,0,0,0,0,0,0,0,2,1,13,0,2.3
2023,17,Patrick Taylor,GNB,MIN,RB,0,0,0,0,0,8,30,0,0,0,0,0,3.0
2023,17,Romeo Doubs,GNB,MIN,WR,0,0,0,0,0,0,0,0,6,3,28,0,5.8
2023,17,Samori Toure,GNB,MIN,WR,0,0,0,0,0,0,0,0,1,1,-6,0,0.4
2023,17,Sean Clifford,GNB,MIN,QB,1,1,37,0,0,2,-2,0,0,0,0,0,1.28
2023,17,Tucker Kraft,GNB,MIN,TE,0,0,0,0,0,0,0,0,6,6,48,0,10.8
2023,17,Brevin Jordan,HOU,TEN,TE,0,0,0,0,0,0,0,0,2,2,19,1,9.9
2023,17,C.J. Stroud,HOU,TEN,QB,32,24,213,1,0,1,4,0,0,0,0,0,12.92
2023,17,Dalton Schultz,HOU,TEN,TE,0,0,0,0,0,0,0,0,4,2,19,0,3.9
2023,17,Dameon Pierce,HOU,TEN,RB,0,0,0,0,0,8,16,0,1,1,5,0,3.1
2023,17,Dare Ogunbowale,HOU,TEN,RB,0,0,0,0,0,1,0,0,0,0,0,0,0.0
2023,17,Devin Singletary,HOU,TEN,RB,0,0,0,0,0,16,80,0,3,3,6,0,11.6
2023,17,Eric Saubert,HOU,TEN,TE,0,0,0,0,0,0,0,0,1,1,2,0,1.2
2023,17,John Metchie III,HOU,TEN,WR,0,0,0,0,0,1,4,0,3,1,8,0,2.2
2023,17,Nico Collins,HOU,TEN,WR,0,0,0,0,0,1,7,0,8,7,80,0,15.7
2023,17,Noah Brown,HOU,TEN,WR,0,0,0,0,0,0,0,0,2,1,8,0,1.8
2023,17,Robert Woods,HOU,TEN,WR,0,0,0,0,0,0,0,0,4,4,58,0,9.8
2023,17,Xavier Hutchinson,HOU,TEN,WR,0,0,0,0,0,0,0,0,3,2,8,0,2.8
2023,17,Alec Pierce,IND,LVR,WR,0,0,0,0,0,0,0,0,1,1,58,1,12.8
2023,17,Gardner Minshew,IND,LVR,QB,23,15,224,1,0,2,3,0,0,0,0,0,13.26
2023,17,Jonathan Taylor,IND,LVR,RB,0,0,0,0,0,21,96,1,1,1,8,0,17.4
2023,17,Josh Downs,IND,LVR,WR,0,0,0,0,0,0,0,0,2,2,53,0,7.3
2023,17,Kylen Granson,IND,LVR,TE,0,0,0,0,0,0,0,0,3,1,13,0,2.3
2023,17,Michael Pittman,IND,LVR,WR,0,0,0,0,0,0,0,0,7,5,46,0,9.6
2023,17,Mo Alie-Cox,IND,LVR,TE,0,0,0,0,0,0,0,0,3,2,18,0,3.8
2023,17,Trey Sermon,IND,LVR,RB,0,0,0,0,0,5,32,0,2,2,9,0,6.1
2023,17,Tyler Goodson,IND,LVR,RB,0,0,0,0,0,1,3,0,0,0,0,0,0.3
2023,17,Will Mallory,IND,LVR,TE,0,0,0,0,0,0,0,0,1,1,19,0,2.9
2023,17,Brenton Strange,JAX,CAR,TE,0,0,0,0,0,0,0,0,2,1,1,0,1.1
2023,17,C.J. Beathard,JAX,CAR,QB,24,17,178,0,0,3,24,0,0,0,0,0,9.52
2023,17,Calvin Ridley,JAX,CAR,WR,0,0,0,0,0,0,0,0,8,4,39,0,7.9
2023,17,D'Ernest Johnson,JAX,CAR,RB,0,0,0,0,0,3,0,0,0,0,0,0,0.0
2023,17,Evan Engram,JAX,CAR,TE,0,0,0,0,0,0,0,0,6,6,60,0,12.0
2023,17,Jamal Agnew,JAX,CAR,WR,0,0,0,0,0,0,0,0,2,2,53,0,7.3
2023,17,Luke Farrell,JAX,CAR,TE,0,0,0,0,0,0,0,0,1,1,7,0,1.7
2023,17,Matt Barkley,JAX,CAR,QB,0,0,0,0,0,3,-3,0,0,0,0,0,-0.3
2023,17,Parker Washington,JAX,CAR,WR,0,0,0,0,0,0,0,0,1,1,2,0,1.2
2023,17,Tank Bigsby,JAX,CAR,RB,0,0,0,0,0,10,32,0,0,0,0,0,3.2
2023,17,Tim Jones,JAX,CAR,WR,0,0,0,0,0,0,0,0,1,0,0,0,0.0
2023,17,Travis Etienne,JAX,CAR,RB,0,0,0,0,0,16,102,2,2,2,16,0,25.8
2023,17,Isiah Pacheco,KAN,CIN,RB,0,0,0,0,0,18,130,0,7,7,35,1,29.5
2023,17,Justin Watson,KAN,CIN,WR,0,0,0,0,0,0,0,0,3,1,41,0,5.1
2023,17,Marquez Valdes-Scantling,KAN,CIN,WR,0,0,0,0,0,0,0,0,3,1,3,0,1.3
2023,17,Noah Gray,KAN,CIN,TE,0,0,0,0,0,0,0,0,4,3,17,0,4.7
2023,17,Patrick Mahomes,KAN,CIN,QB,29,21,245,1,0,4,2,0,0,0,0,0,12.0
2023,17,Rashee Rice,KAN,CIN,WR,0,0,0,0,0,0,0,0,6,5,127,0,17.7
2023,17,Richie James,KAN,CIN,WR,0,0,0,0,0,0,0,0,1,1,6,0,1.6
2023,17,Travis Kelce,KAN,CIN,TE,0,0,0,0,0,0,0,0,4,3,16,0,4.6
2023,17,Alex Erickson,LAC,DEN,WR,0,0,0,0,0,0,0,0,8,7,98,0,16.8
2023,17,Austin Ekeler,LAC,DEN,RB,0,0,0,0,0,13,46,0,2,1,4,0,4.0
2023,17,Derius Davis,LAC,DEN,WR,0,0,0,0,0,1,2,0,0,0,0,0,0.2
2023,17,Easton Stick,LAC,DEN,QB,38,24,220,0,0,5,31,0,0,0,0,0,11.9
2023,17,Gerald Everett,LAC,DEN,TE,0,0,0,0,0,1,6,0,9,4,31,0,7.7
2023,17,Isaiah Spiller,LAC,DEN,RB,0,0,0,0,0,1,-1,0,2,2,10,0,2.9
2023,17,Joshua Kelley,LAC,DEN,RB,0,0,0,0,0,2,2,0,0,0,0,0,0.2
2023,17,Keelan Doss,LAC,DEN,WR,0,0,0,0,0,0,0,0,8,5,25,0,7.5
2023,17,Quentin Johnston,LAC,DEN,WR,0,0,0,0,0,0,0,0,6,3,29,0,5.9
2023,17,Stone Smartt,LAC,DEN,TE,0,0,0,0,0,0,0,0,2,2,23,0,4.3
2023,17,Cooper Kupp,LAR,NYG,WR,0,0,0,0,0,0,0,0,6,4,27,1,12.7
2023,17,Demarcus Robinson,LAR,NYG,WR,0,0,0,0,0,0,0,0,10,6,92,0,13.2
2023,17,Kyren Williams,LAR,NYG,RB,0,0,0,0,0,20,87,3,2,2,14,0,30.1
2023,17,Matthew Stafford,LAR,NYG,QB,34,24,317,1,2,1,-1,0,0,0,0,0,12.58
2023,17,Puka Nacua,LAR,NYG,WR,0,0,0,0,0,2,19,0,8,5,118,0,18.7
2023,17,Ronnie Rivers,LAR,NYG,RB,0,0,0,0,0,0,0,0,1,1,4,0,1.4
2023,17,Tyler Higbee,LAR,NYG,TE,0,0,0,0,0,0,0,0,7,6,62,0,12.2
2023,17,Aidan O'Connell,LVR,IND,QB,47,30,299,2,0,2,3,0,0,0,0,0,20.26
2023,17,Ameer Abdullah,LVR,IND,RB,0,0,0,0,0,1,4,0,1,1,18,0,3.2
2023,17,Austin Hooper,LVR,IND,TE,0,0,0,0,0,0,0,0,3,3,28,0,5.8
2023,17,Brandon Bolden,LVR,IND,RB,0,0,0,0,0,2,6,0,0,0,0,0,0.6
2023,17,Davante Adams,LVR,IND,WR,0,0,0,0,0,0,0,0,21,13,126,2,37.6
2023,17,Jakobi Meyers,LVR,IND,WR,0,0,0,0,0,0,0,0,10,6,56,0,11.6
2023,17,Tre Tucker,LVR,IND,WR,0,0,0,0,0,0,0,0,5,2,36,0,5.6
2023,17,Zamir White,LVR,IND,RB,0,0,0,0,0,20,71,0,6,5,35,0,15.6
2023,17,Alec Ingold,MIA,BAL,RB,0,0,0,0,0,0,0,0,2,1,18,0,2.8
2023,17,Braxton Berrios,MIA,BAL,WR,0,0,0,0,0,0,0,0,2,2,10,0,3.0
2023,17,Cedrick Wilson Jr.,MIA,BAL,WR,0,0,0,0,0,0,0,0,4,2,27,1,10.7
2023,17,Chase Claypool,MIA,BAL,WR,0,0,0,0,0,0,0,0,1,0,0,0,0.0
2023,17,Chris Brooks,MIA,BAL,RB,0,0,0,0,0,4,12,0,0,0,0,0,1.2
2023,17,De'Von Achane,MIA,BAL,RB,0,0,0,0,0,14,107,0,5,4,30,1,23.7
2023,17,Durham Smythe,MIA,BAL,TE,0,0,0,0,0,0,0,0,3,3,54,0,8.4
2023,17,Jeff Wilson,MIA,BAL,RB,0,0,0,0,0,3,21,0,4,3,13,0,6.4
2023,17,Julian Hill,MIA,BAL,TE,0,0,0,0,0,0,0,0,1,1,9,0,1.9
2023,17,Mike White,MIA,BAL,QB,0,0,0,0,0,1,0,0,0,0,0,0,-2.0
2023,17,River Cracraft,MIA,BAL,WR,0,0,0,0,0,0,0,0,1,0,0,0,0.0
2023,17,Robbie Chosen,MIA,BAL,WR,0,0,0,0,0,0,0,0,1,0,0,0,0.0
2023,17,Tua Tagovailoa,MIA,BAL,QB,38,22,237,2,2,2,14,0,0,0,0,0,14.88
2023,17,Tyreek Hill,MIA,BAL,WR,0,0,0,0,0,1,0,0,12,6,76,0,13.6
2023,17,Alexander Mattison,MIN,GNB,RB,0,0,0,0,0,3,17,0,2,2,13,0,5.0
2023,17,Brandon Powell,MIN,GNB,WR,0,0,0,0,0,0,0,0,2,0,0,0,0.0
2023,17,Jaren Hall,MIN,GNB,QB,10,5,67,0,1,2,4,0,0,0,0,0,-0.92
2023,17,Johnny Mundt,MIN,GNB,TE,0,0,0,0,0,0,0,0,7,4,39,1,13.9
2023,17,Jordan Addison,MIN,GNB,WR,0,0,0,0,0,0,0,0,5,3,28,0,5.8
2023,17,Josh Oliver,MIN,GNB,TE,0,0,0,0,0,0,0,0,2,1,17,0,2.7
2023,17,Justin Jefferson,MIN,GNB,WR,0,0,0,0,0,0,0,0,10,5,59,0,10.9
2023,17,Nick Mullens,MIN,GNB,QB,22,13,113,1,0,1,6,0,0,0,0,0,9.12
2023,17,Ty Chandler,MIN,GNB,RB,0,0,0,0,0,10,40,0,3,3,24,0,9.4
2023,17,A.T. Perry,NOR,TAM,WR,0,0,0,0,0,0,0,0,2,1,5,0,1.5
2023,17,Adam Prentice,NOR,TAM,RB,0,0,0,0,0,1,7,0,1,1,7,0,2.4
2023,17,Alvin Kamara,NOR,TAM,RB,0,0,0,0,0,10,45,0,2,2,4,0,6.9
2023,17,Chris Olave,NOR,TAM,WR,0,0,0,0,0,0,0,0,6,3,26,0,5.6
2023,17,Derek Carr,NOR,TAM,QB,32,24,197,2,0,3,-3,0,0,0,0,0,15.58
2023,17,Foster Moreau,NOR,TAM,TE,0,0,0,0,0,0,0,0,1,1,13,0,2.3
2023,17,Jamaal Williams,NOR,TAM,RB,0,0,0,0,0,19,58,0,4,4,13,0,11.1
2023,17,Juwan Johnson,NOR,TAM,TE,0,0,0,0,0,0,0,0,12,8,90,1,23.0
2023,17,Lynn Bowden,NOR,TAM,WR,0,0,0,0,0,0,0,0,1,1,6,0,1.6
2023,17,Rashid Shaheed,NOR,TAM,WR,0,0,0,0,0,0,0,0,3,2,14,0,3.4
2023,17,Taysom Hill,NOR,TAM,TE,2,1,11,0,0,2,1,0,2,2,30,1,11.54
2023,17,Bailey Zappe,NWE,BUF,QB,26,16,209,0,3,5,37,1,0,0,0,0,12.06
2023,17,DeMario Douglas,NWE,BUF,WR,0,0,0,0,0,3,12,0,5,3,31,0,7.3
2023,17,DeVante Parker,NWE,BUF,WR,0,0,0,0,0,0,0,0,2,1,15,0,2.5
2023,17,Ezekiel Elliott,NWE,BUF,RB,0,0,0,0,0,14,39,1,2,1,6,0,11.5
2023,17,Jalen Reagor,NWE,BUF,WR,0,0,0,0,0,0,0,0,3,1,39,0,10.9
2023,17,Kevin Harris,NWE,BUF,RB,0,0,0,0,0,2,15,0,2,2,54,0,8.9
2023,17,Mike Gesicki,NWE,BUF,TE,0,0,0,0,0,0,0,0,6,4,35,0,7.5
2023,17,Pharaoh Brown,NWE,BUF,TE,0,0,0,0,0,0,0,0,1,1,5,0,-0.5
2023,17,Tyquan Thornton,NWE,BUF,WR,0,0,0,0,0,0,0,0,3,3,24,0,5.4
2023,17,Daniel Bellinger,NYG,LAR,TE,0,0,0,0,0,0,0,0,4,4,39,0,7.9
2023,17,Darius Slayton,NYG,LAR,WR,0,0,0,0,0,0,0,0,6,4,106,1,20.6
2023,17,Darren Waller,NYG,LAR,TE,0,0,0,0,0,0,0,0,6,5,51,0,10.1
2023,17,Eric Gray,NYG,LAR,RB,0,0,0,0,0,1,2,0,1,1,6,0,1.8
2023,17,Isaiah Hodgins,NYG,LAR,WR,0,0,0,0,0,0,0,0,2,1,18,0,2.8
2023,17,Jalin Hyatt,NYG,LAR,WR,0,0,0,0,0,0,0,0,4,3,25,0,5.5
2023,17,Saquon Barkley,NYG,LAR,RB,0,0,0,0,0,12,39,0,6,3,19,0,8.8
2023,17,Sterling Shepard,NYG,LAR,WR,0,0,0,0,0,0,0,0,1,0,0,0,0.0
2023,17,Tyrod Taylor,NYG,LAR,QB,41,27,319,1,1,6,40,0,0,0,0,0,18.76
2023,17,Wan'Dale Robinson,NYG,LAR,WR,0,0,0,0,0,1,24,1,9,6,55,0,19.9
2023,17,Breece Hall,NYJ,CLE,RB,0,0,0,0,0,13,84,0,9,9,42,1,27.6
2023,17,Garrett Wilson,NYJ,CLE,WR,0,0,0,0,0,1,-1,0,10,5,50,0,9.9
2023,17,Israel Abanikanda,NYJ,CLE,RB,0,0,0,0,0,2,3,0,7,4,27,0,7.0
2023,17,Jason Brownlee,NYJ,CLE,WR,0,0,0,0,0,0,0,0,2,2,28,0,4.8
2023,17,Kenny Yeboah,NYJ,CLE,TE,0,0,0,0,0,0,0,0,3,2,28,0,4.8
2023,17,Nick Bawden,NYJ,CLE,RB,0,0,0,0,0,0,0,0,1,1,8,0,1.8
2023,17,Trevor Siemian,NYJ,CLE,QB,45,32,261,1,1,4,13,0,0,0,0,0,13.74
2023,17,Tyler Conklin,NYJ,CLE,TE,0,0,0,0,0,0,0,0,5,5,45,0,9.5
2023,17,Xavier Gipson,NYJ,CLE,WR,0,0,0,0,0,1,8,0,7,4,33,0,8.1
2023,17,A.J. Brown,PHI,ARI,WR,0,0,0,0,0,0,0,0,5,4,53,0,9.3
2023,17,D'Andre Swift,PHI,ARI,RB,0,0,0,0,0,13,61,0,1,1,5,0,7.6
2023,17,Dallas Goedert,PHI,ARI,TE,0,0,0,0,0,0,0,0,6,5,47,1,15.7
2023,17,DeVonta Smith,PHI,ARI,WR,0,0,0,0,0,0,0,0,5,3,30,0,6.0
2023,17,Jalen Hurts,PHI,ARI,QB,23,18,167,3,1,8,25,0,0,0,0,0,19.18
2023,17,Julio Jones,PHI,ARI,WR,0,0,0,0,0,0,0,0,2,2,34,2,17.4
2023,17,Kenny Gainwell,PHI,ARI,RB,1,1,17,0,0,2,5,0,4,4,15,0,6.68
2023,17,Diontae Johnson,PIT,SEA,WR,0,0,0,0,0,0,0,0,4,4,76,0,11.6
2023,17,George Pickens,PIT,SEA,WR,0,0,0,0,0,0,0,0,9,7,131,0,20.1
2023,17,Jaylen Warren,PIT,SEA,RB,0,0,0,0,0,13,75,1,4,4,23,0,19.8
2023,17,Mason Rudolph,PIT,SEA,QB,24,18,274,0,0,6,5,0,0,0,0,0,11.46
2023,17,Najee Harris,PIT,SEA,RB,0,0,0,0,0,27,122,2,0,0,0,0,24.2
2023,17,Pat Freiermuth,PIT,SEA,TE,0,0,0,0,0,0,0,0,4,3,44,0,7.4
2023,17,Colby Parkinson,SEA,PIT,TE,0,0,0,0,0,0,0,0,3,2,38,0,5.8
2023,17,DK Metcalf,SEA,PIT,WR,0,0,0,0,0,0,0,0,8,5,106,0,15.6
2023,17,Geno Smith,SEA,PIT,QB,33,23,290,1,0,3,33,0,0,0,0,0,16.9
2023,17,Jake Bobo,SEA,PIT,WR,0,0,0,0,0,0,0,0,1,1,4,0,1.4
2023,17,Jaxon Smith-Njigba,SEA,PIT,WR,0,0,0,0,0,0,0,0,2,1,12,1,8.2
2023,17,Kenneth Walker III,SEA,PIT,RB,0,0,0,0,0,10,53,1,3,3,22,0,16.5
2023,17,Noah Fant,SEA,PIT,TE,0,0,0,0,0,0,0,0,6,5,59,0,10.9
2023,17,Tyler Lockett,SEA,PIT,WR,0,0,0,0,0,0,0,0,5,1,10,0,2.0
2023,17,Zach Charbonnet,SEA,PIT,RB,0,0,0,0,0,2,2,0,5,5,39,0,9.1
2023,17,Brandon Aiyuk,SFO,WAS,WR,0,0,0,0,0,0,0,0,8,7,114,1,24.4
2023,17,Brock Purdy,SFO,WAS,QB,28,22,230,2,0,1,4,0,0,0,0,0,17.6
2023,17,Christian McCaffrey,SFO,WAS,RB,0,0,0,0,0,14,64,0,5,4,27,0,13.1
2023,17,Deebo Samuel Sr.,SFO,WAS,WR,0,0,0,0,0,3,35,0,6,5,37,1,18.2
2023,17,Elijah Mitchell,SFO,WAS,RB,0,0,0,0,0,17,80,1,0,0,0,0,14.0
2023,17,George Kittle,SFO,WAS,TE,0,0,0,0,0,0,0,0,4,3,29,0,5.9
2023,17,Jordan Mason,SFO,WAS,RB,0,0,0,0,0,2,3,0,0,0,0,0,0.3
2023,17,Kyle Juszczyk,SFO,WAS,RB,0,0,0,0,0,0,0,0,3,3,23,0,5.3
2023,17,Ronnie Bell,SFO,WAS,WR,0,0,0,0,0,0,0,0,1,0,0,0,0.0
2023,17,Sam Darnold,SFO,WAS,QB,0,0,0,0,0,2,-2,0,0,0,0,0,-0.2
2023,17,Baker Mayfield,TAM,NOR,QB,33,22,309,2,2,1,-1,0,0,0,0,0,16.26
2023,17,Cade Otton,TAM,NOR,TE,0,0,0,0,0,0,0,0,6,2,10,0,3.0
2023,17,Chase Edmonds,TAM,NOR,RB,0,0,0,0,0,3,16,0,6,5,40,0,10.6
2023,17,Chris Godwin Jr.,TAM,NOR,WR,0,0,0,0,0,0,0,0,5,3,81,1,17.1
2023,17,David Moore,TAM,NOR,WR,0,0,0,0,0,0,0,0,1,0,0,0,0.0
2023,17,Deven Thompkins,TAM,NOR,WR,0,0,0,0,0,0,0,0,2,1,0,0,1.0
2023,17,Mike Evans,TAM,NOR,WR,0,0,0,0,0,0,0,0,4,3,70,0,10.0
2023,17,Rachaad White,TAM,NOR,RB,0,0,0,0,0,11,42,0,4,4,24,0,8.6
2023,17,Trey Palmer,TAM,NOR,WR,0,0,0,0,0,0,0,0,5,4,84,1,16.4
2023,17,Chig Okonkwo,TEN,HOU,TE,0,0,0,0,0,0,0,0,4,3,34,0,6.4
2023,17,Chris Moore,TEN,HOU,WR,0,0,0,0,0,0,0,0,3,1,32,0,4.2
2023,17,DeAndre Hopkins,TEN,HOU,WR,0,0,0,0,0,0,0,0,7,7,72,0,14.2
2023,17,Derrick Henry,TEN,HOU,RB,0,0,0,0,0,12,42,0,1,0,0,0,4.2
2023,17,Jonathan Ward,TEN,HOU,RB,0,0,0,0,0,3,11,0,0,0,0,0,1.1
2023,17,Kevin Rader,TEN,HOU,TE,0,0,0,0,0,0,0,0,1,1,6,0,1.6
2023,17,Ryan Tannehill,TEN,HOU,QB,20,16,168,0,0,0,0,0,0,0,0,0,6.72
2023,17,Treylon Burks,TEN,HOU,WR,0,0,0,0,0,0,0,0,3,2,11,0,3.1
2023,17,Tyjae Spears,TEN,HOU,RB,0,0,0,0,0,6,0,0,6,4,29,0,6.9
2023,17,Will Levis,TEN,HOU,QB,6,2,16,0,0,0,0,0,0,0,0,0,-1.36
2023,17,Antonio Gibson,WAS,SFO,RB,0,0,0,0,0,4,19,0,4,2,17,0,5.6
2023,17,Brian Robinson,WAS,SFO,RB,0,0,0,0,0,9,44,0,4,4,32,0,11.6
2023,17,Byron Pringle,WAS,SFO,WR,0,0,0,0,0,0,0,0,1,0,0,0,0.0
2023,17,Curtis Samuel,WAS,SFO,WR,0,0,0,0,0,0,0,0,4,3,33,0,6.3
2023,17,Jahan Dotson,WAS,SFO,WR,0,0,0,0,0,0,0,0,1,0,0,0,0.0
2023,17,John Bates,WAS,SFO,TE,0,0,0,0,0,0,0,0,1,1,6,0,1.6
2023,17,Logan Thomas,WAS,SFO,TE,0,0,0,0,0,0,0,0,4,3,20,0,5.0
2023,17,Sam Howell,WAS,SFO,QB,28,17,169,1,2,1,-1,0,0,0,0,0,6.66
2023,17,Terry McLaurin,WAS,SFO,WR,0,0,0,0,0,0,0,0,7,4,61,1,16.1
2023,18,Clayton Tune,ARI,SEA,QB,0,0,0,0,0,1,1,0,0,0,0,0,0.1
2023,18,Elijah Higgins,ARI,SEA,TE,0,0,0,0,0,0,0,0,2,2,32,0,5.2
2023,18,Greg Dortch,ARI,SEA,WR,0,0,0,0,0,0,0,0,4,2,14,0,3.4
2023,18,James Conner,ARI,SEA,RB,0,0,0,0,0,27,150,1,4,4,54,0,30.4
2023,18,Kyler Murray,ARI,SEA,QB,30,22,262,1,0,5,33,0,0,0,0,0,17.78
2023,18,Michael Carter,ARI,SEA,RB,0,0,0,0,0,4,17,0,2,1,2,0,2.9
2023,18,Michael Wilson,ARI,SEA,WR,0,0,0,0,0,0,0,0,6,6,95,0,15.5
2023,18,Rondale Moore,ARI,SEA,WR,0,0,0,0,0,1,5,0,5,4,31,0,7.6
2023,18,Trey McBride,ARI,SEA,TE,0,0,0,0,0,0,0,0,6,3,34,1,12.4
2023,18,Bijan Robinson,ATL,NOR,RB,0,0,0,0,0,11,28,0,8,7,103,1,26.1
2023,18,Cordarrelle Patterson,ATL,NOR,RB,0,0,0,0,0,5,20,0,0,0,0,0,2.0
2023,18,Desmond Ridder,ATL,NOR,QB,30,22,291,2,1,2,0,0,0,0,0,0,15.64
2023,18,Drake London,ATL,NOR,WR,0,0,0,0,0,0,0,0,9,4,41,0,8.1
2023,18,John FitzPatrick,ATL,NOR,TE,0,0,0,0,0,0,0,0,1,1,12,0,2.2
2023,18,Jonnu Smith,ATL,NOR,TE,0,0,0,0,0,0,0,0,3,3,29,1,11.9
2023,18,KhaDarel Hodge,ATL,NOR,WR,0,0,0,0,0,0,0,0,1,0,0,0,0.0
2023,18,Kyle Pitts,ATL,NOR,TE,0,0,0,0,0,0,0,0,3,2,27,0,4.7
2023,18,Logan Woodside,ATL,NOR,QB,4,3,27,0,1,1,6,0,0,0,0,0,-0.32
2023,18,MyCole Pruitt,ATL,NOR,TE,0,0,0,0,0,0,0,0,1,1,17,0,2.7
2023,18,Scott Miller,ATL,NOR,WR,0,0,0,0,0,0,0,0,2,2,66,0,8.6
2023,18,Tyler Allgeier,ATL,NOR,RB,0,0,0,0,0,6,24,0,3,3,10,0,6.4
2023,18,Van Jefferson,ATL,NOR,WR,0,0,0,0,0,0,0,0,3,2,13,0,3.3
2023,18,Charlie Kolar,BAL,PIT,TE,0,0,0,0,0,0,0,0,4,3,23,0,5.3
2023,18,Gus Edwards,BAL,PIT,RB,0,0,0,0,0,10,48,0,0,0,0,0,2.8
2023,18,Isaiah Likely,BAL,PIT,TE,0,0,0,0,0,0,0,0,2,2,31,1,11.1
2023,18,Justice Hill,BAL,PIT,RB,0,0,0,0,0,0,0,0,10,3,26,0,5.6
2023,18,Laquon Treadwell,BAL,PIT,WR,0,0,0,0,0,0,0,0,3,1,16,0,2.6
2023,18,Melvin Gordon,BAL,PIT,RB,0,0,0,0,0,7,18,0,0,0,0,0,-0.2
2023,18,Nelson Agholor,BAL,PIT,WR,0,0,0,0,0,0,0,0,5,5,39,0,8.9
2023,18,Tylan Wallace,BAL,PIT,WR,0,0,0,0,0,0,0,0,2,1,11,0,2.1
2023,18,Tyler Huntley,BAL,PIT,QB,28,15,146,1,0,8,40,0,0,0,0,0,13.84
2023,18,Dalton Kincaid,BUF,MIA,TE,0,0,0,0,0,0,0,0,8,7,84,0,15.4
2023,18,Dawson Knox,BUF,MIA,TE,0,0,0,0,0,0,0,0,3,2,22,1,10.2
2023,18,Deonte Harty,BUF,MIA,WR,0,0,0,0,0,0,0,0,1,1,12,0,8.2
2023,18,Gabe Davis,BUF,MIA,WR,0,0,0,0,0,0,0,0,2,0,0,0,0.0
2023,18,James Cook,BUF,MIA,RB,0,0,0,0,0,13,36,0,4,3,16,0,8.2
2023,18,Josh Allen,BUF,MIA,QB,38,30,359,2,2,15,67,0,0,0,0,0,23.06
2023,18,Khalil Shakir,BUF,MIA,WR,0,0,0,0,0,0,0,0,6,6,105,0,16.5
2023,18,Leonard Fournette,BUF,MIA,RB,0,0,0,0,0,7,20,0,0,0,0,0,2.0
2023,18,Stefon Diggs,BUF,MIA,WR,0,0,0,0,0,0,0,0,8,7,87,0,15.7
2023,18,Trent Sherfield,BUF,MIA,WR,0,0,0,0,0,0,0,0,4,3,24,1,11.4
2023,18,Ty Johnson,BUF,MIA,RB,0,0,0,0,0,1,5,0,1,1,9,0,2.4
2023,18,Adam Thielen,CAR,TAM,WR,0,0,0,0,0,0,0,0,3,2,12,0,3.2
2023,18,Bryce Young,CAR,TAM,QB,18,11,94,0,0,2,24,0,0,0,0,0,4.16
2023,18,Chuba Hubbard,CAR,TAM,RB,0,0,0,0,0,23,83,0,2,2,9,0,11.2
2023,18,DJ Chark,CAR,TAM,WR,0,0,0,0,0,0,0,0,4,2,46,0,4.6
2023,18,Ian Thomas,CAR,TAM,TE,0,0,0,0,0,0,0,0,2,1,5,0,1.5
2023,18,Ihmir Smith-Marsette,CAR,TAM,WR,0,0,0,0,0,0,0,0,2,1,6,0,1.6
2023,18,Miles Sanders,CAR,TAM,RB,0,0,0,0,0,3,18,0,0,0,0,0,1.8
2023,18,Raheem Blackshear,CAR,TAM,RB,0,0,0,0,0,1,6,0,0,0,0,0,0.6
2023,18,Stephen Sullivan,CAR,TAM,TE,0,0,0,0,0,0,0,0,2,0,0,0,0.0
2023,18,Terrace Marshall Jr.,CAR,TAM,WR,0,0,0,0,0,0,0,0,1,1,5,0,1.5
2023,18,Tommy Tremble,CAR,TAM,TE,0,0,0,0,0,0,0,0,2,2,11,0,3.1
2023,18,Cole Kmet,CHI,GNB,TE,0,0,0,0,0,0,0,0,4,3,41,0,7.1
2023,18,DJ Moore,CHI,GNB,WR,0,0,0,0,0,0,0,0,6,4,64,0,10.4
2023,18,Equanimeous St. Brown,CHI,GNB,WR,0,0,0,0,0,0,0,0,1,1,18,0,2.8
2023,18,Justin Fields,CHI,GNB,QB,16,11,148,0,0,8,27,0,0,0,0,0,8.62
2023,18,Khalil Herbert,CHI,GNB,RB,0,0,0,0,0,12,28,0,2,2,13,0,6.1
2023,18,Robert Tonyan,CHI,GNB,TE,0,0,0,0,0,0,0,0,1,0,0,0,0.0
2023,18,Roschon Johnson,CHI,GNB,RB,0,0,0,0,0,5,20,0,0,0,0,0,2.0
2023,18,Tyler Scott,CHI,GNB,WR,0,0,0,0,0,0,0,0,2,1,12,0,2.2
2023,18,AJ McCarron,CIN,CLE,QB,4,3,20,0,0,0,0,0,0,0,0,0,0.8
2023,18,Andrei Iosivas,CIN,CLE,WR,0,0,0,0,0,0,0,0,7,5,36,2,20.6
2023,18,Charlie Jones,CIN,CLE,WR,0,0,0,0,0,2,13,0,3,3,49,0,9.2
2023,18,Chase Brown,CIN,CLE,RB,0,0,0,0,0,11,43,0,2,1,10,0,6.3
2023,18,Drew Sample,CIN,CLE,TE,0,0,0,0,0,0,0,0,2,2,7,0,2.7
2023,18,Ja'Marr Chase,CIN,CLE,WR,0,0,0,0,0,0,0,0,6,4,19,0,5.9
2023,18,Jake Browning,CIN,CLE,QB,24,18,156,3,1,2,18,0,0,0,0,0,18.04
2023,18,Joe Mixon,CIN,CLE,RB,0,0,0,0,0,14,111,1,2,1,6,1,24.7
2023,18,Tanner Hudson,CIN,CLE,TE,0,0,0,0,0,0,0,0,2,2,11,0,3.1
2023,18,Trayveon Williams,CIN,CLE,RB,0,0,0,0,0,1,-2,0,0,0,0,0,-0.2
2023,18,Trenton Irwin,CIN,CLE,WR,0,0,0,0,0,0,0,0,2,2,34,0,5.4
2023,18,Tyler Boyd,CIN,CLE,WR,0,0,0,0,0,0,0,0,2,1,4,0,1.4
2023,18,Cedric Tillman,CLE,CIN,WR,0,0,0,0,0,0,0,0,6,3,43,0,7.3
2023,18,David Bell,CLE,CIN,WR,0,0,0,0,0,0,0,0,4,4,68,2,22.8
2023,18,James Proche,CLE,CIN,WR,0,0,0,0,0,0,0,0,4,0,0,0,0.0
2023,18,Jeff Driskel,CLE,CIN,QB,26,13,166,2,2,7,33,0,0,0,0,0,13.94
2023,18,Jerome Ford,CLE,CIN,RB,0,0,0,0,0,3,6,0,3,2,26,0,5.2
2023,18,Jordan Akins,CLE,CIN,TE,0,0,0,0,0,0,0,0,6,3,24,0,5.4
2023,18,Kareem Hunt,CLE,CIN,RB,0,0,0,0,0,0,0,0,1,1,5,0,1.5
2023,18,Pierre Strong,CLE,CIN,RB,0,0,0,0,0,14,65,0,1,0,0,0,6.5
2023,18,Brandin Cooks,DAL,WAS,WR,0,0,0,0,0,1,3,0,8,6,39,1,16.2
2023,18,CeeDee Lamb,DAL,WAS,WR,0,0,0,0,0,1,7,0,13,13,98,2,35.5
2023,18,Cooper Rush,DAL,WAS,QB,4,3,30,0,0,0,0,0,0,0,0,0,1.2
2023,18,Dak Prescott,DAL,WAS,QB,36,31,279,4,1,0,0,0,0,0,0,0,25.16
2023,18,Jake Ferguson,DAL,WAS,TE,0,0,0,0,0,0,0,0,6,6,69,0,12.9
2023,18,Jalen Brooks,DAL,WAS,WR,0,0,0,0,0,0,0,0,1,1,1,0,1.1
2023,18,Jalen Tolbert,DAL,WAS,WR,0,0,0,0,0,0,0,0,3,2,8,1,8.8
2023,18,KaVontae Turpin,DAL,WAS,WR,0,0,0,0,0,1,5,0,0,0,0,0,0.5
2023,18,Michael Gallup,DAL,WAS,WR,0,0,0,0,0,0,0,0,2,0,0,0,0.0
2023,18,Peyton Hendershot,DAL,WAS,TE,0,0,0,0,0,0,0,0,1,1,24,0,3.4
2023,18,Rico Dowdle,DAL,WAS,RB,0,0,0,0,0,9,46,0,4,3,54,0,13.0
2023,18,Tony Pollard,DAL,WAS,RB,0,0,0,0,0,17,70,1,2,2,16,0,16.6
2023,18,Adam Trautman,DEN,LVR,TE,0,0,0,0,0,0,0,0,1,1,21,0,3.1
2023,18,Brandon Johnson,DEN,LVR,WR,0,0,0,0,0,0,0,0,5,4,88,0,12.8
2023,18,Courtland Sutton,DEN,LVR,WR,0,0,0,0,0,0,0,0,4,1,2,0,1.2
2023,18,Jaleel McLaughlin,DEN,LVR,RB,0,0,0,0,0,4,6,0,0,0,0,0,0.6
2023,18,Jarrett Stidham,DEN,LVR,QB,34,20,272,1,1,3,2,0,0,0,0,0,13.08
2023,18,Javonte Williams,DEN,LVR,RB,0,0,0,0,0,9,32,1,9,7,43,0,20.5
2023,18,Jerry Jeudy,DEN,LVR,WR,0,0,0,0,0,0,0,0,6,3,79,1,16.9
2023,18,Lil'Jordan Humphrey,DEN,LVR,WR,0,0,0,0,0,0,0,0,1,0,0,0,0.0
2023,18,Lucas Krull,DEN,LVR,TE,0,0,0,0,0,0,0,0,1,0,0,0,0.0
2023,18,Marvin Mims Jr.,DEN,LVR,WR,0,0,0,0,0,1,1,0,1,1,16,0,2.7
2023,18,Samaje Perine,DEN,LVR,RB,0,0,0,0,0,3,7,0,4,3,23,0,6.0
2023,18,Amon-Ra St. Brown,DET,MIN,WR,0,0,0,0,0,0,0,0,10,7,144,1,27.4
2023,18,David Montgomery,DET,MIN,RB,0,0,0,0,0,10,40,1,0,0,0,0,10.0
2023,18,Donovan Peoples-Jones,DET,MIN,WR,0,0,0,0,0,0,0,0,2,2,25,0,4.5
2023,18,Jahmyr Gibbs,DET,MIN,RB,0,0,0,0,0,13,30,1,1,0,0,0,9.0
2023,18,James Mitchell,DET,MIN,TE,0,0,0,0,0,0,0,0,1,1,24,0,3.4
2023,18,Jared Goff,DET,MIN,QB,32,23,320,2,0,0,0,0,0,0,0,0,20.8
2023,18,Josh Reynolds,DET,MIN,WR,0,0,0,0,0,0,0,0,7,5,44,0,9.4
2023,18,Kalif Raymond,DET,MIN,WR,0,0,0,0,0,0,0,0,2,2,50,0,7.0
2023,18,Sam LaPorta,DET,MIN,TE,0,0,0,0,0,0,0,0,7,5,29,1,13.9
2023,18,Aaron Jones,GNB,CHI,RB,0,0,0,0,0,22,111,0,5,5,30,0,19.1
2023,18,Bo Melton,GNB,CHI,WR,0,0,0,0,0,2,14,0,7,5,62,0,12.6
2023,18,Dontayvion Wicks,GNB,CHI,WR,0,0,0,0,0,0,0,0,7,6,61,2,24.1
2023,18,Jayden Reed,GNB,CHI,WR,0,0,0,0,0,0,0,0,4,4,112,0,15.2
2023,18,Jordan Love,GNB,CHI,QB,32,27,316,2,0,3,-1,0,0,0,0,0,18.54
2023,18,Luke Musgrave,GNB,CHI,TE,0,0,0,0,0,0,0,0,1,1,11,0,2.1
2023,18,Malik Heath,GNB,CHI,WR,0,0,0,0,0,0,0,0,4,3,9,0,3.9
2023,18,Romeo Doubs,GNB,CHI,WR,0,0,0,0,0,0,0,0,1,0,0,0,0.0
2023,18,Tucker Kraft,GNB,CHI,TE,0,0,0,0,0,0,0,0,3,3,31,0,6.1
2023,18,Andrew Beck,HOU,IND,RB,0,0,0,0,0,0,0,0,2,2,9,1,8.9
2023,18,C.J. Stroud,HOU,IND,QB,26,20,264,2,0,3,20,0,0,0,0,0,20.56
2023,18,Dalton Schultz,HOU,IND,TE,0,0,0,0,0,0,0,0,7,5,42,0,9.2
2023,18,Devin Singletary,HOU,IND,RB,0,0,0,0,0,24,63,1,1,1,2,0,13.5
2023,18,Eric Saubert,HOU,IND,TE,0,0,0,0,0,0,0,0,1,1,5,0,1.5
2023,18,John Metchie III,HOU,IND,WR,0,0,0,0,0,0,0,0,2,1,5,0,1.5
2023,18,Nico Collins,HOU,IND,WR,0,0,0,0,0,0,0,0,9,9,195,1,34.5
2023,18,Xavier Hutchinson,HOU,IND,WR,0,0,0,0,0,0,0,0,4,1,6,0,1.6
2023,18,Alec Pierce,IND,HOU,WR,0,0,0,0,0,0,0,0,4,0,0,0,0.0
2023,18,Gardner Minshew,IND,HOU,QB,24,13,141,0,0,1,9,0,0,0,0,0,8.54
2023,18,Jonathan Taylor,IND,HOU,RB,0,0,0,0,0,30,188,1,2,2,8,0,27.6
2023,18,Josh Downs,IND,HOU,WR,0,0,0,0,0,0,0,0,3,3,48,0,7.8
2023,18,Kylen Granson,IND,HOU,TE,0,0,0,0,0,0,0,0,1,1,23,0,3.3
2023,18,Michael Pittman,IND,HOU,WR,0,0,0,0,0,0,0,0,6,5,44,0,9.4
2023,18,Mo Alie-Cox,IND,HOU,TE,0,0,0,0,0,0,0,0,4,2,18,0,5.8
2023,18,Tyler Goodson,IND,HOU,RB,0,0,0,0,0,0,0,0,2,0,0,0,0.0
2023,18,Will Mallory,IND,HOU,TE,0,0,0,0,0,0,0,0,1,0,0,0,0.0
2023,18,Zack Moss,IND,HOU,RB,0,0,0,0,0,6,30,0,0,0,0,0,3.0
2023,18,Calvin Ridley,JAX,TEN,WR,0,0,0,0,0,0,0,0,10,6,106,1,22.6
2023,18,D'Ernest Johnson,JAX,TEN,RB,0,0,0,0,0,1,-1,0,0,0,0,0,-0.1
2023,18,Evan Engram,JAX,TEN,TE,0,0,0,0,0,0,0,0,13,10,79,1,23.9
2023,18,Parker Washington,JAX,TEN,WR,0,0,0,0,0,0,0,0,1,1,11,0,2.1
2023,18,Tank Bigsby,JAX,TEN,RB,0,0,0,0,0,3,16,0,0,0,0,0,1.6
2023,18,Tim Jones,JAX,TEN,WR,0,0,0,0,0,0,0,0,2,1,7,0,1.7
2023,18,Travis Etienne,JAX,TEN,RB,0,0,0,0,0,16,57,0,6,5,30,0,13.7
2023,18,Trevor Lawrence,JAX,TEN,QB,43,29,280,2,2,3,10,0,0,0,0,0,16.2
2023,18,Zay Jones,JAX,TEN,WR,0,0,0,0,0,0,0,0,9,6,47,0,10.7
2023,18,Blaine Gabbert,KAN,LAC,QB,30,15,154,0,1,5,46,0,0,0,0,0,8.76
2023,18,Blake Bell,KAN,LAC,TE,0,0,0,0,0,0,0,0,2,1,3,0,1.3
2023,18,Clyde Edwards-Helaire,KAN,LAC,RB,0,0,0,0,0,2,1,0,2,1,9,0,2.0
2023,18,Justin Watson,KAN,LAC,WR,0,0,0,0,0,0,0,0,1,0,0,0,0.0
2023,18,Justyn Ross,KAN,LAC,WR,0,0,0,0,0,0,0,0,4,2,17,0,3.7
2023,18,La'Mical Perine,KAN,LAC,RB,0,0,0,0,0,21,76,0,4,3,33,0,13.9
2023,18,Mecole Hardman,KAN,LAC,WR,0,0,0,0,0,0,0,0,11,6,77,0,13.7
2023,18,Noah Gray,KAN,LAC,TE,0,0,0,0,0,0,0,0,3,0,0,0,0.0
2023,18,Richie James,KAN,LAC,WR,0,0,0,0,0,0,0,0,2,2,15,0,3.5
2023,18,Alex Erickson,LAC,KAN,WR,0,0,0,0,0,0,0,0,5,2,29,0,4.9
2023,18,Austin Ekeler,LAC,KAN,RB,0,0,0,0,0,10,11,0,8,7,38,0,11.9
2023,18,Derius Davis,LAC,KAN,WR,0,0,0,0,0,3,17,0,1,1,18,0,4.5
2023,18,Donald Parham,LAC,KAN,TE,0,0,0,0,0,0,0,0,6,5,83,0,13.3
2023,18,Easton Stick,LAC,KAN,QB,47,28,258,0,0,13,77,0,0,0,0,0,16.02
2023,18,Gerald Everett,LAC,KAN,TE,0,0,0,0,0,0,0,0,1,1,4,0,1.4
2023,18,Josh Palmer,LAC,KAN,WR,0,0,0,0,0,1,6,0,10,6,44,0,11.0
2023,18,Joshua Kelley,LAC,KAN,RB,0,0,0,0,0,2,1,0,0,0,0,0,0.1
2023,18,Keelan Doss,LAC,KAN,WR,0,0,0,0,0,0,0,0,5,1,8,0,1.8
2023,18,Nick Vannett,LAC,KAN,TE,0,0,0,0,0,0,0,0,1,1,3,0,1.3
2023,18,Quentin Johnston,LAC,KAN,WR,0,0,0,0,0,1,6,0,5,2,17,0,4.3
2023,18,Stone Smartt,LAC,KAN,TE,0,0,0,0,0,0,0,0,3,2,14,0,3.4
2023,18,Ben Skowronek,LAR,SFO,WR,0,0,0,0,0,0,0,0,2,2,22,0,4.2
2023,18,Brycen Hopkins,LAR,SFO,TE,0,0,0,0,0,0,0,0,3,2,47,0,6.7
2023,18,Carson Wentz,LAR,SFO,QB,24,17,163,2,1,17,56,1,0,0,0,0,26.12
2023,18,Davis Allen,LAR,SFO,TE,0,0,0,0,0,0,0,0,4,4,25,0,6.5
2023,18,Puka Nacua,LAR,SFO,WR,0,0,0,0,0,0,0,0,6,4,41,1,14.1
2023,18,Ronnie Rivers,LAR,SFO,RB,0,0,0,0,0,13,52,0,0,0,0,0,5.2
2023,18,Royce Freeman,LAR,SFO,RB,0,0,0,0,0,4,2,0,1,1,13,0,2.5
2023,18,Tutu Atwell,LAR,SFO,WR,0,0,0,0,0,1,-4,0,4,2,7,0,4.3
2023,18,Tyler Johnson,LAR,SFO,WR,0,0,0,0,0,0,0,0,3,2,8,1,8.8
2023,18,Zach Evans,LAR,SFO,RB,0,0,0,0,0,1,3,0,0,0,0,0,0.3
2023,18,Aidan O'Connell,LVR,DEN,QB,31,20,244,2,0,4,1,0,0,0,0,0,17.86
2023,18,Ameer Abdullah,LVR,DEN,RB,0,0,0,0,0,0,0,0,1,1,7,0,1.7
2023,18,Austin Hooper,LVR,DEN,TE,0,0,0,0,0,0,0,0,5,4,39,0,7.9
2023,18,Davante Adams,LVR,DEN,WR,0,0,0,0,0,0,0,0,8,5,46,1,15.6
2023,18,DeAndre Carter,LVR,DEN,WR,0,0,0,0,0,0,0,0,1,1,3,0,1.3
2023,18,Jakobi Meyers,LVR,DEN,WR,0,0,0,0,0,1,5,1,5,3,61,1,21.6
2023,18,Tre Tucker,LVR,DEN,WR,0,0,0,0,0,1,11,0,5,5,79,0,14.0
2023,18,Zamir White,LVR,DEN,RB,0,0,0,0,0,25,112,0,2,1,9,0,13.1
2023,18,Braxton Berrios,MIA,BUF,WR,0,0,0,0,0,0,0,0,2,2,9,0,2.9
2023,18,Cedrick Wilson Jr.,MIA,BUF,WR,0,0,0,0,0,0,0,0,3,1,24,0,3.4
2023,18,Chase Claypool,MIA,BUF,WR,0,0,0,0,0,0,0,0,2,1,3,0,1.3
2023,18,De'Von Achane,MIA,BUF,RB,0,0,0,0,0,10,56,1,1,1,5,0,13.1
2023,18,Durham Smythe,MIA,BUF,TE,0,0,0,0,0,0,0,0,3,3,30,0,6.0
2023,18,Jeff Wilson,MIA,BUF,RB,0,0,0,0,0,9,45,0,0,0,0,0,4.5
2023,18,Julian Hill,MIA,BUF,TE,0,0,0,0,0,0,0,0,2,1,2,0,1.2
2023,18,River Cracraft,MIA,BUF,WR,0,0,0,0,0,0,0,0,1,1,18,0,2.8
2023,18,Tua Tagovailoa,MIA,BUF,QB,27,17,173,1,2,1,7,0,0,0,0,0,7.62
2023,18,Tyreek Hill,MIA,BUF,WR,0,0,0,0,0,0,0,0,13,7,82,1,21.2
2023,18,Alexander Mattison,MIN,DET,RB,0,0,0,0,0,7,24,0,1,1,5,0,3.9
2023,18,Brandon Powell,MIN,DET,WR,0,0,0,0,0,0,0,0,3,1,2,0,1.2
2023,18,Johnny Mundt,MIN,DET,TE,0,0,0,0,0,0,0,0,6,5,58,0,10.8
2023,18,Jordan Addison,MIN,DET,WR,0,0,0,0,0,0,0,0,8,4,57,1,15.7
2023,18,Josh Oliver,MIN,DET,TE,0,0,0,0,0,0,0,0,3,2,31,0,5.1
2023,18,Justin Jefferson,MIN,DET,WR,0,0,0,0,0,1,-12,0,14,12,192,1,36.0
2023,18,K.J. Osborn,MIN,DET,WR,0,0,0,0,0,0,0,0,4,2,9,0,2.9
2023,18,Nick Mullens,MIN,DET,QB,44,30,396,2,2,2,8,0,0,0,0,0,20.64
2023,18,Nick Muse,MIN,DET,TE,0,0,0,0,0,0,0,0,1,1,22,0,3.2
2023,18,Ty Chandler,MIN,DET,RB,0,0,0,0,0,12,69,0,3,2,20,0,10.9
2023,18,A.T. Perry,NOR,ATL,WR,0,0,0,0,0,0,0,0,3,3,53,2,20.3
2023,18,Chris Olave,NOR,ATL,WR,0,0,0,0,0,0,0,0,3,3,56,1,14.6
2023,18,Derek Carr,NOR,ATL,QB,28,22,264,4,0,1,6,0,0,0,0,0,27.16
2023,18,Foster Moreau,NOR,ATL,TE,0,0,0,0,0,0,0,0,1,1,3,0,1.3
2023,18,Jamaal Williams,NOR,ATL,RB,0,0,0,0,0,14,26,1,3,3,8,0,12.4
2023,18,Jordan Mims,NOR,ATL,RB,0,0,0,0,0,0,0,0,2,0,0,0,0.0
2023,18,Juwan Johnson,NOR,ATL,TE,0,0,0,0,0,0,0,0,3,3,40,0,7.0
2023,18,Kendre Miller,NOR,ATL,RB,0,0,0,0,0,13,73,1,1,1,6,0,14.9
2023,18,Lynn Bowden,NOR,ATL,WR,0,0,0,0,0,1,-2,0,1,1,5,0,1.3
2023,18,Rashid Shaheed,NOR,ATL,WR,0,0,0,0,0,0,0,0,4,3,65,1,15.5
2023,18,Taysom Hill,NOR,ATL,TE,0,0,0,0,0,6,51,0,4,4,28,0,11.9
2023,18,Bailey Zappe,NWE,NYJ,QB,30,12,88,0,2,3,13,0,0,0,0,0,0.82
2023,18,DeMario Douglas,NWE,NYJ,WR,0,0,0,0,0,1,0,0,6,2,13,0,3.3
2023,18,DeVante Parker,NWE,NYJ,WR,0,0,0,0,0,0,0,0,4,1,6,0,1.6
2023,18,Ezekiel Elliott,NWE,NYJ,RB,0,0,0,0,0,13,54,0,7,5,27,0,13.1
2023,18,Jalen Reagor,NWE,NYJ,WR,0,0,0,0,0,1,17,0,5,1,33,0,6.0
2023,18,Kevin Harris,NWE,NYJ,RB,0,0,0,0,0,3,4,0,1,1,4,0,1.8
2023,18,Mike Gesicki,NWE,NYJ,TE,0,0,0,0,0,0,0,0,3,1,5,0,1.5
2023,18,Pharaoh Brown,NWE,NYJ,TE,0,0,0,0,0,0,0,0,3,1,0,0,1.0
2023,18,Darius Slayton,NYG,PHI,WR,0,0,0,0,0,0,0,0,7,5,62,1,17.2
2023,18,Darren Waller,NYG,PHI,TE,0,0,0,0,0,0,0,0,6,5,45,0,9.5
2023,18,Eric Gray,NYG,PHI,RB,0,0,0,0,0,3,19,0,1,1,9,0,3.8
2023,18,Isaiah Hodgins,NYG,PHI,WR,0,0,0,0,0,0,0,0,3,3,36,0,6.6
2023,18,Jalin Hyatt,NYG,PHI,WR,0,0,0,0,0,0,0,0,2,1,5,0,1.5
2023,18,Saquon Barkley,NYG,PHI,RB,0,0,0,0,0,18,46,2,2,2,51,0,23.7
2023,18,Sterling Shepard,NYG,PHI,WR,0,0,0,0,0,1,6,0,5,3,18,0,5.4
2023,18,Tyrod Taylor,NYG,PHI,QB,32,23,297,1,1,8,38,0,0,0,0,0,17.68
2023,18,Wan'Dale Robinson,NYG,PHI,WR,0,0,0,0,0,0,0,0,6,5,85,0,13.5
2023,18,Breece Hall,NYJ,NWE,RB,0,0,0,0,0,37,178,1,2,2,12,0,29.0
2023,18,Garrett Wilson,NYJ,NWE,WR,0,0,0,0,0,0,0,0,5,2,34,0,5.4
2023,18,Irvin Charles,NYJ,NWE,WR,0,0,0,0,0,0,0,0,1,0,0,0,0.0
2023,18,Israel Abanikanda,NYJ,NWE,RB,0,0,0,0,0,3,6,0,0,0,0,0,0.6
2023,18,Jason Brownlee,NYJ,NWE,WR,0,0,0,0,0,0,0,0,1,0,0,0,0.0
2023,18,Randall Cobb,NYJ,NWE,WR,0,0,0,0,0,0,0,0,1,1,4,0,1.4
2023,18,Trevor Siemian,NYJ,NWE,QB,20,8,70,0,0,2,1,0,0,0,0,0,2.9
2023,18,Tyler Conklin,NYJ,NWE,TE,0,0,0,0,0,0,0,0,3,2,16,0,3.6
2023,18,Xavier Gipson,NYJ,NWE,WR,0,0,0,0,0,0,0,0,5,1,4,0,1.4
2023,18,A.J. Brown,PHI,NYG,WR,0,0,0,0,0,0,0,0,1,1,9,0,-0.1
2023,18,Boston Scott,PHI,NYG,RB,0,0,0,0,0,3,5,0,1,0,0,0,0.5
2023,18,Britain Covey,PHI,NYG,WR,0,0,0,0,0,0,0,0,5,3,35,0,6.5
2023,18,Dallas Goedert,PHI,NYG,TE,0,0,0,0,0,0,0,0,3,1,4,0,1.4
2023,18,Grant Calcaterra,PHI,NYG,TE,0,0,0,0,0,0,0,0,2,2,18,0,3.8
2023,18,Jack Stoll,PHI,NYG,TE,0,0,0,0,0,0,0,0,1,1,11,0,2.1
2023,18,Jalen Hurts,PHI,NYG,QB,16,7,55,0,1,2,4,0,0,0,0,0,0.6
2023,18,Julio Jones,PHI,NYG,WR,0,0,0,0,0,0,0,0,4,2,13,0,3.3
2023,18,Kenny Gainwell,PHI,NYG,RB,0,0,0,0,0,7,62,0,1,0,0,0,6.2
2023,18,Marcus Mariota,PHI,NYG,QB,20,13,148,1,1,6,46,0,0,0,0,0,10.52
2023,18,Olamide Zaccheaus,PHI,NYG,WR,0,0,0,0,0,0,0,0,4,2,20,0,4.0
2023,18,Quez Watkins,PHI,NYG,WR,0,0,0,0,0,0,0,0,11,8,93,1,23.3
2023,18,Rashaad Penny,PHI,NYG,RB,0,0,0,0,0,6,16,0,0,0,0,0,1.6
2023,18,Allen Robinson,PIT,BAL,WR,0,0,0,0,0,0,0,0,1,0,0,0,0.0
2023,18,Calvin Austin III,PIT,BAL,WR,0,0,0,0,0,1,8,0,0,0,0,0,0.8
2023,18,Connor Heyward,PIT,BAL,RB,0,0,0,0,0,0,0,0,2,2,4,0,2.4
2023,18,Diontae Johnson,PIT,BAL,WR,0,0,0,0,0,0,0,0,5,4,89,1,18.9
2023,18,George Pickens,PIT,BAL,WR,0,0,0,0,0,1,3,0,0,0,0,0,0.3
2023,18,Jaylen Warren,PIT,BAL,RB,0,0,0,0,0,9,33,0,5,5,17,0,8.0
2023,18,Mason Rudolph,PIT,BAL,QB,20,18,152,1,0,2,-1,0,0,0,0,0,7.98
2023,18,Najee Harris,PIT,BAL,RB,0,0,0,0,0,26,112,1,5,5,21,0,24.3
2023,18,Pat Freiermuth,PIT,BAL,TE,0,0,0,0,0,0,0,0,2,2,21,0,4.1
2023,18,Colby Parkinson,SEA,ARI,TE,0,0,0,0,0,0,0,0,4,3,8,0,3.8
2023,18,DK Metcalf,SEA,ARI,WR,0,0,0,0,0,0,0,0,6,1,10,0,2.0
2023,18,Geno Smith,SEA,ARI,QB,28,16,189,2,0,3,28,0,0,0,0,0,20.36
2023,18,Jake Bobo,SEA,ARI,WR,0,0,0,0,0,0,0,0,1,1,9,0,1.9
2023,18,Jaxon Smith-Njigba,SEA,ARI,WR,0,0,0,0,0,0,0,0,5,3,14,0,4.4
2023,18,Kenneth Walker III,SEA,ARI,RB,0,0,0,0,0,17,78,0,1,1,3,0,9.1
2023,18,Tyler Lockett,SEA,ARI,WR,0,0,0,0,0,0,0,0,4,2,71,1,17.1
2023,18,Will Dissly,SEA,ARI,TE,0,0,0,0,0,0,0,0,3,3,46,1,13.6
2023,18,Zach Charbonnet,SEA,ARI,RB,0,0,0,0,0,5,32,0,2,2,28,0,8.0
2023,18,Brandon Aiyuk,SFO,LAR,WR,0,0,0,0,0,0,0,0,4,3,25,0,5.5
2023,18,Charlie Woerner,SFO,LAR,TE,0,0,0,0,0,0,0,0,1,1,20,0,3.0
2023,18,Chris Conley,SFO,LAR,WR,0,0,0,0,0,0,0,0,6,3,69,0,9.9
2023,18,Deebo Samuel Sr.,SFO,LAR,WR,0,0,0,0,0,1,11,0,2,2,21,0,5.2
2023,18,Elijah Mitchell,SFO,LAR,RB,0,0,0,0,0,14,52,1,2,2,15,0,14.7
2023,18,Jordan Mason,SFO,LAR,RB,0,0,0,0,0,6,36,0,1,1,12,0,5.8
2023,18,Ray-Ray McCloud,SFO,LAR,WR,0,0,0,0,0,1,7,0,4,3,22,0,5.9
2023,18,Ronnie Bell,SFO,LAR,WR,0,0,0,0,0,0,0,0,5,1,5,1,7.5
2023,18,Sam Darnold,SFO,LAR,QB,26,16,189,1,0,7,19,1,0,0,0,0,17.46
2023,18,Baker Mayfield,TAM,CAR,QB,32,20,137,0,0,5,7,0,0,0,0,0,6.18
2023,18,Cade Otton,TAM,CAR,TE,0,0,0,0,0,0,0,0,3,2,30,0,5.0
2023,18,Chase Edmonds,TAM,CAR,RB,0,0,0,0,0,4,27,0,1,1,-3,0,3.4
2023,18,Chris Godwin Jr.,TAM,CAR,WR,0,0,0,0,0,1,4,0,7,6,51,0,11.5
2023,18,David Moore,TAM,CAR,WR,0,0,0,0,0,0,0,0,1,1,8,0,1.8
2023,18,Deven Thompkins,TAM,CAR,WR,0,0,0,0,0,0,0,0,1,1,1,0,1.1
2023,18,Mike Evans,TAM,CAR,WR,0,0,0,0,0,0,0,0,8,3,22,0,5.2
2023,18,Rachaad White,TAM,CAR,RB,0,0,0,0,0,19,75,0,4,4,18,0,13.3
2023,18,Trey Palmer,TAM,CAR,WR,0,0,0,0,0,0,0,0,6,2,10,0,3.0
2023,18,Chig Okonkwo,TEN,JAX,TE,0,0,0,0,0,0,0,0,3,2,36,0,5.6
2023,18,Chris Moore,TEN,JAX,WR,0,0,0,0,0,0,0,0,4,3,30,0,6.0
2023,18,DeAndre Hopkins,TEN,JAX,WR,1,0,0,0,0,0,0,0,10,7,46,1,17.6
2023,18,Derrick Henry,TEN,JAX,RB,0,0,0,0,0,19,153,1,0,0,0,0,21.3
2023,18,Kevin Rader,TEN,JAX,TE,0,0,0,0,0,0,0,0,2,0,0,0,0.0
2023,18,Kyle Philips,TEN,JAX,WR,0,0,0,0,0,0,0,0,3,2,15,0,3.5
2023,18,Ryan Tannehill,TEN,JAX,QB,26,17,168,2,1,3,-3,0,1,0,0,0,12.42
2023,18,Tyjae Spears,TEN,JAX,RB,0,0,0,0,0,3,25,1,3,3,41,1,21.6
2023,18,Alex Armah,WAS,DAL,RB,0,0,0,0,0,0,0,0,1,1,10,0,2.0
2023,18,Antonio Gibson,WAS,DAL,RB,0,0,0,0,0,2,8,0,4,3,28,0,6.6
2023,18,Brian Robinson,WAS,DAL,RB,0,0,0,0,0,9,25,0,3,3,10,1,10.5
2023,18,Curtis Samuel,WAS,DAL,WR,0,0,0,0,0,1,15,0,4,2,15,0,5.0
2023,18,Derrick Gore,WAS,DAL,RB,0,0,0,0,0,1,3,0,0,0,0,0,0.3
2023,18,Jahan Dotson,WAS,DAL,WR,0,0,0,0,0,0,0,0,3,2,17,0,3.7
2023,18,Jamison Crowder,WAS,DAL,WR,0,0,0,0,0,0,0,0,1,1,8,0,1.8
2023,18,John Bates,WAS,DAL,TE,0,0,0,0,0,0,0,0,1,0,0,0,0.0
2023,18,Logan Thomas,WAS,DAL,TE,0,0,0,0,0,0,0,0,2,1,9,0,1.9
2023,18,Sam Howell,WAS,DAL,QB,27,19,153,1,2,4,-1,0,1,1,4,0,7.42
2023,18,Terry McLaurin,WAS,DAL,WR,0,0,0,0,0,0,0,0,8,6,56,0,11.6
